id	name	unit_name	nutrient_nbr	rank	normalized_raw	normalized_cleaned	normalized_norm	normalized_norm_no_commas	normalized_norm_no_paren	normalized_norm_compact
2047	Energy (Atwater General Factors)	KCAL	957.0	280.0	Energy (Atwater General Factors)	Energy	energy	energy	energy	energy
2048	Energy (Atwater Specific Factors)	KCAL	958.0	290.0	Energy (Atwater Specific Factors)	Energy	energy	energy	energy	energy
1001	Solids	G	201.0	200.0	Solids	Solids	solids	solids	solids	solids
1002	Nitrogen	G	202.0	500.0	Nitrogen	Nitrogen	nitrogen	nitrogen	nitrogen	nitrogen
1003	Protein	G	203.0	600.0	Protein	Protein	protein	protein	protein	protein
1004	Total lipid (fat)	G	204.0	800.0	Total lipid (fat)	lipid	lipid	lipid	lipid	lipid
1005	Carbohydrate, by difference	G	205.0	1110.0	Carbohydrate, by difference	Carbohydrate,	carbohydrate	carbohydrate	carbohydrate	carbohydrate
1006	Fiber, crude (DO NOT USE - Archived)	G	206.0	999999.0	Fiber, crude (DO NOT USE - Archived)	Fiber, crude	fiber, crude	fiber crude	fiber, crude	fiber crude
1007	Ash	G	207.0	1000.0	Ash	Ash	ash	ash	ash	ash
1008	Energy	KCAL	208.0	300.0	Energy	Energy	energy	energy	energy	energy
1009	Starch	G	209.0	2200.0	Starch	Starch	starch	starch	starch	starch
1010	Sucrose	G	210.0	1600.0	Sucrose	Sucrose	sucrose	sucrose	sucrose	sucrose
1011	Glucose	G	211.0	1700.0	Glucose	Glucose	glucose	glucose	glucose	glucose
1012	Fructose	G	212.0	1800.0	Fructose	Fructose	fructose	fructose	fructose	fructose
1013	Lactose	G	213.0	1900.0	Lactose	Lactose	lactose	lactose	lactose	lactose
1014	Maltose	G	214.0	2000.0	Maltose	Maltose	maltose	maltose	maltose	maltose
1015	Amylose	G	218.0	999999.0	Amylose	Amylose	amylose	amylose	amylose	amylose
1016	Amylopectin	G	219.0	999999.0	Amylopectin	Amylopectin	amylopectin	amylopectin	amylopectin	amylopectin
1017	Pectin	G	220.0	999999.0	Pectin	Pectin	pectin	pectin	pectin	pectin
1018	Alcohol, ethyl	G	221.0	18200.0	Alcohol, ethyl	Alcohol, ethyl	alcohol, ethyl	alcohol ethyl	alcohol, ethyl	alcohol ethyl
1019	Pentosan	G	222.0	999999.0	Pentosan	Pentosan	pentosan	pentosan	pentosan	pentosan
1020	Pentoses	G	223.0	999999.0	Pentoses	Pentoses	pentoses	pentoses	pentoses	pentoses
1021	Hemicellulose	G	224.0	999999.0	Hemicellulose	Hemicellulose	hemicellulose	hemicellulose	hemicellulose	hemicellulose
1022	Cellulose	G	225.0	999999.0	Cellulose	Cellulose	cellulose	cellulose	cellulose	cellulose
1023	pH	PH	226.0	999999.0	pH	pH	ph	ph	ph	ph
1024	Specific Gravity	SP_GR	227.0	8955.0	Specific Gravity	Specific Gravity	specific gravity	specific gravity	specific gravity	specific gravity
1025	Organic acids	G	229.0	2850.0	Organic acids	Organic acids	organic acids	organic acids	organic acids	organic acids
1026	Acetic acid	MG	230.0	2900.0	Acetic acid	Acetic acid	acetic acid	acetic acid	acetic acid	acetic acid
1027	Aconitic acid	MG	231.0	3000.0	Aconitic acid	Aconitic acid	aconitic acid	aconitic acid	aconitic acid	aconitic acid
1028	Benzoic acid	MG	232.0	3100.0	Benzoic acid	Benzoic acid	benzoic acid	benzoic acid	benzoic acid	benzoic acid
1029	Chelidonic acid	MG	233.0	3200.0	Chelidonic acid	Chelidonic acid	chelidonic acid	chelidonic acid	chelidonic acid	chelidonic acid
1030	Chlorogenic acid	MG	234.0	3300.0	Chlorogenic acid	Chlorogenic acid	chlorogenic acid	chlorogenic acid	chlorogenic acid	chlorogenic acid
1031	Cinnamic acid	MG	235.0	3400.0	Cinnamic acid	Cinnamic acid	cinnamic acid	cinnamic acid	cinnamic acid	cinnamic acid
1032	Citric acid	MG	236.0	3500.0	Citric acid	Citric acid	citric acid	citric acid	citric acid	citric acid
1033	Fumaric acid	MG	237.0	3600.0	Fumaric acid	Fumaric acid	fumaric acid	fumaric acid	fumaric acid	fumaric acid
1034	Galacturonic acid	MG	238.0	3700.0	Galacturonic acid	Galacturonic acid	galacturonic acid	galacturonic acid	galacturonic acid	galacturonic acid
1035	Gallic acid	MG	239.0	3800.0	Gallic acid	Gallic acid	gallic acid	gallic acid	gallic acid	gallic acid
1036	Glycolic acid	MG	240.0	3900.0	Glycolic acid	Glycolic acid	glycolic acid	glycolic acid	glycolic acid	glycolic acid
1037	Isocitric acid	MG	241.0	4000.0	Isocitric acid	Isocitric acid	isocitric acid	isocitric acid	isocitric acid	isocitric acid
1038	Lactic acid	MG	242.0	4100.0	Lactic acid	Lactic acid	lactic acid	lactic acid	lactic acid	lactic acid
1039	Malic acid	MG	243.0	4200.0	Malic acid	Malic acid	malic acid	malic acid	malic acid	malic acid
1040	Oxaloacetic acid	MG	244.0	4300.0	Oxaloacetic acid	Oxaloacetic acid	oxaloacetic acid	oxaloacetic acid	oxaloacetic acid	oxaloacetic acid
1041	Oxalic acid	MG	245.0	4400.0	Oxalic acid	Oxalic acid	oxalic acid	oxalic acid	oxalic acid	oxalic acid
1042	Phytic acid	MG	246.0	4500.0	Phytic acid	Phytic acid	phytic acid	phytic acid	phytic acid	phytic acid
1043	Pyruvic acid	MG	247.0	4600.0	Pyruvic acid	Pyruvic acid	pyruvic acid	pyruvic acid	pyruvic acid	pyruvic acid
1044	Quinic acid	MG	248.0	4700.0	Quinic acid	Quinic acid	quinic acid	quinic acid	quinic acid	quinic acid
1045	Salicylic acid	MG	249.0	4800.0	Salicylic acid	Salicylic acid	salicylic acid	salicylic acid	salicylic acid	salicylic acid
1046	Succinic acid	MG	250.0	4900.0	Succinic acid	Succinic acid	succinic acid	succinic acid	succinic acid	succinic acid
1047	Tartaric acid	MG	251.0	5000.0	Tartaric acid	Tartaric acid	tartaric acid	tartaric acid	tartaric acid	tartaric acid
1048	Ursolic acid	MG	252.0	5100.0	Ursolic acid	Ursolic acid	ursolic acid	ursolic acid	ursolic acid	ursolic acid
1049	Solids, non-fat	G	253.0	999999.0	Solids, non-fat	Solids, non-fat	solids, non-fat	solids non-fat	solids, non-fat	solids non fat
1050	Carbohydrate, by summation	G	205.2	1120.0	Carbohydrate, by summation	Carbohydrate, by summation	carbohydrate, by summation	carbohydrate by summation	carbohydrate, by summation	carbohydrate by summation
1051	Water	G	255.0	100.0	Water	Water	water	water	water	water
1052	Adjusted Nitrogen	G	256.0	999999.0	Adjusted Nitrogen	Adjusted Nitrogen	adjusted nitrogen	adjusted nitrogen	adjusted nitrogen	adjusted nitrogen
1053	Adjusted Protein	G	257.0	700.0	Adjusted Protein	Adjusted Protein	adjusted protein	adjusted protein	adjusted protein	adjusted protein
1054	Piperine	G	259.0	999999.0	Piperine	Piperine	piperine	piperine	piperine	piperine
1055	Mannitol	G	260.0	2500.0	Mannitol	Mannitol	mannitol	mannitol	mannitol	mannitol
1056	Sorbitol	G	261.0	2600.0	Sorbitol	Sorbitol	sorbitol	sorbitol	sorbitol	sorbitol
1057	Caffeine	MG	262.0	18300.0	Caffeine	Caffeine	caffeine	caffeine	caffeine	caffeine
1058	Theobromine	MG	263.0	18400.0	Theobromine	Theobromine	theobromine	theobromine	theobromine	theobromine
1059	Nitrates	MG	264.0	999999.0	Nitrates	Nitrates	nitrates	nitrates	nitrates	nitrates
1060	Nitrites	MG	265.0	999999.0	Nitrites	Nitrites	nitrites	nitrites	nitrites	nitrites
1061	Nitrosamine,total	MG	266.0	999999.0	Nitrosamine,total	Nitrosamine, total	nitrosamine, total	nitrosamine total	nitrosamine, total	nitrosamine total
1062	Energy	kJ	268.0	400.0	Energy	Energy	energy	energy	energy	energy
1063	Sugars, Total	G	269.3	1500.0	Sugars, Total	Sugars,	sugars	sugars	sugars	sugars
1064	Solids, soluble	G	271.0	999999.0	Solids, soluble	Solids, soluble	solids, soluble	solids soluble	solids, soluble	solids soluble
1065	Glycogen	G	272.0	999999.0	Glycogen	Glycogen	glycogen	glycogen	glycogen	glycogen
1066	Fiber, neutral detergent (DO NOT USE - Archived)	G	273.0	999999.0	Fiber, neutral detergent (DO NOT USE - Archived)	Fiber, neutral detergent	fiber, neutral detergent	fiber neutral detergent	fiber, neutral detergent	fiber neutral detergent
1067	Reducing sugars	G	274.0	999999.0	Reducing sugars	Reducing sugars	reducing sugars	reducing sugars	reducing sugars	reducing sugars
1068	Beta-glucans	G	276.0	999999.0	Beta-glucans	Beta-glucans	beta-glucans	beta-glucans	beta-glucans	beta glucans
1069	Oligosaccharides	G	281.0	999999.0	Oligosaccharides	Oligosaccharides	oligosaccharides	oligosaccharides	oligosaccharides	oligosaccharides
1070	Nonstarch polysaccharides	G	282.0	999999.0	Nonstarch polysaccharides	Nonstarch polysaccharides	nonstarch polysaccharides	nonstarch polysaccharides	nonstarch polysaccharides	nonstarch polysaccharides
1071	Resistant starch	G	283.0	2225.0	Resistant starch	Resistant starch	resistant starch	resistant starch	resistant starch	resistant starch
1072	Carbohydrate, other	G	284.0		Carbohydrate, other	Carbohydrate, other	carbohydrate, other	carbohydrate other	carbohydrate, other	carbohydrate other
1073	Arabinose	G	285.0	999999.0	Arabinose	Arabinose	arabinose	arabinose	arabinose	arabinose
1074	Xylose	G	286.0	999999.0	Xylose	Xylose	xylose	xylose	xylose	xylose
1075	Galactose	G	287.0	2100.0	Galactose	Galactose	galactose	galactose	galactose	galactose
1076	Raffinose	G	288.0	2300.0	Raffinose	Raffinose	raffinose	raffinose	raffinose	raffinose
1077	Stachyose	G	289.0	2400.0	Stachyose	Stachyose	stachyose	stachyose	stachyose	stachyose
1078	Xylitol	G	290.0	2700.0	Xylitol	Xylitol	xylitol	xylitol	xylitol	xylitol
1079	Fiber, total dietary	G	291.0	1200.0	Fiber, total dietary	Fiber, total dietary	fiber, total dietary	fiber total dietary	fiber, total dietary	fiber total dietary
1080	Lignin	G	292.0	999999.0	Lignin	Lignin	lignin	lignin	lignin	lignin
1081	Ribose	G	294.0	999999.0	Ribose	Ribose	ribose	ribose	ribose	ribose
1082	Fiber, soluble	G	295.0	1240.0	Fiber, soluble	Fiber, soluble	fiber, soluble	fiber soluble	fiber, soluble	fiber soluble
1083	Theophylline	MG	296.0	999999.0	Theophylline	Theophylline	theophylline	theophylline	theophylline	theophylline
1084	Fiber, insoluble	G	297.0	1260.0	Fiber, insoluble	Fiber, insoluble	fiber, insoluble	fiber insoluble	fiber, insoluble	fiber insoluble
1085	Total fat (NLEA)	G	298.0	900.0	Total fat (NLEA)	fat	fat	fat	fat	fat
1086	Total sugar alcohols	G	299.0	999999.0	Total sugar alcohols	sugar alcohols	sugar alcohols	sugar alcohols	sugar alcohols	sugar alcohols
1087	Calcium, Ca	MG	301.0	5300.0	Calcium, Ca	Calcium	calcium	calcium	calcium	calcium
1088	Chlorine, Cl	MG	302.0	999999.0	Chlorine, Cl	Chlorine	chlorine	chlorine	chlorine	chlorine
1089	Iron, Fe	MG	303.0	5400.0	Iron, Fe	Iron	iron	iron	iron	iron
1090	Magnesium, Mg	MG	304.0	5500.0	Magnesium, Mg	Magnesium	magnesium	magnesium	magnesium	magnesium
1091	Phosphorus, P	MG	305.0	5600.0	Phosphorus, P	Phosphorus	phosphorus	phosphorus	phosphorus	phosphorus
1092	Potassium, K	MG	306.0	5700.0	Potassium, K	Potassium	potassium	potassium	potassium	potassium
1093	Sodium, Na	MG	307.0	5800.0	Sodium, Na	Sodium	sodium	sodium	sodium	sodium
1094	Sulfur, S	MG	308.0	6241.0	Sulfur, S	Sulfur	sulfur	sulfur	sulfur	sulfur
1095	Zinc, Zn	MG	309.0	5900.0	Zinc, Zn	Zinc	zinc	zinc	zinc	zinc
1096	Chromium, Cr	UG	310.0	999999.0	Chromium, Cr	Chromium	chromium	chromium	chromium	chromium
1097	Cobalt, Co	UG	311.0	6244.0	Cobalt, Co	Cobalt	cobalt	cobalt	cobalt	cobalt
1098	Copper, Cu	MG	312.0	6000.0	Copper, Cu	Copper	copper	copper	copper	copper
1099	Fluoride, F	UG	313.0	6240.0	Fluoride, F	Fluoride	fluoride	fluoride	fluoride	fluoride
1100	Iodine, I	UG	314.0	6150.0	Iodine, I	Iodine	iodine	iodine	iodine	iodine
1101	Manganese, Mn	MG	315.0	6100.0	Manganese, Mn	Manganese	manganese	manganese	manganese	manganese
1102	Molybdenum, Mo	UG	316.0	6243.0	Molybdenum, Mo	Molybdenum	molybdenum	molybdenum	molybdenum	molybdenum
1103	Selenium, Se	UG	317.0	6200.0	Selenium, Se	Selenium	selenium	selenium	selenium	selenium
1104	Vitamin A, IU	IU	318.0	7500.0	Vitamin A, IU	Vitamin A, IU	vitamin a, iu	vitamin a iu	vitamin a, iu	vitamin a iu
1105	Retinol	UG	319.0	7430.0	Retinol	Retinol	retinol	retinol	retinol	retinol
1106	Vitamin A, RAE	UG	320.0	7420.0	Vitamin A, RAE	Vitamin A, RAE	vitamin a, rae	vitamin a rae	vitamin a, rae	vitamin a rae
1107	Carotene, beta	UG	321.0	7440.0	Carotene, beta	Carotene, beta	carotene, beta	carotene beta	carotene, beta	carotene beta
1108	Carotene, alpha	UG	322.0	7450.0	Carotene, alpha	Carotene, alpha	carotene, alpha	carotene alpha	carotene, alpha	carotene alpha
1109	Vitamin E (alpha-tocopherol)	MG	323.0	7905.0	Vitamin E (alpha-tocopherol)	Vitamin E (alpha-tocopherol)	vitamin e (alpha-tocopherol)	vitamin e (alpha-tocopherol)	vitamin e	vitamin e alpha tocopherol
1110	Vitamin D (D2 + D3), International Units	IU	324.0	8650.0	Vitamin D (D2 + D3), International Units	Vitamin D (D2 + D3) , International Units	vitamin d (d2 + d3), international units	vitamin d (d2 + d3) international units	vitamin d, international units	vitamin d d2 d3 international units
1111	Vitamin D2 (ergocalciferol)	UG	325.0	8710.0	Vitamin D2 (ergocalciferol)	Vitamin D2 (ergocalciferol)	vitamin d2 (ergocalciferol)	vitamin d2 (ergocalciferol)	vitamin d2	vitamin d2 ergocalciferol
1112	Vitamin D3 (cholecalciferol)	UG	326.0	8720.0	Vitamin D3 (cholecalciferol)	Vitamin D3 (cholecalciferol)	vitamin d3 (cholecalciferol)	vitamin d3 (cholecalciferol)	vitamin d3	vitamin d3 cholecalciferol
1113	25-hydroxycholecalciferol	UG	327.0	8730.0	25-hydroxycholecalciferol	25-hydroxycholecalciferol	25-hydroxycholecalciferol	25-hydroxycholecalciferol	25-hydroxycholecalciferol	25 hydroxycholecalciferol
1114	Vitamin D (D2 + D3)	UG	328.0	8700.0	Vitamin D (D2 + D3)	Vitamin D (D2 + D3)	vitamin d (d2 + d3)	vitamin d (d2 + d3)	vitamin d	vitamin d d2 d3
1115	25-hydroxyergocalciferol	UG	329.0	8740.0	25-hydroxyergocalciferol	25-hydroxyergocalciferol	25-hydroxyergocalciferol	25-hydroxyergocalciferol	25-hydroxyergocalciferol	25 hydroxyergocalciferol
1116	Phytoene	UG	330.0	7570.0	Phytoene	Phytoene	phytoene	phytoene	phytoene	phytoene
1117	Phytofluene	UG	331.0	7580.0	Phytofluene	Phytofluene	phytofluene	phytofluene	phytofluene	phytofluene
1118	Carotene, gamma	UG	332.0	7455.0	Carotene, gamma	Carotene, gamma	carotene, gamma	carotene gamma	carotene, gamma	carotene gamma
1119	Zeaxanthin	UG	338.2	7564.0	Zeaxanthin	Zeaxanthin	zeaxanthin	zeaxanthin	zeaxanthin	zeaxanthin
1120	Cryptoxanthin, beta	UG	334.0	7460.0	Cryptoxanthin, beta	Cryptoxanthin, beta	cryptoxanthin, beta	cryptoxanthin beta	cryptoxanthin, beta	cryptoxanthin beta
1121	Lutein	UG	338.1	7562.0	Lutein	Lutein	lutein	lutein	lutein	lutein
1122	Lycopene	UG	337.0	7530.0	Lycopene	Lycopene	lycopene	lycopene	lycopene	lycopene
1123	Lutein + zeaxanthin	UG	338.0	7560.0	Lutein + zeaxanthin	Lutein + zeaxanthin	lutein + zeaxanthin	lutein + zeaxanthin	lutein + zeaxanthin	lutein zeaxanthin
1124	Vitamin E (label entry primarily)	IU	340.0	999999.0	Vitamin E (label entry primarily)	Vitamin E (label entry primarily)	vitamin e (label entry primarily)	vitamin e (label entry primarily)	vitamin e	vitamin e label entry primarily
1125	Tocopherol, beta	MG	341.0	8000.0	Tocopherol, beta	Tocopherol, beta	tocopherol, beta	tocopherol beta	tocopherol, beta	tocopherol beta
1126	Tocopherol, gamma	MG	342.0	8100.0	Tocopherol, gamma	Tocopherol, gamma	tocopherol, gamma	tocopherol gamma	tocopherol, gamma	tocopherol gamma
1127	Tocopherol, delta	MG	343.0	8200.0	Tocopherol, delta	Tocopherol, delta	tocopherol, delta	tocopherol delta	tocopherol, delta	tocopherol delta
1128	Tocotrienol, alpha	MG	344.0	8300.0	Tocotrienol, alpha	Tocotrienol, alpha	tocotrienol, alpha	tocotrienol alpha	tocotrienol, alpha	tocotrienol alpha
1129	Tocotrienol, beta	MG	345.0	8400.0	Tocotrienol, beta	Tocotrienol, beta	tocotrienol, beta	tocotrienol beta	tocotrienol, beta	tocotrienol beta
1130	Tocotrienol, gamma	MG	346.0	8500.0	Tocotrienol, gamma	Tocotrienol, gamma	tocotrienol, gamma	tocotrienol gamma	tocotrienol, gamma	tocotrienol gamma
1131	Tocotrienol, delta	MG	347.0	8600.0	Tocotrienol, delta	Tocotrienol, delta	tocotrienol, delta	tocotrienol delta	tocotrienol, delta	tocotrienol delta
1132	Aluminum, Al	UG	348.0	999999.0	Aluminum, Al	Aluminum	aluminum	aluminum	aluminum	aluminum
1133	Antimony, Sb	UG	349.0	999999.0	Antimony, Sb	Antimony	antimony	antimony	antimony	antimony
1134	Arsenic, As	UG	350.0	999999.0	Arsenic, As	Arsenic	arsenic	arsenic	arsenic	arsenic
1135	Barium, Ba	UG	351.0	999999.0	Barium, Ba	Barium	barium	barium	barium	barium
1136	Beryllium, Be	UG	352.0	999999.0	Beryllium, Be	Beryllium	beryllium	beryllium	beryllium	beryllium
1137	Boron, B	UG	354.0	6245.0	Boron, B	Boron	boron	boron	boron	boron
1138	Bromine, Br	UG	355.0	999999.0	Bromine, Br	Bromine	bromine	bromine	bromine	bromine
1139	Cadmium, Cd	UG	356.0	999999.0	Cadmium, Cd	Cadmium	cadmium	cadmium	cadmium	cadmium
1140	Gold, Au	UG	363.0	999999.0	Gold, Au	Gold	gold	gold	gold	gold
1141	Iron, heme	MG	364.0	999999.0	Iron, heme	Iron, heme	iron, heme	iron heme	iron, heme	iron heme
1142	Iron, non-heme	MG	365.0	999999.0	Iron, non-heme	Iron, non-heme	iron, non-heme	iron non-heme	iron, non-heme	iron non heme
1143	Lead, Pb	UG	367.0	999999.0	Lead, Pb	Lead	lead	lead	lead	lead
1144	Lithium, Li	UG	368.0	999999.0	Lithium, Li	Lithium	lithium	lithium	lithium	lithium
1145	Mercury, Hg	UG	370.0	999999.0	Mercury, Hg	Mercury	mercury	mercury	mercury	mercury
1146	Nickel, Ni	UG	371.0	6242.0	Nickel, Ni	Nickel	nickel	nickel	nickel	nickel
1147	Rubidium, Rb	UG	373.0	999999.0	Rubidium, Rb	Rubidium	rubidium	rubidium	rubidium	rubidium
1148	Fluoride - DO NOT USE; use 313	UG	374.0	6250.0	Fluoride - DO NOT USE; use 313	Fluoride - DO NOT USE ; use 313	fluoride-do not use; use 313	fluoride-do not use; use 313	fluoride-do not use; use 313	fluoride do not use use 313
1149	Salt, NaCl	MG	375.0	999999.0	Salt, NaCl	Salt, NaCl	salt, nacl	salt nacl	salt, nacl	salt nacl
1150	Silicon, Si	UG	378.0	999999.0	Silicon, Si	Silicon	silicon	silicon	silicon	silicon
1151	Silver, Ag	UG	379.0	999999.0	Silver, Ag	Silver	silver	silver	silver	silver
1152	Strontium, Sr	UG	380.0	999999.0	Strontium, Sr	Strontium	strontium	strontium	strontium	strontium
1153	Tin, Sn	UG	385.0	999999.0	Tin, Sn	Tin	tin	tin	tin	tin
1154	Titanium, Ti	UG	386.0	999999.0	Titanium, Ti	Titanium	titanium	titanium	titanium	titanium
1155	Vanadium, V	UG	389.0	999999.0	Vanadium, V	Vanadium	vanadium	vanadium	vanadium	vanadium
1156	Vitamin A, RE	MCG_RE	392.0	7500.0	Vitamin A, RE	Vitamin A, RE	vitamin a, re	vitamin a re	vitamin a, re	vitamin a re
1157	Carotene	MCG_RE	393.0	7600.0	Carotene	Carotene	carotene	carotene	carotene	carotene
1158	Vitamin E	MG_ATE	394.0	7800.0	Vitamin E	Vitamin E	vitamin e	vitamin e	vitamin e	vitamin e
1159	cis-beta-Carotene	UG	321.1	7442.0	cis-beta-Carotene	cis-beta-Carotene	cis-beta-carotene	cis-beta-carotene	cis-beta-carotene	cis beta carotene
1160	cis-Lycopene	UG	337.1	7532.0	cis-Lycopene	cis-Lycopene	cis-lycopene	cis-lycopene	cis-lycopene	cis lycopene
1161	cis-Lutein/Zeaxanthin	UG	338.3	7561.0	cis-Lutein/Zeaxanthin	cis-Lutein / Zeaxanthin	cis-lutein/zeaxanthin	cis-lutein/zeaxanthin	cis-lutein/zeaxanthin	cis lutein zeaxanthin
1162	Vitamin C, total ascorbic acid	MG	401.0	6300.0	Vitamin C, total ascorbic acid	Vitamin C, total ascorbic acid	vitamin c, total ascorbic acid	vitamin c total ascorbic acid	vitamin c, total ascorbic acid	vitamin c total ascorbic acid
1163	Vitamin C, reduced ascorbic acid	MG	402.0	999999.0	Vitamin C, reduced ascorbic acid	Vitamin C, reduced ascorbic acid	vitamin c, reduced ascorbic acid	vitamin c reduced ascorbic acid	vitamin c, reduced ascorbic acid	vitamin c reduced ascorbic acid
1164	Vitamin C, dehydro ascorbic acid	MG	403.0	999999.0	Vitamin C, dehydro ascorbic acid	Vitamin C, dehydro ascorbic acid	vitamin c, dehydro ascorbic acid	vitamin c dehydro ascorbic acid	vitamin c, dehydro ascorbic acid	vitamin c dehydro ascorbic acid
1165	Thiamin	MG	404.0	6400.0	Thiamin	Thiamin	thiamin	thiamin	thiamin	thiamin
1166	Riboflavin	MG	405.0	6500.0	Riboflavin	Riboflavin	riboflavin	riboflavin	riboflavin	riboflavin
1167	Niacin	MG	406.0	6600.0	Niacin	Niacin	niacin	niacin	niacin	niacin
1168	Niacin from tryptophan, determined	MG	407.0	999999.0	Niacin from tryptophan, determined	Niacin from tryptophan, determined	niacin from tryptophan, determined	niacin from tryptophan determined	niacin from tryptophan, determined	niacin from tryptophan determined
1169	Niacin equivalent N406 +N407	MG	409.0	999999.0	Niacin equivalent N406 +N407	Niacin equivalent N406 +N407	niacin equivalent n406 +n407	niacin equivalent n406 +n407	niacin equivalent n406 +n407	niacin equivalent n406 n407
1170	Pantothenic acid	MG	410.0	6700.0	Pantothenic acid	Pantothenic acid	pantothenic acid	pantothenic acid	pantothenic acid	pantothenic acid
1171	Vitamin B-6, pyridoxine, alcohol form	MG	411.0	999999.0	Vitamin B-6, pyridoxine, alcohol form	Vitamin B-6, pyridoxine, alcohol form	vitamin b-6, pyridoxine, alcohol form	vitamin b-6 pyridoxine alcohol form	vitamin b-6, pyridoxine, alcohol form	vitamin b 6 pyridoxine alcohol form
1172	Vitamin B-6, pyridoxal, aldehyde form	MG	412.0	999999.0	Vitamin B-6, pyridoxal, aldehyde form	Vitamin B-6, pyridoxal, aldehyde form	vitamin b-6, pyridoxal, aldehyde form	vitamin b-6 pyridoxal aldehyde form	vitamin b-6, pyridoxal, aldehyde form	vitamin b 6 pyridoxal aldehyde form
1173	Vitamin B-6, pyridoxamine, amine form	MG	413.0	999999.0	Vitamin B-6, pyridoxamine, amine form	Vitamin B-6, pyridoxamine, amine form	vitamin b-6, pyridoxamine, amine form	vitamin b-6 pyridoxamine amine form	vitamin b-6, pyridoxamine, amine form	vitamin b 6 pyridoxamine amine form
1174	Vitamin B-6, N411 + N412 +N413	MG	414.0	999999.0	Vitamin B-6, N411 + N412 +N413	Vitamin B-6, N411 + N412 +N413	vitamin b-6, n411 + n412 +n413	vitamin b-6 n411 + n412 +n413	vitamin b-6, n411 + n412 +n413	vitamin b 6 n411 n412 n413
1175	Vitamin B-6	MG	415.0	6800.0	Vitamin B-6	Vitamin B-6	vitamin b-6	vitamin b-6	vitamin b-6	vitamin b 6
1176	Biotin	UG	416.0	6850.0	Biotin	Biotin	biotin	biotin	biotin	biotin
1177	Folate, total	UG	417.0	6900.0	Folate, total	Folate,	folate	folate	folate	folate
1178	Vitamin B-12	UG	418.0	7300.0	Vitamin B-12	Vitamin B-12	vitamin b-12	vitamin b-12	vitamin b-12	vitamin b 12
1179	Folate, free	UG	419.0	999999.0	Folate, free	Folate, free	folate, free	folate free	folate, free	folate free
1180	Choline, total	MG	421.0	7220.0	Choline, total	Choline,	choline	choline	choline	choline
1181	Inositol	MG	422.0	2800.0	Inositol	Inositol	inositol	inositol	inositol	inositol
1182	Inositol phosphate	MG	423.0	999999.0	Inositol phosphate	Inositol phosphate	inositol phosphate	inositol phosphate	inositol phosphate	inositol phosphate
1183	Vitamin K (Menaquinone-4)	UG	428.0	8950.0	Vitamin K (Menaquinone-4)	Vitamin K (Menaquinone-4)	vitamin k (menaquinone-4)	vitamin k (menaquinone-4)	vitamin k	vitamin k menaquinone 4
1184	Vitamin K (Dihydrophylloquinone)	UG	429.0	8900.0	Vitamin K (Dihydrophylloquinone)	Vitamin K (Dihydrophylloquinone)	vitamin k (dihydrophylloquinone)	vitamin k (dihydrophylloquinone)	vitamin k	vitamin k dihydrophylloquinone
1185	Vitamin K (phylloquinone)	UG	430.0	8800.0	Vitamin K (phylloquinone)	Vitamin K (phylloquinone)	vitamin k (phylloquinone)	vitamin k (phylloquinone)	vitamin k	vitamin k phylloquinone
1186	Folic acid	UG	431.0	7000.0	Folic acid	Folic acid	folic acid	folic acid	folic acid	folic acid
1187	Folate, food	UG	432.0	7100.0	Folate, food	Folate, food	folate, food	folate food	folate, food	folate food
1188	5-methyl tetrahydrofolate (5-MTHF)	UG	433.0	8975.0	5-methyl tetrahydrofolate (5-MTHF)	5-methyl tetrahydrofolate (5-MTHF)	5-methyl tetrahydrofolate (5-mthf)	5-methyl tetrahydrofolate (5-mthf)	5-methyl tetrahydrofolate	5 methyl tetrahydrofolate 5 mthf
1189	Folate, not 5-MTHF	UG	434.0	999999.0	Folate, not 5-MTHF	Folate, not 5-MTHF	folate, not 5-mthf	folate not 5-mthf	folate, not 5-mthf	folate not 5 mthf
1190	Folate, DFE	UG	435.0	7200.0	Folate, DFE	Folate, DFE	folate, dfe	folate dfe	folate, dfe	folate dfe
1191	10-Formyl folic acid (10HCOFA)	UG	436.0	999999.0	10-Formyl folic acid (10HCOFA)	10-Formyl folic acid (10HCOFA)	10-formyl folic acid (10hcofa)	10-formyl folic acid (10hcofa)	10-formyl folic acid	10 formyl folic acid 10hcofa
1192	5-Formyltetrahydrofolic acid (5-HCOH4	UG	437.0	999999.0	5-Formyltetrahydrofolic acid (5-HCOH4	5-Formyltetrahydrofolic acid (5-HCOH4	5-formyltetrahydrofolic acid (5-hcoh4	5-formyltetrahydrofolic acid (5-hcoh4	5-formyltetrahydrofolic acid (5-hcoh4	5 formyltetrahydrofolic acid 5 hcoh4
1193	Tetrahydrofolic acid (THF)	UG	438.0	999999.0	Tetrahydrofolic acid (THF)	Tetrahydrofolic acid	tetrahydrofolic acid	tetrahydrofolic acid	tetrahydrofolic acid	tetrahydrofolic acid
1194	Choline, free	MG	450.0	7230.0	Choline, free	Choline, free	choline, free	choline free	choline, free	choline free
1195	Choline, from phosphocholine	MG	451.0	7240.0	Choline, from phosphocholine	Choline, from phosphocholine	choline, from phosphocholine	choline from phosphocholine	choline, from phosphocholine	choline from phosphocholine
1196	Choline, from phosphotidyl choline	MG	452.0	7250.0	Choline, from phosphotidyl choline	Choline, from phosphotidyl choline	choline, from phosphotidyl choline	choline from phosphotidyl choline	choline, from phosphotidyl choline	choline from phosphotidyl choline
1197	Choline, from glycerophosphocholine	MG	453.0	7260.0	Choline, from glycerophosphocholine	Choline, from glycerophosphocholine	choline, from glycerophosphocholine	choline from glycerophosphocholine	choline, from glycerophosphocholine	choline from glycerophosphocholine
1198	Betaine	MG	454.0	7290.0	Betaine	Betaine	betaine	betaine	betaine	betaine
1199	Choline, from sphingomyelin	MG	455.0	7270.0	Choline, from sphingomyelin	Choline, from sphingomyelin	choline, from sphingomyelin	choline from sphingomyelin	choline, from sphingomyelin	choline from sphingomyelin
1200	p-Hydroxy benzoic acid	MG	460.0	999999.0	p-Hydroxy benzoic acid	p-Hydroxy benzoic acid	p-hydroxy benzoic acid	p-hydroxy benzoic acid	p-hydroxy benzoic acid	p hydroxy benzoic acid
1201	Caffeic acid	MG	461.0	999999.0	Caffeic acid	Caffeic acid	caffeic acid	caffeic acid	caffeic acid	caffeic acid
1202	p-Coumaric acid	MG	462.0	999999.0	p-Coumaric acid	p-Coumaric acid	p-coumaric acid	p-coumaric acid	p-coumaric acid	p coumaric acid
1203	Ellagic acid	MG	463.0	999999.0	Ellagic acid	Ellagic acid	ellagic acid	ellagic acid	ellagic acid	ellagic acid
1204	Ferrulic acid	MG	464.0	999999.0	Ferrulic acid	Ferrulic acid	ferrulic acid	ferrulic acid	ferrulic acid	ferrulic acid
1205	Gentisic acid	MG	465.0	999999.0	Gentisic acid	Gentisic acid	gentisic acid	gentisic acid	gentisic acid	gentisic acid
1206	Tyrosol	MG	466.0	999999.0	Tyrosol	Tyrosol	tyrosol	tyrosol	tyrosol	tyrosol
1207	Vanillic acid	MG	467.0	999999.0	Vanillic acid	Vanillic acid	vanillic acid	vanillic acid	vanillic acid	vanillic acid
1208	Phenolic acids, total	MG	469.0	999999.0	Phenolic acids, total	Phenolic acids,	phenolic acids	phenolic acids	phenolic acids	phenolic acids
1209	Polyphenols, total	MG	470.0	999999.0	Polyphenols, total	Polyphenols,	polyphenols	polyphenols	polyphenols	polyphenols
1210	Tryptophan	G	501.0	16300.0	Tryptophan	Tryptophan	tryptophan	tryptophan	tryptophan	tryptophan
1211	Threonine	G	502.0	16400.0	Threonine	Threonine	threonine	threonine	threonine	threonine
1212	Isoleucine	G	503.0	16500.0	Isoleucine	Isoleucine	isoleucine	isoleucine	isoleucine	isoleucine
1213	Leucine	G	504.0	16600.0	Leucine	Leucine	leucine	leucine	leucine	leucine
1214	Lysine	G	505.0	16700.0	Lysine	Lysine	lysine	lysine	lysine	lysine
1215	Methionine	G	506.0	16800.0	Methionine	Methionine	methionine	methionine	methionine	methionine
1216	Cystine	G	507.0	16900.0	Cystine	Cystine	cystine	cystine	cystine	cystine
1217	Phenylalanine	G	508.0	17000.0	Phenylalanine	Phenylalanine	phenylalanine	phenylalanine	phenylalanine	phenylalanine
1218	Tyrosine	G	509.0	17100.0	Tyrosine	Tyrosine	tyrosine	tyrosine	tyrosine	tyrosine
1219	Valine	G	510.0	17200.0	Valine	Valine	valine	valine	valine	valine
1220	Arginine	G	511.0	17300.0	Arginine	Arginine	arginine	arginine	arginine	arginine
1221	Histidine	G	512.0	17400.0	Histidine	Histidine	histidine	histidine	histidine	histidine
1222	Alanine	G	513.0	17500.0	Alanine	Alanine	alanine	alanine	alanine	alanine
1223	Aspartic acid	G	514.0	17600.0	Aspartic acid	Aspartic acid	aspartic acid	aspartic acid	aspartic acid	aspartic acid
1224	Glutamic acid	G	515.0	17700.0	Glutamic acid	Glutamic acid	glutamic acid	glutamic acid	glutamic acid	glutamic acid
1225	Glycine	G	516.0	17800.0	Glycine	Glycine	glycine	glycine	glycine	glycine
1226	Proline	G	517.0	17900.0	Proline	Proline	proline	proline	proline	proline
1227	Serine	G	518.0	18000.0	Serine	Serine	serine	serine	serine	serine
1228	Hydroxyproline	G	521.0	18100.0	Hydroxyproline	Hydroxyproline	hydroxyproline	hydroxyproline	hydroxyproline	hydroxyproline
1229	Cysteine and methionine(sulfer containig AA)	G	522.0	999999.0	Cysteine and methionine(sulfer containig AA)	Cysteine and methionine (sulfer containig AA)	cysteine and methionine (sulfer containig aa)	cysteine and methionine (sulfer containig aa)	cysteine and methionine	cysteine and methionine sulfer containig aa
1230	Phenylalanine and tyrosine (aromatic  AA)	G	523.0	16950.0	Phenylalanine and tyrosine (aromatic  AA)	Phenylalanine and tyrosine	phenylalanine and tyrosine	phenylalanine and tyrosine	phenylalanine and tyrosine	phenylalanine and tyrosine
1231	Asparagine	G	525.0	999999.0	Asparagine	Asparagine	asparagine	asparagine	asparagine	asparagine
1232	Cysteine	G	526.0	18150.0	Cysteine	Cysteine	cysteine	cysteine	cysteine	cysteine
1233	Glutamine	G	528.0	999999.0	Glutamine	Glutamine	glutamine	glutamine	glutamine	glutamine
1234	Taurine	G	529.0	999999.0	Taurine	Taurine	taurine	taurine	taurine	taurine
1235	Sugars, added	G	539.0	1540.0	Sugars, added	Sugars, added	sugars, added	sugars added	sugars, added	sugars added
1236	Sugars, intrinsic	G	549.0	1520.0	Sugars, intrinsic	Sugars, intrinsic	sugars, intrinsic	sugars intrinsic	sugars, intrinsic	sugars intrinsic
1237	Calcium, added	MG	551.0	5340.0	Calcium, added	Calcium, added	calcium, added	calcium added	calcium, added	calcium added
1238	Iron, added	MG	553.0	5440.0	Iron, added	Iron, added	iron, added	iron added	iron, added	iron added
1239	Calcium, intrinsic	MG	561.0	5320.0	Calcium, intrinsic	Calcium, intrinsic	calcium, intrinsic	calcium intrinsic	calcium, intrinsic	calcium intrinsic
1240	Iron, intrinsic	MG	563.0	5420.0	Iron, intrinsic	Iron, intrinsic	iron, intrinsic	iron intrinsic	iron, intrinsic	iron intrinsic
1241	Vitamin C, added	MG	571.0	6340.0	Vitamin C, added	Vitamin C, added	vitamin c, added	vitamin c added	vitamin c, added	vitamin c added
1242	Vitamin E, added	MG	573.0	7920.0	Vitamin E, added	Vitamin E, added	vitamin e, added	vitamin e added	vitamin e, added	vitamin e added
1243	Thiamin, added	MG	574.0	6440.0	Thiamin, added	Thiamin, added	thiamin, added	thiamin added	thiamin, added	thiamin added
1244	Riboflavin, added	MG	575.0	6540.0	Riboflavin, added	Riboflavin, added	riboflavin, added	riboflavin added	riboflavin, added	riboflavin added
1245	Niacin, added	MG	576.0	6640.0	Niacin, added	Niacin, added	niacin, added	niacin added	niacin, added	niacin added
1246	Vitamin B-12, added	UG	578.0	7340.0	Vitamin B-12, added	Vitamin B-12, added	vitamin b-12, added	vitamin b-12 added	vitamin b-12, added	vitamin b 12 added
1247	Vitamin C, intrinsic	MG	581.0	6320.0	Vitamin C, intrinsic	Vitamin C, intrinsic	vitamin c, intrinsic	vitamin c intrinsic	vitamin c, intrinsic	vitamin c intrinsic
1248	Vitamin E, intrinsic	MG	583.0	7930.0	Vitamin E, intrinsic	Vitamin E, intrinsic	vitamin e, intrinsic	vitamin e intrinsic	vitamin e, intrinsic	vitamin e intrinsic
1249	Thiamin, intrinsic	MG	584.0	6420.0	Thiamin, intrinsic	Thiamin, intrinsic	thiamin, intrinsic	thiamin intrinsic	thiamin, intrinsic	thiamin intrinsic
1250	Riboflavin, intrinsic	MG	585.0	6520.0	Riboflavin, intrinsic	Riboflavin, intrinsic	riboflavin, intrinsic	riboflavin intrinsic	riboflavin, intrinsic	riboflavin intrinsic
1251	Niacin, intrinsic	MG	586.0	6620.0	Niacin, intrinsic	Niacin, intrinsic	niacin, intrinsic	niacin intrinsic	niacin, intrinsic	niacin intrinsic
1252	Vitamin B-12, intrinsic	UG	588.0	7320.0	Vitamin B-12, intrinsic	Vitamin B-12, intrinsic	vitamin b-12, intrinsic	vitamin b-12 intrinsic	vitamin b-12, intrinsic	vitamin b 12 intrinsic
1253	Cholesterol	MG	601.0	15700.0	Cholesterol	Cholesterol	cholesterol	cholesterol	cholesterol	cholesterol
1254	Glycerides	G	602.0	999999.0	Glycerides	Glycerides	glycerides	glycerides	glycerides	glycerides
1255	Phospholipids	G	603.0	999999.0	Phospholipids	Phospholipids	phospholipids	phospholipids	phospholipids	phospholipids
1256	Glycolipids	G	604.0	999999.0	Glycolipids	Glycolipids	glycolipids	glycolipids	glycolipids	glycolipids
1257	Fatty acids, total trans	G	605.0	15400.0	Fatty acids, total trans	Fatty acids, total trans	fatty acids, total trans	fatty acids total trans	fatty acids, total trans	fatty acids total trans
1258	Fatty acids, total saturated	G	606.0	9700.0	Fatty acids, total saturated	Fatty acids, total saturated	fatty acids, total saturated	fatty acids total saturated	fatty acids, total saturated	fatty acids total saturated
1259	SFA 4:0	G	607.0	9800.0	SFA 4:0	SFA 4:0	sfa 4:0	sfa 4:0	sfa 4:0	sfa 4 0
1260	SFA 6:0	G	608.0	9900.0	SFA 6:0	SFA 6:0	sfa 6:0	sfa 6:0	sfa 6:0	sfa 6 0
1261	SFA 8:0	G	609.0	10000.0	SFA 8:0	SFA 8:0	sfa 8:0	sfa 8:0	sfa 8:0	sfa 8 0
1262	SFA 10:0	G	610.0	10100.0	SFA 10:0	SFA 10:0	sfa 10:0	sfa 10:0	sfa 10:0	sfa 10 0
1263	SFA 12:0	G	611.0	10300.0	SFA 12:0	SFA 12:0	sfa 12:0	sfa 12:0	sfa 12:0	sfa 12 0
1264	SFA 14:0	G	612.0	10500.0	SFA 14:0	SFA 14:0	sfa 14:0	sfa 14:0	sfa 14:0	sfa 14 0
1265	SFA 16:0	G	613.0	10700.0	SFA 16:0	SFA 16:0	sfa 16:0	sfa 16:0	sfa 16:0	sfa 16 0
1266	SFA 18:0	G	614.0	10900.0	SFA 18:0	SFA 18:0	sfa 18:0	sfa 18:0	sfa 18:0	sfa 18 0
1267	SFA 20:0	G	615.0	11100.0	SFA 20:0	SFA 20:0	sfa 20:0	sfa 20:0	sfa 20:0	sfa 20 0
1268	MUFA 18:1	G	617.0	12100.0	MUFA 18:1	MUFA 18:1	mufa 18:1	mufa 18:1	mufa 18:1	mufa 18 1
1269	PUFA 18:2	G	618.0	13100.0	PUFA 18:2	PUFA 18:2	pufa 18:2	pufa 18:2	pufa 18:2	pufa 18 2
1270	PUFA 18:3	G	619.0	13900.0	PUFA 18:3	PUFA 18:3	pufa 18:3	pufa 18:3	pufa 18:3	pufa 18 3
1271	PUFA 20:4	G	620.0	14700.0	PUFA 20:4	PUFA 20:4	pufa 20:4	pufa 20:4	pufa 20:4	pufa 20 4
1272	PUFA 22:6 n-3 (DHA)	G	621.0	15300.0	PUFA 22:6 n-3 (DHA)	PUFA 22:6 n-3	pufa 22:6 n-3	pufa 22:6 n-3	pufa 22:6 n-3	pufa 22 6 n 3
1273	SFA 22:0	G	624.0	11200.0	SFA 22:0	SFA 22:0	sfa 22:0	sfa 22:0	sfa 22:0	sfa 22 0
1274	MUFA 14:1	G	625.0	11500.0	MUFA 14:1	MUFA 14:1	mufa 14:1	mufa 14:1	mufa 14:1	mufa 14 1
1275	MUFA 16:1	G	626.0	11700.0	MUFA 16:1	MUFA 16:1	mufa 16:1	mufa 16:1	mufa 16:1	mufa 16 1
1276	PUFA 18:4	G	627.0	14250.0	PUFA 18:4	PUFA 18:4	pufa 18:4	pufa 18:4	pufa 18:4	pufa 18 4
1277	MUFA 20:1	G	628.0	12400.0	MUFA 20:1	MUFA 20:1	mufa 20:1	mufa 20:1	mufa 20:1	mufa 20 1
1278	PUFA 20:5 n-3 (EPA)	G	629.0	15000.0	PUFA 20:5 n-3 (EPA)	PUFA 20:5 n-3	pufa 20:5 n-3	pufa 20:5 n-3	pufa 20:5 n-3	pufa 20 5 n 3
1279	MUFA 22:1	G	630.0	12500.0	MUFA 22:1	MUFA 22:1	mufa 22:1	mufa 22:1	mufa 22:1	mufa 22 1
1280	PUFA 22:5 n-3 (DPA)	G	631.0	15200.0	PUFA 22:5 n-3 (DPA)	PUFA 22:5 n-3	pufa 22:5 n-3	pufa 22:5 n-3	pufa 22:5 n-3	pufa 22 5 n 3
1281	TFA 14:1 t	G	821.0	15510.0	TFA 14:1 t	TFA 14:1 t	tfa 14:1 t	tfa 14:1 t	tfa 14:1 t	tfa 14 1 t
1283	Phytosterols	MG	636.0	15800.0	Phytosterols	Phytosterols	phytosterols	phytosterols	phytosterols	phytosterols
1284	Ergosterol	MG	637.0	16220.0	Ergosterol	Ergosterol	ergosterol	ergosterol	ergosterol	ergosterol
1285	Stigmasterol	MG	638.0	15900.0	Stigmasterol	Stigmasterol	stigmasterol	stigmasterol	stigmasterol	stigmasterol
1286	Campesterol	MG	639.0	16000.0	Campesterol	Campesterol	campesterol	campesterol	campesterol	campesterol
1287	Brassicasterol	MG	640.0	16100.0	Brassicasterol	Brassicasterol	brassicasterol	brassicasterol	brassicasterol	brassicasterol
1288	Beta-sitosterol	MG	641.0	16200.0	Beta-sitosterol	Beta-sitosterol	beta-sitosterol	beta-sitosterol	beta-sitosterol	beta sitosterol
1289	Campestanol	MG	642.0	16221.0	Campestanol	Campestanol	campestanol	campestanol	campestanol	campestanol
1290	Unsaponifiable matter (lipids)	G	643.0	999999.0	Unsaponifiable matter (lipids)	Unsaponifiable matter	unsaponifiable matter	unsaponifiable matter	unsaponifiable matter	unsaponifiable matter
1291	Fatty acids, other than 607-615, 617-621, 624-632, 652-654, 686-689)	G	644.0	999999.0	Fatty acids, other than 607-615, 617-621, 624-632, 652-654, 686-689)	Fatty acids, other than 607-615, 617-621, 624-632, 652-654, 686-689)	fatty acids, other than 607-615, 617-621, 624-632, 652-654, 686-689)	fatty acids other than 607-615 617-621 624-632 652-654 686-689)	fatty acids, other than 607-615, 617-621, 624-632, 652-654, 686-689)	fatty acids other than 607 615 617 621 624 632 652 654 686 689
1292	Fatty acids, total monounsaturated	G	645.0	11400.0	Fatty acids, total monounsaturated	Fatty acids, total monounsaturated	fatty acids, total monounsaturated	fatty acids total monounsaturated	fatty acids, total monounsaturated	fatty acids total monounsaturated
1293	Fatty acids, total polyunsaturated	G	646.0	12900.0	Fatty acids, total polyunsaturated	Fatty acids, total polyunsaturated	fatty acids, total polyunsaturated	fatty acids total polyunsaturated	fatty acids, total polyunsaturated	fatty acids total polyunsaturated
1294	Beta-sitostanol	MG	647.0	16222.0	Beta-sitostanol	Beta-sitostanol	beta-sitostanol	beta-sitostanol	beta-sitostanol	beta sitostanol
1295	Delta-7-avenasterol	MG	648.0	16223.0	Delta-7-avenasterol	Delta-7-avenasterol	delta-7-avenasterol	delta-7-avenasterol	delta-7-avenasterol	delta 7 avenasterol
1296	Delta-5-avenasterol	MG	649.0	16224.0	Delta-5-avenasterol	Delta-5-avenasterol	delta-5-avenasterol	delta-5-avenasterol	delta-5-avenasterol	delta 5 avenasterol
1297	Alpha-spinasterol	MG	650.0	16225.0	Alpha-spinasterol	Alpha-spinasterol	alpha-spinasterol	alpha-spinasterol	alpha-spinasterol	alpha spinasterol
1298	Phytosterols, other	MG	651.0	16227.0	Phytosterols, other	Phytosterols, other	phytosterols, other	phytosterols other	phytosterols, other	phytosterols other
1299	SFA 15:0	G	652.0	10600.0	SFA 15:0	SFA 15:0	sfa 15:0	sfa 15:0	sfa 15:0	sfa 15 0
1300	SFA 17:0	G	653.0	10800.0	SFA 17:0	SFA 17:0	sfa 17:0	sfa 17:0	sfa 17:0	sfa 17 0
1301	SFA 24:0	G	654.0	11300.0	SFA 24:0	SFA 24:0	sfa 24:0	sfa 24:0	sfa 24:0	sfa 24 0
1302	Wax Esters(Total Wax)	G	661.0	999999.0	Wax Esters(Total Wax)	Wax Esters	wax esters	wax esters	wax esters	wax esters
1303	TFA 16:1 t	G	662.0	15520.0	TFA 16:1 t	TFA 16:1 t	tfa 16:1 t	tfa 16:1 t	tfa 16:1 t	tfa 16 1 t
1304	TFA 18:1 t	G	663.0	15521.0	TFA 18:1 t	TFA 18:1 t	tfa 18:1 t	tfa 18:1 t	tfa 18:1 t	tfa 18 1 t
1305	TFA 22:1 t	G	664.0	15550.0	TFA 22:1 t	TFA 22:1 t	tfa 22:1 t	tfa 22:1 t	tfa 22:1 t	tfa 22 1 t
1306	TFA 18:2 t not further defined	G	665.0	15610.0	TFA 18:2 t not further defined	TFA 18:2 t not further defined	tfa 18:2 t not further defined	tfa 18:2 t not further defined	tfa 18:2 t not further defined	tfa 18 2 t not further defined
1307	PUFA 18:2 i	G	666.0	13350.0	PUFA 18:2 i	PUFA 18:2 i	pufa 18:2 i	pufa 18:2 i	pufa 18:2 i	pufa 18 2 i
1308	PUFA 18:2 t,c	G	667.0	13500.0	PUFA 18:2 t,c	PUFA 18:2 t, c	pufa 18:2 t, c	pufa 18:2 t c	pufa 18:2 t, c	pufa 18 2 t c
1309	PUFA 18:2 c,t	G	668.0	13400.0	PUFA 18:2 c,t	PUFA 18:2 c, t	pufa 18:2 c, t	pufa 18:2 c t	pufa 18:2 c, t	pufa 18 2 c t
1310	TFA 18:2 t,t	G	669.0	15615.0	TFA 18:2 t,t	TFA 18:2 t, t	tfa 18:2 t, t	tfa 18:2 t t	tfa 18:2 t, t	tfa 18 2 t t
1311	PUFA 18:2 CLAs	G	670.0	13300.0	PUFA 18:2 CLAs	PUFA 18:2 CLAs	pufa 18:2 clas	pufa 18:2 clas	pufa 18:2 clas	pufa 18 2 clas
1312	MUFA 24:1 c	G	671.0	12800.0	MUFA 24:1 c	MUFA 24:1 c	mufa 24:1 c	mufa 24:1 c	mufa 24:1 c	mufa 24 1 c
1313	PUFA 20:2 n-6 c,c	G	672.0	14300.0	PUFA 20:2 n-6 c,c	PUFA 20:2 n-6 c, c	pufa 20:2 n-6 c, c	pufa 20:2 n-6 c c	pufa 20:2 n-6 c, c	pufa 20 2 n 6 c c
1314	MUFA 16:1 c	G	673.0	11800.0	MUFA 16:1 c	MUFA 16:1 c	mufa 16:1 c	mufa 16:1 c	mufa 16:1 c	mufa 16 1 c
1315	MUFA 18:1 c	G	674.0	12200.0	MUFA 18:1 c	MUFA 18:1 c	mufa 18:1 c	mufa 18:1 c	mufa 18:1 c	mufa 18 1 c
1316	PUFA 18:2 n-6 c,c	G	675.0	13200.0	PUFA 18:2 n-6 c,c	PUFA 18:2 n-6 c, c	pufa 18:2 n-6 c, c	pufa 18:2 n-6 c c	pufa 18:2 n-6 c, c	pufa 18 2 n 6 c c
1317	MUFA 22:1 c	G	676.0	12600.0	MUFA 22:1 c	MUFA 22:1 c	mufa 22:1 c	mufa 22:1 c	mufa 22:1 c	mufa 22 1 c
1318	Fatty acids, saturated, other	G	677.0	999999.0	Fatty acids, saturated, other	Fatty acids, saturated, other	fatty acids, saturated, other	fatty acids saturated other	fatty acids, saturated, other	fatty acids saturated other
1319	Fatty acids, monounsat., other	G	678.0	999999.0	Fatty acids, monounsat., other	Fatty acids, monounsat., other	fatty acids, monounsat., other	fatty acids monounsat. other	fatty acids, monounsat., other	fatty acids monounsat other
1320	Fatty acids, polyunsat., other	G	679.0	999999.0	Fatty acids, polyunsat., other	Fatty acids, polyunsat., other	fatty acids, polyunsat., other	fatty acids polyunsat. other	fatty acids, polyunsat., other	fatty acids polyunsat other
1321	PUFA 18:3 n-6 c,c,c	G	685.0	14100.0	PUFA 18:3 n-6 c,c,c	PUFA 18:3 n-6 c, c, c	pufa 18:3 n-6 c, c, c	pufa 18:3 n-6 c c c	pufa 18:3 n-6 c, c, c	pufa 18 3 n 6 c c c
1322	SFA 19:0	G	686.0	11000.0	SFA 19:0	SFA 19:0	sfa 19:0	sfa 19:0	sfa 19:0	sfa 19 0
1323	MUFA 17:1	G	687.0	12000.0	MUFA 17:1	MUFA 17:1	mufa 17:1	mufa 17:1	mufa 17:1	mufa 17 1
1324	PUFA 16:2	G	688.0	13000.0	PUFA 16:2	PUFA 16:2	pufa 16:2	pufa 16:2	pufa 16:2	pufa 16 2
1325	PUFA 20:3	G	689.0	14400.0	PUFA 20:3	PUFA 20:3	pufa 20:3	pufa 20:3	pufa 20:3	pufa 20 3
1326	Fatty acids, total sat., NLEA	G	690.0	999999.0	Fatty acids, total sat., NLEA	Fatty acids, total sat., NLEA	fatty acids, total sat., nlea	fatty acids total sat. nlea	fatty acids, total sat., nlea	fatty acids total sat nlea
1327	Fatty acids, total monounsat., NLEA	G	691.0	999999.0	Fatty acids, total monounsat., NLEA	Fatty acids, total monounsat., NLEA	fatty acids, total monounsat., nlea	fatty acids total monounsat. nlea	fatty acids, total monounsat., nlea	fatty acids total monounsat nlea
1328	Fatty acids, total polyunsat., NLEA	G	692.0	999999.0	Fatty acids, total polyunsat., NLEA	Fatty acids, total polyunsat., NLEA	fatty acids, total polyunsat., nlea	fatty acids total polyunsat. nlea	fatty acids, total polyunsat., nlea	fatty acids total polyunsat nlea
1329	Fatty acids, total trans-monoenoic	G	693.0	15500.0	Fatty acids, total trans-monoenoic	Fatty acids, total trans-monoenoic	fatty acids, total trans-monoenoic	fatty acids total trans-monoenoic	fatty acids, total trans-monoenoic	fatty acids total trans monoenoic
1330	Fatty acids, total trans-dienoic	G	694.0	15601.0	Fatty acids, total trans-dienoic	Fatty acids, total trans-dienoic	fatty acids, total trans-dienoic	fatty acids total trans-dienoic	fatty acids, total trans-dienoic	fatty acids total trans dienoic
1331	Fatty acids, total trans-polyenoic	G	695.0	15619.0	Fatty acids, total trans-polyenoic	Fatty acids, total trans-polyenoic	fatty acids, total trans-polyenoic	fatty acids total trans-polyenoic	fatty acids, total trans-polyenoic	fatty acids total trans polyenoic
1332	SFA 13:0	G	696.0	10400.0	SFA 13:0	SFA 13:0	sfa 13:0	sfa 13:0	sfa 13:0	sfa 13 0
1333	MUFA 15:1	G	697.0	11600.0	MUFA 15:1	MUFA 15:1	mufa 15:1	mufa 15:1	mufa 15:1	mufa 15 1
1334	PUFA 22:2	G	698.0	15100.0	PUFA 22:2	PUFA 22:2	pufa 22:2	pufa 22:2	pufa 22:2	pufa 22 2
1335	SFA 11:0	G	699.0	10200.0	SFA 11:0	SFA 11:0	sfa 11:0	sfa 11:0	sfa 11:0	sfa 11 0
1336	ORAC, Hydrophyllic	UMOL_TE	706.0		ORAC, Hydrophyllic	ORAC, Hydrophyllic	orac, hydrophyllic	orac hydrophyllic	orac, hydrophyllic	orac hydrophyllic
1337	ORAC, Lipophillic	UMOL_TE	707.0		ORAC, Lipophillic	ORAC, Lipophillic	orac, lipophillic	orac lipophillic	orac, lipophillic	orac lipophillic
1338	ORAC, Total	UMOL_TE	708.0		ORAC, Total	ORAC,	orac	orac	orac	orac
1339	Total Phenolics	MG_GAE	709.0		Total Phenolics	Phenolics	phenolics	phenolics	phenolics	phenolics
1340	Daidzein	MG	710.0	19100.0	Daidzein	Daidzein	daidzein	daidzein	daidzein	daidzein
1341	Genistein	MG	711.0	19200.0	Genistein	Genistein	genistein	genistein	genistein	genistein
1342	Glycitein	MG	712.0	19300.0	Glycitein	Glycitein	glycitein	glycitein	glycitein	glycitein
1343	Isoflavones	MG	713.0	19000.0	Isoflavones	Isoflavones	isoflavones	isoflavones	isoflavones	isoflavones
1344	Biochanin A	MG	714.0	999999.0	Biochanin A	Biochanin A	biochanin a	biochanin a	biochanin a	biochanin a
1345	Formononetin	MG	715.0	999999.0	Formononetin	Formononetin	formononetin	formononetin	formononetin	formononetin
1346	Coumestrol	MG	716.0	999999.0	Coumestrol	Coumestrol	coumestrol	coumestrol	coumestrol	coumestrol
1347	Flavonoids, total	MG	729.0	999999.0	Flavonoids, total	Flavonoids,	flavonoids	flavonoids	flavonoids	flavonoids
1348	Anthocyanidins	MG	730.0	19400.0	Anthocyanidins	Anthocyanidins	anthocyanidins	anthocyanidins	anthocyanidins	anthocyanidins
1349	Cyanidin	MG	731.0	19500.0	Cyanidin	Cyanidin	cyanidin	cyanidin	cyanidin	cyanidin
1350	Proanthocyanidin (dimer-A linkage)	MG	732.0	19510.0	Proanthocyanidin (dimer-A linkage)	Proanthocyanidin (dimer-A linkage)	proanthocyanidin (dimer-a linkage)	proanthocyanidin (dimer-a linkage)	proanthocyanidin	proanthocyanidin dimer a linkage
1351	Proanthocyanidin monomers	MG	733.0	19520.0	Proanthocyanidin monomers	Proanthocyanidin monomers	proanthocyanidin monomers	proanthocyanidin monomers	proanthocyanidin monomers	proanthocyanidin monomers
1352	Proanthocyanidin dimers	MG	734.0	19530.0	Proanthocyanidin dimers	Proanthocyanidin dimers	proanthocyanidin dimers	proanthocyanidin dimers	proanthocyanidin dimers	proanthocyanidin dimers
1353	Proanthocyanidin trimers	MG	735.0	19540.0	Proanthocyanidin trimers	Proanthocyanidin trimers	proanthocyanidin trimers	proanthocyanidin trimers	proanthocyanidin trimers	proanthocyanidin trimers
1354	Proanthocyanidin 4-6mers	MG	736.0	19550.0	Proanthocyanidin 4-6mers	Proanthocyanidin 4-6mers	proanthocyanidin 4-6mers	proanthocyanidin 4-6mers	proanthocyanidin 4-6mers	proanthocyanidin 4 6mers
1355	Proanthocyanidin 7-10mers	MG	737.0	19560.0	Proanthocyanidin 7-10mers	Proanthocyanidin 7-10mers	proanthocyanidin 7-10mers	proanthocyanidin 7-10mers	proanthocyanidin 7-10mers	proanthocyanidin 7 10mers
1356	Proanthocyanidin polymers (>10mers)	MG	738.0	19570.0	Proanthocyanidin polymers (>10mers)	Proanthocyanidin polymers (>10mers)	proanthocyanidin polymers (>10mers)	proanthocyanidin polymers (>10mers)	proanthocyanidin polymers	proanthocyanidin polymers 10mers
1357	Delphinidin	MG	741.0	19600.0	Delphinidin	Delphinidin	delphinidin	delphinidin	delphinidin	delphinidin
1358	Malvidin	MG	742.0	19700.0	Malvidin	Malvidin	malvidin	malvidin	malvidin	malvidin
1359	Pelargonidin	MG	743.0	19800.0	Pelargonidin	Pelargonidin	pelargonidin	pelargonidin	pelargonidin	pelargonidin
1360	Peonidin	MG	745.0	19900.0	Peonidin	Peonidin	peonidin	peonidin	peonidin	peonidin
1361	Petunidin	MG	746.0	20000.0	Petunidin	Petunidin	petunidin	petunidin	petunidin	petunidin
1362	Flavans, total	MG	747.0	20100.0	Flavans, total	Flavans,	flavans	flavans	flavans	flavans
1363	Catechins, total	MG	748.0	20200.0	Catechins, total	Catechins,	catechins	catechins	catechins	catechins
1364	Catechin	MG	749.0	20300.0	Catechin	Catechin	catechin	catechin	catechin	catechin
1365	Epigallocatechin	MG	750.0	20400.0	Epigallocatechin	Epigallocatechin	epigallocatechin	epigallocatechin	epigallocatechin	epigallocatechin
1366	Epicatechin	MG	751.0	20500.0	Epicatechin	Epicatechin	epicatechin	epicatechin	epicatechin	epicatechin
1367	Epicatechin-3-gallate	MG	752.0	20600.0	Epicatechin-3-gallate	Epicatechin-3-gallate	epicatechin-3-gallate	epicatechin-3-gallate	epicatechin-3-gallate	epicatechin 3 gallate
1368	Epigallocatechin-3-gallate	MG	753.0	20700.0	Epigallocatechin-3-gallate	Epigallocatechin-3-gallate	epigallocatechin-3-gallate	epigallocatechin-3-gallate	epigallocatechin-3-gallate	epigallocatechin 3 gallate
1369	Procyanidins, total	MG	754.0	20800.0	Procyanidins, total	Procyanidins,	procyanidins	procyanidins	procyanidins	procyanidins
1370	Theaflavins	MG	755.0	20900.0	Theaflavins	Theaflavins	theaflavins	theaflavins	theaflavins	theaflavins
1371	Thearubigins	MG	756.0	21000.0	Thearubigins	Thearubigins	thearubigins	thearubigins	thearubigins	thearubigins
1372	Flavanones, total	MG	757.0	21200.0	Flavanones, total	Flavanones,	flavanones	flavanones	flavanones	flavanones
1373	Eriodictyol	MG	758.0	21300.0	Eriodictyol	Eriodictyol	eriodictyol	eriodictyol	eriodictyol	eriodictyol
1374	Hesperetin	MG	759.0	21400.0	Hesperetin	Hesperetin	hesperetin	hesperetin	hesperetin	hesperetin
1375	Isosakuranetin	MG	760.0	21500.0	Isosakuranetin	Isosakuranetin	isosakuranetin	isosakuranetin	isosakuranetin	isosakuranetin
1376	Liquiritigenin	MG	761.0	21600.0	Liquiritigenin	Liquiritigenin	liquiritigenin	liquiritigenin	liquiritigenin	liquiritigenin
1377	Naringenin	MG	762.0	21700.0	Naringenin	Naringenin	naringenin	naringenin	naringenin	naringenin
1378	Flavones, total	MG	768.0	21800.0	Flavones, total	Flavones,	flavones	flavones	flavones	flavones
1379	Apigenin	MG	770.0	21900.0	Apigenin	Apigenin	apigenin	apigenin	apigenin	apigenin
1380	Chrysoeriol	MG	771.0	22000.0	Chrysoeriol	Chrysoeriol	chrysoeriol	chrysoeriol	chrysoeriol	chrysoeriol
1381	Diosmetin	MG	772.0	22100.0	Diosmetin	Diosmetin	diosmetin	diosmetin	diosmetin	diosmetin
1382	Luteolin	MG	773.0	22200.0	Luteolin	Luteolin	luteolin	luteolin	luteolin	luteolin
1383	Nobiletin	MG	781.0	22300.0	Nobiletin	Nobiletin	nobiletin	nobiletin	nobiletin	nobiletin
1384	Sinensetin	MG	782.0	22400.0	Sinensetin	Sinensetin	sinensetin	sinensetin	sinensetin	sinensetin
1385	Tangeretin	MG	783.0	22500.0	Tangeretin	Tangeretin	tangeretin	tangeretin	tangeretin	tangeretin
1386	Flavonols, total	MG	784.0	22600.0	Flavonols, total	Flavonols,	flavonols	flavonols	flavonols	flavonols
1387	Isorhamnetin	MG	785.0	22700.0	Isorhamnetin	Isorhamnetin	isorhamnetin	isorhamnetin	isorhamnetin	isorhamnetin
1388	Kaempferol	MG	786.0	22800.0	Kaempferol	Kaempferol	kaempferol	kaempferol	kaempferol	kaempferol
1389	Limocitrin	MG	787.0	22900.0	Limocitrin	Limocitrin	limocitrin	limocitrin	limocitrin	limocitrin
1390	Myricetin	MG	788.0	23000.0	Myricetin	Myricetin	myricetin	myricetin	myricetin	myricetin
1391	Quercetin	MG	789.0	23100.0	Quercetin	Quercetin	quercetin	quercetin	quercetin	quercetin
1392	Theogallin	MG	790.0	21100.0	Theogallin	Theogallin	theogallin	theogallin	theogallin	theogallin
1393	Theaflavin -3,3' -digallate	MG	791.0		Theaflavin -3,3' -digallate	Theaflavin -3, 3' -digallate	theaflavin-3, 3'-digallate	theaflavin-3 3'-digallate	theaflavin-3, 3'-digallate	theaflavin 3 3 digallate
1394	Theaflavin -3' -gallate	MG	792.0		Theaflavin -3' -gallate	Theaflavin -3' -gallate	theaflavin-3'-gallate	theaflavin-3'-gallate	theaflavin-3'-gallate	theaflavin 3 gallate
1395	Theaflavin -3 -gallate	MG	793.0		Theaflavin -3 -gallate	Theaflavin -3 -gallate	theaflavin-3-gallate	theaflavin-3-gallate	theaflavin-3-gallate	theaflavin 3 gallate
1396	(+) -Gallo catechin	MG	794.0		(+) -Gallo catechin	(+) -Gallo catechin	(+)-gallo catechin	(+)-gallo catechin	-gallo catechin	gallo catechin
1397	(+)-Catechin 3-gallate	MG	795.0		(+)-Catechin 3-gallate	(+) -Catechin 3-gallate	(+)-catechin 3-gallate	(+)-catechin 3-gallate	-catechin 3-gallate	catechin 3 gallate
1398	(+)-Gallocatechin 3-gallate	MG	796.0		(+)-Gallocatechin 3-gallate	(+) -Gallocatechin 3-gallate	(+)-gallocatechin 3-gallate	(+)-gallocatechin 3-gallate	-gallocatechin 3-gallate	gallocatechin 3 gallate
1399	Mannose	G	801.0	999999.0	Mannose	Mannose	mannose	mannose	mannose	mannose
1400	Triose	G	803.0	999999.0	Triose	Triose	triose	triose	triose	triose
1401	Tetrose	G	804.0	999999.0	Tetrose	Tetrose	tetrose	tetrose	tetrose	tetrose
1402	Other Saccharides	G	805.0	999999.0	Other Saccharides	Other Saccharides	other saccharides	other saccharides	other saccharides	other saccharides
1403	Inulin	G	806.0	999999.0	Inulin	Inulin	inulin	inulin	inulin	inulin
1404	PUFA 18:3 n-3 c,c,c (ALA)	G	851.0	14000.0	PUFA 18:3 n-3 c,c,c (ALA)	PUFA 18:3 n-3 c, c, c	pufa 18:3 n-3 c, c, c	pufa 18:3 n-3 c c c	pufa 18:3 n-3 c, c, c	pufa 18 3 n 3 c c c
1405	PUFA 20:3 n-3	G	852.0	14500.0	PUFA 20:3 n-3	PUFA 20:3 n-3	pufa 20:3 n-3	pufa 20:3 n-3	pufa 20:3 n-3	pufa 20 3 n 3
1406	PUFA 20:3 n-6	G	853.0	14600.0	PUFA 20:3 n-6	PUFA 20:3 n-6	pufa 20:3 n-6	pufa 20:3 n-6	pufa 20:3 n-6	pufa 20 3 n 6
1407	PUFA 20:4 n-3	G	854.0	14800.0	PUFA 20:4 n-3	PUFA 20:4 n-3	pufa 20:4 n-3	pufa 20:4 n-3	pufa 20:4 n-3	pufa 20 4 n 3
1408	PUFA 20:4 n-6	G	855.0	14900.0	PUFA 20:4 n-6	PUFA 20:4 n-6	pufa 20:4 n-6	pufa 20:4 n-6	pufa 20:4 n-6	pufa 20 4 n 6
1409	PUFA 18:3i	G	856.0	14200.0	PUFA 18:3i	PUFA 18:3i	pufa 18:3i	pufa 18:3i	pufa 18:3i	pufa 18 3i
1410	PUFA 21:5	G	857.0	15100.0	PUFA 21:5	PUFA 21:5	pufa 21:5	pufa 21:5	pufa 21:5	pufa 21 5
1411	PUFA 22:4	G	858.0	15160.0	PUFA 22:4	PUFA 22:4	pufa 22:4	pufa 22:4	pufa 22:4	pufa 22 4
1412	MUFA 18:1-11 t (18:1t n-7)	G	859.0	12310.0	MUFA 18:1-11 t (18:1t n-7)	MUFA 18:1-11 t (18:1t n-7)	mufa 18:1-11 t (18:1t n-7)	mufa 18:1-11 t (18:1t n-7)	mufa 18:1-11 t	mufa 18 1 11 t 18 1t n 7
1413	MUFA 18:1-11 c (18:1c n-7)	G	860.0	12210.0	MUFA 18:1-11 c (18:1c n-7)	MUFA 18:1-11 c (18:1c n-7)	mufa 18:1-11 c (18:1c n-7)	mufa 18:1-11 c (18:1c n-7)	mufa 18:1-11 c	mufa 18 1 11 c 18 1c n 7
1414	PUFA 20:3 n-9	G	861.0	14650.0	PUFA 20:3 n-9	PUFA 20:3 n-9	pufa 20:3 n-9	pufa 20:3 n-9	pufa 20:3 n-9	pufa 20 3 n 9
2000	Total Sugars	G	269.0	1510.0	Total Sugars	Sugars	sugars	sugars	sugars	sugars
2003	SFA 5:0	G	632.0	9850.0	SFA 5:0	SFA 5:0	sfa 5:0	sfa 5:0	sfa 5:0	sfa 5 0
2004	SFA 7:0	G	633.0	9950.0	SFA 7:0	SFA 7:0	sfa 7:0	sfa 7:0	sfa 7:0	sfa 7 0
2005	SFA 9:0	G	634.0	10050.0	SFA 9:0	SFA 9:0	sfa 9:0	sfa 9:0	sfa 9:0	sfa 9 0
2006	SFA 21:0	G	681.0	11150.0	SFA 21:0	SFA 21:0	sfa 21:0	sfa 21:0	sfa 21:0	sfa 21 0
2007	SFA 23:0	G	682.0	11250.0	SFA 23:0	SFA 23:0	sfa 23:0	sfa 23:0	sfa 23:0	sfa 23 0
2008	MUFA 12:1	G	635.0	11450.0	MUFA 12:1	MUFA 12:1	mufa 12:1	mufa 12:1	mufa 12:1	mufa 12 1
2009	MUFA 14:1 c	G	822.0	11501.0	MUFA 14:1 c	MUFA 14:1 c	mufa 14:1 c	mufa 14:1 c	mufa 14:1 c	mufa 14 1 c
2010	MUFA 17:1 c	G	825.0	12001.0	MUFA 17:1 c	MUFA 17:1 c	mufa 17:1 c	mufa 17:1 c	mufa 17:1 c	mufa 17 1 c
2011	TFA 17:1 t	G	826.0	15525.0	TFA 17:1 t	TFA 17:1 t	tfa 17:1 t	tfa 17:1 t	tfa 17:1 t	tfa 17 1 t
2012	MUFA 20:1 c	G	829.0	12401.0	MUFA 20:1 c	MUFA 20:1 c	mufa 20:1 c	mufa 20:1 c	mufa 20:1 c	mufa 20 1 c
2013	TFA 20:1 t	G	830.0	15540.0	TFA 20:1 t	TFA 20:1 t	tfa 20:1 t	tfa 20:1 t	tfa 20:1 t	tfa 20 1 t
2014	MUFA 22:1 n-9	G	676.1	12601.0	MUFA 22:1 n-9	MUFA 22:1 n-9	mufa 22:1 n-9	mufa 22:1 n-9	mufa 22:1 n-9	mufa 22 1 n 9
2015	MUFA 22:1 n-11	G	676.2	12602.0	MUFA 22:1 n-11	MUFA 22:1 n-11	mufa 22:1 n-11	mufa 22:1 n-11	mufa 22:1 n-11	mufa 22 1 n 11
2016	PUFA 18:2 c	G	831.0	13150.0	PUFA 18:2 c	PUFA 18:2 c	pufa 18:2 c	pufa 18:2 c	pufa 18:2 c	pufa 18 2 c
2017	TFA 18:2 t	G	832.0	15611.0	TFA 18:2 t	TFA 18:2 t	tfa 18:2 t	tfa 18:2 t	tfa 18:2 t	tfa 18 2 t
2018	PUFA 18:3 c	G	833.0	13910.0	PUFA 18:3 c	PUFA 18:3 c	pufa 18:3 c	pufa 18:3 c	pufa 18:3 c	pufa 18 3 c
2019	TFA 18:3 t	G	834.0	15660.0	TFA 18:3 t	TFA 18:3 t	tfa 18:3 t	tfa 18:3 t	tfa 18:3 t	tfa 18 3 t
2020	PUFA 20:3 c	G	835.0	14450.0	PUFA 20:3 c	PUFA 20:3 c	pufa 20:3 c	pufa 20:3 c	pufa 20:3 c	pufa 20 3 c
2021	PUFA 22:3	G	683.0	14675.0	PUFA 22:3	PUFA 22:3	pufa 22:3	pufa 22:3	pufa 22:3	pufa 22 3
2022	PUFA 20:4c	G	836.0	14750.0	PUFA 20:4c	PUFA 20:4c	pufa 20:4c	pufa 20:4c	pufa 20:4c	pufa 20 4c
2023	PUFA 20:5c	G	837.0	14950.0	PUFA 20:5c	PUFA 20:5c	pufa 20:5c	pufa 20:5c	pufa 20:5c	pufa 20 5c
2024	PUFA 22:5 c	G	838.0	15150.0	PUFA 22:5 c	PUFA 22:5 c	pufa 22:5 c	pufa 22:5 c	pufa 22:5 c	pufa 22 5 c
2025	PUFA 22:6 c	G	839.0	15250.0	PUFA 22:6 c	PUFA 22:6 c	pufa 22:6 c	pufa 22:6 c	pufa 22:6 c	pufa 22 6 c
2026	PUFA 20:2 c	G	840.0	14250.0	PUFA 20:2 c	PUFA 20:2 c	pufa 20:2 c	pufa 20:2 c	pufa 20:2 c	pufa 20 2 c
2027	Proximate	G	200.0	999999.0	Proximate	Proximate	proximate	proximate	proximate	proximate
2028	trans-beta-Carotene	UG	321.2	7444.0	trans-beta-Carotene	trans-beta-Carotene	trans-beta-carotene	trans-beta-carotene	trans-beta-carotene	trans beta carotene
2029	trans-Lycopene	UG	337.2	7534.0	trans-Lycopene	trans-Lycopene	trans-lycopene	trans-lycopene	trans-lycopene	trans lycopene
2032	Cryptoxanthin, alpha	UG	335.0	7461.0	Cryptoxanthin, alpha	Cryptoxanthin, alpha	cryptoxanthin, alpha	cryptoxanthin alpha	cryptoxanthin, alpha	cryptoxanthin alpha
2033	Total dietary fiber (AOAC 2011.25)	G	293.0	1300.0	Total dietary fiber (AOAC 2011.25)	dietary fiber (AOAC 2011.25)	dietary fiber (aoac 2011.25)	dietary fiber (aoac 2011.25)	dietary fiber	dietary fiber aoac 2011 25
2034	Insoluble dietary fiber (IDF)	G	293.1	1310.0	Insoluble dietary fiber (IDF)	Insoluble dietary fiber	insoluble dietary fiber	insoluble dietary fiber	insoluble dietary fiber	insoluble dietary fiber
2035	Soluble dietary fiber (SDFP+SDFS)	G	293.2	1320.0	Soluble dietary fiber (SDFP+SDFS)	Soluble dietary fiber (SDFP+SDFS)	soluble dietary fiber (sdfp+sdfs)	soluble dietary fiber (sdfp+sdfs)	soluble dietary fiber	soluble dietary fiber sdfp sdfs
2036	Soluble dietary fiber (SDFP)	G	954.0	1324.0	Soluble dietary fiber (SDFP)	Soluble dietary fiber	soluble dietary fiber	soluble dietary fiber	soluble dietary fiber	soluble dietary fiber
2037	Soluble dietary fiber (SDFS)	G	953.0	1326.0	Soluble dietary fiber (SDFS)	Soluble dietary fiber	soluble dietary fiber	soluble dietary fiber	soluble dietary fiber	soluble dietary fiber
2038	High Molecular Weight Dietary Fiber (HMWDF)	G	293.3	1305.0	High Molecular Weight Dietary Fiber (HMWDF)	High Molecular Weight Dietary Fiber	high molecular weight dietary fiber	high molecular weight dietary fiber	high molecular weight dietary fiber	high molecular weight dietary fiber
2039	Carbohydrates	G	956.0	1100.0	Carbohydrates	Carbohydrates	carbohydrates	carbohydrates	carbohydrates	carbohydrates
2040	Other carotenoids	UG	955.0	7510.0	Other carotenoids	Other carotenoids	other carotenoids	other carotenoids	other carotenoids	other carotenoids
2041	Tocopherols and tocotrienols	MG	323.99	7900.0	Tocopherols and tocotrienols	Tocopherols and tocotrienols	tocopherols and tocotrienols	tocopherols and tocotrienols	tocopherols and tocotrienols	tocopherols and tocotrienols
2042	Amino acids	G	500.0	16250.0	Amino acids	Amino acids	amino acids	amino acids	amino acids	amino acids
2043	Minerals	MG	300.0	5200.0	Minerals	Minerals	minerals	minerals	minerals	minerals
2044	Lipids	G	950.0	9600.0	Lipids	Lipids	lipids	lipids	lipids	lipids
2045	Proximates	G	951.0	50.0	Proximates	Proximates	proximates	proximates	proximates	proximates
2046	Vitamins and Other Components	G	952.0	6250.0	Vitamins and Other Components	Vitamins and Other Components	vitamins and other components	vitamins and other components	vitamins and other components	vitamins and other components
2055	Total Tocopherols	MG		7901.0	Total Tocopherols	Tocopherols	tocopherols	tocopherols	tocopherols	tocopherols
2054	Total Tocotrienols	MG		7902.0	Total Tocotrienols	Tocotrienols	tocotrienols	tocotrienols	tocotrienols	tocotrienols
2053	Stigmastadiene	MG		15801.0	Stigmastadiene	Stigmastadiene	stigmastadiene	stigmastadiene	stigmastadiene	stigmastadiene
2052	Delta-7-Stigmastenol	MG		16226.0	Delta-7-Stigmastenol	Delta-7-Stigmastenol	delta-7-stigmastenol	delta-7-stigmastenol	delta-7-stigmastenol	delta 7 stigmastenol
2049	Daidzin	MG	717.0	19310.0	Daidzin	Daidzin	daidzin	daidzin	daidzin	daidzin
2050	Genistin	MG	718.0	19320.0	Genistin	Genistin	genistin	genistin	genistin	genistin
2051	Glycitin	MG	719.0	19330.0	Glycitin	Glycitin	glycitin	glycitin	glycitin	glycitin
2057	Ergothioneine	MG		18500.0	Ergothioneine	Ergothioneine	ergothioneine	ergothioneine	ergothioneine	ergothioneine
2058	Beta-glucan	G		1327.0	Beta-glucan	Beta-glucan	beta-glucan	beta-glucan	beta-glucan	beta glucan
2059	Vitamin D4	UG		8730.0	Vitamin D4	Vitamin D4	vitamin d4	vitamin d4	vitamin d4	vitamin d4
2060	Ergosta-7-enol	MG		16210.0	Ergosta-7-enol	Ergosta-7-enol	ergosta-7-enol	ergosta-7-enol	ergosta-7-enol	ergosta 7 enol
2061	Ergosta-7,22-dienol	MG		16211.0	Ergosta-7,22-dienol	Ergosta-7, 22-dienol	ergosta-7, 22-dienol	ergosta-7 22-dienol	ergosta-7, 22-dienol	ergosta 7 22 dienol
2062	Ergosta-5,7-dienol	MG		16211.0	Ergosta-5,7-dienol	Ergosta-5, 7-dienol	ergosta-5, 7-dienol	ergosta-5 7-dienol	ergosta-5, 7-dienol	ergosta 5 7 dienol
2063	Verbascose	G		2450.0	Verbascose	Verbascose	verbascose	verbascose	verbascose	verbascose
2064	Oligosaccharides	MG		2250.0	Oligosaccharides	Oligosaccharides	oligosaccharides	oligosaccharides	oligosaccharides	oligosaccharides
2065	Low Molecular Weight Dietary Fiber (LMWDF)	G	293.4	1306.0	Low Molecular Weight Dietary Fiber (LMWDF)	Low Molecular Weight Dietary Fiber	low molecular weight dietary fiber	low molecular weight dietary fiber	low molecular weight dietary fiber	low molecular weight dietary fiber
2068	Vitamin E	MG	959.0	7810.0	Vitamin E	Vitamin E	vitamin e	vitamin e	vitamin e	vitamin e
2067	Vitamin A	UG	960.0	7430.0	Vitamin A	Vitamin A	vitamin a	vitamin a	vitamin a	vitamin a
2069	Glutathione	MG	961.0	9000.0	Glutathione	Glutathione	glutathione	glutathione	glutathione	glutathione
99999	Phytic Acid / Myo-Inositol	MG		63001.0	Phytic Acid / Myo-Inositol	Phytic Acid / Myo-Inositol	phytic acid/myo-inositol	phytic acid/myo-inositol	phytic acid/myo-inositol	phytic acid myo inositol
99998	Porphyran	MG		63001.0	Porphyran	Porphyran	porphyran	porphyran	porphyran	porphyran
95000	Formic acid	MG		63001.0	Formic acid	Formic acid	formic acid	formic acid	formic acid	formic acid
95001	Gluconic acid	MG		63001.0	Gluconic acid	Gluconic acid	gluconic acid	gluconic acid	gluconic acid	gluconic acid
95002	Malonic acid	MG		63001.0	Malonic acid	Malonic acid	malonic acid	malonic acid	malonic acid	malonic acid
95003	alpha-Ketoglutaric acid	MG		63001.0	alpha-Ketoglutaric acid	alpha-Ketoglutaric acid	alpha-ketoglutaric acid	alpha-ketoglutaric acid	alpha-ketoglutaric acid	alpha ketoglutaric acid
95004	Orotic acid	MG		63001.0	Orotic acid	Orotic acid	orotic acid	orotic acid	orotic acid	orotic acid
95005	Ferulic acid	MG		63001.0	Ferulic acid	Ferulic acid	ferulic acid	ferulic acid	ferulic acid	ferulic acid
95006	Tannin	MG		63001.0	Tannin	Tannin	tannin	tannin	tannin	tannin
95007	Polyphenol	MG		63001.0	Polyphenol	Polyphenol	polyphenol	polyphenol	polyphenol	polyphenol
96000	(+)-Catechin	MG		63001.0	(+)-Catechin	(+) -Catechin	(+)-catechin	(+)-catechin	-catechin	catechin
96001	(+)-Gallocatechin	MG		63001.0	(+)-Gallocatechin	(+) -Gallocatechin	(+)-gallocatechin	(+)-gallocatechin	-gallocatechin	gallocatechin
96002	(-)-Epicatechin	MG		63001.0	(-)-Epicatechin	-Epicatechin	-epicatechin	-epicatechin	-epicatechin	epicatechin
96003	(-)-Epicatechin 3-O-gallate	MG		63001.0	(-)-Epicatechin 3-O-gallate	-Epicatechin 3-O-gallate	-epicatechin 3-o-gallate	-epicatechin 3-o-gallate	-epicatechin 3-o-gallate	epicatechin 3 o gallate
96004	(-)-Epigallocatechin	MG		63001.0	(-)-Epigallocatechin	-Epigallocatechin	-epigallocatechin	-epigallocatechin	-epigallocatechin	epigallocatechin
96005	(-)-Epigallocatechin 3-O-gallate	MG		63001.0	(-)-Epigallocatechin 3-O-gallate	-Epigallocatechin 3-O-gallate	-epigallocatechin 3-o-gallate	-epigallocatechin 3-o-gallate	-epigallocatechin 3-o-gallate	epigallocatechin 3 o gallate
96006	02 mers	MG		63001.0	02 mers	02 mers	02 mers	02 mers	02 mers	02 mers
96007	03 mers	MG		63001.0	03 mers	03 mers	03 mers	03 mers	03 mers	03 mers
96008	04-06 mers	MG		63001.0	04-06 mers	04-06 mers	04-06 mers	04-06 mers	04-06 mers	04 06 mers
96009	07-10 mers	MG		63001.0	07-10 mers	07-10 mers	07-10 mers	07-10 mers	07-10 mers	07 10 mers
96010	1,4-Naphtoquinone	MG		63001.0	1,4-Naphtoquinone	1, 4-Naphtoquinone	1, 4-naphtoquinone	1 4-naphtoquinone	1, 4-naphtoquinone	1 4 naphtoquinone
96011	13-cis-retinol	MG		63001.0	13-cis-retinol	13-cis-retinol	13-cis-retinol	13-cis-retinol	13-cis-retinol	13 cis retinol
96012	2,3-Dihydroxy-1-guaiacylpropanone	MG		63001.0	2,3-Dihydroxy-1-guaiacylpropanone	2, 3-Dihydroxy-1-guaiacylpropanone	2, 3-dihydroxy-1-guaiacylpropanone	2 3-dihydroxy-1-guaiacylpropanone	2, 3-dihydroxy-1-guaiacylpropanone	2 3 dihydroxy 1 guaiacylpropanone
96013	25-hydroxy D2-vitamin	MG		63001.0	25-hydroxy D2-vitamin	25-hydroxy D2-vitamin	25-hydroxy d2-vitamin	25-hydroxy d2-vitamin	25-hydroxy d2-vitamin	25 hydroxy d2 vitamin
96014	25-hydroxy D3-vitamin	MG		63001.0	25-hydroxy D3-vitamin	25-hydroxy D3-vitamin	25-hydroxy d3-vitamin	25-hydroxy d3-vitamin	25-hydroxy d3-vitamin	25 hydroxy d3 vitamin
96015	25-hydroxy Vitamin D2	MG		63001.0	25-hydroxy Vitamin D2	25-hydroxy Vitamin D2	25-hydroxy vitamin d2	25-hydroxy vitamin d2	25-hydroxy vitamin d2	25 hydroxy vitamin d2
96016	25-hydroxy vitamin D3	MG		63001.0	25-hydroxy vitamin D3	25-hydroxy vitamin D3	25-hydroxy vitamin d3	25-hydroxy vitamin d3	25-hydroxy vitamin d3	25 hydroxy vitamin d3
96017	25-hydroxycholecalciferol (25OHVitD3)	MG		63001.0	25-hydroxycholecalciferol (25OHVitD3)	25-hydroxycholecalciferol (25OHVitD3)	25-hydroxycholecalciferol (25ohvitd3)	25-hydroxycholecalciferol (25ohvitd3)	25-hydroxycholecalciferol	25 hydroxycholecalciferol 25ohvitd3
96018	3,7-Dimethylquercetin	MG		63001.0	3,7-Dimethylquercetin	3, 7-Dimethylquercetin	3, 7-dimethylquercetin	3 7-dimethylquercetin	3, 7-dimethylquercetin	3 7 dimethylquercetin
96019	3-Methylcatechol	MG		63001.0	3-Methylcatechol	3-Methylcatechol	3-methylcatechol	3-methylcatechol	3-methylcatechol	3 methylcatechol
96020	3_alpha	MG		63001.0	3_alpha	3_alpha	3_alpha	3_alpha	3_alpha	3 alpha
96021	4-Ethylcatechol	MG		63001.0	4-Ethylcatechol	4-Ethylcatechol	4-ethylcatechol	4-ethylcatechol	4-ethylcatechol	4 ethylcatechol
96022	4-Ethylguaiacol	MG		63001.0	4-Ethylguaiacol	4-Ethylguaiacol	4-ethylguaiacol	4-ethylguaiacol	4-ethylguaiacol	4 ethylguaiacol
96023	4-Ethylphenol	MG		63001.0	4-Ethylphenol	4-Ethylphenol	4-ethylphenol	4-ethylphenol	4-ethylphenol	4 ethylphenol
96024	4-Hydroxybenzaldehyde	MG		63001.0	4-Hydroxybenzaldehyde	4-Hydroxybenzaldehyde	4-hydroxybenzaldehyde	4-hydroxybenzaldehyde	4-hydroxybenzaldehyde	4 hydroxybenzaldehyde
96025	4-Hydroxycoumarin	MG		63001.0	4-Hydroxycoumarin	4-Hydroxycoumarin	4-hydroxycoumarin	4-hydroxycoumarin	4-hydroxycoumarin	4 hydroxycoumarin
96026	4-Methylcatechol	MG		63001.0	4-Methylcatechol	4-Methylcatechol	4-methylcatechol	4-methylcatechol	4-methylcatechol	4 methylcatechol
96027	4-Vinylguaiacol	MG		63001.0	4-Vinylguaiacol	4-Vinylguaiacol	4-vinylguaiacol	4-vinylguaiacol	4-vinylguaiacol	4 vinylguaiacol
96028	4-Vinylphenol	MG		63001.0	4-Vinylphenol	4-Vinylphenol	4-vinylphenol	4-vinylphenol	4-vinylphenol	4 vinylphenol
96029	5-Heneicosenylresorcinol	MG		63001.0	5-Heneicosenylresorcinol	5-Heneicosenylresorcinol	5-heneicosenylresorcinol	5-heneicosenylresorcinol	5-heneicosenylresorcinol	5 heneicosenylresorcinol
96030	5-Heneicosylresorcinol	MG		63001.0	5-Heneicosylresorcinol	5-Heneicosylresorcinol	5-heneicosylresorcinol	5-heneicosylresorcinol	5-heneicosylresorcinol	5 heneicosylresorcinol
96031	5-Heptadecylresorcinol	MG		63001.0	5-Heptadecylresorcinol	5-Heptadecylresorcinol	5-heptadecylresorcinol	5-heptadecylresorcinol	5-heptadecylresorcinol	5 heptadecylresorcinol
96032	5-mehtyl folate	MG		63001.0	5-mehtyl folate	5-mehtyl folate	5-mehtyl folate	5-mehtyl folate	5-mehtyl folate	5 mehtyl folate
96033	5-Nonadecenylresorcinol	MG		63001.0	5-Nonadecenylresorcinol	5-Nonadecenylresorcinol	5-nonadecenylresorcinol	5-nonadecenylresorcinol	5-nonadecenylresorcinol	5 nonadecenylresorcinol
96034	5-Nonadecylresorcinol	MG		63001.0	5-Nonadecylresorcinol	5-Nonadecylresorcinol	5-nonadecylresorcinol	5-nonadecylresorcinol	5-nonadecylresorcinol	5 nonadecylresorcinol
96035	5-Pentacosenylresorcinol	MG		63001.0	5-Pentacosenylresorcinol	5-Pentacosenylresorcinol	5-pentacosenylresorcinol	5-pentacosenylresorcinol	5-pentacosenylresorcinol	5 pentacosenylresorcinol
96036	5-Pentacosylresorcinol	MG		63001.0	5-Pentacosylresorcinol	5-Pentacosylresorcinol	5-pentacosylresorcinol	5-pentacosylresorcinol	5-pentacosylresorcinol	5 pentacosylresorcinol
96037	5-Pentadecylresorcinol	MG		63001.0	5-Pentadecylresorcinol	5-Pentadecylresorcinol	5-pentadecylresorcinol	5-pentadecylresorcinol	5-pentadecylresorcinol	5 pentadecylresorcinol
96038	5-Tricosenylresorcinol	MG		63001.0	5-Tricosenylresorcinol	5-Tricosenylresorcinol	5-tricosenylresorcinol	5-tricosenylresorcinol	5-tricosenylresorcinol	5 tricosenylresorcinol
96039	5-Tricosylresorcinol	MG		63001.0	5-Tricosylresorcinol	5-Tricosylresorcinol	5-tricosylresorcinol	5-tricosylresorcinol	5-tricosylresorcinol	5 tricosylresorcinol
96040	6-Geranylnaringenin	MG		63001.0	6-Geranylnaringenin	6-Geranylnaringenin	6-geranylnaringenin	6-geranylnaringenin	6-geranylnaringenin	6 geranylnaringenin
96041	6-Prenylnaringenin	MG		63001.0	6-Prenylnaringenin	6-Prenylnaringenin	6-prenylnaringenin	6-prenylnaringenin	6-prenylnaringenin	6 prenylnaringenin
96042	8-Prenylnaringenin	MG		63001.0	8-Prenylnaringenin	8-Prenylnaringenin	8-prenylnaringenin	8-prenylnaringenin	8-prenylnaringenin	8 prenylnaringenin
96043	A-vitamin	MG		63001.0	A-vitamin	A-vitamin	a-vitamin	a-vitamin	a-vitamin	a vitamin
96044	AA (pernitrogen)	MG		63001.0	AA (pernitrogen)	AA	a	a	a	aa
96045	AAA	MG		63001.0	AAA	AAA	aaa	aaa	aaa	aaa
96046	AAE-	MG		63001.0	AAE-	AAE-	aae-	aae-	aae-	aae
96047	AAE8	MG		63001.0	AAE8	AAE8	aae8	aae8	aae8	aae8
96048	AANE	MG		63001.0	AANE	AANE	aane	aane	aane	aane
96049	AAS	MG		63001.0	AAS	AAS	aas	aas	aas	aas
96050	AAT-	MG		63001.0	AAT-	AAT-	aat-	aat-	aat-	aat
96051	AAT18	MG		63001.0	AAT18	AAT18	aat18	aat18	aat18	aat18
96052	AAT19	MG		63001.0	AAT19	AAT19	aat19	aat19	aat19	aat19
96053	AAT24	MG		63001.0	AAT24	AAT24	aat24	aat24	aat24	aat24
96054	ACEAC	MG		63001.0	ACEAC	ACEAC	aceac	aceac	aceac	aceac
96055	ACW	MG		63001.0	ACW	ACW	acw	acw	acw	acw
96056	Added Sugar	MG		63001.0	Added Sugar	Added Sugar	added sugar	added sugar	added sugar	added sugar
96057	ALA	MG		63001.0	ALA	ALA	ala	ala	ala	ala
96058	ALA_A_ARG	MG		63001.0	ALA_A_ARG	ALA_A_ARG	ala_a_arg	ala_a_arg	ala_a_arg	ala a arg
96059	Alanin	MG		63001.0	Alanin	Alanin	alanin	alanin	alanin	alanin
96060	ALBU	MG		63001.0	ALBU	ALBU	albu	albu	albu	albu
96061	ALC	MG		63001.0	ALC	ALC	alc	alc	alc	alc
96062	Alcohol	MG		63001.0	Alcohol	Alcohol	alcohol	alcohol	alcohol	alcohol
96063	Alcool	MG		63001.0	Alcool	Alcool	alcool	alcool	alcool	alcool
96064	Alfa-carotene	MG		63001.0	Alfa-carotene	Alfa-carotene	alfa-carotene	alfa-carotene	alfa-carotene	alfa carotene
96065	alfa-Tokoferol	MG		63001.0	alfa-Tokoferol	alfa-Tokoferol	alfa-tokoferol	alfa-tokoferol	alfa-tokoferol	alfa tokoferol
96066	alfa-Tokotrienol	MG		63001.0	alfa-Tokotrienol	alfa-Tokotrienol	alfa-tokotrienol	alfa-tokotrienol	alfa-tokotrienol	alfa tokotrienol
96067	alim_grp_nom_eng	MG		63001.0	alim_grp_nom_eng	alim_grp_nom_eng	alim_grp_nom_eng	alim_grp_nom_eng	alim_grp_nom_eng	alim grp nom eng
96068	alim_nom_eng	MG		63001.0	alim_nom_eng	alim_nom_eng	alim_nom_eng	alim_nom_eng	alim_nom_eng	alim nom eng
96069	alim_nom_sci	MG		63001.0	alim_nom_sci	alim_nom_sci	alim_nom_sci	alim_nom_sci	alim_nom_sci	alim nom sci
96070	alim_ssgrp_nom_eng	MG		63001.0	alim_ssgrp_nom_eng	alim_ssgrp_nom_eng	alim_ssgrp_nom_eng	alim_ssgrp_nom_eng	alim_ssgrp_nom_eng	alim ssgrp nom eng
96071	alim_ssssgrp_nom_eng	MG		63001.0	alim_ssssgrp_nom_eng	alim_ssssgrp_nom_eng	alim_ssssgrp_nom_eng	alim_ssssgrp_nom_eng	alim_ssssgrp_nom_eng	alim ssssgrp nom eng
96072	Alkohol	MG		63001.0	Alkohol	Alkohol	alkohol	alkohol	alkohol	alkohol
96073	Alkylmethoxyphenols	MG		63001.0	Alkylmethoxyphenols	Alkylmethoxyphenols	alkylmethoxyphenols	alkylmethoxyphenols	alkylmethoxyphenols	alkylmethoxyphenols
96074	Alkylphenols	MG		63001.0	Alkylphenols	Alkylphenols	alkylphenols	alkylphenols	alkylphenols	alkylphenols
96075	All-trans-retinol	MG		63001.0	All-trans-retinol	All-trans-retinol	all-trans-retinol	all-trans-retinol	all-trans-retinol	all trans retinol
96076	Alpha-carotene	MG		63001.0	Alpha-carotene	Alpha-carotene	alpha-carotene	alpha-carotene	alpha-carotene	alpha carotene
96077	Alpha-carotène	MG		63001.0	Alpha-carotène	Alpha-carotène	alpha-carotène	alpha-carotène	alpha-carotène	alpha carot ne
96078	Alpha-tocopherol	MG		63001.0	Alpha-tocopherol	Alpha-tocopherol	alpha-tocopherol	alpha-tocopherol	alpha-tocopherol	alpha tocopherol
96079	Alpha-tocopherol (vitamine E)	MG		63001.0	Alpha-tocopherol (vitamine E)	Alpha-tocopherol	alpha-tocopherol	alpha-tocopherol	alpha-tocopherol	alpha tocopherol
96080	Alpha-tocophérol	MG		63001.0	Alpha-tocophérol	Alpha-tocophérol	alpha-tocophérol	alpha-tocophérol	alpha-tocophérol	alpha tocoph rol
96081	Alpha-tocotrienol	MG		63001.0	Alpha-tocotrienol	Alpha-tocotrienol	alpha-tocotrienol	alpha-tocotrienol	alpha-tocotrienol	alpha tocotrienol
96082	Aluminium	MG		63001.0	Aluminium	Aluminium	aluminium	aluminium	aluminium	aluminium
96083	Aminosyrer og Nitrogen	MG		63001.0	Aminosyrer og Nitrogen	Aminosyrer og Nitrogen	aminosyrer og nitrogen	aminosyrer og nitrogen	aminosyrer og nitrogen	aminosyrer og nitrogen
96084	AMMON	MG		63001.0	AMMON	AMMON	ammon	ammon	ammon	ammon
96085	AMYS	MG		63001.0	AMYS	AMYS	amys	amys	amys	amys
96086	Analytical/Biodiversity	MG		63001.0	Analytical/Biodiversity	Analytical / Biodiversity	analytical/biodiversity	analytical/biodiversity	analytical/biodiversity	analytical biodiversity
96087	Andre fedtsyrer	MG		63001.0	Andre fedtsyrer	Andre fedtsyrer	andre fedtsyrer	andre fedtsyrer	andre fedtsyrer	andre fedtsyrer
96088	ANTCYAN	MG		63001.0	ANTCYAN	ANTCYAN	antcyan	antcyan	antcyan	antcyan
96089	ANTCYANIN	MG		63001.0	ANTCYANIN	ANTCYANIN	antcyanin	antcyanin	antcyanin	antcyanin
96090	Anthocyanins	MG		63001.0	Anthocyanins	Anthocyanins	anthocyanins	anthocyanins	anthocyanins	anthocyanins
96091	ANTHX	MG		63001.0	ANTHX	ANTHX	anthx	anthx	anthx	anthx
96092	AOAC fibre	MG		63001.0	AOAC fibre	AOAC fibre	aoac fibre	aoac fibre	aoac fibre	aoac fibre
96093	ARAS	MG		63001.0	ARAS	ARAS	aras	aras	aras	aras
96094	Arctigenin	MG		63001.0	Arctigenin	Arctigenin	arctigenin	arctigenin	arctigenin	arctigenin
96095	ARG	MG		63001.0	ARG	ARG	arg	arg	arg	arg
96096	Arginin	MG		63001.0	Arginin	Arginin	arginin	arginin	arginin	arginin
96097	Arsen	MG		63001.0	Arsen	Arsen	arsen	arsen	arsen	arsen
96098	ASCDL	MG		63001.0	ASCDL	ASCDL	ascdl	ascdl	ascdl	ascdl
96099	ASCL	MG		63001.0	ASCL	ASCL	ascl	ascl	ascl	ascl
96100	Ascorbinsyre	MG		63001.0	Ascorbinsyre	Ascorbinsyre	ascorbinsyre	ascorbinsyre	ascorbinsyre	ascorbinsyre
96101	Aske	MG		63001.0	Aske	Aske	aske	aske	aske	aske
96102	ASN	MG		63001.0	ASN	ASN	asn	asn	asn	asn
96103	ASN_A_ASP	MG		63001.0	ASN_A_ASP	ASN_A_ASP	asn_a_asp	asn_a_asp	asn_a_asp	asn a asp
96104	ASP	MG		63001.0	ASP	ASP	asp	asp	asp	asp
96105	Asparaginsyre	MG		63001.0	Asparaginsyre	Asparaginsyre	asparaginsyre	asparaginsyre	asparaginsyre	asparaginsyre
96106	ATX	MG		63001.0	ATX	ATX	atx	atx	atx	atx
96107	AVED5	MG		63001.0	AVED5	AVED5	aved5	aved5	aved5	aved5
96108	B12-vitamin	MG		63001.0	B12-vitamin	B12-vitamin	b12-vitamin	b12-vitamin	b12-vitamin	b12 vitamin
96109	B6-vitamin	MG		63001.0	B6-vitamin	B6-vitamin	b6-vitamin	b6-vitamin	b6-vitamin	b6 vitamin
96110	BENAC	MG		63001.0	BENAC	BENAC	benac	benac	benac	benac
96111	Benzosyre	MG		63001.0	Benzosyre	Benzosyre	benzosyre	benzosyre	benzosyre	benzosyre
96112	beta-Caroten	MG		63001.0	beta-Caroten	beta-Caroten	beta-caroten	beta-caroten	beta-caroten	beta caroten
96113	Beta-carotene	MG		63001.0	Beta-carotene	Beta-carotene	beta-carotene	beta-carotene	beta-carotene	beta carotene
96114	Beta-cryptoxanthin	MG		63001.0	Beta-cryptoxanthin	Beta-cryptoxanthin	beta-cryptoxanthin	beta-cryptoxanthin	beta-cryptoxanthin	beta cryptoxanthin
96115	Beta-tocopherol	MG		63001.0	Beta-tocopherol	Beta-tocopherol	beta-tocopherol	beta-tocopherol	beta-tocopherol	beta tocopherol
96116	beta-Tokoferol	MG		63001.0	beta-Tokoferol	beta-Tokoferol	beta-tokoferol	beta-tokoferol	beta-tokoferol	beta tokoferol
96117	Bevat sporen van/Contains traces of	MG		63001.0	Bevat sporen van/Contains traces of	Bevat sporen van / Contains traces of	bevat sporen van/contains traces of	bevat sporen van/contains traces of	bevat sporen van/contains traces of	bevat sporen van contains traces of
96118	Bibliography	MG		63001.0	Bibliography	Bibliography	bibliography	bibliography	bibliography	bibliography
96119	Bioactive constituents	MG		63001.0	Bioactive constituents	Bioactive constituents	bioactive constituents	bioactive constituents	bioactive constituents	bioactive constituents
96120	Biogene aminer	MG		63001.0	Biogene aminer	Biogene aminer	biogene aminer	biogene aminer	biogene aminer	biogene aminer
96121	Biogenic amines	MG		63001.0	Biogenic amines	Biogenic amines	biogenic amines	biogenic amines	biogenic amines	biogenic amines
96122	BIOT	MG		63001.0	BIOT	BIOT	biot	biot	biot	biot
96123	Bly	MG		63001.0	Bly	Bly	bly	bly	bly	bly
96124	Bor	MG		63001.0	Bor	Bor	bor	bor	bor	bor
96125	Branched chain FA /100g FA	MG		63001.0	Branched chain FA /100g FA	Branched chain FA / 100g FA	branched chain fa/100g fa	branched chain fa/100g fa	branched chain fa/100g fa	branched chain fa 100g fa
96126	BRASTR	MG		63001.0	BRASTR	BRASTR	brastr	brastr	brastr	brastr
96127	BRD	MG		63001.0	BRD	BRD	brd	brd	brd	brd
96128	Breed	MG		63001.0	Breed	Breed	breed	breed	breed	breed
96129	Brom	MG		63001.0	Brom	Brom	brom	brom	brom	brom
96130	Bêta-carotène	MG		63001.0	Bêta-carotène	Bêta-carotène	bêta-carotène	bêta-carotène	bêta-carotène	b ta carot ne
96131	Bêta-cryptoxanthine	MG		63001.0	Bêta-cryptoxanthine	Bêta-cryptoxanthine	bêta-cryptoxanthine	bêta-cryptoxanthine	bêta-cryptoxanthine	b ta cryptoxanthine
96132	Bêta-tocophérol	MG		63001.0	Bêta-tocophérol	Bêta-tocophérol	bêta-tocophérol	bêta-tocophérol	bêta-tocophérol	b ta tocoph rol
96133	C-vitamin	MG		63001.0	C-vitamin	C-vitamin	c-vitamin	c-vitamin	c-vitamin	c vitamin
96134	C10:0	MG		63001.0	C10:0	C10:0	c10:0	c10:0	c10:0	c10 0
96135	C10:0 /100g FA	MG		63001.0	C10:0 /100g FA	C10:0 / 100g FA	c10:0/100g fa	c10:0/100g fa	c10:0/100g fa	c10 0 100g fa
96136	C10:1 /100g FA	MG		63001.0	C10:1 /100g FA	C10:1 / 100g FA	c10:1/100g fa	c10:1/100g fa	c10:1/100g fa	c10 1 100g fa
96137	C10:1 cis	MG		63001.0	C10:1 cis	C10:1 cis	c10:1 cis	c10:1 cis	c10:1 cis	c10 1 cis
96138	C10:1 trans	MG		63001.0	C10:1 trans	C10:1 trans	c10:1 trans	c10:1 trans	c10:1 trans	c10 1 trans
96139	C11:0	MG		63001.0	C11:0	C11:0	c11:0	c11:0	c11:0	c11 0
96140	C11:0 ex Br /100g FA	MG		63001.0	C11:0 ex Br /100g FA	C11:0 ex Br / 100g FA	c11:0 ex br/100g fa	c11:0 ex br/100g fa	c11:0 ex br/100g fa	c11 0 ex br 100g fa
96141	C12:0	MG		63001.0	C12:0	C12:0	c12:0	c12:0	c12:0	c12 0
96142	C12:0 /100g FA	MG		63001.0	C12:0 /100g FA	C12:0 / 100g FA	c12:0/100g fa	c12:0/100g fa	c12:0/100g fa	c12 0 100g fa
96143	C12:0 ex Br /100g FA	MG		63001.0	C12:0 ex Br /100g FA	C12:0 ex Br / 100g FA	c12:0 ex br/100g fa	c12:0 ex br/100g fa	c12:0 ex br/100g fa	c12 0 ex br 100g fa
96144	C12:1 /100g FA	MG		63001.0	C12:1 /100g FA	C12:1 / 100g FA	c12:1/100g fa	c12:1/100g fa	c12:1/100g fa	c12 1 100g fa
96145	C12:1 cis	MG		63001.0	C12:1 cis	C12:1 cis	c12:1 cis	c12:1 cis	c12:1 cis	c12 1 cis
96146	C12:1 trans	MG		63001.0	C12:1 trans	C12:1 trans	c12:1 trans	c12:1 trans	c12:1 trans	c12 1 trans
96147	C12:1,n-1	MG		63001.0	C12:1,n-1	C12:1, n-1	c12:1, n-1	c12:1 n-1	c12:1, n-1	c12 1 n 1
96148	C13:0	MG		63001.0	C13:0	C13:0	c13:0	c13:0	c13:0	c13 0
96149	C13:0 /100g FA	MG		63001.0	C13:0 /100g FA	C13:0 / 100g FA	c13:0/100g fa	c13:0/100g fa	c13:0/100g fa	c13 0 100g fa
96150	C13:0 ex Br /100g FA	MG		63001.0	C13:0 ex Br /100g FA	C13:0 ex Br / 100g FA	c13:0 ex br/100g fa	c13:0 ex br/100g fa	c13:0 ex br/100g fa	c13 0 ex br 100g fa
96151	C14:0	MG		63001.0	C14:0	C14:0	c14:0	c14:0	c14:0	c14 0
96152	C14:0 /100g FA	MG		63001.0	C14:0 /100g FA	C14:0 / 100g FA	c14:0/100g fa	c14:0/100g fa	c14:0/100g fa	c14 0 100g fa
96153	C14:0 ex Br /100g FA	MG		63001.0	C14:0 ex Br /100g FA	C14:0 ex Br / 100g FA	c14:0 ex br/100g fa	c14:0 ex br/100g fa	c14:0 ex br/100g fa	c14 0 ex br 100g fa
96154	C14:1 /100g FA	MG		63001.0	C14:1 /100g FA	C14:1 / 100g FA	c14:1/100g fa	c14:1/100g fa	c14:1/100g fa	c14 1 100g fa
96155	C14:1 cis	MG		63001.0	C14:1 cis	C14:1 cis	c14:1 cis	c14:1 cis	c14:1 cis	c14 1 cis
96156	C14:1 trans	MG		63001.0	C14:1 trans	C14:1 trans	c14:1 trans	c14:1 trans	c14:1 trans	c14 1 trans
96157	C14:1,n-5	MG		63001.0	C14:1,n-5	C14:1, n-5	c14:1, n-5	c14:1 n-5	c14:1, n-5	c14 1 n 5
96158	C14:1,n-5,trans	MG		63001.0	C14:1,n-5,trans	C14:1, n-5, trans	c14:1, n-5, trans	c14:1 n-5 trans	c14:1, n-5, trans	c14 1 n 5 trans
96159	C15:0	MG		63001.0	C15:0	C15:0	c15:0	c15:0	c15:0	c15 0
96160	C15:0 /100g FA	MG		63001.0	C15:0 /100g FA	C15:0 / 100g FA	c15:0/100g fa	c15:0/100g fa	c15:0/100g fa	c15 0 100g fa
96161	C15:0 ex Br /100g FA	MG		63001.0	C15:0 ex Br /100g FA	C15:0 ex Br / 100g FA	c15:0 ex br/100g fa	c15:0 ex br/100g fa	c15:0 ex br/100g fa	c15 0 ex br 100g fa
96162	C15:1 /100g FA	MG		63001.0	C15:1 /100g FA	C15:1 / 100g FA	c15:1/100g fa	c15:1/100g fa	c15:1/100g fa	c15 1 100g fa
96163	C15:1,n-5	MG		63001.0	C15:1,n-5	C15:1, n-5	c15:1, n-5	c15:1 n-5	c15:1, n-5	c15 1 n 5
96164	C16:0	MG		63001.0	C16:0	C16:0	c16:0	c16:0	c16:0	c16 0
96165	C16:0 /100g FA	MG		63001.0	C16:0 /100g FA	C16:0 / 100g FA	c16:0/100g fa	c16:0/100g fa	c16:0/100g fa	c16 0 100g fa
96166	C16:0 ex Br /100g FA	MG		63001.0	C16:0 ex Br /100g FA	C16:0 ex Br / 100g FA	c16:0 ex br/100g fa	c16:0 ex br/100g fa	c16:0 ex br/100g fa	c16 0 ex br 100g fa
96167	C16:1 /100g FA	MG		63001.0	C16:1 /100g FA	C16:1 / 100g FA	c16:1/100g fa	c16:1/100g fa	c16:1/100g fa	c16 1 100g fa
96168	C16:1 cis	MG		63001.0	C16:1 cis	C16:1 cis	c16:1 cis	c16:1 cis	c16:1 cis	c16 1 cis
96169	C16:1 trans	MG		63001.0	C16:1 trans	C16:1 trans	c16:1 trans	c16:1 trans	c16:1 trans	c16 1 trans
96170	C16:1,n-7	MG		63001.0	C16:1,n-7	C16:1, n-7	c16:1, n-7	c16:1 n-7	c16:1, n-7	c16 1 n 7
96171	C16:1,n-7,trans	MG		63001.0	C16:1,n-7,trans	C16:1, n-7, trans	c16:1, n-7, trans	c16:1 n-7 trans	c16:1, n-7, trans	c16 1 n 7 trans
96172	C16:2 /100g FA	MG		63001.0	C16:2 /100g FA	C16:2 / 100g FA	c16:2/100g fa	c16:2/100g fa	c16:2/100g fa	c16 2 100g fa
96173	C16:4 /100g FA	MG		63001.0	C16:4 /100g FA	C16:4 / 100g FA	c16:4/100g fa	c16:4/100g fa	c16:4/100g fa	c16 4 100g fa
96174	C17:0	MG		63001.0	C17:0	C17:0	c17:0	c17:0	c17:0	c17 0
96175	C17:0 /100g FA	MG		63001.0	C17:0 /100g FA	C17:0 / 100g FA	c17:0/100g fa	c17:0/100g fa	c17:0/100g fa	c17 0 100g fa
96176	C17:0 ex Br /100g FA	MG		63001.0	C17:0 ex Br /100g FA	C17:0 ex Br / 100g FA	c17:0 ex br/100g fa	c17:0 ex br/100g fa	c17:0 ex br/100g fa	c17 0 ex br 100g fa
96177	C17:1 /100g FA	MG		63001.0	C17:1 /100g FA	C17:1 / 100g FA	c17:1/100g fa	c17:1/100g fa	c17:1/100g fa	c17 1 100g fa
96178	C17:1,n-7	MG		63001.0	C17:1,n-7	C17:1, n-7	c17:1, n-7	c17:1 n-7	c17:1, n-7	c17 1 n 7
96179	C18:0	MG		63001.0	C18:0	C18:0	c18:0	c18:0	c18:0	c18 0
96180	C18:0 /100g FA	MG		63001.0	C18:0 /100g FA	C18:0 / 100g FA	c18:0/100g fa	c18:0/100g fa	c18:0/100g fa	c18 0 100g fa
96181	C18:0 ex Br /100g FA	MG		63001.0	C18:0 ex Br /100g FA	C18:0 ex Br / 100g FA	c18:0 ex br/100g fa	c18:0 ex br/100g fa	c18:0 ex br/100g fa	c18 0 ex br 100g fa
96182	C18:1 /100g FA	MG		63001.0	C18:1 /100g FA	C18:1 / 100g FA	c18:1/100g fa	c18:1/100g fa	c18:1/100g fa	c18 1 100g fa
96183	C18:1 cis	MG		63001.0	C18:1 cis	C18:1 cis	c18:1 cis	c18:1 cis	c18:1 cis	c18 1 cis
96184	C18:1,n-12	MG		63001.0	C18:1,n-12	C18:1, n-12	c18:1, n-12	c18:1 n-12	c18:1, n-12	c18 1 n 12
96185	C18:1,n-7	MG		63001.0	C18:1,n-7	C18:1, n-7	c18:1, n-7	c18:1 n-7	c18:1, n-7	c18 1 n 7
96186	C18:1,n-9	MG		63001.0	C18:1,n-9	C18:1, n-9	c18:1, n-9	c18:1 n-9	c18:1, n-9	c18 1 n 9
96187	C18:1,trans	MG		63001.0	C18:1,trans	C18:1, trans	c18:1, trans	c18:1 trans	c18:1, trans	c18 1 trans
96188	C18:2 /100g FA	MG		63001.0	C18:2 /100g FA	C18:2 / 100g FA	c18:2/100g fa	c18:2/100g fa	c18:2/100g fa	c18 2 100g fa
96189	C18:2 cis trans	MG		63001.0	C18:2 cis trans	C18:2 cis trans	c18:2 cis trans	c18:2 cis trans	c18:2 cis trans	c18 2 cis trans
96190	C18:2 n-6 trans	MG		63001.0	C18:2 n-6 trans	C18:2 n-6 trans	c18:2 n-6 trans	c18:2 n-6 trans	c18:2 n-6 trans	c18 2 n 6 trans
96191	C18:2 n-9 cis	MG		63001.0	C18:2 n-9 cis	C18:2 n-9 cis	c18:2 n-9 cis	c18:2 n-9 cis	c18:2 n-9 cis	c18 2 n 9 cis
96192	C18:2 remainder	MG		63001.0	C18:2 remainder	C18:2 remainder	c18:2 remainder	c18:2 remainder	c18:2 remainder	c18 2 remainder
96193	C18:2 trans cis	MG		63001.0	C18:2 trans cis	C18:2 trans cis	c18:2 trans cis	c18:2 trans cis	c18:2 trans cis	c18 2 trans cis
96194	C18:2,conjugated	MG		63001.0	C18:2,conjugated	C18:2, conjugated	c18:2, conjugated	c18:2 conjugated	c18:2, conjugated	c18 2 conjugated
96195	C18:2,konjugeret	MG		63001.0	C18:2,konjugeret	C18:2, konjugeret	c18:2, konjugeret	c18:2 konjugeret	c18:2, konjugeret	c18 2 konjugeret
96196	C18:2,n-6	MG		63001.0	C18:2,n-6	C18:2, n-6	c18:2, n-6	c18:2 n-6	c18:2, n-6	c18 2 n 6
96197	C18:2,trans	MG		63001.0	C18:2,trans	C18:2, trans	c18:2, trans	c18:2 trans	c18:2, trans	c18 2 trans
96198	C18:3 /100g FA	MG		63001.0	C18:3 /100g FA	C18:3 / 100g FA	c18:3/100g fa	c18:3/100g fa	c18:3/100g fa	c18 3 100g fa
96199	C18:3 n-3 cis (ALA)	MG		63001.0	C18:3 n-3 cis (ALA)	C18:3 n-3 cis	c18:3 n-3 cis	c18:3 n-3 cis	c18:3 n-3 cis	c18 3 n 3 cis
96200	C18:3 n-3 trans	MG		63001.0	C18:3 n-3 trans	C18:3 n-3 trans	c18:3 n-3 trans	c18:3 n-3 trans	c18:3 n-3 trans	c18 3 n 3 trans
96201	C18:3 n-6 cis	MG		63001.0	C18:3 n-6 cis	C18:3 n-6 cis	c18:3 n-6 cis	c18:3 n-6 cis	c18:3 n-6 cis	c18 3 n 6 cis
96202	C18:3,n-3	MG		63001.0	C18:3,n-3	C18:3, n-3	c18:3, n-3	c18:3 n-3	c18:3, n-3	c18 3 n 3
96203	C18:3,n-6	MG		63001.0	C18:3,n-6	C18:3, n-6	c18:3, n-6	c18:3 n-6	c18:3, n-6	c18 3 n 6
96204	C18:3,trans	MG		63001.0	C18:3,trans	C18:3, trans	c18:3, trans	c18:3 trans	c18:3, trans	c18 3 trans
96205	C18:4 /100g FA	MG		63001.0	C18:4 /100g FA	C18:4 / 100g FA	c18:4/100g fa	c18:4/100g fa	c18:4/100g fa	c18 4 100g fa
96206	C18:4 n-3 cis	MG		63001.0	C18:4 n-3 cis	C18:4 n-3 cis	c18:4 n-3 cis	c18:4 n-3 cis	c18:4 n-3 cis	c18 4 n 3 cis
96207	C18:4,n-3	MG		63001.0	C18:4,n-3	C18:4, n-3	c18:4, n-3	c18:4 n-3	c18:4, n-3	c18 4 n 3
96208	C19:0	MG		63001.0	C19:0	C19:0	c19:0	c19:0	c19:0	c19 0
96209	C19:0 /100g FA	MG		63001.0	C19:0 /100g FA	C19:0 / 100g FA	c19:0/100g fa	c19:0/100g fa	c19:0/100g fa	c19 0 100g fa
96210	C20:0	MG		63001.0	C20:0	C20:0	c20:0	c20:0	c20:0	c20 0
96211	C20:0 /100g FA	MG		63001.0	C20:0 /100g FA	C20:0 / 100g FA	c20:0/100g fa	c20:0/100g fa	c20:0/100g fa	c20 0 100g fa
96212	C20:0 ex Br /100g FA	MG		63001.0	C20:0 ex Br /100g FA	C20:0 ex Br / 100g FA	c20:0 ex br/100g fa	c20:0 ex br/100g fa	c20:0 ex br/100g fa	c20 0 ex br 100g fa
96213	C20:1 /100g FA	MG		63001.0	C20:1 /100g FA	C20:1 / 100g FA	c20:1/100g fa	c20:1/100g fa	c20:1/100g fa	c20 1 100g fa
96214	C20:1 cis	MG		63001.0	C20:1 cis	C20:1 cis	c20:1 cis	c20:1 cis	c20:1 cis	c20 1 cis
96215	C20:1 trans	MG		63001.0	C20:1 trans	C20:1 trans	c20:1 trans	c20:1 trans	c20:1 trans	c20 1 trans
96216	C20:1,n-11	MG		63001.0	C20:1,n-11	C20:1, n-11	c20:1, n-11	c20:1 n-11	c20:1, n-11	c20 1 n 11
96217	C20:1,n-15	MG		63001.0	C20:1,n-15	C20:1, n-15	c20:1, n-15	c20:1 n-15	c20:1, n-15	c20 1 n 15
96218	C20:1,n-9	MG		63001.0	C20:1,n-9	C20:1, n-9	c20:1, n-9	c20:1 n-9	c20:1, n-9	c20 1 n 9
96219	C20:1,trans	MG		63001.0	C20:1,trans	C20:1, trans	c20:1, trans	c20:1 trans	c20:1, trans	c20 1 trans
96220	C20:2 /100g FA	MG		63001.0	C20:2 /100g FA	C20:2 / 100g FA	c20:2/100g fa	c20:2/100g fa	c20:2/100g fa	c20 2 100g fa
96221	C20:2 n-6 cis	MG		63001.0	C20:2 n-6 cis	C20:2 n-6 cis	c20:2 n-6 cis	c20:2 n-6 cis	c20:2 n-6 cis	c20 2 n 6 cis
96222	C20:2 n-6 trans	MG		63001.0	C20:2 n-6 trans	C20:2 n-6 trans	c20:2 n-6 trans	c20:2 n-6 trans	c20:2 n-6 trans	c20 2 n 6 trans
96223	C20:2,n-6	MG		63001.0	C20:2,n-6	C20:2, n-6	c20:2, n-6	c20:2 n-6	c20:2, n-6	c20 2 n 6
96224	C20:3 /100g FA	MG		63001.0	C20:3 /100g FA	C20:3 / 100g FA	c20:3/100g fa	c20:3/100g fa	c20:3/100g fa	c20 3 100g fa
96225	C20:3 n-3 cis	MG		63001.0	C20:3 n-3 cis	C20:3 n-3 cis	c20:3 n-3 cis	c20:3 n-3 cis	c20:3 n-3 cis	c20 3 n 3 cis
96226	C20:3 n-6 cis	MG		63001.0	C20:3 n-6 cis	C20:3 n-6 cis	c20:3 n-6 cis	c20:3 n-6 cis	c20:3 n-6 cis	c20 3 n 6 cis
96227	C20:3 n-9 cis	MG		63001.0	C20:3 n-9 cis	C20:3 n-9 cis	c20:3 n-9 cis	c20:3 n-9 cis	c20:3 n-9 cis	c20 3 n 9 cis
96228	C20:3,n-3	MG		63001.0	C20:3,n-3	C20:3, n-3	c20:3, n-3	c20:3 n-3	c20:3, n-3	c20 3 n 3
96229	C20:3,n-6	MG		63001.0	C20:3,n-6	C20:3, n-6	c20:3, n-6	c20:3 n-6	c20:3, n-6	c20 3 n 6
96230	C20:4 /100g FA	MG		63001.0	C20:4 /100g FA	C20:4 / 100g FA	c20:4/100g fa	c20:4/100g fa	c20:4/100g fa	c20 4 100g fa
96231	C20:4 n-3 cis	MG		63001.0	C20:4 n-3 cis	C20:4 n-3 cis	c20:4 n-3 cis	c20:4 n-3 cis	c20:4 n-3 cis	c20 4 n 3 cis
96232	C20:4 n-6 cis	MG		63001.0	C20:4 n-6 cis	C20:4 n-6 cis	c20:4 n-6 cis	c20:4 n-6 cis	c20:4 n-6 cis	c20 4 n 6 cis
96233	C20:4,n-3	MG		63001.0	C20:4,n-3	C20:4, n-3	c20:4, n-3	c20:4 n-3	c20:4, n-3	c20 4 n 3
96234	C20:4,n-6	MG		63001.0	C20:4,n-6	C20:4, n-6	c20:4, n-6	c20:4 n-6	c20:4, n-6	c20 4 n 6
96235	C20:5 /100g FA	MG		63001.0	C20:5 /100g FA	C20:5 / 100g FA	c20:5/100g fa	c20:5/100g fa	c20:5/100g fa	c20 5 100g fa
96236	C20:5 n-3 cis (EPA)	MG		63001.0	C20:5 n-3 cis (EPA)	C20:5 n-3 cis	c20:5 n-3 cis	c20:5 n-3 cis	c20:5 n-3 cis	c20 5 n 3 cis
96237	C20:5,n-3	MG		63001.0	C20:5,n-3	C20:5, n-3	c20:5, n-3	c20:5 n-3	c20:5, n-3	c20 5 n 3
96238	C21:0	MG		63001.0	C21:0	C21:0	c21:0	c21:0	c21:0	c21 0
96239	C21:5 /100g FA	MG		63001.0	C21:5 /100g FA	C21:5 / 100g FA	c21:5/100g fa	c21:5/100g fa	c21:5/100g fa	c21 5 100g fa
96240	C21:5 n-3 all-cis	MG		63001.0	C21:5 n-3 all-cis	C21:5 n-3 all-cis	c21:5 n-3 all-cis	c21:5 n-3 all-cis	c21:5 n-3 all-cis	c21 5 n 3 all cis
96241	C21:5,n-3	MG		63001.0	C21:5,n-3	C21:5, n-3	c21:5, n-3	c21:5 n-3	c21:5, n-3	c21 5 n 3
96242	C22:0	MG		63001.0	C22:0	C22:0	c22:0	c22:0	c22:0	c22 0
96243	C22:0 /100g FA	MG		63001.0	C22:0 /100g FA	C22:0 / 100g FA	c22:0/100g fa	c22:0/100g fa	c22:0/100g fa	c22 0 100g fa
96244	C22:0 ex Br /100g FA	MG		63001.0	C22:0 ex Br /100g FA	C22:0 ex Br / 100g FA	c22:0 ex br/100g fa	c22:0 ex br/100g fa	c22:0 ex br/100g fa	c22 0 ex br 100g fa
96245	C22:1 /100g FA	MG		63001.0	C22:1 /100g FA	C22:1 / 100g FA	c22:1/100g fa	c22:1/100g fa	c22:1/100g fa	c22 1 100g fa
96246	C22:1 cis	MG		63001.0	C22:1 cis	C22:1 cis	c22:1 cis	c22:1 cis	c22:1 cis	c22 1 cis
96247	C22:1 trans	MG		63001.0	C22:1 trans	C22:1 trans	c22:1 trans	c22:1 trans	c22:1 trans	c22 1 trans
96248	C22:1,n-11	MG		63001.0	C22:1,n-11	C22:1, n-11	c22:1, n-11	c22:1 n-11	c22:1, n-11	c22 1 n 11
96249	C22:1,n-9	MG		63001.0	C22:1,n-9	C22:1, n-9	c22:1, n-9	c22:1 n-9	c22:1, n-9	c22 1 n 9
96250	C22:1,trans	MG		63001.0	C22:1,trans	C22:1, trans	c22:1, trans	c22:1 trans	c22:1, trans	c22 1 trans
96251	C22:2 /100g FA	MG		63001.0	C22:2 /100g FA	C22:2 / 100g FA	c22:2/100g fa	c22:2/100g fa	c22:2/100g fa	c22 2 100g fa
96252	C22:2 n-3 cis	MG		63001.0	C22:2 n-3 cis	C22:2 n-3 cis	c22:2 n-3 cis	c22:2 n-3 cis	c22:2 n-3 cis	c22 2 n 3 cis
96253	C22:2 n-6 cis	MG		63001.0	C22:2 n-6 cis	C22:2 n-6 cis	c22:2 n-6 cis	c22:2 n-6 cis	c22:2 n-6 cis	c22 2 n 6 cis
96254	C22:2,n-6	MG		63001.0	C22:2,n-6	C22:2, n-6	c22:2, n-6	c22:2 n-6	c22:2, n-6	c22 2 n 6
96255	C22:3 n-3 cis	MG		63001.0	C22:3 n-3 cis	C22:3 n-3 cis	c22:3 n-3 cis	c22:3 n-3 cis	c22:3 n-3 cis	c22 3 n 3 cis
96256	C22:3,n-3	MG		63001.0	C22:3,n-3	C22:3, n-3	c22:3, n-3	c22:3 n-3	c22:3, n-3	c22 3 n 3
96257	C22:4 /100g FA	MG		63001.0	C22:4 /100g FA	C22:4 / 100g FA	c22:4/100g fa	c22:4/100g fa	c22:4/100g fa	c22 4 100g fa
96258	C22:4 n-6 cis	MG		63001.0	C22:4 n-6 cis	C22:4 n-6 cis	c22:4 n-6 cis	c22:4 n-6 cis	c22:4 n-6 cis	c22 4 n 6 cis
96259	C22:4,n-6	MG		63001.0	C22:4,n-6	C22:4, n-6	c22:4, n-6	c22:4 n-6	c22:4, n-6	c22 4 n 6
96260	C22:5 /100g FA	MG		63001.0	C22:5 /100g FA	C22:5 / 100g FA	c22:5/100g fa	c22:5/100g fa	c22:5/100g fa	c22 5 100g fa
96261	C22:5 n-3 cis (DPA)	MG		63001.0	C22:5 n-3 cis (DPA)	C22:5 n-3 cis	c22:5 n-3 cis	c22:5 n-3 cis	c22:5 n-3 cis	c22 5 n 3 cis
96262	C22:5 n-6 cis	MG		63001.0	C22:5 n-6 cis	C22:5 n-6 cis	c22:5 n-6 cis	c22:5 n-6 cis	c22:5 n-6 cis	c22 5 n 6 cis
96263	C22:5,n-3	MG		63001.0	C22:5,n-3	C22:5, n-3	c22:5, n-3	c22:5 n-3	c22:5, n-3	c22 5 n 3
96264	C22:5,n-6	MG		63001.0	C22:5,n-6	C22:5, n-6	c22:5, n-6	c22:5 n-6	c22:5, n-6	c22 5 n 6
96265	C22:6 /100g FA	MG		63001.0	C22:6 /100g FA	C22:6 / 100g FA	c22:6/100g fa	c22:6/100g fa	c22:6/100g fa	c22 6 100g fa
96266	C22:6 n-3 cis (DHA)	MG		63001.0	C22:6 n-3 cis (DHA)	C22:6 n-3 cis	c22:6 n-3 cis	c22:6 n-3 cis	c22:6 n-3 cis	c22 6 n 3 cis
96267	C22:6,n-3	MG		63001.0	C22:6,n-3	C22:6, n-3	c22:6, n-3	c22:6 n-3	c22:6, n-3	c22 6 n 3
96268	C23:0	MG		63001.0	C23:0	C23:0	c23:0	c23:0	c23:0	c23 0
96269	C24:0	MG		63001.0	C24:0	C24:0	c24:0	c24:0	c24:0	c24 0
96270	C24:0 /100g FA	MG		63001.0	C24:0 /100g FA	C24:0 / 100g FA	c24:0/100g fa	c24:0/100g fa	c24:0/100g fa	c24 0 100g fa
96271	C24:0 ex Br /100g FA	MG		63001.0	C24:0 ex Br /100g FA	C24:0 ex Br / 100g FA	c24:0 ex br/100g fa	c24:0 ex br/100g fa	c24:0 ex br/100g fa	c24 0 ex br 100g fa
96272	C24:1 /100g FA	MG		63001.0	C24:1 /100g FA	C24:1 / 100g FA	c24:1/100g fa	c24:1/100g fa	c24:1/100g fa	c24 1 100g fa
96273	C24:1 cis	MG		63001.0	C24:1 cis	C24:1 cis	c24:1 cis	c24:1 cis	c24:1 cis	c24 1 cis
96274	C24:1 trans	MG		63001.0	C24:1 trans	C24:1 trans	c24:1 trans	c24:1 trans	c24:1 trans	c24 1 trans
96275	C24:1,n-9	MG		63001.0	C24:1,n-9	C24:1, n-9	c24:1, n-9	c24:1 n-9	c24:1, n-9	c24 1 n 9
96276	C24:2 n-6 ciscis	MG		63001.0	C24:2 n-6 ciscis	C24:2 n-6 ciscis	c24:2 n-6 ciscis	c24:2 n-6 ciscis	c24:2 n-6 ciscis	c24 2 n 6 ciscis
96277	C25:0	MG		63001.0	C25:0	C25:0	c25:0	c25:0	c25:0	c25 0
96278	C25:0 ex Br /100g FA	MG		63001.0	C25:0 ex Br /100g FA	C25:0 ex Br / 100g FA	c25:0 ex br/100g fa	c25:0 ex br/100g fa	c25:0 ex br/100g fa	c25 0 ex br 100g fa
96279	C26:0	MG		63001.0	C26:0	C26:0	c26:0	c26:0	c26:0	c26 0
96280	C4:0	MG		63001.0	C4:0	C4:0	c4:0	c4:0	c4:0	c4 0
96281	C4:0 /100g FA	MG		63001.0	C4:0 /100g FA	C4:0 / 100g FA	c4:0/100g fa	c4:0/100g fa	c4:0/100g fa	c4 0 100g fa
96282	C6:0	MG		63001.0	C6:0	C6:0	c6:0	c6:0	c6:0	c6 0
96283	C6:0 /100g FA	MG		63001.0	C6:0 /100g FA	C6:0 / 100g FA	c6:0/100g fa	c6:0/100g fa	c6:0/100g fa	c6 0 100g fa
96284	C8:0	MG		63001.0	C8:0	C8:0	c8:0	c8:0	c8:0	c8 0
96285	C8:0 /100g FA	MG		63001.0	C8:0 /100g FA	C8:0 / 100g FA	c8:0/100g fa	c8:0/100g fa	c8:0/100g fa	c8 0 100g fa
96286	Cadaverin	MG		63001.0	Cadaverin	Cadaverin	cadaverin	cadaverin	cadaverin	cadaverin
96287	Cadaverine	MG		63001.0	Cadaverine	Cadaverine	cadaverine	cadaverine	cadaverine	cadaverine
96288	CADAVT	MG		63001.0	CADAVT	CADAVT	cadavt	cadavt	cadavt	cadavt
96289	CAFFAC	MG		63001.0	CAFFAC	CAFFAC	caffac	caffac	caffac	caffac
96290	CAFFAC.1	MG		63001.0	CAFFAC.1	CAFFAC.1	caffac.1	caffac.1	caffac.1	caffac 1
96291	CAFFN	MG		63001.0	CAFFN	CAFFN	caffn	caffn	caffn	caffn
96292	CAMT	MG		63001.0	CAMT	CAMT	camt	camt	camt	camt
96293	CAROT	MG		63001.0	CAROT	CAROT	carot	carot	carot	carot
96294	CARTA	MG		63001.0	CARTA	CARTA	carta	carta	carta	carta
96295	CARTB	MG		63001.0	CARTB	CARTB	cartb	cartb	cartb	cartb
96296	CARTBCIS	MG		63001.0	CARTBCIS	CARTBCIS	cartbcis	cartbcis	cartbcis	cartbcis
96297	CARTBEQ	MG		63001.0	CARTBEQ	CARTBEQ	cartbeq	cartbeq	cartbeq	cartbeq
96298	CARTBTOT	MG		63001.0	CARTBTOT	CARTBTOT	cartbtot	cartbtot	cartbtot	cartbtot
96299	CARTBTRANS	MG		63001.0	CARTBTRANS	CARTBTRANS	cartbtrans	cartbtrans	cartbtrans	cartbtrans
96300	CARTG	MG		63001.0	CARTG	CARTG	cartg	cartg	cartg	cartg
96301	CAS_Nr	MG		63001.0	CAS_Nr	CAS_Nr	cas_nr	cas_nr	cas_nr	cas nr
96302	CASN	MG		63001.0	CASN	CASN	casn	casn	casn	casn
96303	CATEC	MG		63001.0	CATEC	CATEC	catec	catec	catec	catec
96304	Catechol	MG		63001.0	Catechol	Catechol	catechol	catechol	catechol	catechol
96305	CATECT	MG		63001.0	CATECT	CATECT	catect	catect	catect	catect
96306	CELLU	MG		63001.0	CELLU	CELLU	cellu	cellu	cellu	cellu
96307	Chalcones	MG		63001.0	Chalcones	Chalcones	chalcones	chalcones	chalcones	chalcones
96308	ChEBI	MG		63001.0	ChEBI	ChEBI	chebi	chebi	chebi	chebi
96309	ChEMBL	MG		63001.0	ChEMBL	ChEMBL	chembl	chembl	chembl	chembl
96310	CHITIN	MG		63001.0	CHITIN	CHITIN	chitin	chitin	chitin	chitin
96311	CHLNP	MG		63001.0	CHLNP	CHLNP	chlnp	chlnp	chlnp	chlnp
96312	CHLRAC	MG		63001.0	CHLRAC	CHLRAC	chlrac	chlrac	chlrac	chlrac
96313	CHO	MG		63001.0	CHO	CHO	cho	cho	cho	cho
96314	CHO-	MG		63001.0	CHO-	CHO-	cho-	cho-	cho-	cho
96315	CHOAVL	MG		63001.0	CHOAVL	CHOAVL	choavl	choavl	choavl	choavl
96316	CHOAVL-	MG		63001.0	CHOAVL-	CHOAVL-	choavl-	choavl-	choavl-	choavl
96317	CHOAVLDF	MG		63001.0	CHOAVLDF	CHOAVLDF	choavldf	choavldf	choavldf	choavldf
96318	CHOAVLM	MG		63001.0	CHOAVLM	CHOAVLM	choavlm	choavlm	choavlm	choavlm
96319	CHOAVLO	MG		63001.0	CHOAVLO	CHOAVLO	choavlo	choavlo	choavlo	choavlo
96320	CHOCAL	MG		63001.0	CHOCAL	CHOCAL	chocal	chocal	chocal	chocal
96321	CHOCAL(IU)	MG		63001.0	CHOCAL(IU)	CHOCAL	chocal	chocal	chocal	chocal
96322	CHOCALOH	MG		63001.0	CHOCALOH	CHOCALOH	chocaloh	chocaloh	chocaloh	chocaloh
96323	CHOCDF	MG		63001.0	CHOCDF	CHOCDF	chocdf	chocdf	chocdf	chocdf
96324	CHOL-	MG		63001.0	CHOL-	CHOL-	chol-	chol-	chol-	chol
96325	CHOLE	MG		63001.0	CHOLE	CHOLE	chole	chole	chole	chole
96326	Cholecalciferol	MG		63001.0	Cholecalciferol	Cholecalciferol	cholecalciferol	cholecalciferol	cholecalciferol	cholecalciferol
96327	Cholecalciferol (Vit D3)	MG		63001.0	Cholecalciferol (Vit D3)	Cholecalciferol (Vit D3)	cholecalciferol (vit d3)	cholecalciferol (vit d3)	cholecalciferol	cholecalciferol vit d3
96328	CHOLEST	MG		63001.0	CHOLEST	CHOLEST	cholest	cholest	cholest	cholest
96329	Cholestérol	MG		63001.0	Cholestérol	Cholestérol	cholestérol	cholestérol	cholestérol	cholest rol
96330	Cholin	MG		63001.0	Cholin	Cholin	cholin	cholin	cholin	cholin
96331	Choline and derivatives	MG		63001.0	Choline and derivatives	Choline and derivatives	choline and derivatives	choline and derivatives	choline and derivatives	choline and derivatives
96332	CHOLN	MG		63001.0	CHOLN	CHOLN	choln	choln	choln	choln
96333	CHORL	MG		63001.0	CHORL	CHORL	chorl	chorl	chorl	chorl
96334	CHOT	MG		63001.0	CHOT	CHOT	chot	chot	chot	chot
96335	CINAC	MG		63001.0	CINAC	CINAC	cinac	cinac	cinac	cinac
96336	Cinnamtannin A2	MG		63001.0	Cinnamtannin A2	Cinnamtannin A2	cinnamtannin a2	cinnamtannin a2	cinnamtannin a2	cinnamtannin a2
96337	cis C10:1 /100g FA	MG		63001.0	cis C10:1 /100g FA	cis C10:1 / 100g FA	cis c10:1/100g fa	cis c10:1/100g fa	cis c10:1/100g fa	cis c10 1 100g fa
96338	cis C12:1 /100g FA	MG		63001.0	cis C12:1 /100g FA	cis C12:1 / 100g FA	cis c12:1/100g fa	cis c12:1/100g fa	cis c12:1/100g fa	cis c12 1 100g fa
96339	cis C14:1 /100g FA	MG		63001.0	cis C14:1 /100g FA	cis C14:1 / 100g FA	cis c14:1/100g fa	cis c14:1/100g fa	cis c14:1/100g fa	cis c14 1 100g fa
96340	cis C15:1 /100g FA	MG		63001.0	cis C15:1 /100g FA	cis C15:1 / 100g FA	cis c15:1/100g fa	cis c15:1/100g fa	cis c15:1/100g fa	cis c15 1 100g fa
96341	cis C16:1 /100g FA	MG		63001.0	cis C16:1 /100g FA	cis C16:1 / 100g FA	cis c16:1/100g fa	cis c16:1/100g fa	cis c16:1/100g fa	cis c16 1 100g fa
96342	cis C16:2 /100g FA	MG		63001.0	cis C16:2 /100g FA	cis C16:2 / 100g FA	cis c16:2/100g fa	cis c16:2/100g fa	cis c16:2/100g fa	cis c16 2 100g fa
96343	cis C16:3 /100g FA	MG		63001.0	cis C16:3 /100g FA	cis C16:3 / 100g FA	cis c16:3/100g fa	cis c16:3/100g fa	cis c16:3/100g fa	cis c16 3 100g fa
96344	cis C16:4 /100g FA	MG		63001.0	cis C16:4 /100g FA	cis C16:4 / 100g FA	cis c16:4/100g fa	cis c16:4/100g fa	cis c16:4/100g fa	cis c16 4 100g fa
96345	cis C17:1 /100g FA	MG		63001.0	cis C17:1 /100g FA	cis C17:1 / 100g FA	cis c17:1/100g fa	cis c17:1/100g fa	cis c17:1/100g fa	cis c17 1 100g fa
96346	cis C18:1 /100g FA	MG		63001.0	cis C18:1 /100g FA	cis C18:1 / 100g FA	cis c18:1/100g fa	cis c18:1/100g fa	cis c18:1/100g fa	cis c18 1 100g fa
96347	cis C20:1 /100g FA	MG		63001.0	cis C20:1 /100g FA	cis C20:1 / 100g FA	cis c20:1/100g fa	cis c20:1/100g fa	cis c20:1/100g fa	cis c20 1 100g fa
96348	cis C22:1 /100g FA	MG		63001.0	cis C22:1 /100g FA	cis C22:1 / 100g FA	cis c22:1/100g fa	cis c22:1/100g fa	cis c22:1/100g fa	cis c22 1 100g fa
96349	cis C24:1 /100g FA	MG		63001.0	cis C24:1 /100g FA	cis C24:1 / 100g FA	cis c24:1/100g fa	cis c24:1/100g fa	cis c24:1/100g fa	cis c24 1 100g fa
96350	cis n-3 C18:3 /100g FA	MG		63001.0	cis n-3 C18:3 /100g FA	cis n-3 C18:3 / 100g FA	cis n-3 c18:3/100g fa	cis n-3 c18:3/100g fa	cis n-3 c18:3/100g fa	cis n 3 c18 3 100g fa
96351	cis n-3 C18:4 /100g FA	MG		63001.0	cis n-3 C18:4 /100g FA	cis n-3 C18:4 / 100g FA	cis n-3 c18:4/100g fa	cis n-3 c18:4/100g fa	cis n-3 c18:4/100g fa	cis n 3 c18 4 100g fa
96352	cis n-3 C20:5 /100g FA	MG		63001.0	cis n-3 C20:5 /100g FA	cis n-3 C20:5 / 100g FA	cis n-3 c20:5/100g fa	cis n-3 c20:5/100g fa	cis n-3 c20:5/100g fa	cis n 3 c20 5 100g fa
96353	cis n-3 C21:5 /100g FA	MG		63001.0	cis n-3 C21:5 /100g FA	cis n-3 C21:5 / 100g FA	cis n-3 c21:5/100g fa	cis n-3 c21:5/100g fa	cis n-3 c21:5/100g fa	cis n 3 c21 5 100g fa
96354	cis n-3 C22:5 /100g FA	MG		63001.0	cis n-3 C22:5 /100g FA	cis n-3 C22:5 / 100g FA	cis n-3 c22:5/100g fa	cis n-3 c22:5/100g fa	cis n-3 c22:5/100g fa	cis n 3 c22 5 100g fa
96355	cis n-3 C22:6 /100g FA	MG		63001.0	cis n-3 C22:6 /100g FA	cis n-3 C22:6 / 100g FA	cis n-3 c22:6/100g fa	cis n-3 c22:6/100g fa	cis n-3 c22:6/100g fa	cis n 3 c22 6 100g fa
96356	cis n-6 C18:2 /100g FA	MG		63001.0	cis n-6 C18:2 /100g FA	cis n-6 C18:2 / 100g FA	cis n-6 c18:2/100g fa	cis n-6 c18:2/100g fa	cis n-6 c18:2/100g fa	cis n 6 c18 2 100g fa
96357	cis n-6 C18:3 /100g FA	MG		63001.0	cis n-6 C18:3 /100g FA	cis n-6 C18:3 / 100g FA	cis n-6 c18:3/100g fa	cis n-6 c18:3/100g fa	cis n-6 c18:3/100g fa	cis n 6 c18 3 100g fa
96358	cis n-6 C20:2 /100g FA	MG		63001.0	cis n-6 C20:2 /100g FA	cis n-6 C20:2 / 100g FA	cis n-6 c20:2/100g fa	cis n-6 c20:2/100g fa	cis n-6 c20:2/100g fa	cis n 6 c20 2 100g fa
96359	cis n-6 C20:3 /100g FA	MG		63001.0	cis n-6 C20:3 /100g FA	cis n-6 C20:3 / 100g FA	cis n-6 c20:3/100g fa	cis n-6 c20:3/100g fa	cis n-6 c20:3/100g fa	cis n 6 c20 3 100g fa
96360	cis n-6 C20:4 /100g FA	MG		63001.0	cis n-6 C20:4 /100g FA	cis n-6 C20:4 / 100g FA	cis n-6 c20:4/100g fa	cis n-6 c20:4/100g fa	cis n-6 c20:4/100g fa	cis n 6 c20 4 100g fa
96361	cis n-6 C22:2 /100g FA	MG		63001.0	cis n-6 C22:2 /100g FA	cis n-6 C22:2 / 100g FA	cis n-6 c22:2/100g fa	cis n-6 c22:2/100g fa	cis n-6 c22:2/100g fa	cis n 6 c22 2 100g fa
96362	cis n-6 C22:3 /100g FA	MG		63001.0	cis n-6 C22:3 /100g FA	cis n-6 C22:3 / 100g FA	cis n-6 c22:3/100g fa	cis n-6 c22:3/100g fa	cis n-6 c22:3/100g fa	cis n 6 c22 3 100g fa
96363	cis n-6 C22:4 /100g FA	MG		63001.0	cis n-6 C22:4 /100g FA	cis n-6 C22:4 / 100g FA	cis n-6 c22:4/100g fa	cis n-6 c22:4/100g fa	cis n-6 c22:4/100g fa	cis n 6 c22 4 100g fa
96364	cis-beta-Caroten	MG		63001.0	cis-beta-Caroten	cis-beta-Caroten	cis-beta-caroten	cis-beta-caroten	cis-beta-caroten	cis beta caroten
96365	cis-Mono FA /100g FA	MG		63001.0	cis-Mono FA /100g FA	cis-Mono FA / 100g FA	cis-mono fa/100g fa	cis-mono fa/100g fa	cis-mono fa/100g fa	cis mono fa 100g fa
96366	cis-Polyu FA /100g FA	MG		63001.0	cis-Polyu FA /100g FA	cis-Polyu FA / 100g FA	cis-polyu fa/100g fa	cis-polyu fa/100g fa	cis-polyu fa/100g fa	cis polyu fa 100g fa
96367	cis/trans C18:1n-7 /100g FA	MG		63001.0	cis/trans C18:1n-7 /100g FA	cis / trans C18:1n-7 / 100g FA	cis/trans c18:1n-7/100g fa	cis/trans c18:1n-7/100g fa	cis/trans c18:1n-7/100g fa	cis trans c18 1n 7 100g fa
96368	cis/trans C18:1n-9 /100g FA	MG		63001.0	cis/trans C18:1n-9 /100g FA	cis / trans C18:1n-9 / 100g FA	cis/trans c18:1n-9/100g fa	cis/trans c18:1n-9/100g fa	cis/trans c18:1n-9/100g fa	cis trans c18 1n 9 100g fa
96369	cis/trans C22:1n-11 /100g FA	MG		63001.0	cis/trans C22:1n-11 /100g FA	cis / trans C22:1n-11 / 100g FA	cis/trans c22:1n-11/100g fa	cis/trans c22:1n-11/100g fa	cis/trans c22:1n-11/100g fa	cis trans c22 1n 11 100g fa
96370	cis/trans C22:1n-9 /100g FA	MG		63001.0	cis/trans C22:1n-9 /100g FA	cis / trans C22:1n-9 / 100g FA	cis/trans c22:1n-9/100g fa	cis/trans c22:1n-9/100g fa	cis/trans c22:1n-9/100g fa	cis trans c22 1n 9 100g fa
96371	CITAC	MG		63001.0	CITAC	CITAC	citac	citac	citac	citac
96372	Citronsyre	MG		63001.0	Citronsyre	Citronsyre	citronsyre	citronsyre	citronsyre	citronsyre
96373	CLD	MG		63001.0	CLD	CLD	cld	cld	cld	cld
96374	cLogP	MG		63001.0	cLogP	cLogP	clogp	clogp	clogp	clogp
96375	Cobalamin (Vit B12)	MG		63001.0	Cobalamin (Vit B12)	Cobalamin (Vit B12)	cobalamin (vit b12)	cobalamin (vit b12)	cobalamin	cobalamin vit b12
96376	Cobolt	MG		63001.0	Cobolt	Cobolt	cobolt	cobolt	cobolt	cobolt
96377	Comments	MG		63001.0	Comments	Comments	comments	comments	comments	comments
96378	Compiler	MG		63001.0	Compiler	Compiler	compiler	compiler	compiler	compiler
96379	Component	MG		63001.0	Component	Component	component	component	component	component
96380	Component in English	MG		63001.0	Component in English	Component in English	component in english	component in english	component in english	component in english
96381	Component in French	MG		63001.0	Component in French	Component in French	component in french	component in french	component in french	component in french
96382	Composant en anglais	MG		63001.0	Composant en anglais	Composant en anglais	composant en anglais	composant en anglais	composant en anglais	composant en anglais
96383	Composant en français	MG		63001.0	Composant en français	Composant en français	composant en français	composant en français	composant en français	composant en fran ais
96384	compound	MG		63001.0	compound	compound	compound	compound	compound	compound
96385	const_nom_eng	MG		63001.0	const_nom_eng	const_nom_eng	const_nom_eng	const_nom_eng	const_nom_eng	const nom eng
96386	Country, region	MG		63001.0	Country, region	Country, region	country, region	country region	country, region	country region
96387	Crude fibre	MG		63001.0	Crude fibre	Crude fibre	crude fibre	crude fibre	crude fibre	crude fibre
96388	Cryptoxanthins	MG		63001.0	Cryptoxanthins	Cryptoxanthins	cryptoxanthins	cryptoxanthins	cryptoxanthins	cryptoxanthins
96389	CRYPX	MG		63001.0	CRYPX	CRYPX	crypx	crypx	crypx	crypx
96390	CRYPXA	MG		63001.0	CRYPXA	CRYPXA	crypxa	crypxa	crypxa	crypxa
96391	CRYPXB	MG		63001.0	CRYPXB	CRYPXB	crypxb	crypxb	crypxb	crypxb
96392	Cuivre	MG		63001.0	Cuivre	Cuivre	cuivre	cuivre	cuivre	cuivre
96393	CYAN	MG		63001.0	CYAN	CYAN	cyan	cyan	cyan	cyan
96394	CYS	MG		63001.0	CYS	CYS	cys	cys	cys	cys
96395	CYS_A_MET	MG		63001.0	CYS_A_MET	CYS_A_MET	cys_a_met	cys_a_met	cys_a_met	cys a met
96396	CYSTE	MG		63001.0	CYSTE	CYSTE	cyste	cyste	cyste	cyste
96397	Cystin	MG		63001.0	Cystin	Cystin	cystin	cystin	cystin	cystin
96398	D-mælkesyre	MG		63001.0	D-mælkesyre	D-mælkesyre	d-mælkesyre	d-mælkesyre	d-mælkesyre	d m lkesyre
96399	d-Viniferin	MG		63001.0	d-Viniferin	d-Viniferin	d-viniferin	d-viniferin	d-viniferin	d viniferin
96400	D-vitamin	MG		63001.0	D-vitamin	D-vitamin	d-vitamin	d-vitamin	d-vitamin	d vitamin
96401	D2-vitamin	MG		63001.0	D2-vitamin	D2-vitamin	d2-vitamin	d2-vitamin	d2-vitamin	d2 vitamin
96402	D22D1N7	MG		63001.0	D22D1N7	D22D1N7	d22d1n7	d22d1n7	d22d1n7	d22d1n7
96403	D3-vitamin	MG		63001.0	D3-vitamin	D3-vitamin	d3-vitamin	d3-vitamin	d3-vitamin	d3 vitamin
96404	Dehydroascorbinsyre	MG		63001.0	Dehydroascorbinsyre	Dehydroascorbinsyre	dehydroascorbinsyre	dehydroascorbinsyre	dehydroascorbinsyre	dehydroascorbinsyre
96405	Dehydroretinol	MG		63001.0	Dehydroretinol	Dehydroretinol	dehydroretinol	dehydroretinol	dehydroretinol	dehydroretinol
96406	Delta-tocopherol	MG		63001.0	Delta-tocopherol	Delta-tocopherol	delta-tocopherol	delta-tocopherol	delta-tocopherol	delta tocopherol
96407	Delta-tocophérol	MG		63001.0	Delta-tocophérol	Delta-tocophérol	delta-tocophérol	delta-tocophérol	delta-tocophérol	delta tocoph rol
96408	delta-Tokoferol	MG		63001.0	delta-Tokoferol	delta-Tokoferol	delta-tokoferol	delta-tokoferol	delta-tokoferol	delta tokoferol
96409	DEN	MG		63001.0	DEN	DEN	den	den	den	den
96410	Denominator	MG		63001.0	Denominator	Denominator	denominator	denominator	denominator	denominator
96411	Density	MG		63001.0	Density	Density	density	density	density	density
96412	DFE	MG		63001.0	DFE	DFE	dfe	dfe	dfe	dfe
96413	DGLY	MG		63001.0	DGLY	DGLY	dgly	dgly	dgly	dgly
96414	Dietary fibre	MG		63001.0	Dietary fibre	Dietary fibre	dietary fibre	dietary fibre	dietary fibre	dietary fibre
96415	Dietary fibre and starch	MG		63001.0	Dietary fibre and starch	Dietary fibre and starch	dietary fibre and starch	dietary fibre and starch	dietary fibre and starch	dietary fibre and starch
96416	Dietary fibre fractions	MG		63001.0	Dietary fibre fractions	Dietary fibre fractions	dietary fibre fractions	dietary fibre fractions	dietary fibre fractions	dietary fibre fractions
96417	Dietary fibre, fibre, dietary fibre fractions	MG		63001.0	Dietary fibre, fibre, dietary fibre fractions	Dietary fibre, fibre, dietary fibre fractions	dietary fibre, fibre, dietary fibre fractions	dietary fibre fibre dietary fibre fractions	dietary fibre, fibre, dietary fibre fractions	dietary fibre fibre dietary fibre fractions
96418	Dihydroflavonols	MG		63001.0	Dihydroflavonols	Dihydroflavonols	dihydroflavonols	dihydroflavonols	dihydroflavonols	dihydroflavonols
96419	DISAC	MG		63001.0	DISAC	DISAC	disac	disac	disac	disac
96420	DOPN	MG		63001.0	DOPN	DOPN	dopn	dopn	dopn	dopn
96421	Dry matter	MG		63001.0	Dry matter	Dry matter	dry matter	dry matter	dry matter	dry matter
96422	DRYMAT	MG		63001.0	DRYMAT	DRYMAT	drymat	drymat	drymat	drymat
96423	e-Viniferin	MG		63001.0	e-Viniferin	e-Viniferin	e-viniferin	e-viniferin	e-viniferin	e viniferin
96424	E-vitamin	MG		63001.0	E-vitamin	E-vitamin	e-vitamin	e-vitamin	e-vitamin	e vitamin
96425	EBG	MG		63001.0	EBG	EBG	ebg	ebg	ebg	ebg
96426	Eddikesyre	MG		63001.0	Eddikesyre	Eddikesyre	eddikesyre	eddikesyre	eddikesyre	eddikesyre
96427	ELLAC	MG		63001.0	ELLAC	ELLAC	ellac	ellac	ellac	ellac
96428	ENERC	MG		63001.0	ENERC	ENERC	enerc	enerc	enerc	enerc
96429	ENERCC	MG		63001.0	ENERCC	ENERCC	enercc	enercc	enercc	enercc
96430	ENERCJ	MG		63001.0	ENERCJ	ENERCJ	enercj	enercj	enercj	enercj
96431	EPICATEC	MG		63001.0	EPICATEC	EPICATEC	epicatec	epicatec	epicatec	epicatec
96432	ERGCAL	MG		63001.0	ERGCAL	ERGCAL	ergcal	ergcal	ergcal	ergcal
96433	ERGCALOH	MG		63001.0	ERGCALOH	ERGCALOH	ergcaloh	ergcaloh	ergcaloh	ergcaloh
96434	Ergocalciferol (Vit D2)	MG		63001.0	Ergocalciferol (Vit D2)	Ergocalciferol (Vit D2)	ergocalciferol (vit d2)	ergocalciferol (vit d2)	ergocalciferol	ergocalciferol vit d2
96435	ERGSTR	MG		63001.0	ERGSTR	ERGSTR	ergstr	ergstr	ergstr	ergstr
96436	Esculetin	MG		63001.0	Esculetin	Esculetin	esculetin	esculetin	esculetin	esculetin
96437	Esculin	MG		63001.0	Esculin	Esculin	esculin	esculin	esculin	esculin
96438	Exact match	MG		63001.0	Exact match	Exact match	exact match	exact match	exact match	exact match
96439	Exact Match (Yes/No)	MG		63001.0	Exact Match (Yes/No)	Exact Match (Yes / No)	exact match (yes/no)	exact match (yes/no)	exact match	exact match yes no
96440	F10:0	MG		63001.0	F10:0	F10:0	f10:0	f10:0	f10:0	f10 0
96441	F10:1CIS	MG		63001.0	F10:1CIS	F10:1CIS	f10:1cis	f10:1cis	f10:1cis	f10 1cis
96442	F10:1TRS	MG		63001.0	F10:1TRS	F10:1TRS	f10:1trs	f10:1trs	f10:1trs	f10 1trs
96443	F10D0	MG		63001.0	F10D0	F10D0	f10d0	f10d0	f10d0	f10d0
96444	F10D1	MG		63001.0	F10D1	F10D1	f10d1	f10d1	f10d1	f10d1
96445	F11:0	MG		63001.0	F11:0	F11:0	f11:0	f11:0	f11:0	f11 0
96446	F11D0	MG		63001.0	F11D0	F11D0	f11d0	f11d0	f11d0	f11d0
96447	F12:0	MG		63001.0	F12:0	F12:0	f12:0	f12:0	f12:0	f12 0
96448	F12:1CIS	MG		63001.0	F12:1CIS	F12:1CIS	f12:1cis	f12:1cis	f12:1cis	f12 1cis
96449	F12:1TRS	MG		63001.0	F12:1TRS	F12:1TRS	f12:1trs	f12:1trs	f12:1trs	f12 1trs
96450	F12D0	MG		63001.0	F12D0	F12D0	f12d0	f12d0	f12d0	f12d0
96451	F12D1	MG		63001.0	F12D1	F12D1	f12d1	f12d1	f12d1	f12d1
96452	F13:0	MG		63001.0	F13:0	F13:0	f13:0	f13:0	f13:0	f13 0
96453	F13D0	MG		63001.0	F13D0	F13D0	f13d0	f13d0	f13d0	f13d0
96454	F13D0I	MG		63001.0	F13D0I	F13D0I	f13d0i	f13d0i	f13d0i	f13d0i
96455	F14:0	MG		63001.0	F14:0	F14:0	f14:0	f14:0	f14:0	f14 0
96456	F14:1CIS	MG		63001.0	F14:1CIS	F14:1CIS	f14:1cis	f14:1cis	f14:1cis	f14 1cis
96457	F14:1CN5	MG		63001.0	F14:1CN5	F14:1CN5	f14:1cn5	f14:1cn5	f14:1cn5	f14 1cn5
96458	F14:1TN5	MG		63001.0	F14:1TN5	F14:1TN5	f14:1tn5	f14:1tn5	f14:1tn5	f14 1tn5
96459	F14:1TRS	MG		63001.0	F14:1TRS	F14:1TRS	f14:1trs	f14:1trs	f14:1trs	f14 1trs
96460	F14D0	MG		63001.0	F14D0	F14D0	f14d0	f14d0	f14d0	f14d0
96461	F14D0I	MG		63001.0	F14D0I	F14D0I	f14d0i	f14d0i	f14d0i	f14d0i
96462	F14D1	MG		63001.0	F14D1	F14D1	f14d1	f14d1	f14d1	f14d1
96463	F14D1C	MG		63001.0	F14D1C	F14D1C	f14d1c	f14d1c	f14d1c	f14d1c
96464	F14D1CN5	MG		63001.0	F14D1CN5	F14D1CN5	f14d1cn5	f14d1cn5	f14d1cn5	f14d1cn5
96465	F14D1N5	MG		63001.0	F14D1N5	F14D1N5	f14d1n5	f14d1n5	f14d1n5	f14d1n5
96466	F14D1N7	MG		63001.0	F14D1N7	F14D1N7	f14d1n7	f14d1n7	f14d1n7	f14d1n7
96467	F14D1N9	MG		63001.0	F14D1N9	F14D1N9	f14d1n9	f14d1n9	f14d1n9	f14d1n9
96468	F14D1T	MG		63001.0	F14D1T	F14D1T	f14d1t	f14d1t	f14d1t	f14d1t
96469	F15:0	MG		63001.0	F15:0	F15:0	f15:0	f15:0	f15:0	f15 0
96470	F15:1CIS	MG		63001.0	F15:1CIS	F15:1CIS	f15:1cis	f15:1cis	f15:1cis	f15 1cis
96471	F15D0	MG		63001.0	F15D0	F15D0	f15d0	f15d0	f15d0	f15d0
96472	F15D0AI	MG		63001.0	F15D0AI	F15D0AI	f15d0ai	f15d0ai	f15d0ai	f15d0ai
96473	F15D0I	MG		63001.0	F15D0I	F15D0I	f15d0i	f15d0i	f15d0i	f15d0i
96474	F15D1	MG		63001.0	F15D1	F15D1	f15d1	f15d1	f15d1	f15d1
96475	F15D1C	MG		63001.0	F15D1C	F15D1C	f15d1c	f15d1c	f15d1c	f15d1c
96476	F15D1N10	MG		63001.0	F15D1N10	F15D1N10	f15d1n10	f15d1n10	f15d1n10	f15d1n10
96477	F15D1N6	MG		63001.0	F15D1N6	F15D1N6	f15d1n6	f15d1n6	f15d1n6	f15d1n6
96478	F15D1N7	MG		63001.0	F15D1N7	F15D1N7	f15d1n7	f15d1n7	f15d1n7	f15d1n7
96479	F15D1N8	MG		63001.0	F15D1N8	F15D1N8	f15d1n8	f15d1n8	f15d1n8	f15d1n8
96480	F15D1N9	MG		63001.0	F15D1N9	F15D1N9	f15d1n9	f15d1n9	f15d1n9	f15d1n9
96481	F16:0	MG		63001.0	F16:0	F16:0	f16:0	f16:0	f16:0	f16 0
96482	F16:1CIS	MG		63001.0	F16:1CIS	F16:1CIS	f16:1cis	f16:1cis	f16:1cis	f16 1cis
96483	F16:1CN7	MG		63001.0	F16:1CN7	F16:1CN7	f16:1cn7	f16:1cn7	f16:1cn7	f16 1cn7
96484	F16:1TN7	MG		63001.0	F16:1TN7	F16:1TN7	f16:1tn7	f16:1tn7	f16:1tn7	f16 1tn7
96485	F16:1TRS	MG		63001.0	F16:1TRS	F16:1TRS	f16:1trs	f16:1trs	f16:1trs	f16 1trs
96486	F16D0	MG		63001.0	F16D0	F16D0	f16d0	f16d0	f16d0	f16d0
96487	F16D0AI	MG		63001.0	F16D0AI	F16D0AI	f16d0ai	f16d0ai	f16d0ai	f16d0ai
96488	F16D0I	MG		63001.0	F16D0I	F16D0I	f16d0i	f16d0i	f16d0i	f16d0i
96489	F16D1	MG		63001.0	F16D1	F16D1	f16d1	f16d1	f16d1	f16d1
96490	F16D1C	MG		63001.0	F16D1C	F16D1C	f16d1c	f16d1c	f16d1c	f16d1c
96491	F16D1CN7	MG		63001.0	F16D1CN7	F16D1CN7	f16d1cn7	f16d1cn7	f16d1cn7	f16d1cn7
96492	F16D1CN9	MG		63001.0	F16D1CN9	F16D1CN9	f16d1cn9	f16d1cn9	f16d1cn9	f16d1cn9
96493	F16D1N11	MG		63001.0	F16D1N11	F16D1N11	f16d1n11	f16d1n11	f16d1n11	f16d1n11
96494	F16D1N5	MG		63001.0	F16D1N5	F16D1N5	f16d1n5	f16d1n5	f16d1n5	f16d1n5
96495	F16D1N5_A_F16D1N7	MG		63001.0	F16D1N5_A_F16D1N7	F16D1N5_A_F16D1N7	f16d1n5_a_f16d1n7	f16d1n5_a_f16d1n7	f16d1n5_a_f16d1n7	f16d1n5 a f16d1n7
96496	F16D1N7	MG		63001.0	F16D1N7	F16D1N7	f16d1n7	f16d1n7	f16d1n7	f16d1n7
96497	F16D1N7_A_F16D1N9	MG		63001.0	F16D1N7_A_F16D1N9	F16D1N7_A_F16D1N9	f16d1n7_a_f16d1n9	f16d1n7_a_f16d1n9	f16d1n7_a_f16d1n9	f16d1n7 a f16d1n9
96498	F16D1N8	MG		63001.0	F16D1N8	F16D1N8	f16d1n8	f16d1n8	f16d1n8	f16d1n8
96499	F16D1N9	MG		63001.0	F16D1N9	F16D1N9	f16d1n9	f16d1n9	f16d1n9	f16d1n9
96500	F16D1T	MG		63001.0	F16D1T	F16D1T	f16d1t	f16d1t	f16d1t	f16d1t
96501	F16D1TN7	MG		63001.0	F16D1TN7	F16D1TN7	f16d1tn7	f16d1tn7	f16d1tn7	f16d1tn7
96502	F16D2	MG		63001.0	F16D2	F16D2	f16d2	f16d2	f16d2	f16d2
96503	F16D2N4	MG		63001.0	F16D2N4	F16D2N4	f16d2n4	f16d2n4	f16d2n4	f16d2n4
96504	F16D2N6	MG		63001.0	F16D2N6	F16D2N6	f16d2n6	f16d2n6	f16d2n6	f16d2n6
96505	F16D2N7	MG		63001.0	F16D2N7	F16D2N7	f16d2n7	f16d2n7	f16d2n7	f16d2n7
96506	F16D2N9	MG		63001.0	F16D2N9	F16D2N9	f16d2n9	f16d2n9	f16d2n9	f16d2n9
96507	F16D3N3	MG		63001.0	F16D3N3	F16D3N3	f16d3n3	f16d3n3	f16d3n3	f16d3n3
96508	F16D3N4	MG		63001.0	F16D3N4	F16D3N4	f16d3n4	f16d3n4	f16d3n4	f16d3n4
96509	F16D3N6	MG		63001.0	F16D3N6	F16D3N6	f16d3n6	f16d3n6	f16d3n6	f16d3n6
96510	F16D4	MG		63001.0	F16D4	F16D4	f16d4	f16d4	f16d4	f16d4
96511	F16D4N1	MG		63001.0	F16D4N1	F16D4N1	f16d4n1	f16d4n1	f16d4n1	f16d4n1
96512	F16D4N3	MG		63001.0	F16D4N3	F16D4N3	f16d4n3	f16d4n3	f16d4n3	f16d4n3
96513	F17:0	MG		63001.0	F17:0	F17:0	f17:0	f17:0	f17:0	f17 0
96514	F17:1CIS	MG		63001.0	F17:1CIS	F17:1CIS	f17:1cis	f17:1cis	f17:1cis	f17 1cis
96515	F17D0	MG		63001.0	F17D0	F17D0	f17d0	f17d0	f17d0	f17d0
96516	F17D0AI	MG		63001.0	F17D0AI	F17D0AI	f17d0ai	f17d0ai	f17d0ai	f17d0ai
96517	F17D0I	MG		63001.0	F17D0I	F17D0I	f17d0i	f17d0i	f17d0i	f17d0i
96518	F17D1	MG		63001.0	F17D1	F17D1	f17d1	f17d1	f17d1	f17d1
96519	F17D1C	MG		63001.0	F17D1C	F17D1C	f17d1c	f17d1c	f17d1c	f17d1c
96520	F17D1CN7	MG		63001.0	F17D1CN7	F17D1CN7	f17d1cn7	f17d1cn7	f17d1cn7	f17d1cn7
96521	F17D1CN8	MG		63001.0	F17D1CN8	F17D1CN8	f17d1cn8	f17d1cn8	f17d1cn8	f17d1cn8
96522	F17D1N10	MG		63001.0	F17D1N10	F17D1N10	f17d1n10	f17d1n10	f17d1n10	f17d1n10
96523	F17D1N5	MG		63001.0	F17D1N5	F17D1N5	f17d1n5	f17d1n5	f17d1n5	f17d1n5
96524	F17D1N7	MG		63001.0	F17D1N7	F17D1N7	f17d1n7	f17d1n7	f17d1n7	f17d1n7
96525	F17D1N8	MG		63001.0	F17D1N8	F17D1N8	f17d1n8	f17d1n8	f17d1n8	f17d1n8
96526	F17D1N9	MG		63001.0	F17D1N9	F17D1N9	f17d1n9	f17d1n9	f17d1n9	f17d1n9
96527	F17D2	MG		63001.0	F17D2	F17D2	f17d2	f17d2	f17d2	f17d2
96528	F18:0	MG		63001.0	F18:0	F18:0	f18:0	f18:0	f18:0	f18 0
96529	F18:1CIS	MG		63001.0	F18:1CIS	F18:1CIS	f18:1cis	f18:1cis	f18:1cis	f18 1cis
96530	F18:1CN12	MG		63001.0	F18:1CN12	F18:1CN12	f18:1cn12	f18:1cn12	f18:1cn12	f18 1cn12
96531	F18:1CN7	MG		63001.0	F18:1CN7	F18:1CN7	f18:1cn7	f18:1cn7	f18:1cn7	f18 1cn7
96532	F18:1CN9	MG		63001.0	F18:1CN9	F18:1CN9	f18:1cn9	f18:1cn9	f18:1cn9	f18 1cn9
96533	F18:1TRS	MG		63001.0	F18:1TRS	F18:1TRS	f18:1trs	f18:1trs	f18:1trs	f18 1trs
96534	F18:2CN6	MG		63001.0	F18:2CN6	F18:2CN6	f18:2cn6	f18:2cn6	f18:2cn6	f18 2cn6
96535	F18:2CN9	MG		63001.0	F18:2CN9	F18:2CN9	f18:2cn9	f18:2cn9	f18:2cn9	f18 2cn9
96536	F18:2CON	MG		63001.0	F18:2CON	F18:2CON	f18:2con	f18:2con	f18:2con	f18 2con
96537	F18:2CT	MG		63001.0	F18:2CT	F18:2CT	f18:2ct	f18:2ct	f18:2ct	f18 2ct
96538	F18:2R	MG		63001.0	F18:2R	F18:2R	f18:2r	f18:2r	f18:2r	f18 2r
96539	F18:2TC	MG		63001.0	F18:2TC	F18:2TC	f18:2tc	f18:2tc	f18:2tc	f18 2tc
96540	F18:2TRS	MG		63001.0	F18:2TRS	F18:2TRS	f18:2trs	f18:2trs	f18:2trs	f18 2trs
96541	F18:2TTN6	MG		63001.0	F18:2TTN6	F18:2TTN6	f18:2ttn6	f18:2ttn6	f18:2ttn6	f18 2ttn6
96542	F18:3CN3	MG		63001.0	F18:3CN3	F18:3CN3	f18:3cn3	f18:3cn3	f18:3cn3	f18 3cn3
96543	F18:3CN6	MG		63001.0	F18:3CN6	F18:3CN6	f18:3cn6	f18:3cn6	f18:3cn6	f18 3cn6
96544	F18:3TRS	MG		63001.0	F18:3TRS	F18:3TRS	f18:3trs	f18:3trs	f18:3trs	f18 3trs
96545	F18:3TTTN3	MG		63001.0	F18:3TTTN3	F18:3TTTN3	f18:3tttn3	f18:3tttn3	f18:3tttn3	f18 3tttn3
96546	F18:4CN3	MG		63001.0	F18:4CN3	F18:4CN3	f18:4cn3	f18:4cn3	f18:4cn3	f18 4cn3
96547	F18D0	MG		63001.0	F18D0	F18D0	f18d0	f18d0	f18d0	f18d0
96548	F18D0AI	MG		63001.0	F18D0AI	F18D0AI	f18d0ai	f18d0ai	f18d0ai	f18d0ai
96549	F18D0I	MG		63001.0	F18D0I	F18D0I	f18d0i	f18d0i	f18d0i	f18d0i
96550	F18D1	MG		63001.0	F18D1	F18D1	f18d1	f18d1	f18d1	f18d1
96551	F18D1-	MG		63001.0	F18D1-	F18D1-	f18d1-	f18d1-	f18d1-	f18d1
96552	F18D1C	MG		63001.0	F18D1C	F18D1C	f18d1c	f18d1c	f18d1c	f18d1c
96553	F18D1CN11	MG		63001.0	F18D1CN11	F18D1CN11	f18d1cn11	f18d1cn11	f18d1cn11	f18d1cn11
96554	F18D1CN3	MG		63001.0	F18D1CN3	F18D1CN3	f18d1cn3	f18d1cn3	f18d1cn3	f18d1cn3
96555	F18D1CN4	MG		63001.0	F18D1CN4	F18D1CN4	f18d1cn4	f18d1cn4	f18d1cn4	f18d1cn4
96556	F18D1CN5	MG		63001.0	F18D1CN5	F18D1CN5	f18d1cn5	f18d1cn5	f18d1cn5	f18d1cn5
96557	F18D1CN6	MG		63001.0	F18D1CN6	F18D1CN6	f18d1cn6	f18d1cn6	f18d1cn6	f18d1cn6
96558	F18D1CN7	MG		63001.0	F18D1CN7	F18D1CN7	f18d1cn7	f18d1cn7	f18d1cn7	f18d1cn7
96559	F18D1CN9	MG		63001.0	F18D1CN9	F18D1CN9	f18d1cn9	f18d1cn9	f18d1cn9	f18d1cn9
96560	F18D1N11	MG		63001.0	F18D1N11	F18D1N11	f18d1n11	f18d1n11	f18d1n11	f18d1n11
96561	F18D1N5	MG		63001.0	F18D1N5	F18D1N5	f18d1n5	f18d1n5	f18d1n5	f18d1n5
96562	F18D1N6	MG		63001.0	F18D1N6	F18D1N6	f18d1n6	f18d1n6	f18d1n6	f18d1n6
96563	F18D1N7	MG		63001.0	F18D1N7	F18D1N7	f18d1n7	f18d1n7	f18d1n7	f18d1n7
96564	F18D1N7_A_F18D1N9	MG		63001.0	F18D1N7_A_F18D1N9	F18D1N7_A_F18D1N9	f18d1n7_a_f18d1n9	f18d1n7_a_f18d1n9	f18d1n7_a_f18d1n9	f18d1n7 a f18d1n9
96565	F18D1N9	MG		63001.0	F18D1N9	F18D1N9	f18d1n9	f18d1n9	f18d1n9	f18d1n9
96566	F18D1T	MG		63001.0	F18D1T	F18D1T	f18d1t	f18d1t	f18d1t	f18d1t
96567	F18D1TN10_A_F18D1TN12	MG		63001.0	F18D1TN10_A_F18D1TN12	F18D1TN10_A_F18D1TN12	f18d1tn10_a_f18d1tn12	f18d1tn10_a_f18d1tn12	f18d1tn10_a_f18d1tn12	f18d1tn10 a f18d1tn12
96568	F18D1TN11	MG		63001.0	F18D1TN11	F18D1TN11	f18d1tn11	f18d1tn11	f18d1tn11	f18d1tn11
96569	F18D1TN2	MG		63001.0	F18D1TN2	F18D1TN2	f18d1tn2	f18d1tn2	f18d1tn2	f18d1tn2
96570	F18D1TN3	MG		63001.0	F18D1TN3	F18D1TN3	f18d1tn3	f18d1tn3	f18d1tn3	f18d1tn3
96571	F18D1TN4_A_F18D1TN5	MG		63001.0	F18D1TN4_A_F18D1TN5	F18D1TN4_A_F18D1TN5	f18d1tn4_a_f18d1tn5	f18d1tn4_a_f18d1tn5	f18d1tn4_a_f18d1tn5	f18d1tn4 a f18d1tn5
96572	F18D1TN6	MG		63001.0	F18D1TN6	F18D1TN6	f18d1tn6	f18d1tn6	f18d1tn6	f18d1tn6
96573	F18D1TN7	MG		63001.0	F18D1TN7	F18D1TN7	f18d1tn7	f18d1tn7	f18d1tn7	f18d1tn7
96574	F18D1TN8	MG		63001.0	F18D1TN8	F18D1TN8	f18d1tn8	f18d1tn8	f18d1tn8	f18d1tn8
96575	F18D1TN9	MG		63001.0	F18D1TN9	F18D1TN9	f18d1tn9	f18d1tn9	f18d1tn9	f18d1tn9
96576	F18D2	MG		63001.0	F18D2	F18D2	f18d2	f18d2	f18d2	f18d2
96577	F18D2C9T11	MG		63001.0	F18D2C9T11	F18D2C9T11	f18d2c9t11	f18d2c9t11	f18d2c9t11	f18d2c9t11
96578	F18D2C9T11_A_F18D2T10C12	MG		63001.0	F18D2C9T11_A_F18D2T10C12	F18D2C9T11_A_F18D2T10C12	f18d2c9t11_a_f18d2t10c12	f18d2c9t11_a_f18d2t10c12	f18d2c9t11_a_f18d2t10c12	f18d2c9t11 a f18d2t10c12
96579	F18D2CN6	MG		63001.0	F18D2CN6	F18D2CN6	f18d2cn6	f18d2cn6	f18d2cn6	f18d2cn6
96580	F18D2N4	MG		63001.0	F18D2N4	F18D2N4	f18d2n4	f18d2n4	f18d2n4	f18d2n4
96581	F18D2N5	MG		63001.0	F18D2N5	F18D2N5	f18d2n5	f18d2n5	f18d2n5	f18d2n5
96582	F18D2N6	MG		63001.0	F18D2N6	F18D2N6	f18d2n6	f18d2n6	f18d2n6	f18d2n6
96583	F18D2T	MG		63001.0	F18D2T	F18D2T	f18d2t	f18d2t	f18d2t	f18d2t
96584	F18D2T10C12	MG		63001.0	F18D2T10C12	F18D2T10C12	f18d2t10c12	f18d2t10c12	f18d2t10c12	f18d2t10c12
96585	F18D2TCON	MG		63001.0	F18D2TCON	F18D2TCON	f18d2tcon	f18d2tcon	f18d2tcon	f18d2tcon
96586	F18D2TN6	MG		63001.0	F18D2TN6	F18D2TN6	f18d2tn6	f18d2tn6	f18d2tn6	f18d2tn6
96587	F18D2TTN6	MG		63001.0	F18D2TTN6	F18D2TTN6	f18d2ttn6	f18d2ttn6	f18d2ttn6	f18d2ttn6
96588	F18D3	MG		63001.0	F18D3	F18D3	f18d3	f18d3	f18d3	f18d3
96589	F18D3CN3	MG		63001.0	F18D3CN3	F18D3CN3	f18d3cn3	f18d3cn3	f18d3cn3	f18d3cn3
96590	F18D3CN6	MG		63001.0	F18D3CN6	F18D3CN6	f18d3cn6	f18d3cn6	f18d3cn6	f18d3cn6
96591	F18D3N3	MG		63001.0	F18D3N3	F18D3N3	f18d3n3	f18d3n3	f18d3n3	f18d3n3
96592	F18D3N4	MG		63001.0	F18D3N4	F18D3N4	f18d3n4	f18d3n4	f18d3n4	f18d3n4
96593	F18D3N6	MG		63001.0	F18D3N6	F18D3N6	f18d3n6	f18d3n6	f18d3n6	f18d3n6
96594	F18D3TN3	MG		63001.0	F18D3TN3	F18D3TN3	f18d3tn3	f18d3tn3	f18d3tn3	f18d3tn3
96595	F18D4	MG		63001.0	F18D4	F18D4	f18d4	f18d4	f18d4	f18d4
96596	F18D4CN3	MG		63001.0	F18D4CN3	F18D4CN3	f18d4cn3	f18d4cn3	f18d4cn3	f18d4cn3
96597	F18D4N1	MG		63001.0	F18D4N1	F18D4N1	f18d4n1	f18d4n1	f18d4n1	f18d4n1
96598	F18D4N3	MG		63001.0	F18D4N3	F18D4N3	f18d4n3	f18d4n3	f18d4n3	f18d4n3
96599	F18D4N6	MG		63001.0	F18D4N6	F18D4N6	f18d4n6	f18d4n6	f18d4n6	f18d4n6
96600	F19:0	MG		63001.0	F19:0	F19:0	f19:0	f19:0	f19:0	f19 0
96601	F19D0	MG		63001.0	F19D0	F19D0	f19d0	f19d0	f19d0	f19d0
96602	F19D1N10	MG		63001.0	F19D1N10	F19D1N10	f19d1n10	f19d1n10	f19d1n10	f19d1n10
96603	F19D1N11	MG		63001.0	F19D1N11	F19D1N11	f19d1n11	f19d1n11	f19d1n11	f19d1n11
96604	F20:0	MG		63001.0	F20:0	F20:0	f20:0	f20:0	f20:0	f20 0
96605	F20:1CIS	MG		63001.0	F20:1CIS	F20:1CIS	f20:1cis	f20:1cis	f20:1cis	f20 1cis
96606	F20:1CN11	MG		63001.0	F20:1CN11	F20:1CN11	f20:1cn11	f20:1cn11	f20:1cn11	f20 1cn11
96607	F20:1CN9	MG		63001.0	F20:1CN9	F20:1CN9	f20:1cn9	f20:1cn9	f20:1cn9	f20 1cn9
96608	F20:1TRS	MG		63001.0	F20:1TRS	F20:1TRS	f20:1trs	f20:1trs	f20:1trs	f20 1trs
96609	F20:2CN6	MG		63001.0	F20:2CN6	F20:2CN6	f20:2cn6	f20:2cn6	f20:2cn6	f20 2cn6
96610	F20:2TT	MG		63001.0	F20:2TT	F20:2TT	f20:2tt	f20:2tt	f20:2tt	f20 2tt
96611	F20:3CN3	MG		63001.0	F20:3CN3	F20:3CN3	f20:3cn3	f20:3cn3	f20:3cn3	f20 3cn3
96612	F20:3CN6	MG		63001.0	F20:3CN6	F20:3CN6	f20:3cn6	f20:3cn6	f20:3cn6	f20 3cn6
96613	F20:3CN9	MG		63001.0	F20:3CN9	F20:3CN9	f20:3cn9	f20:3cn9	f20:3cn9	f20 3cn9
96614	F20:4CN3	MG		63001.0	F20:4CN3	F20:4CN3	f20:4cn3	f20:4cn3	f20:4cn3	f20 4cn3
96615	F20:4CN6	MG		63001.0	F20:4CN6	F20:4CN6	f20:4cn6	f20:4cn6	f20:4cn6	f20 4cn6
96616	F20:5CN3	MG		63001.0	F20:5CN3	F20:5CN3	f20:5cn3	f20:5cn3	f20:5cn3	f20 5cn3
96617	F20D0	MG		63001.0	F20D0	F20D0	f20d0	f20d0	f20d0	f20d0
96618	F20D1	MG		63001.0	F20D1	F20D1	f20d1	f20d1	f20d1	f20d1
96619	F20D1C	MG		63001.0	F20D1C	F20D1C	f20d1c	f20d1c	f20d1c	f20d1c
96620	F20D1CN11	MG		63001.0	F20D1CN11	F20D1CN11	f20d1cn11	f20d1cn11	f20d1cn11	f20d1cn11
96621	F20D1CN9	MG		63001.0	F20D1CN9	F20D1CN9	f20d1cn9	f20d1cn9	f20d1cn9	f20d1cn9
96622	F20D1N11	MG		63001.0	F20D1N11	F20D1N11	f20d1n11	f20d1n11	f20d1n11	f20d1n11
96623	F20D1N11_A_F20D1N13	MG		63001.0	F20D1N11_A_F20D1N13	F20D1N11_A_F20D1N13	f20d1n11_a_f20d1n13	f20d1n11_a_f20d1n13	f20d1n11_a_f20d1n13	f20d1n11 a f20d1n13
96624	F20D1N12	MG		63001.0	F20D1N12	F20D1N12	f20d1n12	f20d1n12	f20d1n12	f20d1n12
96625	F20D1N7	MG		63001.0	F20D1N7	F20D1N7	f20d1n7	f20d1n7	f20d1n7	f20d1n7
96626	F20D1N7_A_F20D1N9	MG		63001.0	F20D1N7_A_F20D1N9	F20D1N7_A_F20D1N9	f20d1n7_a_f20d1n9	f20d1n7_a_f20d1n9	f20d1n7_a_f20d1n9	f20d1n7 a f20d1n9
96627	F20D1N8	MG		63001.0	F20D1N8	F20D1N8	f20d1n8	f20d1n8	f20d1n8	f20d1n8
96628	F20D1N9	MG		63001.0	F20D1N9	F20D1N9	f20d1n9	f20d1n9	f20d1n9	f20d1n9
96629	F20D1N9_A_F20D1N11	MG		63001.0	F20D1N9_A_F20D1N11	F20D1N9_A_F20D1N11	f20d1n9_a_f20d1n11	f20d1n9_a_f20d1n11	f20d1n9_a_f20d1n11	f20d1n9 a f20d1n11
96630	F20D1T	MG		63001.0	F20D1T	F20D1T	f20d1t	f20d1t	f20d1t	f20d1t
96631	F20D2	MG		63001.0	F20D2	F20D2	f20d2	f20d2	f20d2	f20d2
96632	F20D2C	MG		63001.0	F20D2C	F20D2C	f20d2c	f20d2c	f20d2c	f20d2c
96633	F20D2CN6	MG		63001.0	F20D2CN6	F20D2CN6	f20d2cn6	f20d2cn6	f20d2cn6	f20d2cn6
96634	F20D2N6	MG		63001.0	F20D2N6	F20D2N6	f20d2n6	f20d2n6	f20d2n6	f20d2n6
96635	F20D2N9	MG		63001.0	F20D2N9	F20D2N9	f20d2n9	f20d2n9	f20d2n9	f20d2n9
96636	F20D3	MG		63001.0	F20D3	F20D3	f20d3	f20d3	f20d3	f20d3
96637	F20D3N3	MG		63001.0	F20D3N3	F20D3N3	f20d3n3	f20d3n3	f20d3n3	f20d3n3
96638	F20D3N3_A_F20D4N6	MG		63001.0	F20D3N3_A_F20D4N6	F20D3N3_A_F20D4N6	f20d3n3_a_f20d4n6	f20d3n3_a_f20d4n6	f20d3n3_a_f20d4n6	f20d3n3 a f20d4n6
96639	F20D3N6	MG		63001.0	F20D3N6	F20D3N6	f20d3n6	f20d3n6	f20d3n6	f20d3n6
96640	F20D3N9	MG		63001.0	F20D3N9	F20D3N9	f20d3n9	f20d3n9	f20d3n9	f20d3n9
96641	F20D4	MG		63001.0	F20D4	F20D4	f20d4	f20d4	f20d4	f20d4
96642	F20D4CN6	MG		63001.0	F20D4CN6	F20D4CN6	f20d4cn6	f20d4cn6	f20d4cn6	f20d4cn6
96643	F20D4N3	MG		63001.0	F20D4N3	F20D4N3	f20d4n3	f20d4n3	f20d4n3	f20d4n3
96644	F20D4N6	MG		63001.0	F20D4N6	F20D4N6	f20d4n6	f20d4n6	f20d4n6	f20d4n6
96645	F20D4N6_A_F22D1	MG		63001.0	F20D4N6_A_F22D1	F20D4N6_A_F22D1	f20d4n6_a_f22d1	f20d4n6_a_f22d1	f20d4n6_a_f22d1	f20d4n6 a f22d1
96646	F20D5	MG		63001.0	F20D5	F20D5	f20d5	f20d5	f20d5	f20d5
96647	F20D5CN3	MG		63001.0	F20D5CN3	F20D5CN3	f20d5cn3	f20d5cn3	f20d5cn3	f20d5cn3
96648	F20D5N3	MG		63001.0	F20D5N3	F20D5N3	f20d5n3	f20d5n3	f20d5n3	f20d5n3
96649	F21:0	MG		63001.0	F21:0	F21:0	f21:0	f21:0	f21:0	f21 0
96650	F21:5CN3	MG		63001.0	F21:5CN3	F21:5CN3	f21:5cn3	f21:5cn3	f21:5cn3	f21 5cn3
96651	F21D0	MG		63001.0	F21D0	F21D0	f21d0	f21d0	f21d0	f21d0
96652	F21D5N3	MG		63001.0	F21D5N3	F21D5N3	f21d5n3	f21d5n3	f21d5n3	f21d5n3
96653	F22:0	MG		63001.0	F22:0	F22:0	f22:0	f22:0	f22:0	f22 0
96654	F22:1CIS	MG		63001.0	F22:1CIS	F22:1CIS	f22:1cis	f22:1cis	f22:1cis	f22 1cis
96655	F22:1CN11	MG		63001.0	F22:1CN11	F22:1CN11	f22:1cn11	f22:1cn11	f22:1cn11	f22 1cn11
96656	F22:1CN9	MG		63001.0	F22:1CN9	F22:1CN9	f22:1cn9	f22:1cn9	f22:1cn9	f22 1cn9
96657	F22:1TRS	MG		63001.0	F22:1TRS	F22:1TRS	f22:1trs	f22:1trs	f22:1trs	f22 1trs
96658	F22:2CN3	MG		63001.0	F22:2CN3	F22:2CN3	f22:2cn3	f22:2cn3	f22:2cn3	f22 2cn3
96659	F22:2CN6	MG		63001.0	F22:2CN6	F22:2CN6	f22:2cn6	f22:2cn6	f22:2cn6	f22 2cn6
96660	F22:3CN3	MG		63001.0	F22:3CN3	F22:3CN3	f22:3cn3	f22:3cn3	f22:3cn3	f22 3cn3
96661	F22:4CN6	MG		63001.0	F22:4CN6	F22:4CN6	f22:4cn6	f22:4cn6	f22:4cn6	f22 4cn6
96662	F22:5CN3	MG		63001.0	F22:5CN3	F22:5CN3	f22:5cn3	f22:5cn3	f22:5cn3	f22 5cn3
96663	F22:5CN6	MG		63001.0	F22:5CN6	F22:5CN6	f22:5cn6	f22:5cn6	f22:5cn6	f22 5cn6
96664	F22:5N6	MG		63001.0	F22:5N6	F22:5N6	f22:5n6	f22:5n6	f22:5n6	f22 5n6
96665	F22:6CN3	MG		63001.0	F22:6CN3	F22:6CN3	f22:6cn3	f22:6cn3	f22:6cn3	f22 6cn3
96666	F22D0	MG		63001.0	F22D0	F22D0	f22d0	f22d0	f22d0	f22d0
96667	F22D1	MG		63001.0	F22D1	F22D1	f22d1	f22d1	f22d1	f22d1
96668	F22D1C	MG		63001.0	F22D1C	F22D1C	f22d1c	f22d1c	f22d1c	f22d1c
96669	F22D1N11	MG		63001.0	F22D1N11	F22D1N11	f22d1n11	f22d1n11	f22d1n11	f22d1n11
96670	F22D1N11_A_F22D1N13	MG		63001.0	F22D1N11_A_F22D1N13	F22D1N11_A_F22D1N13	f22d1n11_a_f22d1n13	f22d1n11_a_f22d1n13	f22d1n11_a_f22d1n13	f22d1n11 a f22d1n13
96671	F22D1N7	MG		63001.0	F22D1N7	F22D1N7	f22d1n7	f22d1n7	f22d1n7	f22d1n7
96672	F22D1N9	MG		63001.0	F22D1N9	F22D1N9	f22d1n9	f22d1n9	f22d1n9	f22d1n9
96673	F22D1N9_A_F22D1N11	MG		63001.0	F22D1N9_A_F22D1N11	F22D1N9_A_F22D1N11	f22d1n9_a_f22d1n11	f22d1n9_a_f22d1n11	f22d1n9_a_f22d1n11	f22d1n9 a f22d1n11
96674	F22D1T	MG		63001.0	F22D1T	F22D1T	f22d1t	f22d1t	f22d1t	f22d1t
96675	F22D2	MG		63001.0	F22D2	F22D2	f22d2	f22d2	f22d2	f22d2
96676	F22D2C	MG		63001.0	F22D2C	F22D2C	f22d2c	f22d2c	f22d2c	f22d2c
96677	F22D2CN6	MG		63001.0	F22D2CN6	F22D2CN6	f22d2cn6	f22d2cn6	f22d2cn6	f22d2cn6
96678	F22D2N6	MG		63001.0	F22D2N6	F22D2N6	f22d2n6	f22d2n6	f22d2n6	f22d2n6
96679	F22D2N6.1	MG		63001.0	F22D2N6.1	F22D2N6.1	f22d2n6.1	f22d2n6.1	f22d2n6.1	f22d2n6 1
96680	F22D2N9	MG		63001.0	F22D2N9	F22D2N9	f22d2n9	f22d2n9	f22d2n9	f22d2n9
96681	F22D3N3	MG		63001.0	F22D3N3	F22D3N3	f22d3n3	f22d3n3	f22d3n3	f22d3n3
96682	F22D3N6	MG		63001.0	F22D3N6	F22D3N6	f22d3n6	f22d3n6	f22d3n6	f22d3n6
96683	F22D4	MG		63001.0	F22D4	F22D4	f22d4	f22d4	f22d4	f22d4
96684	F22D4N3	MG		63001.0	F22D4N3	F22D4N3	f22d4n3	f22d4n3	f22d4n3	f22d4n3
96685	F22D4N6	MG		63001.0	F22D4N6	F22D4N6	f22d4n6	f22d4n6	f22d4n6	f22d4n6
96686	F22D4N9	MG		63001.0	F22D4N9	F22D4N9	f22d4n9	f22d4n9	f22d4n9	f22d4n9
96687	F22D5	MG		63001.0	F22D5	F22D5	f22d5	f22d5	f22d5	f22d5
96688	F22D5N3	MG		63001.0	F22D5N3	F22D5N3	f22d5n3	f22d5n3	f22d5n3	f22d5n3
96689	F22D5N6	MG		63001.0	F22D5N6	F22D5N6	f22d5n6	f22d5n6	f22d5n6	f22d5n6
96690	F22D6	MG		63001.0	F22D6	F22D6	f22d6	f22d6	f22d6	f22d6
96691	F22D6CN3	MG		63001.0	F22D6CN3	F22D6CN3	f22d6cn3	f22d6cn3	f22d6cn3	f22d6cn3
96692	F22D6N3	MG		63001.0	F22D6N3	F22D6N3	f22d6n3	f22d6n3	f22d6n3	f22d6n3
96693	F22D6N6	MG		63001.0	F22D6N6	F22D6N6	f22d6n6	f22d6n6	f22d6n6	f22d6n6
96694	F23:0	MG		63001.0	F23:0	F23:0	f23:0	f23:0	f23:0	f23 0
96695	F23D0	MG		63001.0	F23D0	F23D0	f23d0	f23d0	f23d0	f23d0
96696	F24:0	MG		63001.0	F24:0	F24:0	f24:0	f24:0	f24:0	f24 0
96697	F24:1CIS	MG		63001.0	F24:1CIS	F24:1CIS	f24:1cis	f24:1cis	f24:1cis	f24 1cis
96698	F24:1CN9	MG		63001.0	F24:1CN9	F24:1CN9	f24:1cn9	f24:1cn9	f24:1cn9	f24 1cn9
96699	F24:1TRS	MG		63001.0	F24:1TRS	F24:1TRS	f24:1trs	f24:1trs	f24:1trs	f24 1trs
96700	F24:2CN6	MG		63001.0	F24:2CN6	F24:2CN6	f24:2cn6	f24:2cn6	f24:2cn6	f24 2cn6
96701	F24D0	MG		63001.0	F24D0	F24D0	f24d0	f24d0	f24d0	f24d0
96702	F24D1	MG		63001.0	F24D1	F24D1	f24d1	f24d1	f24d1	f24d1
96703	F24D1C	MG		63001.0	F24D1C	F24D1C	f24d1c	f24d1c	f24d1c	f24d1c
96704	F24D1CN9	MG		63001.0	F24D1CN9	F24D1CN9	f24d1cn9	f24d1cn9	f24d1cn9	f24d1cn9
96705	F24D1N11	MG		63001.0	F24D1N11	F24D1N11	f24d1n11	f24d1n11	f24d1n11	f24d1n11
96706	F24D1N9	MG		63001.0	F24D1N9	F24D1N9	f24d1n9	f24d1n9	f24d1n9	f24d1n9
96707	F24D6N3	MG		63001.0	F24D6N3	F24D6N3	f24d6n3	f24d6n3	f24d6n3	f24d6n3
96708	F25:0	MG		63001.0	F25:0	F25:0	f25:0	f25:0	f25:0	f25 0
96709	F26:0	MG		63001.0	F26:0	F26:0	f26:0	f26:0	f26:0	f26 0
96710	F26D0	MG		63001.0	F26D0	F26D0	f26d0	f26d0	f26d0	f26d0
96711	F30D0	MG		63001.0	F30D0	F30D0	f30d0	f30d0	f30d0	f30d0
96712	F4:0	MG		63001.0	F4:0	F4:0	f4:0	f4:0	f4:0	f4 0
96713	F4D0	MG		63001.0	F4D0	F4D0	f4d0	f4d0	f4d0	f4d0
96714	F6:0	MG		63001.0	F6:0	F6:0	f6:0	f6:0	f6:0	f6 0
96715	F6D0	MG		63001.0	F6D0	F6D0	f6d0	f6d0	f6d0	f6d0
96716	F8:0	MG		63001.0	F8:0	F8:0	f8:0	f8:0	f8:0	f8 0
96717	F8D0	MG		63001.0	F8D0	F8D0	f8d0	f8d0	f8d0	f8d0
96718	FA 10:0	MG		63001.0	FA 10:0	FA 10:0	fa 10:0	fa 10:0	fa 10:0	fa 10 0
96719	FA 12:0	MG		63001.0	FA 12:0	FA 12:0	fa 12:0	fa 12:0	fa 12:0	fa 12 0
96720	FA 14:0	MG		63001.0	FA 14:0	FA 14:0	fa 14:0	fa 14:0	fa 14:0	fa 14 0
96721	FA 16:0	MG		63001.0	FA 16:0	FA 16:0	fa 16:0	fa 16:0	fa 16:0	fa 16 0
96722	FA 18:0	MG		63001.0	FA 18:0	FA 18:0	fa 18:0	fa 18:0	fa 18:0	fa 18 0
96723	FA 18:1 n-9 cis	MG		63001.0	FA 18:1 n-9 cis	FA 18:1 n-9 cis	fa 18:1 n-9 cis	fa 18:1 n-9 cis	fa 18:1 n-9 cis	fa 18 1 n 9 cis
96724	FA 18:2 9c,12c (n-6)	MG		63001.0	FA 18:2 9c,12c (n-6)	FA 18:2 9c, 12c (n-6)	fa 18:2 9c, 12c (n-6)	fa 18:2 9c 12c (n-6)	fa 18:2 9c, 12c	fa 18 2 9c 12c n 6
96725	FA 18:3 c9,c12,c15 (n-3)	MG		63001.0	FA 18:3 c9,c12,c15 (n-3)	FA 18:3 c9, c12, c15 (n-3)	fa 18:3 c9, c12, c15 (n-3)	fa 18:3 c9 c12 c15 (n-3)	fa 18:3 c9, c12, c15	fa 18 3 c9 c12 c15 n 3
96726	FA 20:4 5c,8c,11c,14c (n-6)	MG		63001.0	FA 20:4 5c,8c,11c,14c (n-6)	FA 20:4 5c, 8c, 11c, 14c (n-6)	fa 20:4 5c, 8c, 11c, 14c (n-6)	fa 20:4 5c 8c 11c 14c (n-6)	fa 20:4 5c, 8c, 11c, 14c	fa 20 4 5c 8c 11c 14c n 6
96727	FA 4:0	MG		63001.0	FA 4:0	FA 4:0	fa 4:0	fa 4:0	fa 4:0	fa 4 0
96728	FA 6:0	MG		63001.0	FA 6:0	FA 6:0	fa 6:0	fa 6:0	fa 6:0	fa 6 0
96729	FA 8:0	MG		63001.0	FA 8:0	FA 8:0	fa 8:0	fa 8:0	fa 8:0	fa 8 0
96730	FA mono	MG		63001.0	FA mono	FA mono	fa mono	fa mono	fa mono	fa mono
96731	FA poly	MG		63001.0	FA poly	FA poly	fa poly	fa poly	fa poly	fa poly
96732	FA saturated	MG		63001.0	FA saturated	FA saturated	fa saturated	fa saturated	fa saturated	fa saturated
96733	FACF	MG		63001.0	FACF	FACF	facf	facf	facf	facf
96734	FAESS	MG		63001.0	FAESS	FAESS	faess	faess	faess	faess
96735	FAFRE	MG		63001.0	FAFRE	FAFRE	fafre	fafre	fafre	fafre
96736	Faktorer m.m.	MG		63001.0	Faktorer m.m.	Faktorer m.m.	faktorer m.m.	faktorer m.m.	faktorer m.m.	faktorer m m
96737	FAMS	MG		63001.0	FAMS	FAMS	fams	fams	fams	fams
96738	FAMSCIS	MG		63001.0	FAMSCIS	FAMSCIS	famscis	famscis	famscis	famscis
96739	FAMSCXR	MG		63001.0	FAMSCXR	FAMSCXR	famscxr	famscxr	famscxr	famscxr
96740	FAMSTXR	MG		63001.0	FAMSTXR	FAMSTXR	famstxr	famstxr	famstxr	famstxr
96741	FAN3	MG		63001.0	FAN3	FAN3	fan3	fan3	fan3	fan3
96742	FAN6	MG		63001.0	FAN6	FAN6	fan6	fan6	fan6	fan6
96743	FAN9	MG		63001.0	FAN9	FAN9	fan9	fan9	fan9	fan9
96744	FAPU	MG		63001.0	FAPU	FAPU	fapu	fapu	fapu	fapu
96745	FAPUCN3	MG		63001.0	FAPUCN3	FAPUCN3	fapucn3	fapucn3	fapucn3	fapucn3
96746	FAPUCN6	MG		63001.0	FAPUCN6	FAPUCN6	fapucn6	fapucn6	fapucn6	fapucn6
96747	FAPUCN9	MG		63001.0	FAPUCN9	FAPUCN9	fapucn9	fapucn9	fapucn9	fapucn9
96748	FAPULCCN3	MG		63001.0	FAPULCCN3	FAPULCCN3	fapulccn3	fapulccn3	fapulccn3	fapulccn3
96749	FAPUN3	MG		63001.0	FAPUN3	FAPUN3	fapun3	fapun3	fapun3	fapun3
96750	FAPUN6	MG		63001.0	FAPUN6	FAPUN6	fapun6	fapun6	fapun6	fapun6
96751	FAPUN9	MG		63001.0	FAPUN9	FAPUN9	fapun9	fapun9	fapun9	fapun9
96752	FAPUXR	MG		63001.0	FAPUXR	FAPUXR	fapuxr	fapuxr	fapuxr	fapuxr
96753	FAR	MG		63001.0	FAR	FAR	far	far	far	far
96754	FASAT	MG		63001.0	FASAT	FASAT	fasat	fasat	fasat	fasat
96755	FASATXR	MG		63001.0	FASATXR	FASATXR	fasatxr	fasatxr	fasatxr	fasatxr
96756	FAUN	MG		63001.0	FAUN	FAUN	faun	faun	faun	faun
96757	Fedt	MG		63001.0	Fedt	Fedt	fedt	fedt	fedt	fedt
96758	Fedtsyrekonverteringsfaktor	MG		63001.0	Fedtsyrekonverteringsfaktor	Fedtsyrekonverteringsfaktor	fedtsyrekonverteringsfaktor	fedtsyrekonverteringsfaktor	fedtsyrekonverteringsfaktor	fedtsyrekonverteringsfaktor
96759	Fer	MG		63001.0	Fer	Fer	fer	fer	fer	fer
96760	FERAC	MG		63001.0	FERAC	FERAC	ferac	ferac	ferac	ferac
96761	FERAC.1	MG		63001.0	FERAC.1	FERAC.1	ferac.1	ferac.1	ferac.1	ferac 1
96762	FERAC.2	MG		63001.0	FERAC.2	FERAC.2	ferac.2	ferac.2	ferac.2	ferac 2
96763	Ferulaldehyde	MG		63001.0	Ferulaldehyde	Ferulaldehyde	ferulaldehyde	ferulaldehyde	ferulaldehyde	ferulaldehyde
96764	FIB-	MG		63001.0	FIB-	FIB-	fib-	fib-	fib-	fib
96765	FIBAD	MG		63001.0	FIBAD	FIBAD	fibad	fibad	fibad	fibad
96766	FIBC	MG		63001.0	FIBC	FIBC	fibc	fibc	fibc	fibc
96767	FIBGLCSINS	MG		63001.0	FIBGLCSINS	FIBGLCSINS	fibglcsins	fibglcsins	fibglcsins	fibglcsins
96768	FIBGLCSSOL	MG		63001.0	FIBGLCSSOL	FIBGLCSSOL	fibglcssol	fibglcssol	fibglcssol	fibglcssol
96769	FIBHMWS	MG		63001.0	FIBHMWS	FIBHMWS	fibhmws	fibhmws	fibhmws	fibhmws
96770	FIBINS	MG		63001.0	FIBINS	FIBINS	fibins	fibins	fibins	fibins
96771	FIBLMW	MG		63001.0	FIBLMW	FIBLMW	fiblmw	fiblmw	fiblmw	fiblmw
96772	FIBND	MG		63001.0	FIBND	FIBND	fibnd	fibnd	fibnd	fibnd
96773	FIBPEN	MG		63001.0	FIBPEN	FIBPEN	fibpen	fibpen	fibpen	fibpen
96774	Fibres	MG		63001.0	Fibres	Fibres	fibres	fibres	fibres	fibres
96775	FIBSOL	MG		63001.0	FIBSOL	FIBSOL	fibsol	fibsol	fibsol	fibsol
96776	FIBT	MG		63001.0	FIBT	FIBT	fibt	fibt	fibt	fibt
96777	FIBTG	MG		63001.0	FIBTG	FIBTG	fibtg	fibtg	fibtg	fibtg
96778	FIBTGLCS	MG		63001.0	FIBTGLCS	FIBTGLCS	fibtglcs	fibtglcs	fibtglcs	fibtglcs
96779	FIBTS	MG		63001.0	FIBTS	FIBTS	fibts	fibts	fibts	fibts
96780	FIBTS Southgate	MG		63001.0	FIBTS Southgate	FIBTS Southgate	fibts southgate	fibts southgate	fibts southgate	fibts southgate
96781	Flavanols	MG		63001.0	Flavanols	Flavanols	flavanols	flavanols	flavanols	flavanols
96782	Flavanols/flavans	MG		63001.0	Flavanols/flavans	Flavanols / flavans	flavanols/flavans	flavanols/flavans	flavanols/flavans	flavanols flavans
96783	FLAVD	MG		63001.0	FLAVD	FLAVD	flavd	flavd	flavd	flavd
96784	FLAVO	MG		63001.0	FLAVO	FLAVO	flavo	flavo	flavo	flavo
96785	Fluor	MG		63001.0	Fluor	Fluor	fluor	fluor	fluor	fluor
96786	FOL	MG		63001.0	FOL	FOL	fol	fol	fol	fol
96787	FOL-	MG		63001.0	FOL-	FOL-	fol-	fol-	fol-	fol
96788	FOLAC	MG		63001.0	FOLAC	FOLAC	folac	folac	folac	folac
96789	FOLACN	MG		63001.0	FOLACN	FOLACN	folacn	folacn	folacn	folacn
96790	Folat	MG		63001.0	Folat	Folat	folat	folat	folat	folat
96791	FOLDFE	MG		63001.0	FOLDFE	FOLDFE	foldfe	foldfe	foldfe	foldfe
96792	FOLFD	MG		63001.0	FOLFD	FOLFD	folfd	folfd	folfd	folfd
96793	FOLFM10	MG		63001.0	FOLFM10	FOLFM10	folfm10	folfm10	folfm10	folfm10
96794	FOLFRE	MG		63001.0	FOLFRE	FOLFRE	folfre	folfre	folfre	folfre
96795	FOLH2FM10	MG		63001.0	FOLH2FM10	FOLH2FM10	folh2fm10	folh2fm10	folh2fm10	folh2fm10
96796	FOLH4	MG		63001.0	FOLH4	FOLH4	folh4	folh4	folh4	folh4
96797	FOLH4FM5	MG		63001.0	FOLH4FM5	FOLH4FM5	folh4fm5	folh4fm5	folh4fm5	folh4fm5
96798	FOLH4ME5	MG		63001.0	FOLH4ME5	FOLH4ME5	folh4me5	folh4me5	folh4me5	folh4me5
96799	FOLH4MTN5	MG		63001.0	FOLH4MTN5	FOLH4MTN5	folh4mtn5	folh4mtn5	folh4mtn5	folh4mtn5
96800	Footnote	MG		63001.0	Footnote	Footnote	footnote	footnote	footnote	footnote
96801	Formula	MG		63001.0	Formula	Formula	formula	formula	formula	formula
96802	Fosfor	MG		63001.0	Fosfor	Fosfor	fosfor	fosfor	fosfor	fosfor
96803	Free Sugars	MG		63001.0	Free Sugars	Free Sugars	free sugars	free sugars	free sugars	free sugars
96804	Frie sukkerarter	MG		63001.0	Frie sukkerarter	Frie sukkerarter	frie sukkerarter	frie sukkerarter	frie sukkerarter	frie sukkerarter
96805	Frit folat	MG		63001.0	Frit folat	Frit folat	frit folat	frit folat	frit folat	frit folat
96806	Fruktose	MG		63001.0	Fruktose	Fruktose	fruktose	fruktose	fruktose	fruktose
96807	FRUOLSAC	MG		63001.0	FRUOLSAC	FRUOLSAC	fruolsac	fruolsac	fruolsac	fruolsac
96808	FRUS	MG		63001.0	FRUS	FRUS	frus	frus	frus	frus
96809	FRUSM	MG		63001.0	FRUSM	FRUSM	frusm	frusm	frusm	frusm
96810	FUCOS	MG		63001.0	FUCOS	FUCOS	fucos	fucos	fucos	fucos
96811	FUMAC	MG		63001.0	FUMAC	FUMAC	fumac	fumac	fumac	fumac
96812	FødevareGruppe	MG		63001.0	FødevareGruppe	FødevareGruppe	fødevaregruppe	fødevaregruppe	fødevaregruppe	f devaregruppe
96813	FødevareNavn	MG		63001.0	FødevareNavn	FødevareNavn	fødevarenavn	fødevarenavn	fødevarenavn	f devarenavn
96814	GABA	MG		63001.0	GABA	GABA	gaba	gaba	gaba	gaba
96815	GALAAC	MG		63001.0	GALAAC	GALAAC	galaac	galaac	galaac	galaac
96816	Galaktose	MG		63001.0	Galaktose	Galaktose	galaktose	galaktose	galaktose	galaktose
96817	Galangin	MG		63001.0	Galangin	Galangin	galangin	galangin	galangin	galangin
96818	GALF(b)	MG		63001.0	GALF(b)	GALF	galf	galf	galf	galf
96819	GALFB	MG		63001.0	GALFB	GALFB	galfb	galfb	galfb	galfb
96820	GALLAC	MG		63001.0	GALLAC	GALLAC	gallac	gallac	gallac	gallac
96821	GALS	MG		63001.0	GALS	GALS	gals	gals	gals	gals
96822	GALSD	MG		63001.0	GALSD	GALSD	galsd	galsd	galsd	galsd
96823	GALSM	MG		63001.0	GALSM	GALSM	galsm	galsm	galsm	galsm
96824	Gamma-tocopherol	MG		63001.0	Gamma-tocopherol	Gamma-tocopherol	gamma-tocopherol	gamma-tocopherol	gamma-tocopherol	gamma tocopherol
96825	Gamma-tocophérol	MG		63001.0	Gamma-tocophérol	Gamma-tocophérol	gamma-tocophérol	gamma-tocophérol	gamma-tocophérol	gamma tocoph rol
96826	Gamma-tocotrienol	MG		63001.0	Gamma-tocotrienol	Gamma-tocotrienol	gamma-tocotrienol	gamma-tocotrienol	gamma-tocotrienol	gamma tocotrienol
96827	gamma-Tokoferol	MG		63001.0	gamma-Tokoferol	gamma-Tokoferol	gamma-tokoferol	gamma-tokoferol	gamma-tokoferol	gamma tokoferol
96828	Gehalte/Value	MG		63001.0	Gehalte/Value	Gehalte / Value	gehalte/value	gehalte/value	gehalte/value	gehalte value
96829	GLN	MG		63001.0	GLN	GLN	gln	gln	gln	gln
96830	GLN_A_GLU	MG		63001.0	GLN_A_GLU	GLN_A_GLU	gln_a_glu	gln_a_glu	gln_a_glu	gln a glu
96831	GLOB	MG		63001.0	GLOB	GLOB	glob	glob	glob	glob
96832	GLU	MG		63001.0	GLU	GLU	glu	glu	glu	glu
96833	GLU_A_HIS	MG		63001.0	GLU_A_HIS	GLU_A_HIS	glu_a_his	glu_a_his	glu_a_his	glu a his
96834	GLUCNB	MG		63001.0	GLUCNB	GLUCNB	glucnb	glucnb	glucnb	glucnb
96835	GLUFB	MG		63001.0	GLUFB	GLUFB	glufb	glufb	glufb	glufb
96836	Glukose	MG		63001.0	Glukose	Glukose	glukose	glukose	glukose	glukose
96837	GLUS	MG		63001.0	GLUS	GLUS	glus	glus	glus	glus
96838	GLUSM	MG		63001.0	GLUSM	GLUSM	glusm	glusm	glusm	glusm
96839	Glutaminsyre	MG		63001.0	Glutaminsyre	Glutaminsyre	glutaminsyre	glutaminsyre	glutaminsyre	glutaminsyre
96840	GLY	MG		63001.0	GLY	GLY	gly	gly	gly	gly
96841	GLY_A_SER	MG		63001.0	GLY_A_SER	GLY_A_SER	gly_a_ser	gly_a_ser	gly_a_ser	gly a ser
96842	GLYALK	MG		63001.0	GLYALK	GLYALK	glyalk	glyalk	glyalk	glyalk
96843	GLYC	MG		63001.0	GLYC	GLYC	glyc	glyc	glyc	glyc
96844	Glycin	MG		63001.0	Glycin	Glycin	glycin	glycin	glycin	glycin
96845	GLYLIP	MG		63001.0	GLYLIP	GLYLIP	glylip	glylip	glylip	glylip
96846	GRP_AM	MG		63001.0	GRP_AM	GRP_AM	grp_am	grp_am	grp_am	grp am
96847	GRP_MIN	MG		63001.0	GRP_MIN	GRP_MIN	grp_min	grp_min	grp_min	grp min
96848	GRP_SUGOH	MG		63001.0	GRP_SUGOH	GRP_SUGOH	grp_sugoh	grp_sugoh	grp_sugoh	grp sugoh
96849	HAEM	MG		63001.0	HAEM	HAEM	haem	haem	haem	haem
96850	HEMCEL	MG		63001.0	HEMCEL	HEMCEL	hemcel	hemcel	hemcel	hemcel
96851	HESPD	MG		63001.0	HESPD	HESPD	hespd	hespd	hespd	hespd
96852	Hieraky	MG		63001.0	Hieraky	Hieraky	hieraky	hieraky	hieraky	hieraky
96853	HIS	MG		63001.0	HIS	HIS	his	his	his	his
96854	Histamin	MG		63001.0	Histamin	Histamin	histamin	histamin	histamin	histamin
96855	Histamine	MG		63001.0	Histamine	Histamine	histamine	histamine	histamine	histamine
96856	HISTN	MG		63001.0	HISTN	HISTN	histn	histn	histn	histn
96857	HMDB	MG		63001.0	HMDB	HMDB	hmdb	hmdb	hmdb	hmdb
96858	HRR	MG		63001.0	HRR	HRR	hrr	hrr	hrr	hrr
96859	Hydroxybenzaldehydes	MG		63001.0	Hydroxybenzaldehydes	Hydroxybenzaldehydes	hydroxybenzaldehydes	hydroxybenzaldehydes	hydroxybenzaldehydes	hydroxybenzaldehydes
96860	Hydroxybenzoketones	MG		63001.0	Hydroxybenzoketones	Hydroxybenzoketones	hydroxybenzoketones	hydroxybenzoketones	hydroxybenzoketones	hydroxybenzoketones
96861	Hydroxycinnamaldehydes	MG		63001.0	Hydroxycinnamaldehydes	Hydroxycinnamaldehydes	hydroxycinnamaldehydes	hydroxycinnamaldehydes	hydroxycinnamaldehydes	hydroxycinnamaldehydes
96862	Hydroxycoumarins	MG		63001.0	Hydroxycoumarins	Hydroxycoumarins	hydroxycoumarins	hydroxycoumarins	hydroxycoumarins	hydroxycoumarins
96863	Hydroxyprolin	MG		63001.0	Hydroxyprolin	Hydroxyprolin	hydroxyprolin	hydroxyprolin	hydroxyprolin	hydroxyprolin
96864	Hydroxytyrosol	MG		63001.0	Hydroxytyrosol	Hydroxytyrosol	hydroxytyrosol	hydroxytyrosol	hydroxytyrosol	hydroxytyrosol
96865	HYL	MG		63001.0	HYL	HYL	hyl	hyl	hyl	hyl
96866	HYP	MG		63001.0	HYP	HYP	hyp	hyp	hyp	hyp
96867	Høj molekylevægt opløselige kostfibre	MG		63001.0	Høj molekylevægt opløselige kostfibre	Høj molekylevægt opløselige kostfibre	høj molekylevægt opløselige kostfibre	høj molekylevægt opløselige kostfibre	høj molekylevægt opløselige kostfibre	h j molekylev gt opl selige kostfibre
96868	Ikke benyttet	MG		63001.0	Ikke benyttet	Ikke benyttet	ikke benyttet	ikke benyttet	ikke benyttet	ikke benyttet
96869	ILE	MG		63001.0	ILE	ILE	ile	ile	ile	ile
96870	INFDSTAG	MG		63001.0	INFDSTAG	INFDSTAG	infdstag	infdstag	infdstag	infdstag
96871	Inositol hexaphosphate (IP6)	MG		63001.0	Inositol hexaphosphate (IP6)	Inositol hexaphosphate (IP6)	inositol hexaphosphate (ip6)	inositol hexaphosphate (ip6)	inositol hexaphosphate	inositol hexaphosphate ip6
96872	Inositol pentaphosphate (IP5)	MG		63001.0	Inositol pentaphosphate (IP5)	Inositol pentaphosphate (IP5)	inositol pentaphosphate (ip5)	inositol pentaphosphate (ip5)	inositol pentaphosphate	inositol pentaphosphate ip5
96873	Inositol tetraphosphate (IP4)	MG		63001.0	Inositol tetraphosphate (IP4)	Inositol tetraphosphate (IP4)	inositol tetraphosphate (ip4)	inositol tetraphosphate (ip4)	inositol tetraphosphate	inositol tetraphosphate ip4
96874	Inositol triphosphate (IP3)	MG		63001.0	Inositol triphosphate (IP3)	Inositol triphosphate (IP3)	inositol triphosphate (ip3)	inositol triphosphate (ip3)	inositol triphosphate	inositol triphosphate ip3
96875	Inositol tétraphosphate (IP4)	MG		63001.0	Inositol tétraphosphate (IP4)	Inositol tétraphosphate (IP4)	inositol tétraphosphate (ip4)	inositol tétraphosphate (ip4)	inositol tétraphosphate	inositol t traphosphate ip4
96876	Insoluble dietary fibers	MG		63001.0	Insoluble dietary fibers	Insoluble dietary fibers	insoluble dietary fibers	insoluble dietary fibers	insoluble dietary fibers	insoluble dietary fibers
96877	Intrinsic folate	MG		63001.0	Intrinsic folate	Intrinsic folate	intrinsic folate	intrinsic folate	intrinsic folate	intrinsic folate
96878	INULN	MG		63001.0	INULN	INULN	inuln	inuln	inuln	inuln
96879	IP3	MG		63001.0	IP3	IP3	ip3	ip3	ip3	ip3
96880	IP4	MG		63001.0	IP4	IP4	ip4	ip4	ip4	ip4
96881	IP4_A_IP5_A_IP6	MG		63001.0	IP4_A_IP5_A_IP6	IP4_A_IP5_A_IP6	ip4_a_ip5_a_ip6	ip4_a_ip5_a_ip6	ip4_a_ip5_a_ip6	ip4 a ip5 a ip6
96882	IP5	MG		63001.0	IP5	IP5	ip5	ip5	ip5	ip5
96883	IP5_A_IP6	MG		63001.0	IP5_A_IP6	IP5_A_IP6	ip5_a_ip6	ip5_a_ip6	ip5_a_ip6	ip5 a ip6
96884	IP6	MG		63001.0	IP6	IP6	ip6	ip6	ip6	ip6
96885	Iron haem	MG		63001.0	Iron haem	Iron haem	iron haem	iron haem	iron haem	iron haem
96886	Iron non-haem	MG		63001.0	Iron non-haem	Iron non-haem	iron non-haem	iron non-haem	iron non-haem	iron non haem
96887	Is verrijkt met/Is fortified with	MG		63001.0	Is verrijkt met/Is fortified with	Is verrijkt met / Is fortified with	is verrijkt met/is fortified with	is verrijkt met/is fortified with	is verrijkt met/is fortified with	is verrijkt met is fortified with
96888	ISBN	MG		63001.0	ISBN	ISBN	isbn	isbn	isbn	isbn
96889	ISOHA	MG		63001.0	ISOHA	ISOHA	isoha	isoha	isoha	isoha
96890	Isolariciresinol	MG		63001.0	Isolariciresinol	Isolariciresinol	isolariciresinol	isolariciresinol	isolariciresinol	isolariciresinol
96891	Isoleucin	MG		63001.0	Isoleucin	Isoleucin	isoleucin	isoleucin	isoleucin	isoleucin
96892	ISOMALT	MG		63001.0	ISOMALT	ISOMALT	isomalt	isomalt	isomalt	isomalt
96893	Isoxanthohumol	MG		63001.0	Isoxanthohumol	Isoxanthohumol	isoxanthohumol	isoxanthohumol	isoxanthohumol	isoxanthohumol
96894	ISSCAAP	MG		63001.0	ISSCAAP	ISSCAAP	isscaap	isscaap	isscaap	isscaap
96895	ISSN	MG		63001.0	ISSN	ISSN	issn	issn	issn	issn
96896	Issue	MG		63001.0	Issue	Issue	issue	issue	issue	issue
96897	Jern	MG		63001.0	Jern	Jern	jern	jern	jern	jern
96898	Jod	MG		63001.0	Jod	Jod	jod	jod	jod	jod
96899	Juglone	MG		63001.0	Juglone	Juglone	juglone	juglone	juglone	juglone
96900	K-vitamin	MG		63001.0	K-vitamin	K-vitamin	k-vitamin	k-vitamin	k-vitamin	k vitamin
96901	K1-vitamin	MG		63001.0	K1-vitamin	K1-vitamin	k1-vitamin	k1-vitamin	k1-vitamin	k1 vitamin
96902	K2-vitamin	MG		63001.0	K2-vitamin	K2-vitamin	k2-vitamin	k2-vitamin	k2-vitamin	k2 vitamin
96903	KAEMF	MG		63001.0	KAEMF	KAEMF	kaemf	kaemf	kaemf	kaemf
96904	Kalium	MG		63001.0	Kalium	Kalium	kalium	kalium	kalium	kalium
96905	KEGG	MG		63001.0	KEGG	KEGG	kegg	kegg	kegg	kegg
96906	Kobber	MG		63001.0	Kobber	Kobber	kobber	kobber	kobber	kobber
96907	Koffein	MG		63001.0	Koffein	Koffein	koffein	koffein	koffein	koffein
96908	Kolesterol	MG		63001.0	Kolesterol	Kolesterol	kolesterol	kolesterol	kolesterol	kolesterol
96909	Kostfibre	MG		63001.0	Kostfibre	Kostfibre	kostfibre	kostfibre	kostfibre	kostfibre
96910	Kostfibre og stivelse	MG		63001.0	Kostfibre og stivelse	Kostfibre og stivelse	kostfibre og stivelse	kostfibre og stivelse	kostfibre og stivelse	kostfibre og stivelse
96911	Krom	MG		63001.0	Krom	Krom	krom	krom	krom	krom
96912	Kviksølv	MG		63001.0	Kviksølv	Kviksølv	kviksølv	kviksølv	kviksølv	kviks lv
96913	L-mælkesyre	MG		63001.0	L-mælkesyre	L-mælkesyre	l-mælkesyre	l-mælkesyre	l-mælkesyre	l m lkesyre
96914	LACAC	MG		63001.0	LACAC	LACAC	lacac	lacac	lacac	lacac
96915	LACACD	MG		63001.0	LACACD	LACACD	lacacd	lacacd	lacacd	lacacd
96916	LACACL	MG		63001.0	LACACL	LACACL	lacacl	lacacl	lacacl	lacacl
96917	LACFE	MG		63001.0	LACFE	LACFE	lacfe	lacfe	lacfe	lacfe
96918	LACS	MG		63001.0	LACS	LACS	lacs	lacs	lacs	lacs
96919	LACSM	MG		63001.0	LACSM	LACSM	lacsm	lacsm	lacsm	lacsm
96920	Lactitol	MG		63001.0	Lactitol	Lactitol	lactitol	lactitol	lactitol	lactitol
96921	LACTL	MG		63001.0	LACTL	LACTL	lactl	lactl	lactl	lactl
96922	Laktitol	MG		63001.0	Laktitol	Laktitol	laktitol	laktitol	laktitol	laktitol
96923	Laktose	MG		63001.0	Laktose	Laktose	laktose	laktose	laktose	laktose
96924	Language	MG		63001.0	Language	Language	language	language	language	language
96925	Lariciresinol	MG		63001.0	Lariciresinol	Lariciresinol	lariciresinol	lariciresinol	lariciresinol	lariciresinol
96926	Latest Revision in Version	MG		63001.0	Latest Revision in Version	Latest Revision in Version	latest revision in version	latest revision in version	latest revision in version	latest revision in version
96927	Lav molekylevægt opløselige kostfibre	MG		63001.0	Lav molekylevægt opløselige kostfibre	Lav molekylevægt opløselige kostfibre	lav molekylevægt opløselige kostfibre	lav molekylevægt opløselige kostfibre	lav molekylevægt opløselige kostfibre	lav molekylev gt opl selige kostfibre
96928	LEU	MG		63001.0	LEU	LEU	leu	leu	leu	leu
96929	Leucin	MG		63001.0	Leucin	Leucin	leucin	leucin	leucin	leucin
96930	LIGN	MG		63001.0	LIGN	LIGN	lign	lign	lign	lign
96931	Lignans	MG		63001.0	Lignans	Lignans	lignans	lignans	lignans	lignans
96932	LUTEOL	MG		63001.0	LUTEOL	LUTEOL	luteol	luteol	luteol	luteol
96933	LUTN	MG		63001.0	LUTN	LUTN	lutn	lutn	lutn	lutn
96934	LUTN_A_ZEA	MG		63001.0	LUTN_A_ZEA	LUTN_A_ZEA	lutn_a_zea	lutn_a_zea	lutn_a_zea	lutn a zea
96935	LUTNZEA	MG		63001.0	LUTNZEA	LUTNZEA	lutnzea	lutnzea	lutnzea	lutnzea
96936	LYCPN	MG		63001.0	LYCPN	LYCPN	lycpn	lycpn	lycpn	lycpn
96937	LYS	MG		63001.0	LYS	LYS	lys	lys	lys	lys
96938	Lysin	MG		63001.0	Lysin	Lysin	lysin	lysin	lysin	lysin
96939	Macro nutrients etc.	MG		63001.0	Macro nutrients etc.	Macro nutrients etc.	macro nutrients etc.	macro nutrients etc.	macro nutrients etc.	macro nutrients etc
96940	Magnésium	MG		63001.0	Magnésium	Magnésium	magnésium	magnésium	magnésium	magn sium
96941	Makronæringstoffer m.m.	MG		63001.0	Makronæringstoffer m.m.	Makronæringstoffer m.m.	makronæringstoffer m.m.	makronæringstoffer m.m.	makronæringstoffer m.m.	makron ringstoffer m m
96942	MALAC	MG		63001.0	MALAC	MALAC	malac	malac	malac	malac
96943	MALS	MG		63001.0	MALS	MALS	mals	mals	mals	mals
96944	MALSM	MG		63001.0	MALSM	MALSM	malsm	malsm	malsm	malsm
96945	Maltitol	MG		63001.0	Maltitol	Maltitol	maltitol	maltitol	maltitol	maltitol
96946	MALTL	MG		63001.0	MALTL	MALTL	maltl	maltl	maltl	maltl
96947	Mangan	MG		63001.0	Mangan	Mangan	mangan	mangan	mangan	mangan
96948	MANS	MG		63001.0	MANS	MANS	mans	mans	mans	mans
96949	MANTL	MG		63001.0	MANTL	MANTL	mantl	mantl	mantl	mantl
96950	Massefylde	MG		63001.0	Massefylde	Massefylde	massefylde	massefylde	massefylde	massefylde
96951	Matairesinol	MG		63001.0	Matairesinol	Matairesinol	matairesinol	matairesinol	matairesinol	matairesinol
96952	Matching comments	MG		63001.0	Matching comments	Matching comments	matching comments	matching comments	matching comments	matching comments
96953	max	MG		63001.0	max	max	max	max	max	max
96954	Maximal decimal places	MG		63001.0	Maximal decimal places	Maximal decimal places	maximal decimal places	maximal decimal places	maximal decimal places	maximal decimal places
96955	mean	MG		63001.0	mean	mean	mean	mean	mean	mean
96956	Median	MG		63001.0	Median	Median	median	median	median	median
96957	Medioresinol	MG		63001.0	Medioresinol	Medioresinol	medioresinol	medioresinol	medioresinol	medioresinol
96958	Menaquinon 10	MG		63001.0	Menaquinon 10	Menaquinon 10	menaquinon 10	menaquinon 10	menaquinon 10	menaquinon 10
96959	Menaquinon 4	MG		63001.0	Menaquinon 4	Menaquinon 4	menaquinon 4	menaquinon 4	menaquinon 4	menaquinon 4
96960	Menaquinon 5	MG		63001.0	Menaquinon 5	Menaquinon 5	menaquinon 5	menaquinon 5	menaquinon 5	menaquinon 5
96961	Menaquinon 6	MG		63001.0	Menaquinon 6	Menaquinon 6	menaquinon 6	menaquinon 6	menaquinon 6	menaquinon 6
96962	Menaquinon 7	MG		63001.0	Menaquinon 7	Menaquinon 7	menaquinon 7	menaquinon 7	menaquinon 7	menaquinon 7
96963	Menaquinon 8	MG		63001.0	Menaquinon 8	Menaquinon 8	menaquinon 8	menaquinon 8	menaquinon 8	menaquinon 8
96964	Menaquinon 9	MG		63001.0	Menaquinon 9	Menaquinon 9	menaquinon 9	menaquinon 9	menaquinon 9	menaquinon 9
96965	Menaquinone 10	MG		63001.0	Menaquinone 10	Menaquinone 10	menaquinone 10	menaquinone 10	menaquinone 10	menaquinone 10
96966	Menaquinone 4	MG		63001.0	Menaquinone 4	Menaquinone 4	menaquinone 4	menaquinone 4	menaquinone 4	menaquinone 4
96967	Menaquinone 5	MG		63001.0	Menaquinone 5	Menaquinone 5	menaquinone 5	menaquinone 5	menaquinone 5	menaquinone 5
96968	Menaquinone 6	MG		63001.0	Menaquinone 6	Menaquinone 6	menaquinone 6	menaquinone 6	menaquinone 6	menaquinone 6
96969	Menaquinone 7	MG		63001.0	Menaquinone 7	Menaquinone 7	menaquinone 7	menaquinone 7	menaquinone 7	menaquinone 7
96970	Menaquinone 8	MG		63001.0	Menaquinone 8	Menaquinone 8	menaquinone 8	menaquinone 8	menaquinone 8	menaquinone 8
96971	Menaquinone 9	MG		63001.0	Menaquinone 9	Menaquinone 9	menaquinone 9	menaquinone 9	menaquinone 9	menaquinone 9
96972	MET	MG		63001.0	MET	MET	met	met	met	met
96973	Methionin	MG		63001.0	Methionin	Methionin	methionin	methionin	methionin	methionin
96974	MGLY	MG		63001.0	MGLY	MGLY	mgly	mgly	mgly	mgly
96975	min	MG		63001.0	min	min	min	min	min	min
96976	Mineraler og uorganisk	MG		63001.0	Mineraler og uorganisk	Mineraler og uorganisk	mineraler og uorganisk	mineraler og uorganisk	mineraler og uorganisk	mineraler og uorganisk
96977	Minerals and inorganic	MG		63001.0	Minerals and inorganic	Minerals and inorganic	minerals and inorganic	minerals and inorganic	minerals and inorganic	minerals and inorganic
96978	Minerals and trace elements	MG		63001.0	Minerals and trace elements	Minerals and trace elements	minerals and trace elements	minerals and trace elements	minerals and trace elements	minerals and trace elements
96979	Miscellaneous	MG		63001.0	Miscellaneous	Miscellaneous	miscellaneous	miscellaneous	miscellaneous	miscellaneous
96980	Missing facet	MG		63001.0	Missing facet	Missing facet	missing facet	missing facet	missing facet	missing facet
96981	MJP	MG		63001.0	MJP	MJP	mjp	mjp	mjp	mjp
96982	MK10	MG		63001.0	MK10	MK10	mk10	mk10	mk10	mk10
96983	MK4	MG		63001.0	MK4	MK4	mk4	mk4	mk4	mk4
96984	MK5	MG		63001.0	MK5	MK5	mk5	mk5	mk5	mk5
96985	MK6	MG		63001.0	MK6	MK6	mk6	mk6	mk6	mk6
96986	MK7	MG		63001.0	MK7	MK7	mk7	mk7	mk7	mk7
96987	MK8	MG		63001.0	MK8	MK8	mk8	mk8	mk8	mk8
96988	MK9	MG		63001.0	MK9	MK9	mk9	mk9	mk9	mk9
96989	MNSAC	MG		63001.0	MNSAC	MNSAC	mnsac	mnsac	mnsac	mnsac
96990	Molybdæn	MG		63001.0	Molybdæn	Molybdæn	molybdæn	molybdæn	molybdæn	molybd n
96991	Mono FA/ 100g FA	MG		63001.0	Mono FA/ 100g FA	Mono FA / 100g FA	mono fa/100g fa	mono fa/100g fa	mono fa/100g fa	mono fa 100g fa
96992	Monoumættede fedtsyrer	MG		63001.0	Monoumættede fedtsyrer	Monoumættede fedtsyrer	monoumættede fedtsyrer	monoumættede fedtsyrer	monoumættede fedtsyrer	monoum ttede fedtsyrer
96993	MUCIL	MG		63001.0	MUCIL	MUCIL	mucil	mucil	mucil	mucil
96994	MYRIC	MG		63001.0	MYRIC	MYRIC	myric	myric	myric	myric
96995	Mælkesyre	MG		63001.0	Mælkesyre	Mælkesyre	mælkesyre	mælkesyre	mælkesyre	m lkesyre
96996	Mættede fedtsyrer	MG		63001.0	Mættede fedtsyrer	Mættede fedtsyrer	mættede fedtsyrer	mættede fedtsyrer	mættede fedtsyrer	m ttede fedtsyrer
96997	Méthode	MG		63001.0	Méthode	Méthode	méthode	méthode	méthode	m thode
96998	n-3 poly /100g FA	MG		63001.0	n-3 poly /100g FA	n-3 poly / 100g FA	n-3 poly/100g fa	n-3 poly/100g fa	n-3 poly/100g fa	n 3 poly 100g fa
96999	n-6 poly /100g FA	MG		63001.0	n-6 poly /100g FA	n-6 poly / 100g FA	n-6 poly/100g fa	n-6 poly/100g fa	n-6 poly/100g fa	n 6 poly 100g fa
97000	NACL	MG		63001.0	NACL	NACL	nacl	nacl	nacl	nacl
97001	Naphtoquinones	MG		63001.0	Naphtoquinones	Naphtoquinones	naphtoquinones	naphtoquinones	naphtoquinones	naphtoquinones
97002	NARING	MG		63001.0	NARING	NARING	naring	naring	naring	naring
97003	Naringin	MG		63001.0	Naringin	Naringin	naringin	naringin	naringin	naringin
97004	Natrium	MG		63001.0	Natrium	Natrium	natrium	natrium	natrium	natrium
97005	nb_of_publications	MG		63001.0	nb_of_publications	nb_of_publications	nb_of_publications	nb_of_publications	nb_of_publications	nb of publications
97006	NCBI	MG		63001.0	NCBI	NCBI	ncbi	ncbi	ncbi	ncbi
97007	NCF	MG		63001.0	NCF	NCF	ncf	ncf	ncf	ncf
97008	NEOX	MG		63001.0	NEOX	NEOX	neox	neox	neox	neox
97009	NEUROSP	MG		63001.0	NEUROSP	NEUROSP	neurosp	neurosp	neurosp	neurosp
97010	Neutral detergent fibre	MG		63001.0	Neutral detergent fibre	Neutral detergent fibre	neutral detergent fibre	neutral detergent fibre	neutral detergent fibre	neutral detergent fibre
97011	NEVO-versie/NEVO-version	MG		63001.0	NEVO-versie/NEVO-version	NEVO-versie / NEVO-version	nevo-versie/nevo-version	nevo-versie/nevo-version	nevo-versie/nevo-version	nevo versie nevo version
97012	NFIBAD	MG		63001.0	NFIBAD	NFIBAD	nfibad	nfibad	nfibad	nfibad
97013	NHAEM	MG		63001.0	NHAEM	NHAEM	nhaem	nhaem	nhaem	nhaem
97014	NIA	MG		63001.0	NIA	NIA	nia	nia	nia	nia
97015	NIA-	MG		63001.0	NIA-	NIA-	nia-	nia-	nia-	nia
97016	Niacin (Vit B3)	MG		63001.0	Niacin (Vit B3)	Niacin (Vit B3)	niacin (vit b3)	niacin (vit b3)	niacin	niacin vit b3
97017	Niacin, preformed	MG		63001.0	Niacin, preformed	Niacin, preformed	niacin, preformed	niacin preformed	niacin, preformed	niacin preformed
97018	Niacine, préformée	MG		63001.0	Niacine, préformée	Niacine, préformée	niacine, préformée	niacine préformée	niacine, préformée	niacine pr form e
97019	Niacinækvivalent	MG		63001.0	Niacinækvivalent	Niacinækvivalent	niacinækvivalent	niacinækvivalent	niacinækvivalent	niacin kvivalent
97020	NIAEQ	MG		63001.0	NIAEQ	NIAEQ	niaeq	niaeq	niaeq	niaeq
97021	NIATRP	MG		63001.0	NIATRP	NIATRP	niatrp	niatrp	niatrp	niatrp
97022	NICOTAC	MG		63001.0	NICOTAC	NICOTAC	nicotac	nicotac	nicotac	nicotac
97023	Nikkel	MG		63001.0	Nikkel	Nikkel	nikkel	nikkel	nikkel	nikkel
97024	NITRA	MG		63001.0	NITRA	NITRA	nitra	nitra	nitra	nitra
97025	NITRI	MG		63001.0	NITRI	NITRI	nitri	nitri	nitri	nitri
97026	NNC	MG		63001.0	NNC	NNC	nnc	nnc	nnc	nnc
97027	NNP	MG		63001.0	NNP	NNP	nnp	nnp	nnp	nnp
97028	non-cellulosic	MG		63001.0	non-cellulosic	non-cellulosic	non-cellulosic	non-cellulosic	non-cellulosic	non cellulosic
97029	Not used	MG		63001.0	Not used	Not used	not used	not used	not used	not used
97030	Notes	MG		63001.0	Notes	Notes	notes	notes	notes	notes
97031	NPRO	MG		63001.0	NPRO	NPRO	npro	npro	npro	npro
97032	NSP	MG		63001.0	NSP	NSP	nsp	nsp	nsp	nsp
97033	NumberOfDeterminations	MG		63001.0	NumberOfDeterminations	NumberOfDeterminations	numberofdeterminations	numberofdeterminations	numberofdeterminations	numberofdeterminations
97034	NVSUGAF	MG		63001.0	NVSUGAF	NVSUGAF	nvsugaf	nvsugaf	nvsugaf	nvsugaf
97035	NWHEY	MG		63001.0	NWHEY	NWHEY	nwhey	nwhey	nwhey	nwhey
97036	Nøglehulsmærket	MG		63001.0	Nøglehulsmærket	Nøglehulsmærket	nøglehulsmærket	nøglehulsmærket	nøglehulsmærket	n glehulsm rket
97037	Observation #	MG		63001.0	Observation #	Observation #	observation #	observation #	observation #	observation
97038	OLSAC	MG		63001.0	OLSAC	OLSAC	olsac	olsac	olsac	olsac
97039	Ophavsret og copyright	MG		63001.0	Ophavsret og copyright	Ophavsret og copyright	ophavsret og copyright	ophavsret og copyright	ophavsret og copyright	ophavsret og copyright
97040	Opmerking	MG		63001.0	Opmerking	Opmerking	opmerking	opmerking	opmerking	opmerking
97041	Organiske syrer	MG		63001.0	Organiske syrer	Organiske syrer	organiske syrer	organiske syrer	organiske syrer	organiske syrer
97042	ORIGCPCD	MG		63001.0	ORIGCPCD	ORIGCPCD	origcpcd	origcpcd	origcpcd	origcpcd
97043	ORN	MG		63001.0	ORN	ORN	orn	orn	orn	orn
97044	Ornithine	MG		63001.0	Ornithine	Ornithine	ornithine	ornithine	ornithine	ornithine
97045	Ornitin	MG		63001.0	Ornitin	Ornitin	ornitin	ornitin	ornitin	ornitin
97046	Other	MG		63001.0	Other	Other	other	other	other	other
97047	Other bioactive compounds	MG		63001.0	Other bioactive compounds	Other bioactive compounds	other bioactive compounds	other bioactive compounds	other bioactive compounds	other bioactive compounds
97048	Other Cholesterol and Phytosterols	MG		63001.0	Other Cholesterol and Phytosterols	Other Cholesterol and Phytosterols	other cholesterol and phytosterols	other cholesterol and phytosterols	other cholesterol and phytosterols	other cholesterol and phytosterols
97049	Other nitrogen-containing components	MG		63001.0	Other nitrogen-containing components	Other nitrogen-containing components	other nitrogen-containing components	other nitrogen-containing components	other nitrogen-containing components	other nitrogen containing components
97050	Other polyphenols	MG		63001.0	Other polyphenols	Other polyphenols	other polyphenols	other polyphenols	other polyphenols	other polyphenols
97051	OXALAC	MG		63001.0	OXALAC	OXALAC	oxalac	oxalac	oxalac	oxalac
97052	Oxalsyre	MG		63001.0	Oxalsyre	Oxalsyre	oxalsyre	oxalsyre	oxalsyre	oxalsyre
97053	PageEnd	MG		63001.0	PageEnd	PageEnd	pageend	pageend	pageend	pageend
97054	PageStart	MG		63001.0	PageStart	PageStart	pagestart	pagestart	pagestart	pagestart
97055	PANTAC	MG		63001.0	PANTAC	PANTAC	pantac	pantac	pantac	pantac
97056	Pantotensyre	MG		63001.0	Pantotensyre	Pantotensyre	pantotensyre	pantotensyre	pantotensyre	pantotensyre
97057	Pantothenate	MG		63001.0	Pantothenate	Pantothenate	pantothenate	pantothenate	pantothenate	pantothenate
97058	PAPOLY	MG		63001.0	PAPOLY	PAPOLY	papoly	papoly	papoly	papoly
97059	ParameterGruppeNavn	MG		63001.0	ParameterGruppeNavn	ParameterGruppeNavn	parametergruppenavn	parametergruppenavn	parametergruppenavn	parametergruppenavn
97060	ParameterNavn	MG		63001.0	ParameterNavn	ParameterNavn	parameternavn	parameternavn	parameternavn	parameternavn
97061	PCHOUAC	MG		63001.0	PCHOUAC	PCHOUAC	pchouac	pchouac	pchouac	pchouac
97062	PCHOUAC.1	MG		63001.0	PCHOUAC.1	PCHOUAC.1	pchouac.1	pchouac.1	pchouac.1	pchouac 1
97063	PECT	MG		63001.0	PECT	PECT	pect	pect	pect	pect
97064	PHE	MG		63001.0	PHE	PHE	phe	phe	phe	phe
97065	PHE_A_TYR	MG		63001.0	PHE_A_TYR	PHE_A_TYR	phe_a_tyr	phe_a_tyr	phe_a_tyr	phe a tyr
97066	PHENAC	MG		63001.0	PHENAC	PHENAC	phenac	phenac	phenac	phenac
97067	Phenylalanin	MG		63001.0	Phenylalanin	Phenylalanin	phenylalanin	phenylalanin	phenylalanin	phenylalanin
97068	Phenylethylamin	MG		63001.0	Phenylethylamin	Phenylethylamin	phenylethylamin	phenylethylamin	phenylethylamin	phenylethylamin
97069	Phenylethylamine	MG		63001.0	Phenylethylamine	Phenylethylamine	phenylethylamine	phenylethylamine	phenylethylamine	phenylethylamine
97070	PHETN	MG		63001.0	PHETN	PHETN	phetn	phetn	phetn	phetn
97071	PHOAC	MG		63001.0	PHOAC	PHOAC	phoac	phoac	phoac	phoac
97072	PHOETHN	MG		63001.0	PHOETHN	PHOETHN	phoethn	phoethn	phoethn	phoethn
97073	PHOINOTL	MG		63001.0	PHOINOTL	PHOINOTL	phoinotl	phoinotl	phoinotl	phoinotl
97074	PHOLIP	MG		63001.0	PHOLIP	PHOLIP	pholip	pholip	pholip	pholip
97075	PHOSER	MG		63001.0	PHOSER	PHOSER	phoser	phoser	phoser	phoser
97076	Phosphore	MG		63001.0	Phosphore	Phosphore	phosphore	phosphore	phosphore	phosphore
97077	PHY:FE	MG		63001.0	PHY:FE	PHY:FE	phy:fe	phy:fe	phy:fe	phy fe
97078	PHY:ZN	MG		63001.0	PHY:ZN	PHY:ZN	phy:zn	phy:zn	phy:zn	phy zn
97079	PHYT-	MG		63001.0	PHYT-	PHYT-	phyt-	phyt-	phyt-	phyt
97080	PHYT-:FE	MG		63001.0	PHYT-:FE	PHYT-:FE	phyt-:fe	phyt-:fe	phyt-:fe	phyt fe
97081	PHYT-:ZN	MG		63001.0	PHYT-:ZN	PHYT-:ZN	phyt-:zn	phyt-:zn	phyt-:zn	phyt zn
97082	Phytate	MG		63001.0	Phytate	Phytate	phytate	phytate	phytate	phytate
97083	PHYTC-	MG		63001.0	PHYTC-	PHYTC-	phytc-	phytc-	phytc-	phytc
97084	PHYTC-:FE	MG		63001.0	PHYTC-:FE	PHYTC-:FE	phytc-:fe	phytc-:fe	phytc-:fe	phytc fe
97085	PHYTC-:ZN	MG		63001.0	PHYTC-:ZN	PHYTC-:ZN	phytc-:zn	phytc-:zn	phytc-:zn	phytc zn
97086	PHYTCA	MG		63001.0	PHYTCA	PHYTCA	phytca	phytca	phytca	phytca
97087	PHYTCA:FE	MG		63001.0	PHYTCA:FE	PHYTCA:FE	phytca:fe	phytca:fe	phytca:fe	phytca fe
97088	PHYTCA:ZN	MG		63001.0	PHYTCA:ZN	PHYTCA:ZN	phytca:zn	phytca:zn	phytca:zn	phytca zn
97089	PHYTCPP	MG		63001.0	PHYTCPP	PHYTCPP	phytcpp	phytcpp	phytcpp	phytcpp
97090	PHYTCPP:FE	MG		63001.0	PHYTCPP:FE	PHYTCPP:FE	phytcpp:fe	phytcpp:fe	phytcpp:fe	phytcpp fe
97091	PHYTCPP:ZN	MG		63001.0	PHYTCPP:ZN	PHYTCPP:ZN	phytcpp:zn	phytcpp:zn	phytcpp:zn	phytcpp zn
97092	PHYTCPPD	MG		63001.0	PHYTCPPD	PHYTCPPD	phytcppd	phytcppd	phytcppd	phytcppd
97093	PHYTCPPD:FE	MG		63001.0	PHYTCPPD:FE	PHYTCPPD:FE	phytcppd:fe	phytcppd:fe	phytcppd:fe	phytcppd fe
97094	PHYTCPPD:ZN	MG		63001.0	PHYTCPPD:ZN	PHYTCPPD:ZN	phytcppd:zn	phytcppd:zn	phytcppd:zn	phytcppd zn
97095	PHYTCPPI	MG		63001.0	PHYTCPPI	PHYTCPPI	phytcppi	phytcppi	phytcppi	phytcppi
97096	PHYTCPPI:FE	MG		63001.0	PHYTCPPI:FE	PHYTCPPI:FE	phytcppi:fe	phytcppi:fe	phytcppi:fe	phytcppi fe
97097	PHYTCPPI:ZN	MG		63001.0	PHYTCPPI:ZN	PHYTCPPI:ZN	phytcppi:zn	phytcppi:zn	phytcppi:zn	phytcppi zn
97098	PHYTOFLUENCE	MG		63001.0	PHYTOFLUENCE	PHYTOFLUENCE	phytofluence	phytofluence	phytofluence	phytofluence
97099	Phytosterol	MG		63001.0	Phytosterol	Phytosterol	phytosterol	phytosterol	phytosterol	phytosterol
97100	Piceatannol	MG		63001.0	Piceatannol	Piceatannol	piceatannol	piceatannol	piceatannol	piceatannol
97101	Pigment A	MG		63001.0	Pigment A	Pigment A	pigment a	pigment a	pigment a	pigment a
97102	Pinoresinol	MG		63001.0	Pinoresinol	Pinoresinol	pinoresinol	pinoresinol	pinoresinol	pinoresinol
97103	Pinosylvin	MG		63001.0	Pinosylvin	Pinosylvin	pinosylvin	pinosylvin	pinosylvin	pinosylvin
97104	Pinotin A	MG		63001.0	Pinotin A	Pinotin A	pinotin a	pinotin a	pinotin a	pinotin a
97105	Plant sterols	MG		63001.0	Plant sterols	Plant sterols	plant sterols	plant sterols	plant sterols	plant sterols
97106	Poly FA /100g FA	MG		63001.0	Poly FA /100g FA	Poly FA / 100g FA	poly fa/100g fa	poly fa/100g fa	poly fa/100g fa	poly fa 100g fa
97107	POLYL	MG		63001.0	POLYL	POLYL	polyl	polyl	polyl	polyl
97108	Polymers (>10 mers)	MG		63001.0	Polymers (>10 mers)	Polymers (>10 mers)	polymers (>10 mers)	polymers (>10 mers)	polymers	polymers 10 mers
97109	Polyols	MG		63001.0	Polyols	Polyols	polyols	polyols	polyols	polyols
97110	POLYPHENT	MG		63001.0	POLYPHENT	POLYPHENT	polyphent	polyphent	polyphent	polyphent
97111	Polyumættede fedtsyrer	MG		63001.0	Polyumættede fedtsyrer	Polyumættede fedtsyrer	polyumættede fedtsyrer	polyumættede fedtsyrer	polyumættede fedtsyrer	polyum ttede fedtsyrer
97112	PP-	MG		63001.0	PP-	PP-	pp-	pp-	pp-	pp
97113	PPD	MG		63001.0	PPD	PPD	ppd	ppd	ppd	ppd
97114	PPI	MG		63001.0	PPI	PPI	ppi	ppi	ppi	ppi
97115	Previous	MG		63001.0	Previous	Previous	previous	previous	previous	previous
97116	PRO	MG		63001.0	PRO	PRO	pro	pro	pro	pro
97117	PROANTCYA	MG		63001.0	PROANTCYA	PROANTCYA	proantcya	proantcya	proantcya	proantcya
97118	Processing	MG		63001.0	Processing	Processing	processing	processing	processing	processing
97119	PROCYA	MG		63001.0	PROCYA	PROCYA	procya	procya	procya	procya
97120	Prolin	MG		63001.0	Prolin	Prolin	prolin	prolin	prolin	prolin
97121	PROPAC	MG		63001.0	PROPAC	PROPAC	propac	propac	propac	propac
97122	Propionsyre	MG		63001.0	Propionsyre	Propionsyre	propionsyre	propionsyre	propionsyre	propionsyre
97123	PROT	MG		63001.0	PROT	PROT	prot	prot	prot	prot
97124	PROT-	MG		63001.0	PROT-	PROT-	prot-	prot-	prot-	prot
97125	PROTA	MG		63001.0	PROTA	PROTA	prota	prota	prota	prota
97126	PROTAN	MG		63001.0	PROTAN	PROTAN	protan	protan	protan	protan
97127	PROTCNA	MG		63001.0	PROTCNA	PROTCNA	protcna	protcna	protcna	protcna
97128	PROTCNP	MG		63001.0	PROTCNP	PROTCNP	protcnp	protcnp	protcnp	protcnp
97129	PROTCNT	MG		63001.0	PROTCNT	PROTCNT	protcnt	protcnt	protcnt	protcnt
97130	Protocatechuic aldehyde	MG		63001.0	Protocatechuic aldehyde	Protocatechuic aldehyde	protocatechuic aldehyde	protocatechuic aldehyde	protocatechuic aldehyde	protocatechuic aldehyde
97131	PROTPL	MG		63001.0	PROTPL	PROTPL	protpl	protpl	protpl	protpl
97132	PSACNC	MG		63001.0	PSACNC	PSACNC	psacnc	psacnc	psacnc	psacnc
97133	PSACNSI	MG		63001.0	PSACNSI	PSACNSI	psacnsi	psacnsi	psacnsi	psacnsi
97134	PSACNSS	MG		63001.0	PSACNSS	PSACNSS	psacnss	psacnss	psacnss	psacnss
97135	Pterostilbene	MG		63001.0	Pterostilbene	Pterostilbene	pterostilbene	pterostilbene	pterostilbene	pterostilbene
97136	Publication year	MG		63001.0	Publication year	Publication year	publication year	publication year	publication year	publication year
97137	Publisher	MG		63001.0	Publisher	Publisher	publisher	publisher	publisher	publisher
97138	Putrescin	MG		63001.0	Putrescin	Putrescin	putrescin	putrescin	putrescin	putrescin
97139	Putrescine	MG		63001.0	Putrescine	Putrescine	putrescine	putrescine	putrescine	putrescine
97140	PUTRSC	MG		63001.0	PUTRSC	PUTRSC	putrsc	putrsc	putrsc	putrsc
97141	Pyrogallol	MG		63001.0	Pyrogallol	Pyrogallol	pyrogallol	pyrogallol	pyrogallol	pyrogallol
97142	PYRXN	MG		63001.0	PYRXN	PYRXN	pyrxn	pyrxn	pyrxn	pyrxn
97143	PYRXNHCL	MG		63001.0	PYRXNHCL	PYRXNHCL	pyrxnhcl	pyrxnhcl	pyrxnhcl	pyrxnhcl
97144	QUERCE	MG		63001.0	QUERCE	QUERCE	querce	querce	querce	querce
97145	QUINAC	MG		63001.0	QUINAC	QUINAC	quinac	quinac	quinac	quinac
97146	RAFS	MG		63001.0	RAFS	RAFS	rafs	rafs	rafs	rafs
97147	RAFSM	MG		63001.0	RAFSM	RAFSM	rafsm	rafsm	rafsm	rafsm
97148	RdV	MG		63001.0	RdV	RdV	rdv	rdv	rdv	rdv
97149	ReportNumber	MG		63001.0	ReportNumber	ReportNumber	reportnumber	reportnumber	reportnumber	reportnumber
97150	ResVal	MG		63001.0	ResVal	ResVal	resval	resval	resval	resval
97151	Resveratrol	MG		63001.0	Resveratrol	Resveratrol	resveratrol	resveratrol	resveratrol	resveratrol
97152	RESVTROL	MG		63001.0	RESVTROL	RESVTROL	resvtrol	resvtrol	resvtrol	resvtrol
97153	Retinaldehyde	MG		63001.0	Retinaldehyde	Retinaldehyde	retinaldehyde	retinaldehyde	retinaldehyde	retinaldehyde
97154	Retinol activity equialents (RAE)	MG		63001.0	Retinol activity equialents (RAE)	Retinol activity equialents	retinol activity equialents	retinol activity equialents	retinol activity equialents	retinol activity equialents
97155	RETOL	MG		63001.0	RETOL	RETOL	retol	retol	retol	retol
97156	RETOL(IU)	MG		63001.0	RETOL(IU)	RETOL	retol	retol	retol	retol
97157	RETOL13	MG		63001.0	RETOL13	RETOL13	retol13	retol13	retol13	retol13
97158	RETOLAT	MG		63001.0	RETOLAT	RETOLAT	retolat	retolat	retolat	retolat
97159	RETOLDH	MG		63001.0	RETOLDH	RETOLDH	retoldh	retoldh	retoldh	retoldh
97160	RETOLEQ	MG		63001.0	RETOLEQ	RETOLEQ	retoleq	retoleq	retoleq	retoleq
97161	Rhamnetin	MG		63001.0	Rhamnetin	Rhamnetin	rhamnetin	rhamnetin	rhamnetin	rhamnetin
97162	RHAS	MG		63001.0	RHAS	RHAS	rhas	rhas	rhas	rhas
97163	RIBF	MG		63001.0	RIBF	RIBF	ribf	ribf	ribf	ribf
97164	Riboflavin (B2-vitamin)	MG		63001.0	Riboflavin (B2-vitamin)	Riboflavin (B2-vitamin)	riboflavin (b2-vitamin)	riboflavin (b2-vitamin)	riboflavin	riboflavin b2 vitamin
97165	Riboflavin (Vit B2)	MG		63001.0	Riboflavin (Vit B2)	Riboflavin (Vit B2)	riboflavin (vit b2)	riboflavin (vit b2)	riboflavin	riboflavin vit b2
97166	Riboflavin (vitamin B2)	MG		63001.0	Riboflavin (vitamin B2)	Riboflavin (vitamin B2)	riboflavin (vitamin b2)	riboflavin (vitamin b2)	riboflavin	riboflavin vitamin b2
97167	Riboflavine (vitamine B2)	MG		63001.0	Riboflavine (vitamine B2)	Riboflavine (vitamine B2)	riboflavine (vitamine b2)	riboflavine (vitamine b2)	riboflavine	riboflavine vitamine b2
97168	RIBS	MG		63001.0	RIBS	RIBS	ribs	ribs	ribs	ribs
97169	RUTIN	MG		63001.0	RUTIN	RUTIN	rutin	rutin	rutin	rutin
97170	Rétinol	MG		63001.0	Rétinol	Rétinol	rétinol	rétinol	rétinol	r tinol
97171	Sakkarose	MG		63001.0	Sakkarose	Sakkarose	sakkarose	sakkarose	sakkarose	sakkarose
97172	SALAC	MG		63001.0	SALAC	SALAC	salac	salac	salac	salac
97173	Salt	MG		63001.0	Salt	Salt	salt	salt	salt	salt
97174	Salt deklaration	MG		63001.0	Salt deklaration	Salt deklaration	salt deklaration	salt deklaration	salt deklaration	salt deklaration
97175	Salt labelling	MG		63001.0	Salt labelling	Salt labelling	salt labelling	salt labelling	salt labelling	salt labelling
97176	SAPON	MG		63001.0	SAPON	SAPON	sapon	sapon	sapon	sapon
97177	Satd FA /100g FA	MG		63001.0	Satd FA /100g FA	Satd FA / 100g FA	satd fa/100g fa	satd fa/100g fa	satd fa/100g fa	satd fa 100g fa
97178	Satd FA /100g fd	MG		63001.0	Satd FA /100g fd	Satd FA / 100g fd	satd fa/100g fd	satd fa/100g fd	satd fa/100g fd	satd fa 100g fd
97179	Scopoletin	MG		63001.0	Scopoletin	Scopoletin	scopoletin	scopoletin	scopoletin	scopoletin
97180	Season	MG		63001.0	Season	Season	season	season	season	season
97181	Secoisolariciresinol	MG		63001.0	Secoisolariciresinol	Secoisolariciresinol	secoisolariciresinol	secoisolariciresinol	secoisolariciresinol	secoisolariciresinol
97182	SED	MG		63001.0	SED	SED	sed	sed	sed	sed
97183	Selen	MG		63001.0	Selen	Selen	selen	selen	selen	selen
97184	SER	MG		63001.0	SER	SER	ser	ser	ser	ser
97185	Serin	MG		63001.0	Serin	Serin	serin	serin	serin	serin
97186	SEROTN	MG		63001.0	SEROTN	SEROTN	serotn	serotn	serotn	serotn
97187	Serotonin	MG		63001.0	Serotonin	Serotonin	serotonin	serotonin	serotonin	serotonin
97188	SHIKAC	MG		63001.0	SHIKAC	SHIKAC	shikac	shikac	shikac	shikac
97189	Significant figures	MG		63001.0	Significant figures	Significant figures	significant figures	significant figures	significant figures	significant figures
97190	Silicium	MG		63001.0	Silicium	Silicium	silicium	silicium	silicium	silicium
97191	Sinapaldehyde	MG		63001.0	Sinapaldehyde	Sinapaldehyde	sinapaldehyde	sinapaldehyde	sinapaldehyde	sinapaldehyde
97192	SINPAC	MG		63001.0	SINPAC	SINPAC	sinpac	sinpac	sinpac	sinpac
97193	SITSTR	MG		63001.0	SITSTR	SITSTR	sitstr	sitstr	sitstr	sitstr
97194	SMILES	MG		63001.0	SMILES	SMILES	smiles	smiles	smiles	smiles
97195	SML	MG		63001.0	SML	SML	sml	sml	sml	sml
97196	SMR	MG		63001.0	SMR	SMR	smr	smr	smr	smr
97197	SN.1	MG		63001.0	SN.1	SN.1	sn.1	sn.1	sn.1	sn 1
97198	SOLAA	MG		63001.0	SOLAA	SOLAA	solaa	solaa	solaa	solaa
97199	Somme des macronutriments	MG		63001.0	Somme des macronutriments	Somme des macronutriments	somme des macronutriments	somme des macronutriments	somme des macronutriments	somme des macronutriments
97200	Somme des macronutriments (SOP)	MG		63001.0	Somme des macronutriments (SOP)	Somme des macronutriments	somme des macronutriments	somme des macronutriments	somme des macronutriments	somme des macronutriments
97201	SOP	MG		63001.0	SOP	SOP	sop	sop	sop	sop
97202	SortKey	MG		63001.0	SortKey	SortKey	sortkey	sortkey	sortkey	sortkey
97203	SORTL	MG		63001.0	SORTL	SORTL	sortl	sortl	sortl	sortl
97204	Species/Subspecies	MG		63001.0	Species/Subspecies	Species / Subspecies	species/subspecies	species/subspecies	species/subspecies	species subspecies
97205	SPERDN	MG		63001.0	SPERDN	SPERDN	sperdn	sperdn	sperdn	sperdn
97206	Spermin	MG		63001.0	Spermin	Spermin	spermin	spermin	spermin	spermin
97207	Spermine	MG		63001.0	Spermine	Spermine	spermine	spermine	spermine	spermine
97208	SPERN	MG		63001.0	SPERN	SPERN	spern	spern	spern	spern
97209	Spoor / Verrijkt/Trace / Fortified	MG		63001.0	Spoor / Verrijkt/Trace / Fortified	Spoor / Verrijkt / Trace / Fortified	spoor/verrijkt/trace/fortified	spoor/verrijkt/trace/fortified	spoor/verrijkt/trace/fortified	spoor verrijkt trace fortified
97210	SQUAL	MG		63001.0	SQUAL	SQUAL	squal	squal	squal	squal
97211	STARCH-	MG		63001.0	STARCH-	STARCH-	starch-	starch-	starch-	starch
97212	Starch/Glycogen	MG		63001.0	Starch/Glycogen	Starch / Glycogen	starch/glycogen	starch/glycogen	starch/glycogen	starch glycogen
97213	STARCHAVLDF	MG		63001.0	STARCHAVLDF	STARCHAVLDF	starchavldf	starchavldf	starchavldf	starchavldf
97214	STARCHM	MG		63001.0	STARCHM	STARCHM	starchm	starchm	starchm	starchm
97215	STARES	MG		63001.0	STARES	STARES	stares	stares	stares	stares
97216	STARES3	MG		63001.0	STARES3	STARES3	stares3	stares3	stares3	stares3
97217	STAS	MG		63001.0	STAS	STAS	stas	stas	stas	stas
97218	STASM	MG		63001.0	STASM	STASM	stasm	stasm	stasm	stasm
97219	Steroler	MG		63001.0	Steroler	Steroler	steroler	steroler	steroler	steroler
97220	Sterols	MG		63001.0	Sterols	Sterols	sterols	sterols	sterols	sterols
97221	STERT	MG		63001.0	STERT	STERT	stert	stert	stert	stert
97222	STGSTR	MG		63001.0	STGSTR	STGSTR	stgstr	stgstr	stgstr	stgstr
97223	Stilbenes	MG		63001.0	Stilbenes	Stilbenes	stilbenes	stilbenes	stilbenes	stilbenes
97224	Stivelse/Glykogen	MG		63001.0	Stivelse/Glykogen	Stivelse / Glykogen	stivelse/glykogen	stivelse/glykogen	stivelse/glykogen	stivelse glykogen
97225	SUCAC	MG		63001.0	SUCAC	SUCAC	sucac	sucac	sucac	sucac
97226	SUCS	MG		63001.0	SUCS	SUCS	sucs	sucs	sucs	sucs
97227	SUCSM	MG		63001.0	SUCSM	SUCSM	sucsm	sucsm	sucsm	sucsm
97228	SUGAD	MG		63001.0	SUGAD	SUGAD	sugad	sugad	sugad	sugad
97229	SUGAR	MG		63001.0	SUGAR	SUGAR	sugar	sugar	sugar	sugar
97230	SUGAR-	MG		63001.0	SUGAR-	SUGAR-	sugar-	sugar-	sugar-	sugar
97231	SUGARM	MG		63001.0	SUGARM	SUGARM	sugarm	sugarm	sugarm	sugarm
97232	SUGNRD	MG		63001.0	SUGNRD	SUGNRD	sugnrd	sugnrd	sugnrd	sugnrd
97233	SUGRD	MG		63001.0	SUGRD	SUGRD	sugrd	sugrd	sugrd	sugrd
97234	Sukkerstoffer	MG		63001.0	Sukkerstoffer	Sukkerstoffer	sukkerstoffer	sukkerstoffer	sukkerstoffer	sukkerstoffer
97235	Svind	MG		63001.0	Svind	Svind	svind	svind	svind	svind
97236	Svovl	MG		63001.0	Svovl	Svovl	svovl	svovl	svovl	svovl
97237	Synoniem	MG		63001.0	Synoniem	Synoniem	synoniem	synoniem	synoniem	synoniem
97238	SYRAC	MG		63001.0	SYRAC	SYRAC	syrac	syrac	syrac	syrac
97239	Syringaldehyde	MG		63001.0	Syringaldehyde	Syringaldehyde	syringaldehyde	syringaldehyde	syringaldehyde	syringaldehyde
97240	Syringaresinol	MG		63001.0	Syringaresinol	Syringaresinol	syringaresinol	syringaresinol	syringaresinol	syringaresinol
97241	TAN	MG		63001.0	TAN	TAN	tan	tan	tan	tan
97242	Tannins	MG		63001.0	Tannins	Tannins	tannins	tannins	tannins	tannins
97243	TARAC	MG		63001.0	TARAC	TARAC	tarac	tarac	tarac	tarac
97244	TAU	MG		63001.0	TAU	TAU	tau	tau	tau	tau
97245	Taurin	MG		63001.0	Taurin	Taurin	taurin	taurin	taurin	taurin
97246	TGLY	MG		63001.0	TGLY	TGLY	tgly	tgly	tgly	tgly
97247	THIA	MG		63001.0	THIA	THIA	thia	thia	thia	thia
97248	THIA-	MG		63001.0	THIA-	THIA-	thia-	thia-	thia-	thia
97249	THIAHCL	MG		63001.0	THIAHCL	THIAHCL	thiahcl	thiahcl	thiahcl	thiahcl
97250	Thiamin (B1-vitamin)	MG		63001.0	Thiamin (B1-vitamin)	Thiamin (B1-vitamin)	thiamin (b1-vitamin)	thiamin (b1-vitamin)	thiamin	thiamin b1 vitamin
97251	Thiamin (Vit B1)	MG		63001.0	Thiamin (Vit B1)	Thiamin (Vit B1)	thiamin (vit b1)	thiamin (vit b1)	thiamin	thiamin vit b1
97252	Thiamin (Vitamin B1)	MG		63001.0	Thiamin (Vitamin B1)	Thiamin (Vitamin B1)	thiamin (vitamin b1)	thiamin (vitamin b1)	thiamin	thiamin vitamin b1
97253	Thiamine	MG		63001.0	Thiamine	Thiamine	thiamine	thiamine	thiamine	thiamine
97254	Thiamine (vitamin B1)	MG		63001.0	Thiamine (vitamin B1)	Thiamine (vitamin B1)	thiamine (vitamin b1)	thiamine (vitamin b1)	thiamine	thiamine vitamin b1
97255	Thiamine (vitamine B1)	MG		63001.0	Thiamine (vitamine B1)	Thiamine (vitamine B1)	thiamine (vitamine b1)	thiamine (vitamine b1)	thiamine	thiamine vitamine b1
97256	THR	MG		63001.0	THR	THR	thr	thr	thr	thr
97257	Threonin	MG		63001.0	Threonin	Threonin	threonin	threonin	threonin	threonin
97258	Tilsat Sukker	MG		63001.0	Tilsat Sukker	Tilsat Sukker	tilsat sukker	tilsat sukker	tilsat sukker	tilsat sukker
97259	TitelDansk	MG		63001.0	TitelDansk	TitelDansk	titeldansk	titeldansk	titeldansk	titeldansk
97260	TitleEnglish	MG		63001.0	TitleEnglish	TitleEnglish	titleenglish	titleenglish	titleenglish	titleenglish
97261	TitleOriginal	MG		63001.0	TitleOriginal	TitleOriginal	titleoriginal	titleoriginal	titleoriginal	titleoriginal
97262	TOCPHA	MG		63001.0	TOCPHA	TOCPHA	tocpha	tocpha	tocpha	tocpha
97263	TOCPHA(IU)	MG		63001.0	TOCPHA(IU)	TOCPHA	tocpha	tocpha	tocpha	tocpha
97264	TOCPHB	MG		63001.0	TOCPHB	TOCPHB	tocphb	tocphb	tocphb	tocphb
97265	TOCPHB_A_TOCPHG	MG		63001.0	TOCPHB_A_TOCPHG	TOCPHB_A_TOCPHG	tocphb_a_tocphg	tocphb_a_tocphg	tocphb_a_tocphg	tocphb a tocphg
97266	TOCPHD	MG		63001.0	TOCPHD	TOCPHD	tocphd	tocphd	tocphd	tocphd
97267	TOCPHG	MG		63001.0	TOCPHG	TOCPHG	tocphg	tocphg	tocphg	tocphg
97268	TOCPHT	MG		63001.0	TOCPHT	TOCPHT	tocpht	tocpht	tocpht	tocpht
97269	TOCTRA	MG		63001.0	TOCTRA	TOCTRA	toctra	toctra	toctra	toctra
97270	TOCTRB	MG		63001.0	TOCTRB	TOCTRB	toctrb	toctrb	toctrb	toctrb
97271	TOCTRD	MG		63001.0	TOCTRD	TOCTRD	toctrd	toctrd	toctrd	toctrd
97272	TOCTRG	MG		63001.0	TOCTRG	TOCTRG	toctrg	toctrg	toctrg	toctrg
97273	Toxic trace elements and contaminants	MG		63001.0	Toxic trace elements and contaminants	Toxic trace elements and contaminants	toxic trace elements and contaminants	toxic trace elements and contaminants	toxic trace elements and contaminants	toxic trace elements and contaminants
97274	Trachelogenin	MG		63001.0	Trachelogenin	Trachelogenin	trachelogenin	trachelogenin	trachelogenin	trachelogenin
97275	Trans FAs /100g FA	MG		63001.0	Trans FAs /100g FA	Trans FAs / 100g FA	trans fas/100g fa	trans fas/100g fa	trans fas/100g fa	trans fas 100g fa
97276	trans monounsaturated /100g FA	MG		63001.0	trans monounsaturated /100g FA	trans monounsaturated / 100g FA	trans monounsaturated/100g fa	trans monounsaturated/100g fa	trans monounsaturated/100g fa	trans monounsaturated 100g fa
97277	trans poly /100g FA	MG		63001.0	trans poly /100g FA	trans poly / 100g FA	trans poly/100g fa	trans poly/100g fa	trans poly/100g fa	trans poly 100g fa
97278	TRES	MG		63001.0	TRES	TRES	tres	tres	tres	tres
97279	TRP	MG		63001.0	TRP	TRP	trp	trp	trp	trp
97280	Tryptofan	MG		63001.0	Tryptofan	Tryptofan	tryptofan	tryptofan	tryptofan	tryptofan
97281	Tryptophan/60	MG		63001.0	Tryptophan/60	Tryptophan / 60	tryptophan/60	tryptophan/60	tryptophan/60	tryptophan 60
97282	Tryptophane	MG		63001.0	Tryptophane	Tryptophane	tryptophane	tryptophane	tryptophane	tryptophane
97283	TYR	MG		63001.0	TYR	TYR	tyr	tyr	tyr	tyr
97284	TYRA	MG		63001.0	TYRA	TYRA	tyra	tyra	tyra	tyra
97285	Tyramin	MG		63001.0	Tyramin	Tyramin	tyramin	tyramin	tyramin	tyramin
97286	Tyramine	MG		63001.0	Tyramine	Tyramine	tyramine	tyramine	tyramine	tyramine
97287	Tyrosin	MG		63001.0	Tyrosin	Tyrosin	tyrosin	tyrosin	tyrosin	tyrosin
97288	Tyrosols	MG		63001.0	Tyrosols	Tyrosols	tyrosols	tyrosols	tyrosols	tyrosols
97289	Tørstof	MG		63001.0	Tørstof	Tørstof	tørstof	tørstof	tørstof	t rstof
97290	Umbelliferone	MG		63001.0	Umbelliferone	Umbelliferone	umbelliferone	umbelliferone	umbelliferone	umbelliferone
97291	unknown C16 poly /100g FA	MG		63001.0	unknown C16 poly /100g FA	unknown C16 poly / 100g FA	unknown c16 poly/100g fa	unknown c16 poly/100g fa	unknown c16 poly/100g fa	unknown c16 poly 100g fa
97292	unknown C18 poly /100g FA	MG		63001.0	unknown C18 poly /100g FA	unknown C18 poly / 100g FA	unknown c18 poly/100g fa	unknown c18 poly/100g fa	unknown c18 poly/100g fa	unknown c18 poly 100g fa
97293	unknown C20 poly /100 FA	MG		63001.0	unknown C20 poly /100 FA	unknown C20 poly / 100 FA	unknown c20 poly/100 fa	unknown c20 poly/100 fa	unknown c20 poly/100 fa	unknown c20 poly 100 fa
97294	unknown C22 poly /100g FA	MG		63001.0	unknown C22 poly /100g FA	unknown C22 poly / 100g FA	unknown c22 poly/100g fa	unknown c22 poly/100g fa	unknown c22 poly/100g fa	unknown c22 poly 100g fa
97295	Uopløselige kostfibre	MG		63001.0	Uopløselige kostfibre	Uopløselige kostfibre	uopløselige kostfibre	uopløselige kostfibre	uopløselige kostfibre	uopl selige kostfibre
97296	URL	MG		63001.0	URL	URL	url	url	url	url
97297	VAL	MG		63001.0	VAL	VAL	val	val	val	val
97298	Valin	MG		63001.0	Valin	Valin	valin	valin	valin	valin
97299	VANAC	MG		63001.0	VANAC	VANAC	vanac	vanac	vanac	vanac
97300	Vanillin	MG		63001.0	Vanillin	Vanillin	vanillin	vanillin	vanillin	vanillin
97301	VERS	MG		63001.0	VERS	VERS	vers	vers	vers	vers
97302	VIOLX	MG		63001.0	VIOLX	VIOLX	violx	violx	violx	violx
97303	VITA	MG		63001.0	VITA	VITA	vita	vita	vita	vita
97304	VITA-	MG		63001.0	VITA-	VITA-	vita-	vita-	vita-	vita
97305	VITA-(IU)	MG		63001.0	VITA-(IU)	VITA-	vita-	vita-	vita-	vita
97306	VITA_RAE	MG		63001.0	VITA_RAE	VITA_RAE	vita_rae	vita_rae	vita_rae	vita rae
97307	VITA_RE	MG		63001.0	VITA_RE	VITA_RE	vita_re	vita_re	vita_re	vita re
97308	VITAACT	MG		63001.0	VITAACT	VITAACT	vitaact	vitaact	vitaact	vitaact
97309	Vitamin A, retinol	MG		63001.0	Vitamin A, retinol	Vitamin A, retinol	vitamin a, retinol	vitamin a retinol	vitamin a, retinol	vitamin a retinol
97310	Vitamin B1 or Thiamin	MG		63001.0	Vitamin B1 or Thiamin	Vitamin B1 or Thiamin	vitamin b1 or thiamin	vitamin b1 or thiamin	vitamin b1 or thiamin	vitamin b1 or thiamin
97311	Vitamin B12	MG		63001.0	Vitamin B12	Vitamin B12	vitamin b12	vitamin b12	vitamin b12	vitamin b12
97312	Vitamin B2 or Riboflavin	MG		63001.0	Vitamin B2 or Riboflavin	Vitamin B2 or Riboflavin	vitamin b2 or riboflavin	vitamin b2 or riboflavin	vitamin b2 or riboflavin	vitamin b2 or riboflavin
97313	Vitamin B3 or Niacin	MG		63001.0	Vitamin B3 or Niacin	Vitamin B3 or Niacin	vitamin b3 or niacin	vitamin b3 or niacin	vitamin b3 or niacin	vitamin b3 or niacin
97314	Vitamin B6	MG		63001.0	Vitamin B6	Vitamin B6	vitamin b6	vitamin b6	vitamin b6	vitamin b6
97315	Vitamin C	MG		63001.0	Vitamin C	Vitamin C	vitamin c	vitamin c	vitamin c	vitamin c
97316	Vitamin D	MG		63001.0	Vitamin D	Vitamin D	vitamin d	vitamin d	vitamin d	vitamin d
97317	Vitamin D2	MG		63001.0	Vitamin D2	Vitamin D2	vitamin d2	vitamin d2	vitamin d2	vitamin d2
97318	Vitamin D3	MG		63001.0	Vitamin D3	Vitamin D3	vitamin d3	vitamin d3	vitamin d3	vitamin d3
97319	Vitamin K	MG		63001.0	Vitamin K	Vitamin K	vitamin k	vitamin k	vitamin k	vitamin k
97320	Vitamin K1	MG		63001.0	Vitamin K1	Vitamin K1	vitamin k1	vitamin k1	vitamin k1	vitamin k1
97321	Vitamin K2	MG		63001.0	Vitamin K2	Vitamin K2	vitamin k2	vitamin k2	vitamin k2	vitamin k2
97322	Vitamine A (exprimée en équivalent rétinol)	MG		63001.0	Vitamine A (exprimée en équivalent rétinol)	Vitamine A (exprimée en équivalent rétinol)	vitamine a (exprimée en équivalent rétinol)	vitamine a (exprimée en équivalent rétinol)	vitamine a	vitamine a exprim e en quivalent r tinol
97323	Vitamine B12	MG		63001.0	Vitamine B12	Vitamine B12	vitamine b12	vitamine b12	vitamine b12	vitamine b12
97324	Vitamine B6	MG		63001.0	Vitamine B6	Vitamine B6	vitamine b6	vitamine b6	vitamine b6	vitamine b6
97325	Vitamine C	MG		63001.0	Vitamine C	Vitamine C	vitamine c	vitamine c	vitamine c	vitamine c
97326	Vitamine D	MG		63001.0	Vitamine D	Vitamine D	vitamine d	vitamine d	vitamine d	vitamine d
97327	Vitaminer	MG		63001.0	Vitaminer	Vitaminer	vitaminer	vitaminer	vitaminer	vitaminer
97328	Vitamins	MG		63001.0	Vitamins	Vitamins	vitamins	vitamins	vitamins	vitamins
97329	VITB12	MG		63001.0	VITB12	VITB12	vitb12	vitb12	vitb12	vitb12
97330	VITB6	MG		63001.0	VITB6	VITB6	vitb6	vitb6	vitb6	vitb6
97331	VITB6-	MG		63001.0	VITB6-	VITB6-	vitb6-	vitb6-	vitb6-	vitb6
97332	VITB6A	MG		63001.0	VITB6A	VITB6A	vitb6a	vitb6a	vitb6a	vitb6a
97333	VITB6C	MG		63001.0	VITB6C	VITB6C	vitb6c	vitb6c	vitb6c	vitb6c
97334	VITC	MG		63001.0	VITC	VITC	vitc	vitc	vitc	vitc
97335	VITC-	MG		63001.0	VITC-	VITC-	vitc-	vitc-	vitc-	vitc
97336	VITD	MG		63001.0	VITD	VITD	vitd	vitd	vitd	vitd
97337	VITD-	MG		63001.0	VITD-	VITD-	vitd-	vitd-	vitd-	vitd
97338	VITDEQ	MG		63001.0	VITDEQ	VITDEQ	vitdeq	vitdeq	vitdeq	vitdeq
97339	VITE	MG		63001.0	VITE	VITE	vite	vite	vite	vite
97340	VITE-	MG		63001.0	VITE-	VITE-	vite-	vite-	vite-	vite
97341	VITE-(IU)	MG		63001.0	VITE-(IU)	VITE-	vite-	vite-	vite-	vite
97342	VITEA(IU)	MG		63001.0	VITEA(IU)	VITEA	vitea	vitea	vitea	vitea
97343	Vitisin A	MG		63001.0	Vitisin A	Vitisin A	vitisin a	vitisin a	vitisin a	vitisin a
97344	VITK	MG		63001.0	VITK	VITK	vitk	vitk	vitk	vitk
97345	VITK1	MG		63001.0	VITK1	VITK1	vitk1	vitk1	vitk1	vitk1
97346	VITK2	MG		63001.0	VITK2	VITK2	vitk2	vitk2	vitk2	vitk2
97347	Voedingsstof	MG		63001.0	Voedingsstof	Voedingsstof	voedingsstof	voedingsstof	voedingsstof	voedingsstof
97348	Voedingsstofgroep	MG		63001.0	Voedingsstofgroep	Voedingsstofgroep	voedingsstofgroep	voedingsstofgroep	voedingsstofgroep	voedingsstofgroep
97349	Volume	MG		63001.0	Volume	Volume	volume	volume	volume	volume
97350	WASTE	MG		63001.0	WASTE	WASTE	waste	waste	waste	waste
97351	WAX	MG		63001.0	WAX	WAX	wax	wax	wax	wax
97352	Xanthohumol	MG		63001.0	Xanthohumol	Xanthohumol	xanthohumol	xanthohumol	xanthohumol	xanthohumol
97353	XFA (internal use)	MG		63001.0	XFA (internal use)	XFA	xfa	xfa	xfa	xfa
97354	XYLS	MG		63001.0	XYLS	XYLS	xyls	xyls	xyls	xyls
97355	XYLTL	MG		63001.0	XYLTL	XYLTL	xyltl	xyltl	xyltl	xyltl
97356	Year	MG		63001.0	Year	Year	year	year	year	year
97357	ZEA	MG		63001.0	ZEA	ZEA	zea	zea	zea	zea
97358	Zink	MG		63001.0	Zink	Zink	zink	zink	zink	zink
97359	Energie	MG		63001.0	Energie	Energie	energie	energie	energie	energie
97360	Equivalent beta-carotene ou	MG		63001.0	Equivalent beta-carotene ou	Equivalent beta-carotene ou	equivalent beta-carotene ou	equivalent beta-carotene ou	equivalent beta-carotene ou	equivalent beta carotene ou
97361	ParameterNavn	MG		63001.0	ParameterNavn	ParameterNavn	parameternavn	parameternavn	parameternavn	parameternavn
260001	13-cis-retinol (µg)	unknown	260001.0	999999.0	13-cis-retinol (µg)	13-cis-retinol (µg)	13-cis-retinol (µg)	13-cis-retinol (µg)	13-cis-retinol	13 cis retinol g
260002	25-hydroxy vitamin D3 (µg)	unknown	260002.0	999999.0	25-hydroxy vitamin D3 (µg)	25-hydroxy vitamin D3 (µg)	25-hydroxy vitamin d3 (µg)	25-hydroxy vitamin d3 (µg)	25-hydroxy vitamin d3	25 hydroxy vitamin d3 g
260003	5-mehtyl folate (µg)	unknown	260003.0	999999.0	5-mehtyl folate (µg)	5-mehtyl folate (µg)	5-mehtyl folate (µg)	5-mehtyl folate (µg)	5-mehtyl folate	5 mehtyl folate g
260004	All-trans-retinol (µg)	unknown	260004.0	999999.0	All-trans-retinol (µg)	All-trans-retinol (µg)	all-trans-retinol (µg)	all-trans-retinol (µg)	all-trans-retinol	all trans retinol g
260005	Alpha-carotene (µg)	unknown	260005.0	999999.0	Alpha-carotene (µg)	Alpha-carotene (µg)	alpha-carotene (µg)	alpha-carotene (µg)	alpha-carotene	alpha carotene g
260006	Alpha-tocopherol (mg)	unknown	260006.0	999999.0	Alpha-tocopherol (mg)	Alpha-tocopherol	alpha-tocopherol	alpha-tocopherol	alpha-tocopherol	alpha tocopherol
260007	Alpha-tocotrienol (mg)	unknown	260007.0	999999.0	Alpha-tocotrienol (mg)	Alpha-tocotrienol	alpha-tocotrienol	alpha-tocotrienol	alpha-tocotrienol	alpha tocotrienol
260008	Beta-carotene (µg)	unknown	260008.0	999999.0	Beta-carotene (µg)	Beta-carotene (µg)	beta-carotene (µg)	beta-carotene (µg)	beta-carotene	beta carotene g
260009	Beta-tocopherol (mg)	unknown	260009.0	999999.0	Beta-tocopherol (mg)	Beta-tocopherol	beta-tocopherol	beta-tocopherol	beta-tocopherol	beta tocopherol
260010	Branched chain FA /100g FA (g)	unknown	260010.0	999999.0	Branched chain FA /100g FA (g)	Branched chain FA / 100g FA	branched chain fa/100g fa	branched chain fa/100g fa	branched chain fa/100g fa	branched chain fa 100g fa
260011	Branched chain FA /100g food (g)	unknown	260011.0	999999.0	Branched chain FA /100g food (g)	Branched chain FA / 100g food	branched chain fa/100g food	branched chain fa/100g food	branched chain fa/100g food	branched chain fa 100g food
260012	Brassicasterol (mg)	unknown	260012.0	999999.0	Brassicasterol (mg)	Brassicasterol	brassicasterol	brassicasterol	brassicasterol	brassicasterol
260013	C10:0 /100g FA (g)	unknown	260013.0	999999.0	C10:0 /100g FA (g)	C10:0 / 100g FA	c10:0/100g fa	c10:0/100g fa	c10:0/100g fa	c10 0 100g fa
260014	C10:0 /100g food (g)	unknown	260014.0	999999.0	C10:0 /100g food (g)	C10:0 / 100g food	c10:0/100g food	c10:0/100g food	c10:0/100g food	c10 0 100g food
260015	C10:1 /100g FA (g)	unknown	260015.0	999999.0	C10:1 /100g FA (g)	C10:1 / 100g FA	c10:1/100g fa	c10:1/100g fa	c10:1/100g fa	c10 1 100g fa
260016	C10:1 /100g food (g)	unknown	260016.0	999999.0	C10:1 /100g food (g)	C10:1 / 100g food	c10:1/100g food	c10:1/100g food	c10:1/100g food	c10 1 100g food
260017	C11:0 ex Br /100g FA (g)	unknown	260017.0	999999.0	C11:0 ex Br /100g FA (g)	C11:0 ex Br / 100g FA	c11:0 ex br/100g fa	c11:0 ex br/100g fa	c11:0 ex br/100g fa	c11 0 ex br 100g fa
260018	C11:0 ex Br /100g food (g)	unknown	260018.0	999999.0	C11:0 ex Br /100g food (g)	C11:0 ex Br / 100g food	c11:0 ex br/100g food	c11:0 ex br/100g food	c11:0 ex br/100g food	c11 0 ex br 100g food
260019	C12:0 /100g FA (g)	unknown	260019.0	999999.0	C12:0 /100g FA (g)	C12:0 / 100g FA	c12:0/100g fa	c12:0/100g fa	c12:0/100g fa	c12 0 100g fa
260020	C12:0 /100g food (g)	unknown	260020.0	999999.0	C12:0 /100g food (g)	C12:0 / 100g food	c12:0/100g food	c12:0/100g food	c12:0/100g food	c12 0 100g food
260021	C12:0 ex Br /100g FA (g)	unknown	260021.0	999999.0	C12:0 ex Br /100g FA (g)	C12:0 ex Br / 100g FA	c12:0 ex br/100g fa	c12:0 ex br/100g fa	c12:0 ex br/100g fa	c12 0 ex br 100g fa
260022	C12:0 ex Br /100g food (g)	unknown	260022.0	999999.0	C12:0 ex Br /100g food (g)	C12:0 ex Br / 100g food	c12:0 ex br/100g food	c12:0 ex br/100g food	c12:0 ex br/100g food	c12 0 ex br 100g food
260023	C12:1 /100g FA (g)	unknown	260023.0	999999.0	C12:1 /100g FA (g)	C12:1 / 100g FA	c12:1/100g fa	c12:1/100g fa	c12:1/100g fa	c12 1 100g fa
260024	C12:1 /100g food (g)	unknown	260024.0	999999.0	C12:1 /100g food (g)	C12:1 / 100g food	c12:1/100g food	c12:1/100g food	c12:1/100g food	c12 1 100g food
260025	C13:0 /100g FA (g)	unknown	260025.0	999999.0	C13:0 /100g FA (g)	C13:0 / 100g FA	c13:0/100g fa	c13:0/100g fa	c13:0/100g fa	c13 0 100g fa
260026	C13:0 /100g food (g)	unknown	260026.0	999999.0	C13:0 /100g food (g)	C13:0 / 100g food	c13:0/100g food	c13:0/100g food	c13:0/100g food	c13 0 100g food
260027	C13:0 ex Br /100g FA (g)	unknown	260027.0	999999.0	C13:0 ex Br /100g FA (g)	C13:0 ex Br / 100g FA	c13:0 ex br/100g fa	c13:0 ex br/100g fa	c13:0 ex br/100g fa	c13 0 ex br 100g fa
260028	C13:0 ex Br /100g food (g)	unknown	260028.0	999999.0	C13:0 ex Br /100g food (g)	C13:0 ex Br / 100g food	c13:0 ex br/100g food	c13:0 ex br/100g food	c13:0 ex br/100g food	c13 0 ex br 100g food
260029	C14:0 /100g FA (g)	unknown	260029.0	999999.0	C14:0 /100g FA (g)	C14:0 / 100g FA	c14:0/100g fa	c14:0/100g fa	c14:0/100g fa	c14 0 100g fa
260030	C14:0 /100g food (g)	unknown	260030.0	999999.0	C14:0 /100g food (g)	C14:0 / 100g food	c14:0/100g food	c14:0/100g food	c14:0/100g food	c14 0 100g food
260031	C14:0 ex Br /100g FA (g)	unknown	260031.0	999999.0	C14:0 ex Br /100g FA (g)	C14:0 ex Br / 100g FA	c14:0 ex br/100g fa	c14:0 ex br/100g fa	c14:0 ex br/100g fa	c14 0 ex br 100g fa
260032	C14:0 ex Br /100g food (g)	unknown	260032.0	999999.0	C14:0 ex Br /100g food (g)	C14:0 ex Br / 100g food	c14:0 ex br/100g food	c14:0 ex br/100g food	c14:0 ex br/100g food	c14 0 ex br 100g food
260033	C14:1 /100g FA (g)	unknown	260033.0	999999.0	C14:1 /100g FA (g)	C14:1 / 100g FA	c14:1/100g fa	c14:1/100g fa	c14:1/100g fa	c14 1 100g fa
260034	C14:1 /100g food (g)	unknown	260034.0	999999.0	C14:1 /100g food (g)	C14:1 / 100g food	c14:1/100g food	c14:1/100g food	c14:1/100g food	c14 1 100g food
260035	C15:0 /100g FA (g)	unknown	260035.0	999999.0	C15:0 /100g FA (g)	C15:0 / 100g FA	c15:0/100g fa	c15:0/100g fa	c15:0/100g fa	c15 0 100g fa
260036	C15:0 /100g food (g)	unknown	260036.0	999999.0	C15:0 /100g food (g)	C15:0 / 100g food	c15:0/100g food	c15:0/100g food	c15:0/100g food	c15 0 100g food
260037	C15:0 ex Br /100g FA (g)	unknown	260037.0	999999.0	C15:0 ex Br /100g FA (g)	C15:0 ex Br / 100g FA	c15:0 ex br/100g fa	c15:0 ex br/100g fa	c15:0 ex br/100g fa	c15 0 ex br 100g fa
260038	C15:0 ex Br /100g food (g)	unknown	260038.0	999999.0	C15:0 ex Br /100g food (g)	C15:0 ex Br / 100g food	c15:0 ex br/100g food	c15:0 ex br/100g food	c15:0 ex br/100g food	c15 0 ex br 100g food
260039	C15:1 /100g FA (g)	unknown	260039.0	999999.0	C15:1 /100g FA (g)	C15:1 / 100g FA	c15:1/100g fa	c15:1/100g fa	c15:1/100g fa	c15 1 100g fa
260040	C15:1 /100g food (g)	unknown	260040.0	999999.0	C15:1 /100g food (g)	C15:1 / 100g food	c15:1/100g food	c15:1/100g food	c15:1/100g food	c15 1 100g food
260041	C16:0 /100g FA (g)	unknown	260041.0	999999.0	C16:0 /100g FA (g)	C16:0 / 100g FA	c16:0/100g fa	c16:0/100g fa	c16:0/100g fa	c16 0 100g fa
260042	C16:0 /100g food (g)	unknown	260042.0	999999.0	C16:0 /100g food (g)	C16:0 / 100g food	c16:0/100g food	c16:0/100g food	c16:0/100g food	c16 0 100g food
260043	C16:0 ex Br /100g FA (g)	unknown	260043.0	999999.0	C16:0 ex Br /100g FA (g)	C16:0 ex Br / 100g FA	c16:0 ex br/100g fa	c16:0 ex br/100g fa	c16:0 ex br/100g fa	c16 0 ex br 100g fa
260044	C16:0 ex Br /100g food (g)	unknown	260044.0	999999.0	C16:0 ex Br /100g food (g)	C16:0 ex Br / 100g food	c16:0 ex br/100g food	c16:0 ex br/100g food	c16:0 ex br/100g food	c16 0 ex br 100g food
260045	C16:1 /100g FA (g)	unknown	260045.0	999999.0	C16:1 /100g FA (g)	C16:1 / 100g FA	c16:1/100g fa	c16:1/100g fa	c16:1/100g fa	c16 1 100g fa
260046	C16:1 /100g food (g)	unknown	260046.0	999999.0	C16:1 /100g food (g)	C16:1 / 100g food	c16:1/100g food	c16:1/100g food	c16:1/100g food	c16 1 100g food
260047	C16:2 /100g FA (g)	unknown	260047.0	999999.0	C16:2 /100g FA (g)	C16:2 / 100g FA	c16:2/100g fa	c16:2/100g fa	c16:2/100g fa	c16 2 100g fa
260048	C16:2 /100g food (g)	unknown	260048.0	999999.0	C16:2 /100g food (g)	C16:2 / 100g food	c16:2/100g food	c16:2/100g food	c16:2/100g food	c16 2 100g food
260049	C16:3 /100g food (g)	unknown	260049.0	999999.0	C16:3 /100g food (g)	C16:3 / 100g food	c16:3/100g food	c16:3/100g food	c16:3/100g food	c16 3 100g food
260050	C16:4 /100g FA (g)	unknown	260050.0	999999.0	C16:4 /100g FA (g)	C16:4 / 100g FA	c16:4/100g fa	c16:4/100g fa	c16:4/100g fa	c16 4 100g fa
260051	C16:4 /100g food (g)	unknown	260051.0	999999.0	C16:4 /100g food (g)	C16:4 / 100g food	c16:4/100g food	c16:4/100g food	c16:4/100g food	c16 4 100g food
260052	C17:0 /100g FA (g)	unknown	260052.0	999999.0	C17:0 /100g FA (g)	C17:0 / 100g FA	c17:0/100g fa	c17:0/100g fa	c17:0/100g fa	c17 0 100g fa
260053	C17:0 /100g food (g)	unknown	260053.0	999999.0	C17:0 /100g food (g)	C17:0 / 100g food	c17:0/100g food	c17:0/100g food	c17:0/100g food	c17 0 100g food
260054	C17:0 ex Br /100g FA (g)	unknown	260054.0	999999.0	C17:0 ex Br /100g FA (g)	C17:0 ex Br / 100g FA	c17:0 ex br/100g fa	c17:0 ex br/100g fa	c17:0 ex br/100g fa	c17 0 ex br 100g fa
260055	C17:0 ex Br /100g food (g)	unknown	260055.0	999999.0	C17:0 ex Br /100g food (g)	C17:0 ex Br / 100g food	c17:0 ex br/100g food	c17:0 ex br/100g food	c17:0 ex br/100g food	c17 0 ex br 100g food
260056	C17:1 /100g FA (g)	unknown	260056.0	999999.0	C17:1 /100g FA (g)	C17:1 / 100g FA	c17:1/100g fa	c17:1/100g fa	c17:1/100g fa	c17 1 100g fa
260057	C17:1 /100g food (g)	unknown	260057.0	999999.0	C17:1 /100g food (g)	C17:1 / 100g food	c17:1/100g food	c17:1/100g food	c17:1/100g food	c17 1 100g food
260058	C18:0 /100g FA (g)	unknown	260058.0	999999.0	C18:0 /100g FA (g)	C18:0 / 100g FA	c18:0/100g fa	c18:0/100g fa	c18:0/100g fa	c18 0 100g fa
260059	C18:0 /100g food (g)	unknown	260059.0	999999.0	C18:0 /100g food (g)	C18:0 / 100g food	c18:0/100g food	c18:0/100g food	c18:0/100g food	c18 0 100g food
260060	C18:0 ex Br /100g FA (g)	unknown	260060.0	999999.0	C18:0 ex Br /100g FA (g)	C18:0 ex Br / 100g FA	c18:0 ex br/100g fa	c18:0 ex br/100g fa	c18:0 ex br/100g fa	c18 0 ex br 100g fa
260061	C18:0 ex Br /100g food (g)	unknown	260061.0	999999.0	C18:0 ex Br /100g food (g)	C18:0 ex Br / 100g food	c18:0 ex br/100g food	c18:0 ex br/100g food	c18:0 ex br/100g food	c18 0 ex br 100g food
260062	C18:1 /100g FA (g)	unknown	260062.0	999999.0	C18:1 /100g FA (g)	C18:1 / 100g FA	c18:1/100g fa	c18:1/100g fa	c18:1/100g fa	c18 1 100g fa
260063	C18:1 /100g food (g)	unknown	260063.0	999999.0	C18:1 /100g food (g)	C18:1 / 100g food	c18:1/100g food	c18:1/100g food	c18:1/100g food	c18 1 100g food
260064	C18:2 /100g FA (g)	unknown	260064.0	999999.0	C18:2 /100g FA (g)	C18:2 / 100g FA	c18:2/100g fa	c18:2/100g fa	c18:2/100g fa	c18 2 100g fa
260065	C18:2 /100g food (g)	unknown	260065.0	999999.0	C18:2 /100g food (g)	C18:2 / 100g food	c18:2/100g food	c18:2/100g food	c18:2/100g food	c18 2 100g food
260066	C18:3 /100g FA (g)	unknown	260066.0	999999.0	C18:3 /100g FA (g)	C18:3 / 100g FA	c18:3/100g fa	c18:3/100g fa	c18:3/100g fa	c18 3 100g fa
260067	C18:3 /100g food (g)	unknown	260067.0	999999.0	C18:3 /100g food (g)	C18:3 / 100g food	c18:3/100g food	c18:3/100g food	c18:3/100g food	c18 3 100g food
260068	C18:4 /100g FA (g)	unknown	260068.0	999999.0	C18:4 /100g FA (g)	C18:4 / 100g FA	c18:4/100g fa	c18:4/100g fa	c18:4/100g fa	c18 4 100g fa
260069	C18:4 /100g food (g)	unknown	260069.0	999999.0	C18:4 /100g food (g)	C18:4 / 100g food	c18:4/100g food	c18:4/100g food	c18:4/100g food	c18 4 100g food
260070	C19:0 /100g FA (g)	unknown	260070.0	999999.0	C19:0 /100g FA (g)	C19:0 / 100g FA	c19:0/100g fa	c19:0/100g fa	c19:0/100g fa	c19 0 100g fa
260071	C19:0 /100g food (g)	unknown	260071.0	999999.0	C19:0 /100g food (g)	C19:0 / 100g food	c19:0/100g food	c19:0/100g food	c19:0/100g food	c19 0 100g food
260072	C20:0 /100g FA (g)	unknown	260072.0	999999.0	C20:0 /100g FA (g)	C20:0 / 100g FA	c20:0/100g fa	c20:0/100g fa	c20:0/100g fa	c20 0 100g fa
260073	C20:0 /100g food (g)	unknown	260073.0	999999.0	C20:0 /100g food (g)	C20:0 / 100g food	c20:0/100g food	c20:0/100g food	c20:0/100g food	c20 0 100g food
260074	C20:0 ex Br /100g FA (g)	unknown	260074.0	999999.0	C20:0 ex Br /100g FA (g)	C20:0 ex Br / 100g FA	c20:0 ex br/100g fa	c20:0 ex br/100g fa	c20:0 ex br/100g fa	c20 0 ex br 100g fa
260075	C20:0 ex Br /100g food (g)	unknown	260075.0	999999.0	C20:0 ex Br /100g food (g)	C20:0 ex Br / 100g food	c20:0 ex br/100g food	c20:0 ex br/100g food	c20:0 ex br/100g food	c20 0 ex br 100g food
260076	C20:1 /100g FA (g)	unknown	260076.0	999999.0	C20:1 /100g FA (g)	C20:1 / 100g FA	c20:1/100g fa	c20:1/100g fa	c20:1/100g fa	c20 1 100g fa
260077	C20:1 /100g food (g)	unknown	260077.0	999999.0	C20:1 /100g food (g)	C20:1 / 100g food	c20:1/100g food	c20:1/100g food	c20:1/100g food	c20 1 100g food
260078	C20:2 /100g FA (g)	unknown	260078.0	999999.0	C20:2 /100g FA (g)	C20:2 / 100g FA	c20:2/100g fa	c20:2/100g fa	c20:2/100g fa	c20 2 100g fa
260079	C20:2 /100g food (g)	unknown	260079.0	999999.0	C20:2 /100g food (g)	C20:2 / 100g food	c20:2/100g food	c20:2/100g food	c20:2/100g food	c20 2 100g food
260080	C20:3 /100g FA (g)	unknown	260080.0	999999.0	C20:3 /100g FA (g)	C20:3 / 100g FA	c20:3/100g fa	c20:3/100g fa	c20:3/100g fa	c20 3 100g fa
260081	C20:3 /100g food (g)	unknown	260081.0	999999.0	C20:3 /100g food (g)	C20:3 / 100g food	c20:3/100g food	c20:3/100g food	c20:3/100g food	c20 3 100g food
260082	C20:4 /100g FA (g)	unknown	260082.0	999999.0	C20:4 /100g FA (g)	C20:4 / 100g FA	c20:4/100g fa	c20:4/100g fa	c20:4/100g fa	c20 4 100g fa
260083	C20:4 /100g food (g)	unknown	260083.0	999999.0	C20:4 /100g food (g)	C20:4 / 100g food	c20:4/100g food	c20:4/100g food	c20:4/100g food	c20 4 100g food
260084	C20:5 /100g FA (g)	unknown	260084.0	999999.0	C20:5 /100g FA (g)	C20:5 / 100g FA	c20:5/100g fa	c20:5/100g fa	c20:5/100g fa	c20 5 100g fa
260085	C20:5 /100g food (g)	unknown	260085.0	999999.0	C20:5 /100g food (g)	C20:5 / 100g food	c20:5/100g food	c20:5/100g food	c20:5/100g food	c20 5 100g food
260086	C21:5 /100g FA (g)	unknown	260086.0	999999.0	C21:5 /100g FA (g)	C21:5 / 100g FA	c21:5/100g fa	c21:5/100g fa	c21:5/100g fa	c21 5 100g fa
260087	C21:5 /100g food (g)	unknown	260087.0	999999.0	C21:5 /100g food (g)	C21:5 / 100g food	c21:5/100g food	c21:5/100g food	c21:5/100g food	c21 5 100g food
260088	C22:0 /100g FA (g)	unknown	260088.0	999999.0	C22:0 /100g FA (g)	C22:0 / 100g FA	c22:0/100g fa	c22:0/100g fa	c22:0/100g fa	c22 0 100g fa
260089	C22:0 /100g food (g)	unknown	260089.0	999999.0	C22:0 /100g food (g)	C22:0 / 100g food	c22:0/100g food	c22:0/100g food	c22:0/100g food	c22 0 100g food
260090	C22:0 ex Br /100g FA (g)	unknown	260090.0	999999.0	C22:0 ex Br /100g FA (g)	C22:0 ex Br / 100g FA	c22:0 ex br/100g fa	c22:0 ex br/100g fa	c22:0 ex br/100g fa	c22 0 ex br 100g fa
260091	C22:0 ex Br /100g food (g)	unknown	260091.0	999999.0	C22:0 ex Br /100g food (g)	C22:0 ex Br / 100g food	c22:0 ex br/100g food	c22:0 ex br/100g food	c22:0 ex br/100g food	c22 0 ex br 100g food
260092	C22:1 /100g FA (g)	unknown	260092.0	999999.0	C22:1 /100g FA (g)	C22:1 / 100g FA	c22:1/100g fa	c22:1/100g fa	c22:1/100g fa	c22 1 100g fa
260093	C22:1 /100g food (g)	unknown	260093.0	999999.0	C22:1 /100g food (g)	C22:1 / 100g food	c22:1/100g food	c22:1/100g food	c22:1/100g food	c22 1 100g food
260094	C22:2 /100g FA (g)	unknown	260094.0	999999.0	C22:2 /100g FA (g)	C22:2 / 100g FA	c22:2/100g fa	c22:2/100g fa	c22:2/100g fa	c22 2 100g fa
260095	C22:2 /100g food (g)	unknown	260095.0	999999.0	C22:2 /100g food (g)	C22:2 / 100g food	c22:2/100g food	c22:2/100g food	c22:2/100g food	c22 2 100g food
260096	C22:4 /100g FA (g)	unknown	260096.0	999999.0	C22:4 /100g FA (g)	C22:4 / 100g FA	c22:4/100g fa	c22:4/100g fa	c22:4/100g fa	c22 4 100g fa
260097	C22:4 /100g food (g)	unknown	260097.0	999999.0	C22:4 /100g food (g)	C22:4 / 100g food	c22:4/100g food	c22:4/100g food	c22:4/100g food	c22 4 100g food
260098	C22:5 /100g FA (g)	unknown	260098.0	999999.0	C22:5 /100g FA (g)	C22:5 / 100g FA	c22:5/100g fa	c22:5/100g fa	c22:5/100g fa	c22 5 100g fa
260099	C22:5 /100g food (g)	unknown	260099.0	999999.0	C22:5 /100g food (g)	C22:5 / 100g food	c22:5/100g food	c22:5/100g food	c22:5/100g food	c22 5 100g food
260100	C22:6 /100g FA (g)	unknown	260100.0	999999.0	C22:6 /100g FA (g)	C22:6 / 100g FA	c22:6/100g fa	c22:6/100g fa	c22:6/100g fa	c22 6 100g fa
260101	C22:6 /100g food (g)	unknown	260101.0	999999.0	C22:6 /100g food (g)	C22:6 / 100g food	c22:6/100g food	c22:6/100g food	c22:6/100g food	c22 6 100g food
260102	C24:0 /100g FA (g)	unknown	260102.0	999999.0	C24:0 /100g FA (g)	C24:0 / 100g FA	c24:0/100g fa	c24:0/100g fa	c24:0/100g fa	c24 0 100g fa
260103	C24:0 /100g food (g)	unknown	260103.0	999999.0	C24:0 /100g food (g)	C24:0 / 100g food	c24:0/100g food	c24:0/100g food	c24:0/100g food	c24 0 100g food
260104	C24:0 ex Br /100g FA (g)	unknown	260104.0	999999.0	C24:0 ex Br /100g FA (g)	C24:0 ex Br / 100g FA	c24:0 ex br/100g fa	c24:0 ex br/100g fa	c24:0 ex br/100g fa	c24 0 ex br 100g fa
260105	C24:0 ex Br /100g food (g)	unknown	260105.0	999999.0	C24:0 ex Br /100g food (g)	C24:0 ex Br / 100g food	c24:0 ex br/100g food	c24:0 ex br/100g food	c24:0 ex br/100g food	c24 0 ex br 100g food
260106	C24:1 /100g FA (g)	unknown	260106.0	999999.0	C24:1 /100g FA (g)	C24:1 / 100g FA	c24:1/100g fa	c24:1/100g fa	c24:1/100g fa	c24 1 100g fa
260107	C24:1 /100g food (g)	unknown	260107.0	999999.0	C24:1 /100g food (g)	C24:1 / 100g food	c24:1/100g food	c24:1/100g food	c24:1/100g food	c24 1 100g food
260108	C25:0 ex Br /100g FA (g)	unknown	260108.0	999999.0	C25:0 ex Br /100g FA (g)	C25:0 ex Br / 100g FA	c25:0 ex br/100g fa	c25:0 ex br/100g fa	c25:0 ex br/100g fa	c25 0 ex br 100g fa
260109	C25:0 ex Br /100g food (g)	unknown	260109.0	999999.0	C25:0 ex Br /100g food (g)	C25:0 ex Br / 100g food	c25:0 ex br/100g food	c25:0 ex br/100g food	c25:0 ex br/100g food	c25 0 ex br 100g food
260110	C4:0 /100g FA (g)	unknown	260110.0	999999.0	C4:0 /100g FA (g)	C4:0 / 100g FA	c4:0/100g fa	c4:0/100g fa	c4:0/100g fa	c4 0 100g fa
260111	C4:0 /100g food (g)	unknown	260111.0	999999.0	C4:0 /100g food (g)	C4:0 / 100g food	c4:0/100g food	c4:0/100g food	c4:0/100g food	c4 0 100g food
260112	C6:0 /100g FA (g)	unknown	260112.0	999999.0	C6:0 /100g FA (g)	C6:0 / 100g FA	c6:0/100g fa	c6:0/100g fa	c6:0/100g fa	c6 0 100g fa
260113	C6:0 /100g food (g)	unknown	260113.0	999999.0	C6:0 /100g food (g)	C6:0 / 100g food	c6:0/100g food	c6:0/100g food	c6:0/100g food	c6 0 100g food
260114	C8:0 /100g FA (g)	unknown	260114.0	999999.0	C8:0 /100g FA (g)	C8:0 / 100g FA	c8:0/100g fa	c8:0/100g fa	c8:0/100g fa	c8 0 100g fa
260115	C8:0 /100g food (g)	unknown	260115.0	999999.0	C8:0 /100g food (g)	C8:0 / 100g food	c8:0/100g food	c8:0/100g food	c8:0/100g food	c8 0 100g food
260116	Cholecalciferol (µg)	unknown	260116.0	999999.0	Cholecalciferol (µg)	Cholecalciferol (µg)	cholecalciferol (µg)	cholecalciferol (µg)	cholecalciferol	cholecalciferol g
260117	cis C10:1 /100g FA (g)	unknown	260117.0	999999.0	cis C10:1 /100g FA (g)	cis C10:1 / 100g FA	cis c10:1/100g fa	cis c10:1/100g fa	cis c10:1/100g fa	cis c10 1 100g fa
260118	cis C10:1 /100g food (g)	unknown	260118.0	999999.0	cis C10:1 /100g food (g)	cis C10:1 / 100g food	cis c10:1/100g food	cis c10:1/100g food	cis c10:1/100g food	cis c10 1 100g food
260119	cis C12:1 /100g FA (g)	unknown	260119.0	999999.0	cis C12:1 /100g FA (g)	cis C12:1 / 100g FA	cis c12:1/100g fa	cis c12:1/100g fa	cis c12:1/100g fa	cis c12 1 100g fa
260120	cis C12:1 /100g food (g)	unknown	260120.0	999999.0	cis C12:1 /100g food (g)	cis C12:1 / 100g food	cis c12:1/100g food	cis c12:1/100g food	cis c12:1/100g food	cis c12 1 100g food
260121	cis C14:1 /100g FA (g)	unknown	260121.0	999999.0	cis C14:1 /100g FA (g)	cis C14:1 / 100g FA	cis c14:1/100g fa	cis c14:1/100g fa	cis c14:1/100g fa	cis c14 1 100g fa
260122	cis C14:1 /100g food (g)	unknown	260122.0	999999.0	cis C14:1 /100g food (g)	cis C14:1 / 100g food	cis c14:1/100g food	cis c14:1/100g food	cis c14:1/100g food	cis c14 1 100g food
260123	cis C15:1 /100g FA (g)	unknown	260123.0	999999.0	cis C15:1 /100g FA (g)	cis C15:1 / 100g FA	cis c15:1/100g fa	cis c15:1/100g fa	cis c15:1/100g fa	cis c15 1 100g fa
260124	cis C15:1 /100g food (g)	unknown	260124.0	999999.0	cis C15:1 /100g food (g)	cis C15:1 / 100g food	cis c15:1/100g food	cis c15:1/100g food	cis c15:1/100g food	cis c15 1 100g food
260125	cis C16:1 /100g FA (g)	unknown	260125.0	999999.0	cis C16:1 /100g FA (g)	cis C16:1 / 100g FA	cis c16:1/100g fa	cis c16:1/100g fa	cis c16:1/100g fa	cis c16 1 100g fa
260126	cis C16:1 /100g food (g)	unknown	260126.0	999999.0	cis C16:1 /100g food (g)	cis C16:1 / 100g food	cis c16:1/100g food	cis c16:1/100g food	cis c16:1/100g food	cis c16 1 100g food
260127	cis C16:2 /100g FA (g)	unknown	260127.0	999999.0	cis C16:2 /100g FA (g)	cis C16:2 / 100g FA	cis c16:2/100g fa	cis c16:2/100g fa	cis c16:2/100g fa	cis c16 2 100g fa
260128	cis C16:2 /100g food (g)	unknown	260128.0	999999.0	cis C16:2 /100g food (g)	cis C16:2 / 100g food	cis c16:2/100g food	cis c16:2/100g food	cis c16:2/100g food	cis c16 2 100g food
260129	cis C16:3 /100g FA (g)	unknown	260129.0	999999.0	cis C16:3 /100g FA (g)	cis C16:3 / 100g FA	cis c16:3/100g fa	cis c16:3/100g fa	cis c16:3/100g fa	cis c16 3 100g fa
260130	cis C16:4 /100g FA (g)	unknown	260130.0	999999.0	cis C16:4 /100g FA (g)	cis C16:4 / 100g FA	cis c16:4/100g fa	cis c16:4/100g fa	cis c16:4/100g fa	cis c16 4 100g fa
260131	cis C16:4 /100g food (g)	unknown	260131.0	999999.0	cis C16:4 /100g food (g)	cis C16:4 / 100g food	cis c16:4/100g food	cis c16:4/100g food	cis c16:4/100g food	cis c16 4 100g food
260132	cis C17:1 /100g FA (g)	unknown	260132.0	999999.0	cis C17:1 /100g FA (g)	cis C17:1 / 100g FA	cis c17:1/100g fa	cis c17:1/100g fa	cis c17:1/100g fa	cis c17 1 100g fa
260133	cis C17:1 /100g food (g)	unknown	260133.0	999999.0	cis C17:1 /100g food (g)	cis C17:1 / 100g food	cis c17:1/100g food	cis c17:1/100g food	cis c17:1/100g food	cis c17 1 100g food
260134	cis C18:1 /100g FA (g)	unknown	260134.0	999999.0	cis C18:1 /100g FA (g)	cis C18:1 / 100g FA	cis c18:1/100g fa	cis c18:1/100g fa	cis c18:1/100g fa	cis c18 1 100g fa
260135	cis C18:1 /100g food (g)	unknown	260135.0	999999.0	cis C18:1 /100g food (g)	cis C18:1 / 100g food	cis c18:1/100g food	cis c18:1/100g food	cis c18:1/100g food	cis c18 1 100g food
260136	cis C20:1 /100g FA (g)	unknown	260136.0	999999.0	cis C20:1 /100g FA (g)	cis C20:1 / 100g FA	cis c20:1/100g fa	cis c20:1/100g fa	cis c20:1/100g fa	cis c20 1 100g fa
260137	cis C20:1 /100g food (g)	unknown	260137.0	999999.0	cis C20:1 /100g food (g)	cis C20:1 / 100g food	cis c20:1/100g food	cis c20:1/100g food	cis c20:1/100g food	cis c20 1 100g food
260138	cis C22:1 /100g FA (g)	unknown	260138.0	999999.0	cis C22:1 /100g FA (g)	cis C22:1 / 100g FA	cis c22:1/100g fa	cis c22:1/100g fa	cis c22:1/100g fa	cis c22 1 100g fa
260139	cis C22:1 /100g food (g)	unknown	260139.0	999999.0	cis C22:1 /100g food (g)	cis C22:1 / 100g food	cis c22:1/100g food	cis c22:1/100g food	cis c22:1/100g food	cis c22 1 100g food
260140	cis C24:1 /100g FA (g)	unknown	260140.0	999999.0	cis C24:1 /100g FA (g)	cis C24:1 / 100g FA	cis c24:1/100g fa	cis c24:1/100g fa	cis c24:1/100g fa	cis c24 1 100g fa
260141	cis C24:1 /100g food (g)	unknown	260141.0	999999.0	cis C24:1 /100g food (g)	cis C24:1 / 100g food	cis c24:1/100g food	cis c24:1/100g food	cis c24:1/100g food	cis c24 1 100g food
260142	cis n-3 C18:3 /100g FA (g)	unknown	260142.0	999999.0	cis n-3 C18:3 /100g FA (g)	cis n-3 C18:3 / 100g FA	cis n-3 c18:3/100g fa	cis n-3 c18:3/100g fa	cis n-3 c18:3/100g fa	cis n 3 c18 3 100g fa
260143	cis n-3 C18:3 /100g food (g)	unknown	260143.0	999999.0	cis n-3 C18:3 /100g food (g)	cis n-3 C18:3 / 100g food	cis n-3 c18:3/100g food	cis n-3 c18:3/100g food	cis n-3 c18:3/100g food	cis n 3 c18 3 100g food
260144	cis n-3 C18:4 /100g FA (g)	unknown	260144.0	999999.0	cis n-3 C18:4 /100g FA (g)	cis n-3 C18:4 / 100g FA	cis n-3 c18:4/100g fa	cis n-3 c18:4/100g fa	cis n-3 c18:4/100g fa	cis n 3 c18 4 100g fa
260145	cis n-3 C18:4 /100g food (g)	unknown	260145.0	999999.0	cis n-3 C18:4 /100g food (g)	cis n-3 C18:4 / 100g food	cis n-3 c18:4/100g food	cis n-3 c18:4/100g food	cis n-3 c18:4/100g food	cis n 3 c18 4 100g food
260146	cis n-3 C20:5 /100g FA (g)	unknown	260146.0	999999.0	cis n-3 C20:5 /100g FA (g)	cis n-3 C20:5 / 100g FA	cis n-3 c20:5/100g fa	cis n-3 c20:5/100g fa	cis n-3 c20:5/100g fa	cis n 3 c20 5 100g fa
260147	cis n-3 C20:5 /100g food (g)	unknown	260147.0	999999.0	cis n-3 C20:5 /100g food (g)	cis n-3 C20:5 / 100g food	cis n-3 c20:5/100g food	cis n-3 c20:5/100g food	cis n-3 c20:5/100g food	cis n 3 c20 5 100g food
260148	cis n-3 C21:5 /100g FA (g)	unknown	260148.0	999999.0	cis n-3 C21:5 /100g FA (g)	cis n-3 C21:5 / 100g FA	cis n-3 c21:5/100g fa	cis n-3 c21:5/100g fa	cis n-3 c21:5/100g fa	cis n 3 c21 5 100g fa
260149	cis n-3 C21:5 /100g food (g)	unknown	260149.0	999999.0	cis n-3 C21:5 /100g food (g)	cis n-3 C21:5 / 100g food	cis n-3 c21:5/100g food	cis n-3 c21:5/100g food	cis n-3 c21:5/100g food	cis n 3 c21 5 100g food
260150	cis n-3 C22:5 /100g FA (g)	unknown	260150.0	999999.0	cis n-3 C22:5 /100g FA (g)	cis n-3 C22:5 / 100g FA	cis n-3 c22:5/100g fa	cis n-3 c22:5/100g fa	cis n-3 c22:5/100g fa	cis n 3 c22 5 100g fa
260151	cis n-3 C22:5 /100g food (g)	unknown	260151.0	999999.0	cis n-3 C22:5 /100g food (g)	cis n-3 C22:5 / 100g food	cis n-3 c22:5/100g food	cis n-3 c22:5/100g food	cis n-3 c22:5/100g food	cis n 3 c22 5 100g food
260152	cis n-3 C22:6 /100g FA (g)	unknown	260152.0	999999.0	cis n-3 C22:6 /100g FA (g)	cis n-3 C22:6 / 100g FA	cis n-3 c22:6/100g fa	cis n-3 c22:6/100g fa	cis n-3 c22:6/100g fa	cis n 3 c22 6 100g fa
260153	cis n-3 C22:6 /100g food (g)	unknown	260153.0	999999.0	cis n-3 C22:6 /100g food (g)	cis n-3 C22:6 / 100g food	cis n-3 c22:6/100g food	cis n-3 c22:6/100g food	cis n-3 c22:6/100g food	cis n 3 c22 6 100g food
260154	cis n-6 C18:2 /100g FA (g)	unknown	260154.0	999999.0	cis n-6 C18:2 /100g FA (g)	cis n-6 C18:2 / 100g FA	cis n-6 c18:2/100g fa	cis n-6 c18:2/100g fa	cis n-6 c18:2/100g fa	cis n 6 c18 2 100g fa
260155	cis n-6 C18:2 /100g food (g)	unknown	260155.0	999999.0	cis n-6 C18:2 /100g food (g)	cis n-6 C18:2 / 100g food	cis n-6 c18:2/100g food	cis n-6 c18:2/100g food	cis n-6 c18:2/100g food	cis n 6 c18 2 100g food
260156	cis n-6 C18:3 /100g FA (g)	unknown	260156.0	999999.0	cis n-6 C18:3 /100g FA (g)	cis n-6 C18:3 / 100g FA	cis n-6 c18:3/100g fa	cis n-6 c18:3/100g fa	cis n-6 c18:3/100g fa	cis n 6 c18 3 100g fa
260157	cis n-6 C18:3 /100g food (g)	unknown	260157.0	999999.0	cis n-6 C18:3 /100g food (g)	cis n-6 C18:3 / 100g food	cis n-6 c18:3/100g food	cis n-6 c18:3/100g food	cis n-6 c18:3/100g food	cis n 6 c18 3 100g food
260158	cis n-6 C20:2 /100g FA (g)	unknown	260158.0	999999.0	cis n-6 C20:2 /100g FA (g)	cis n-6 C20:2 / 100g FA	cis n-6 c20:2/100g fa	cis n-6 c20:2/100g fa	cis n-6 c20:2/100g fa	cis n 6 c20 2 100g fa
260159	cis n-6 C20:2 /100g food (g)	unknown	260159.0	999999.0	cis n-6 C20:2 /100g food (g)	cis n-6 C20:2 / 100g food	cis n-6 c20:2/100g food	cis n-6 c20:2/100g food	cis n-6 c20:2/100g food	cis n 6 c20 2 100g food
260160	cis n-6 C20:3 /100g FA (g)	unknown	260160.0	999999.0	cis n-6 C20:3 /100g FA (g)	cis n-6 C20:3 / 100g FA	cis n-6 c20:3/100g fa	cis n-6 c20:3/100g fa	cis n-6 c20:3/100g fa	cis n 6 c20 3 100g fa
260161	cis n-6 C20:3 /100g food (g)	unknown	260161.0	999999.0	cis n-6 C20:3 /100g food (g)	cis n-6 C20:3 / 100g food	cis n-6 c20:3/100g food	cis n-6 c20:3/100g food	cis n-6 c20:3/100g food	cis n 6 c20 3 100g food
260162	cis n-6 C20:4 /100g FA (g)	unknown	260162.0	999999.0	cis n-6 C20:4 /100g FA (g)	cis n-6 C20:4 / 100g FA	cis n-6 c20:4/100g fa	cis n-6 c20:4/100g fa	cis n-6 c20:4/100g fa	cis n 6 c20 4 100g fa
260163	cis n-6 C20:4 /100g food (g)	unknown	260163.0	999999.0	cis n-6 C20:4 /100g food (g)	cis n-6 C20:4 / 100g food	cis n-6 c20:4/100g food	cis n-6 c20:4/100g food	cis n-6 c20:4/100g food	cis n 6 c20 4 100g food
260164	cis n-6 C22:2 /100g FA (g)	unknown	260164.0	999999.0	cis n-6 C22:2 /100g FA (g)	cis n-6 C22:2 / 100g FA	cis n-6 c22:2/100g fa	cis n-6 c22:2/100g fa	cis n-6 c22:2/100g fa	cis n 6 c22 2 100g fa
260165	cis n-6 C22:2 /100g food (g)	unknown	260165.0	999999.0	cis n-6 C22:2 /100g food (g)	cis n-6 C22:2 / 100g food	cis n-6 c22:2/100g food	cis n-6 c22:2/100g food	cis n-6 c22:2/100g food	cis n 6 c22 2 100g food
260166	cis n-6 C22:3 /100g FA (g)	unknown	260166.0	999999.0	cis n-6 C22:3 /100g FA (g)	cis n-6 C22:3 / 100g FA	cis n-6 c22:3/100g fa	cis n-6 c22:3/100g fa	cis n-6 c22:3/100g fa	cis n 6 c22 3 100g fa
260167	cis n-6 C22:3 /100g food (g)	unknown	260167.0	999999.0	cis n-6 C22:3 /100g food (g)	cis n-6 C22:3 / 100g food	cis n-6 c22:3/100g food	cis n-6 c22:3/100g food	cis n-6 c22:3/100g food	cis n 6 c22 3 100g food
260168	cis n-6 C22:4 /100g FA (g)	unknown	260168.0	999999.0	cis n-6 C22:4 /100g FA (g)	cis n-6 C22:4 / 100g FA	cis n-6 c22:4/100g fa	cis n-6 c22:4/100g fa	cis n-6 c22:4/100g fa	cis n 6 c22 4 100g fa
260169	cis n-6 C22:4 /100g food (g)	unknown	260169.0	999999.0	cis n-6 C22:4 /100g food (g)	cis n-6 C22:4 / 100g food	cis n-6 c22:4/100g food	cis n-6 c22:4/100g food	cis n-6 c22:4/100g food	cis n 6 c22 4 100g food
260170	cis-Mono FA /100g FA (g)	unknown	260170.0	999999.0	cis-Mono FA /100g FA (g)	cis-Mono FA / 100g FA	cis-mono fa/100g fa	cis-mono fa/100g fa	cis-mono fa/100g fa	cis mono fa 100g fa
260171	cis-Mono FA /100g Food (g)	unknown	260171.0	999999.0	cis-Mono FA /100g Food (g)	cis-Mono FA / 100g Food	cis-mono fa/100g food	cis-mono fa/100g food	cis-mono fa/100g food	cis mono fa 100g food
260172	cis-Poly FA /100g Food (g)	unknown	260172.0	999999.0	cis-Poly FA /100g Food (g)	cis-Poly FA / 100g Food	cis-poly fa/100g food	cis-poly fa/100g food	cis-poly fa/100g food	cis poly fa 100g food
260173	cis-Polyu FA /100g FA (g)	unknown	260173.0	999999.0	cis-Polyu FA /100g FA (g)	cis-Polyu FA / 100g FA	cis-polyu fa/100g fa	cis-polyu fa/100g fa	cis-polyu fa/100g fa	cis polyu fa 100g fa
260174	cis/trans C18:1n-7 /100g FA (g)	unknown	260174.0	999999.0	cis/trans C18:1n-7 /100g FA (g)	cis / trans C18:1n-7 / 100g FA	cis/trans c18:1n-7/100g fa	cis/trans c18:1n-7/100g fa	cis/trans c18:1n-7/100g fa	cis trans c18 1n 7 100g fa
260175	cis/trans C18:1n-7 /100g food (g)	unknown	260175.0	999999.0	cis/trans C18:1n-7 /100g food (g)	cis / trans C18:1n-7 / 100g food	cis/trans c18:1n-7/100g food	cis/trans c18:1n-7/100g food	cis/trans c18:1n-7/100g food	cis trans c18 1n 7 100g food
260176	cis/trans C18:1n-9 /100g FA (g)	unknown	260176.0	999999.0	cis/trans C18:1n-9 /100g FA (g)	cis / trans C18:1n-9 / 100g FA	cis/trans c18:1n-9/100g fa	cis/trans c18:1n-9/100g fa	cis/trans c18:1n-9/100g fa	cis trans c18 1n 9 100g fa
260177	cis/trans C18:1n-9 /100g food (g)	unknown	260177.0	999999.0	cis/trans C18:1n-9 /100g food (g)	cis / trans C18:1n-9 / 100g food	cis/trans c18:1n-9/100g food	cis/trans c18:1n-9/100g food	cis/trans c18:1n-9/100g food	cis trans c18 1n 9 100g food
260178	cis/trans C22:1n-11 /100g FA (g)	unknown	260178.0	999999.0	cis/trans C22:1n-11 /100g FA (g)	cis / trans C22:1n-11 / 100g FA	cis/trans c22:1n-11/100g fa	cis/trans c22:1n-11/100g fa	cis/trans c22:1n-11/100g fa	cis trans c22 1n 11 100g fa
260179	cis/trans C22:1n-11 /100g food (g)	unknown	260179.0	999999.0	cis/trans C22:1n-11 /100g food (g)	cis / trans C22:1n-11 / 100g food	cis/trans c22:1n-11/100g food	cis/trans c22:1n-11/100g food	cis/trans c22:1n-11/100g food	cis trans c22 1n 11 100g food
260180	cis/trans C22:1n-9 /100g FA (g)	unknown	260180.0	999999.0	cis/trans C22:1n-9 /100g FA (g)	cis / trans C22:1n-9 / 100g FA	cis/trans c22:1n-9/100g fa	cis/trans c22:1n-9/100g fa	cis/trans c22:1n-9/100g fa	cis trans c22 1n 9 100g fa
260181	cis/trans C22:1n-9 /100g food (g)	unknown	260181.0	999999.0	cis/trans C22:1n-9 /100g food (g)	cis / trans C22:1n-9 / 100g food	cis/trans c22:1n-9/100g food	cis/trans c22:1n-9/100g food	cis/trans c22:1n-9/100g food	cis trans c22 1n 9 100g food
260182	Cryptoxanthins (µg)	unknown	260182.0	999999.0	Cryptoxanthins (µg)	Cryptoxanthins (µg)	cryptoxanthins (µg)	cryptoxanthins (µg)	cryptoxanthins	cryptoxanthins g
260183	Dehydroretinol (µg)	unknown	260183.0	999999.0	Dehydroretinol (µg)	Dehydroretinol (µg)	dehydroretinol (µg)	dehydroretinol (µg)	dehydroretinol	dehydroretinol g
260184	Delta-5-avenasterol (mg)	unknown	260184.0	999999.0	Delta-5-avenasterol (mg)	Delta-5-avenasterol	delta-5-avenasterol	delta-5-avenasterol	delta-5-avenasterol	delta 5 avenasterol
260185	Delta-7-avenasterol (mg)	unknown	260185.0	999999.0	Delta-7-avenasterol (mg)	Delta-7-avenasterol	delta-7-avenasterol	delta-7-avenasterol	delta-7-avenasterol	delta 7 avenasterol
260186	Delta-7-stigmastenol (mg)	unknown	260186.0	999999.0	Delta-7-stigmastenol (mg)	Delta-7-stigmastenol	delta-7-stigmastenol	delta-7-stigmastenol	delta-7-stigmastenol	delta 7 stigmastenol
260187	Delta-tocopherol (mg)	unknown	260187.0	999999.0	Delta-tocopherol (mg)	Delta-tocopherol	delta-tocopherol	delta-tocopherol	delta-tocopherol	delta tocopherol
260188	Edible proportion	unknown	260188.0	999999.0	Edible proportion	Edible proportion	edible proportion	edible proportion	edible proportion	edible proportion
260189	Energy (kcal) (kcal)	unknown	260189.0	999999.0	Energy (kcal) (kcal)	Energy	energy	energy	energy	energy
260190	Energy (kJ) (kJ)	unknown	260190.0	999999.0	Energy (kJ) (kJ)	Energy	energy	energy	energy	energy
260191	Gamma-tocopherol (mg)	unknown	260191.0	999999.0	Gamma-tocopherol (mg)	Gamma-tocopherol	gamma-tocopherol	gamma-tocopherol	gamma-tocopherol	gamma tocopherol
260192	Gamma-tocotrienol (mg)	unknown	260192.0	999999.0	Gamma-tocotrienol (mg)	Gamma-tocotrienol	gamma-tocotrienol	gamma-tocotrienol	gamma-tocotrienol	gamma tocotrienol
260193	Glycerol conversion factor	unknown	260193.0	999999.0	Glycerol conversion factor	Glycerol conversion factor	glycerol conversion factor	glycerol conversion factor	glycerol conversion factor	glycerol conversion factor
260194	Lutein (µg)	unknown	260194.0	999999.0	Lutein (µg)	Lutein (µg)	lutein (µg)	lutein (µg)	lutein	lutein g
260195	Lycopene (µg)	unknown	260195.0	999999.0	Lycopene (µg)	Lycopene (µg)	lycopene (µg)	lycopene (µg)	lycopene	lycopene g
260196	Mono FA /100g food (g)	unknown	260196.0	999999.0	Mono FA /100g food (g)	Mono FA / 100g food	mono fa/100g food	mono fa/100g food	mono fa/100g food	mono fa 100g food
260197	Mono FA/ 100g FA (g)	unknown	260197.0	999999.0	Mono FA/ 100g FA (g)	Mono FA / 100g FA	mono fa/100g fa	mono fa/100g fa	mono fa/100g fa	mono fa 100g fa
260198	n-3 poly /100g FA (g)	unknown	260198.0	999999.0	n-3 poly /100g FA (g)	n-3 poly / 100g FA	n-3 poly/100g fa	n-3 poly/100g fa	n-3 poly/100g fa	n 3 poly 100g fa
260199	n-3 poly /100g food (g)	unknown	260199.0	999999.0	n-3 poly /100g food (g)	n-3 poly / 100g food	n-3 poly/100g food	n-3 poly/100g food	n-3 poly/100g food	n 3 poly 100g food
260200	n-6 poly /100g FA (g)	unknown	260200.0	999999.0	n-6 poly /100g FA (g)	n-6 poly / 100g FA	n-6 poly/100g fa	n-6 poly/100g fa	n-6 poly/100g fa	n 6 poly 100g fa
260201	n-6 poly /100g food (g)	unknown	260201.0	999999.0	n-6 poly /100g food (g)	n-6 poly / 100g food	n-6 poly/100g food	n-6 poly/100g food	n-6 poly/100g food	n 6 poly 100g food
260202	Nitrogen conversion factor	unknown	260202.0	999999.0	Nitrogen conversion factor	Nitrogen conversion factor	nitrogen conversion factor	nitrogen conversion factor	nitrogen conversion factor	nitrogen conversion factor
260203	NSP (g)	unknown	260203.0	999999.0	NSP (g)	NSP	nsp	nsp	nsp	nsp
260204	Other Cholesterol and Phytosterols (mg)	unknown	260204.0	999999.0	Other Cholesterol and Phytosterols (mg)	Other Cholesterol and Phytosterols	other cholesterol and phytosterols	other cholesterol and phytosterols	other cholesterol and phytosterols	other cholesterol and phytosterols
260205	Phytosterol (mg)	unknown	260205.0	999999.0	Phytosterol (mg)	Phytosterol	phytosterol	phytosterol	phytosterol	phytosterol
260206	Poly FA /100g FA (g)	unknown	260206.0	999999.0	Poly FA /100g FA (g)	Poly FA / 100g FA	poly fa/100g fa	poly fa/100g fa	poly fa/100g fa	poly fa 100g fa
260207	Poly FA /100g food (g)	unknown	260207.0	999999.0	Poly FA /100g food (g)	Poly FA / 100g food	poly fa/100g food	poly fa/100g food	poly fa/100g food	poly fa 100g food
260208	Retinaldehyde (µg)	unknown	260208.0	999999.0	Retinaldehyde (µg)	Retinaldehyde (µg)	retinaldehyde (µg)	retinaldehyde (µg)	retinaldehyde	retinaldehyde g
260209	Retinol Equivalent (µg)	unknown	260209.0	999999.0	Retinol Equivalent (µg)	Retinol Equivalent (µg)	retinol equivalent (µg)	retinol equivalent (µg)	retinol equivalent	retinol equivalent g
260210	Sat FA excl Br /100g FA (g)	unknown	260210.0	999999.0	Sat FA excl Br /100g FA (g)	Sat FA excl Br / 100g FA	sat fa excl br/100g fa	sat fa excl br/100g fa	sat fa excl br/100g fa	sat fa excl br 100g fa
260211	Sat FA excl Br /100g food (g)	unknown	260211.0	999999.0	Sat FA excl Br /100g food (g)	Sat FA excl Br / 100g food	sat fa excl br/100g food	sat fa excl br/100g food	sat fa excl br/100g food	sat fa excl br 100g food
260212	Satd FA /100g FA (g)	unknown	260212.0	999999.0	Satd FA /100g FA (g)	Satd FA / 100g FA	satd fa/100g fa	satd fa/100g fa	satd fa/100g fa	satd fa 100g fa
260213	Satd FA /100g fd (g)	unknown	260213.0	999999.0	Satd FA /100g fd (g)	Satd FA / 100g fd	satd fa/100g fd	satd fa/100g fd	satd fa/100g fd	satd fa 100g fd
260214	Specific gravity	unknown	260214.0	999999.0	Specific gravity	Specific gravity	specific gravity	specific gravity	specific gravity	specific gravity
260215	Total solids	unknown	260215.0	999999.0	Total solids	solids	solids	solids	solids	solids
260216	Trans FAs /100g FA (g)	unknown	260216.0	999999.0	Trans FAs /100g FA (g)	Trans FAs / 100g FA	trans fas/100g fa	trans fas/100g fa	trans fas/100g fa	trans fas 100g fa
260217	Trans FAs /100g food (g)	unknown	260217.0	999999.0	Trans FAs /100g food (g)	Trans FAs / 100g food	trans fas/100g food	trans fas/100g food	trans fas/100g food	trans fas 100g food
260218	trans monounsaturated /100g FA (g)	unknown	260218.0	999999.0	trans monounsaturated /100g FA (g)	trans monounsaturated / 100g FA	trans monounsaturated/100g fa	trans monounsaturated/100g fa	trans monounsaturated/100g fa	trans monounsaturated 100g fa
260219	trans monounsaturated /100g food (g)	unknown	260219.0	999999.0	trans monounsaturated /100g food (g)	trans monounsaturated / 100g food	trans monounsaturated/100g food	trans monounsaturated/100g food	trans monounsaturated/100g food	trans monounsaturated 100g food
260220	trans poly /100g FA (g)	unknown	260220.0	999999.0	trans poly /100g FA (g)	trans poly / 100g FA	trans poly/100g fa	trans poly/100g fa	trans poly/100g fa	trans poly 100g fa
260221	trans poly /100g food (g)	unknown	260221.0	999999.0	trans poly /100g food (g)	trans poly / 100g food	trans poly/100g food	trans poly/100g food	trans poly/100g food	trans poly 100g food
260222	unknown C16 poly /100g FA (g)	unknown	260222.0	999999.0	unknown C16 poly /100g FA (g)	unknown C16 poly / 100g FA	unknown c16 poly/100g fa	unknown c16 poly/100g fa	unknown c16 poly/100g fa	unknown c16 poly 100g fa
260223	unknown C16 poly /100g food (g)	unknown	260223.0	999999.0	unknown C16 poly /100g food (g)	unknown C16 poly / 100g food	unknown c16 poly/100g food	unknown c16 poly/100g food	unknown c16 poly/100g food	unknown c16 poly 100g food
260224	unknown C18 poly /100g FA (g)	unknown	260224.0	999999.0	unknown C18 poly /100g FA (g)	unknown C18 poly / 100g FA	unknown c18 poly/100g fa	unknown c18 poly/100g fa	unknown c18 poly/100g fa	unknown c18 poly 100g fa
260225	unknown C18 poly /100g food (g)	unknown	260225.0	999999.0	unknown C18 poly /100g food (g)	unknown C18 poly / 100g food	unknown c18 poly/100g food	unknown c18 poly/100g food	unknown c18 poly/100g food	unknown c18 poly 100g food
260226	unknown C20 poly /100 FA (g)	unknown	260226.0	999999.0	unknown C20 poly /100 FA (g)	unknown C20 poly / 100 FA	unknown c20 poly/100 fa	unknown c20 poly/100 fa	unknown c20 poly/100 fa	unknown c20 poly 100 fa
260227	unknown C20 poly /100g food (g)	unknown	260227.0	999999.0	unknown C20 poly /100g food (g)	unknown C20 poly / 100g food	unknown c20 poly/100g food	unknown c20 poly/100g food	unknown c20 poly/100g food	unknown c20 poly 100g food
260228	unknown C22 poly /100g FA (g)	unknown	260228.0	999999.0	unknown C22 poly /100g FA (g)	unknown C22 poly / 100g FA	unknown c22 poly/100g fa	unknown c22 poly/100g fa	unknown c22 poly/100g fa	unknown c22 poly 100g fa
260229	unknown C22 poly /100g food (g)	unknown	260229.0	999999.0	unknown C22 poly /100g food (g)	unknown C22 poly / 100g food	unknown c22 poly/100g food	unknown c22 poly/100g food	unknown c22 poly/100g food	unknown c22 poly 100g food
210001	PHYTCPPI(mg)	unknown	210001.0	999999.0	PHYTCPPI(mg)	PHYTCPPI	phytcppi	phytcppi	phytcppi	phytcppi
210002	PHYTCPPD(mg)	unknown	210002.0	999999.0	PHYTCPPD(mg)	PHYTCPPD	phytcppd	phytcppd	phytcppd	phytcppd
210003	PHYTCPP(mg)	unknown	210003.0	999999.0	PHYTCPP(mg)	PHYTCPP	phytcpp	phytcpp	phytcpp	phytcpp
210004	PHYTCA (mg)	unknown	210004.0	999999.0	PHYTCA (mg)	PHYTCA	phytca	phytca	phytca	phytca
210005	PHYTC-(mg)	unknown	210005.0	999999.0	PHYTC-(mg)	PHYTC-	phytc-	phytc-	phytc-	phytc
210006	PPI(mg)	unknown	210006.0	999999.0	PPI(mg)	PPI	ppi	ppi	ppi	ppi
210007	PPD(mg)	unknown	210007.0	999999.0	PPD(mg)	PPD	ppd	ppd	ppd	ppd
210008	PP-(mg)	unknown	210008.0	999999.0	PP-(mg)	PP-	pp-	pp-	pp-	pp
210009	XP	unknown	210009.0	999999.0	XP	XP	xp	xp	xp	xp
210010	IP3(mg)	unknown	210010.0	999999.0	IP3(mg)	IP3	ip3	ip3	ip3	ip3
210011	IP4(mg)	unknown	210011.0	999999.0	IP4(mg)	IP4	ip4	ip4	ip4	ip4
210012	IP5(mg)	unknown	210012.0	999999.0	IP5(mg)	IP5	ip5	ip5	ip5	ip5
210013	IP6(mg)	unknown	210013.0	999999.0	IP6(mg)	IP6	ip6	ip6	ip6	ip6
210014	IP5_A_IP6 (mg)	unknown	210014.0	999999.0	IP5_A_IP6 (mg)	IP5_A_IP6	ip5_a_ip6	ip5_a_ip6	ip5_a_ip6	ip5 a ip6
210015	IP4_A_IP5_A_IP6(mg)	unknown	210015.0	999999.0	IP4_A_IP5_A_IP6(mg)	IP4_A_IP5_A_IP6	ip4_a_ip5_a_ip6	ip4_a_ip5_a_ip6	ip4_a_ip5_a_ip6	ip4 a ip5 a ip6
210016	IPSUM (mg)	unknown	210016.0	999999.0	IPSUM (mg)	IPSUM	ipsum	ipsum	ipsum	ipsum
210017	PHYT-	unknown	210017.0	999999.0	PHYT-	PHYT-	phyt-	phyt-	phyt-	phyt
210018	PHYTCPPI:FE	unknown	210018.0	999999.0	PHYTCPPI:FE	PHYTCPPI:FE	phytcppi:fe	phytcppi:fe	phytcppi:fe	phytcppi fe
210019	PHYTCPPI:ZN	unknown	210019.0	999999.0	PHYTCPPI:ZN	PHYTCPPI:ZN	phytcppi:zn	phytcppi:zn	phytcppi:zn	phytcppi zn
210020	PHYTCPPD:FE	unknown	210020.0	999999.0	PHYTCPPD:FE	PHYTCPPD:FE	phytcppd:fe	phytcppd:fe	phytcppd:fe	phytcppd fe
210021	PHYTCPPD:ZN	unknown	210021.0	999999.0	PHYTCPPD:ZN	PHYTCPPD:ZN	phytcppd:zn	phytcppd:zn	phytcppd:zn	phytcppd zn
210022	PHYTCA:FE	unknown	210022.0	999999.0	PHYTCA:FE	PHYTCA:FE	phytca:fe	phytca:fe	phytca:fe	phytca fe
210023	PHYTCA:ZN	unknown	210023.0	999999.0	PHYTCA:ZN	PHYTCA:ZN	phytca:zn	phytca:zn	phytca:zn	phytca zn
210024	PHYTCPP:FE	unknown	210024.0	999999.0	PHYTCPP:FE	PHYTCPP:FE	phytcpp:fe	phytcpp:fe	phytcpp:fe	phytcpp fe
210025	PHYTCPP:ZN	unknown	210025.0	999999.0	PHYTCPP:ZN	PHYTCPP:ZN	phytcpp:zn	phytcpp:zn	phytcpp:zn	phytcpp zn
210026	PHYTC-:FE	unknown	210026.0	999999.0	PHYTC-:FE	PHYTC-:FE	phytc-:fe	phytc-:fe	phytc-:fe	phytc fe
210027	PHYTC-:ZN	unknown	210027.0	999999.0	PHYTC-:ZN	PHYTC-:ZN	phytc-:zn	phytc-:zn	phytc-:zn	phytc zn
210028	PHYT-:FE	unknown	210028.0	999999.0	PHYT-:FE	PHYT-:FE	phyt-:fe	phyt-:fe	phyt-:fe	phyt fe
210029	PHYT-:ZN	unknown	210029.0	999999.0	PHYT-:ZN	PHYT-:ZN	phyt-:zn	phyt-:zn	phyt-:zn	phyt zn
210030	PHY:FE	unknown	210030.0	999999.0	PHY:FE	PHY:FE	phy:fe	phy:fe	phy:fe	phy fe
210031	PHY:ZN	unknown	210031.0	999999.0	PHY:ZN	PHY:ZN	phy:zn	phy:zn	phy:zn	phy zn
220001	Code	unknown	220001.0	999999.0	Code	Code	code	code	code	code
220002	XN	unknown	220002.0	999999.0	XN	XN	xn	xn	xn	xn
220003	NNP(mg)	unknown	220003.0	999999.0	NNP(mg)	NNP	nnp	nnp	nnp	nnp
220004	PROTCNP(g)	unknown	220004.0	999999.0	PROTCNP(g)	PROTCNP	protcnp	protcnp	protcnp	protcnp
220005	PROT-(g)	unknown	220005.0	999999.0	PROT-(g)	PROT-	prot-	prot-	prot-	prot
220006	FAT-(g)	unknown	220006.0	999999.0	FAT-(g)	FAT-	fat-	fat-	fat-	fat
220007	FAUN(g)	unknown	220007.0	999999.0	FAUN(g)	FAUN	faun	faun	faun	faun
220008	CHOCDF(g)	unknown	220008.0	999999.0	CHOCDF(g)	CHOCDF	chocdf	chocdf	chocdf	chocdf
220009	CHO-(g)	unknown	220009.0	999999.0	CHO-(g)	CHO-	cho-	cho-	cho-	cho
220010	SUGRD(g)	unknown	220010.0	999999.0	SUGRD(g)	SUGRD	sugrd	sugrd	sugrd	sugrd
220011	SUGNRD(g)	unknown	220011.0	999999.0	SUGNRD(g)	SUGNRD	sugnrd	sugnrd	sugnrd	sugnrd
220012	SUGAR-(g)	unknown	220012.0	999999.0	SUGAR-(g)	SUGAR-	sugar-	sugar-	sugar-	sugar
220013	STARCH-(g)	unknown	220013.0	999999.0	STARCH-(g)	STARCH-	starch-	starch-	starch-	starch
220014	STARES(g)	unknown	220014.0	999999.0	STARES(g)	STARES	stares	stares	stares	stares
220015	FIBTG(g)	unknown	220015.0	999999.0	FIBTG(g)	FIBTG	fibtg	fibtg	fibtg	fibtg
220016	FIBC(g)	unknown	220016.0	999999.0	FIBC(g)	FIBC	fibc	fibc	fibc	fibc
220017	FIB-(g)	unknown	220017.0	999999.0	FIB-(g)	FIB-	fib-	fib-	fib-	fib
220018	FIBINS(g)	unknown	220018.0	999999.0	FIBINS(g)	FIBINS	fibins	fibins	fibins	fibins
220019	FIBSOL(g)	unknown	220019.0	999999.0	FIBSOL(g)	FIBSOL	fibsol	fibsol	fibsol	fibsol
220020	FIBND(g)	unknown	220020.0	999999.0	FIBND(g)	FIBND	fibnd	fibnd	fibnd	fibnd
220021	FIBAD(g)	unknown	220021.0	999999.0	FIBAD(g)	FIBAD	fibad	fibad	fibad	fibad
220022	CA(mg)	unknown	220022.0	999999.0	CA(mg)	CA	ca	ca	ca	ca
220023	CO(mcg)	unknown	220023.0	999999.0	CO(mcg)	CO	co	co	co	co
220024	CU(mg)	unknown	220024.0	999999.0	CU(mg)	CU	cu	cu	cu	cu
220025	FE(mg)	unknown	220025.0	999999.0	FE(mg)	FE	fe	fe	fe	fe
220026	K(mg)	unknown	220026.0	999999.0	K(mg)	K	k	k	k	k
220027	MN(mg)	unknown	220027.0	999999.0	MN(mg)	MN	mn	mn	mn	mn
220028	MG(mg)	unknown	220028.0	999999.0	MG(mg)	MG	mg	mg	mg	mg
220029	NA(mg)	unknown	220029.0	999999.0	NA(mg)	NA	na	na	na	na
220030	P(mg)	unknown	220030.0	999999.0	P(mg)	P	p	p	p	p
220031	SE(mcg)	unknown	220031.0	999999.0	SE(mcg)	SE	se	se	se	se
220032	AS(mcg)	unknown	220032.0	999999.0	AS(mcg)	AS	as	as	as	as
220033	CD(mcg)	unknown	220033.0	999999.0	CD(mcg)	CD	cd	cd	cd	cd
220034	CR(mcg)	unknown	220034.0	999999.0	CR(mcg)	CR	cr	cr	cr	cr
220035	HG(mcg)	unknown	220035.0	999999.0	HG(mcg)	HG	hg	hg	hg	hg
220036	ID(mcg)	unknown	220036.0	999999.0	ID(mcg)	ID	id	id	id	id
220037	LI(mcg)	unknown	220037.0	999999.0	LI(mcg)	LI	li	li	li	li
220038	NI(mcg)	unknown	220038.0	999999.0	NI(mcg)	NI	ni	ni	ni	ni
220039	PB(mcg)	unknown	220039.0	999999.0	PB(mcg)	PB	pb	pb	pb	pb
220040	VITA_RAE(mcg)	unknown	220040.0	999999.0	VITA_RAE(mcg)	VITA_RAE	vita_rae	vita_rae	vita_rae	vita rae
220041	CARTOID(mcg)	unknown	220041.0	999999.0	CARTOID(mcg)	CARTOID	cartoid	cartoid	cartoid	cartoid
220042	VITEA(IU)	unknown	220042.0	999999.0	VITEA(IU)	VITEA	vitea	vitea	vitea	vitea
220043	VITE(mg)	unknown	220043.0	999999.0	VITE(mg)	VITE	vite	vite	vite	vite
220044	VITE-(mg)	unknown	220044.0	999999.0	VITE-(mg)	VITE-	vite-	vite-	vite-	vite
220045	NIAEQ(mg)	unknown	220045.0	999999.0	NIAEQ(mg)	NIAEQ	niaeq	niaeq	niaeq	niaeq
220046	NIATRP(mg)	unknown	220046.0	999999.0	NIATRP(mg)	NIATRP	niatrp	niatrp	niatrp	niatrp
220047	NIA-(mg)	unknown	220047.0	999999.0	NIA-(mg)	NIA-	nia-	nia-	nia-	nia
220048	ASCL(mg)	unknown	220048.0	999999.0	ASCL(mg)	ASCL	ascl	ascl	ascl	ascl
220049	RAFSM(g)	unknown	220049.0	999999.0	RAFSM(g)	RAFSM	rafsm	rafsm	rafsm	rafsm
220050	STASM(g)	unknown	220050.0	999999.0	STASM(g)	STASM	stasm	stasm	stasm	stasm
220051	XFA (internal use)	unknown	220051.0	999999.0	XFA (internal use)	XFA	xfa	xfa	xfa	xfa
220052	FACID(g)	unknown	220052.0	999999.0	FACID(g)	FACID	facid	facid	facid	facid
220053	F12D0(g)	unknown	220053.0	999999.0	F12D0(g)	F12D0	f12d0	f12d0	f12d0	f12d0
220054	F14D0(g)	unknown	220054.0	999999.0	F14D0(g)	F14D0	f14d0	f14d0	f14d0	f14d0
220055	F15D0(g)	unknown	220055.0	999999.0	F15D0(g)	F15D0	f15d0	f15d0	f15d0	f15d0
220056	F16D0(g)	unknown	220056.0	999999.0	F16D0(g)	F16D0	f16d0	f16d0	f16d0	f16d0
220057	F18D0(g)	unknown	220057.0	999999.0	F18D0(g)	F18D0	f18d0	f18d0	f18d0	f18d0
220058	F20D0(g)	unknown	220058.0	999999.0	F20D0(g)	F20D0	f20d0	f20d0	f20d0	f20d0
220059	F22D0(g)	unknown	220059.0	999999.0	F22D0(g)	F22D0	f22d0	f22d0	f22d0	f22d0
220060	F24D0(g)	unknown	220060.0	999999.0	F24D0(g)	F24D0	f24d0	f24d0	f24d0	f24d0
220061	F16D1(g)	unknown	220061.0	999999.0	F16D1(g)	F16D1	f16d1	f16d1	f16d1	f16d1
220062	F18D1(g)	unknown	220062.0	999999.0	F18D1(g)	F18D1	f18d1	f18d1	f18d1	f18d1
220063	F20D1(g)	unknown	220063.0	999999.0	F20D1(g)	F20D1	f20d1	f20d1	f20d1	f20d1
220064	F22D1(g)	unknown	220064.0	999999.0	F22D1(g)	F22D1	f22d1	f22d1	f22d1	f22d1
220065	F24D1(g)	unknown	220065.0	999999.0	F24D1(g)	F24D1	f24d1	f24d1	f24d1	f24d1
220066	F18D2(g)	unknown	220066.0	999999.0	F18D2(g)	F18D2	f18d2	f18d2	f18d2	f18d2
220067	F20D2(g)	unknown	220067.0	999999.0	F20D2(g)	F20D2	f20d2	f20d2	f20d2	f20d2
220068	F18D3(g)	unknown	220068.0	999999.0	F18D3(g)	F18D3	f18d3	f18d3	f18d3	f18d3
220069	F20D4(g)	unknown	220069.0	999999.0	F20D4(g)	F20D4	f20d4	f20d4	f20d4	f20d4
220070	PHE_A_TYR(mg)	unknown	220070.0	999999.0	PHE_A_TYR(mg)	PHE_A_TYR	phe_a_tyr	phe_a_tyr	phe_a_tyr	phe a tyr
220071	AAE-(mg)	unknown	220071.0	999999.0	AAE-(mg)	AAE-	aae-	aae-	aae-	aae
220072	AMMON(mg)	unknown	220072.0	999999.0	AMMON(mg)	AMMON	ammon	ammon	ammon	ammon
220073	PHYTCPPD(mg)	unknown	220073.0	999999.0	PHYTCPPD(mg)	PHYTCPPD	phytcppd	phytcppd	phytcppd	phytcppd
220074	PHYTCPP(mg)	unknown	220074.0	999999.0	PHYTCPP(mg)	PHYTCPP	phytcpp	phytcpp	phytcpp	phytcpp
220075	PP-(mg)	unknown	220075.0	999999.0	PP-(mg)	PP-	pp-	pp-	pp-	pp
220076	IP6(mg)	unknown	220076.0	999999.0	IP6(mg)	IP6	ip6	ip6	ip6	ip6
220077	PHYT-	unknown	220077.0	999999.0	PHYT-	PHYT-	phyt-	phyt-	phyt-	phyt
220078	GABA(mg)	unknown	220078.0	999999.0	GABA(mg)	GABA	gaba	gaba	gaba	gaba
220079	TAN(mg)	unknown	220079.0	999999.0	TAN(mg)	TAN	tan	tan	tan	tan
220080	CYAN(mcg)	unknown	220080.0	999999.0	CYAN(mcg)	CYAN	cyan	cyan	cyan	cyan
220081	SUGRD(g)	unknown	220081.0	999999.0	SUGRD(g)	SUGRD	sugrd	sugrd	sugrd	sugrd
220082	SUGNRD(g)	unknown	220082.0	999999.0	SUGNRD(g)	SUGNRD	sugnrd	sugnrd	sugnrd	sugnrd
220083	CELLU(g)	unknown	220083.0	999999.0	CELLU(g)	CELLU	cellu	cellu	cellu	cellu
220084	MUCIL(g)	unknown	220084.0	999999.0	MUCIL(g)	MUCIL	mucil	mucil	mucil	mucil
220085	CLD(mg)	unknown	220085.0	999999.0	CLD(mg)	CLD	cld	cld	cld	cld
220086	S(mg)	unknown	220086.0	999999.0	S(mg)	S	s	s	s	s
220087	VITA(mcg)	unknown	220087.0	999999.0	VITA(mcg)	VITA	vita	vita	vita	vita
220088	VITA-(mcg)	unknown	220088.0	999999.0	VITA-(mcg)	VITA-	vita-	vita-	vita-	vita
220089	CARTBEQ(mcg)	unknown	220089.0	999999.0	CARTBEQ(mcg)	CARTBEQ	cartbeq	cartbeq	cartbeq	cartbeq
220090	CAROT(mcg)	unknown	220090.0	999999.0	CAROT(mcg)	CAROT	carot	carot	carot	carot
220091	NEOX(mcg)	unknown	220091.0	999999.0	NEOX(mcg)	NEOX	neox	neox	neox	neox
220092	ASCDL(mg)	unknown	220092.0	999999.0	ASCDL(mg)	ASCDL	ascdl	ascdl	ascdl	ascdl
220093	ANTCYAN(mcg)	unknown	220093.0	999999.0	ANTCYAN(mcg)	ANTCYAN	antcyan	antcyan	antcyan	antcyan
220094	CINAC(mg)	unknown	220094.0	999999.0	CINAC(mg)	CINAC	cinac	cinac	cinac	cinac
220095	TAN(mg)	unknown	220095.0	999999.0	TAN(mg)	TAN	tan	tan	tan	tan
220096	GLYALK(mg)	unknown	220096.0	999999.0	GLYALK(mg)	GLYALK	glyalk	glyalk	glyalk	glyalk
220097	CARTBCIS(mcg)	unknown	220097.0	999999.0	CARTBCIS(mcg)	CARTBCIS	cartbcis	cartbcis	cartbcis	cartbcis
220098	ENERA(kJ)	unknown	220098.0	999999.0	ENERA(kJ)	ENERA	enera	enera	enera	enera
220099	NT(g)	unknown	220099.0	999999.0	NT(g)	NT	nt	nt	nt	nt
220100	NPRO(g)	unknown	220100.0	999999.0	NPRO(g)	NPRO	npro	npro	npro	npro
220101	PROTA(g)	unknown	220101.0	999999.0	PROTA(g)	PROTA	prota	prota	prota	prota
220102	PROTCNP(g)	unknown	220102.0	999999.0	PROTCNP(g)	PROTCNP	protcnp	protcnp	protcnp	protcnp
220103	CHOAVLO(g)	unknown	220103.0	999999.0	CHOAVLO(g)	CHOAVLO	choavlo	choavlo	choavlo	choavlo
220104	CHOAVLM(g)	unknown	220104.0	999999.0	CHOAVLM(g)	CHOAVLM	choavlm	choavlm	choavlm	choavlm
220105	CHOAVL-(g)	unknown	220105.0	999999.0	CHOAVL-(g)	CHOAVL-	choavl-	choavl-	choavl-	choavl
220106	STARCHM(g)	unknown	220106.0	999999.0	STARCHM(g)	STARCHM	starchm	starchm	starchm	starchm
220107	STARCH-(g)	unknown	220107.0	999999.0	STARCH-(g)	STARCH-	starch-	starch-	starch-	starch
220108	STARES(g)	unknown	220108.0	999999.0	STARES(g)	STARES	stares	stares	stares	stares
220109	STARES3(g)	unknown	220109.0	999999.0	STARES3(g)	STARES3	stares3	stares3	stares3	stares3
220110	NSP(g)	unknown	220110.0	999999.0	NSP(g)	NSP	nsp	nsp	nsp	nsp
220111	PSACNSI(g)	unknown	220111.0	999999.0	PSACNSI(g)	PSACNSI	psacnsi	psacnsi	psacnsi	psacnsi
220112	PSACNSS(g)	unknown	220112.0	999999.0	PSACNSS(g)	PSACNSS	psacnss	psacnss	psacnss	psacnss
220113	SUGAR(g)	unknown	220113.0	999999.0	SUGAR(g)	SUGAR	sugar	sugar	sugar	sugar
220114	SUGNRD(g)	unknown	220114.0	999999.0	SUGNRD(g)	SUGNRD	sugnrd	sugnrd	sugnrd	sugnrd
220115	OLSAC (g)	unknown	220115.0	999999.0	OLSAC (g)	OLSAC	olsac	olsac	olsac	olsac
220116	FIB-(g)	unknown	220116.0	999999.0	FIB-(g)	FIB-	fib-	fib-	fib-	fib
220117	FIBTGLCS(g)	unknown	220117.0	999999.0	FIBTGLCS(g)	FIBTGLCS	fibtglcs	fibtglcs	fibtglcs	fibtglcs
220118	FIBPEN(g)	unknown	220118.0	999999.0	FIBPEN(g)	FIBPEN	fibpen	fibpen	fibpen	fibpen
220119	GLUFB(g)	unknown	220119.0	999999.0	GLUFB(g)	GLUFB	glufb	glufb	glufb	glufb
220120	GALFB(g)	unknown	220120.0	999999.0	GALFB(g)	GALFB	galfb	galfb	galfb	galfb
220121	GLUCNB(g)	unknown	220121.0	999999.0	GLUCNB(g)	GLUCNB	glucnb	glucnb	glucnb	glucnb
220122	GALSD(g)	unknown	220122.0	999999.0	GALSD(g)	GALSD	galsd	galsd	galsd	galsd
220123	FUCOS(g)	unknown	220123.0	999999.0	FUCOS(g)	FUCOS	fucos	fucos	fucos	fucos
220124	RHAS(g)	unknown	220124.0	999999.0	RHAS(g)	RHAS	rhas	rhas	rhas	rhas
220125	THIAHCL(mg)	unknown	220125.0	999999.0	THIAHCL(mg)	THIAHCL	thiahcl	thiahcl	thiahcl	thiahcl
220126	NIATRP(mg)	unknown	220126.0	999999.0	NIATRP(mg)	NIATRP	niatrp	niatrp	niatrp	niatrp
220127	NIAEQ(mg)	unknown	220127.0	999999.0	NIAEQ(mg)	NIAEQ	niaeq	niaeq	niaeq	niaeq
220128	VITB6C(mg)	unknown	220128.0	999999.0	VITB6C(mg)	VITB6C	vitb6c	vitb6c	vitb6c	vitb6c
220129	VITC-(mg)	unknown	220129.0	999999.0	VITC-(mg)	VITC-	vitc-	vitc-	vitc-	vitc
220130	FOL(mcg)	unknown	220130.0	999999.0	FOL(mcg)	FOL	fol	fol	fol	fol
220131	FOLSUM(mcg)	unknown	220131.0	999999.0	FOLSUM(mcg)	FOLSUM	folsum	folsum	folsum	folsum
220132	FOLACN(mcg)	unknown	220132.0	999999.0	FOLACN(mcg)	FOLACN	folacn	folacn	folacn	folacn
220133	FOLFM10(mcg)	unknown	220133.0	999999.0	FOLFM10(mcg)	FOLFM10	folfm10	folfm10	folfm10	folfm10
220134	FOLH4(mcg)	unknown	220134.0	999999.0	FOLH4(mcg)	FOLH4	folh4	folh4	folh4	folh4
220135	FOLH4ME5(mcg)	unknown	220135.0	999999.0	FOLH4ME5(mcg)	FOLH4ME5	folh4me5	folh4me5	folh4me5	folh4me5
220136	FOLH4MTN5(mcg)	unknown	220136.0	999999.0	FOLH4MTN5(mcg)	FOLH4MTN5	folh4mtn5	folh4mtn5	folh4mtn5	folh4mtn5
220137	FOLH4FM5(mcg)	unknown	220137.0	999999.0	FOLH4FM5(mcg)	FOLH4FM5	folh4fm5	folh4fm5	folh4fm5	folh4fm5
220138	CARTA(mcg)	unknown	220138.0	999999.0	CARTA(mcg)	CARTA	carta	carta	carta	carta
220139	CARTB(mcg)	unknown	220139.0	999999.0	CARTB(mcg)	CARTB	cartb	cartb	cartb	cartb
220140	CRYPXB(mcg)	unknown	220140.0	999999.0	CRYPXB(mcg)	CRYPXB	crypxb	crypxb	crypxb	crypxb
220141	VIOLX(mcg)	unknown	220141.0	999999.0	VIOLX(mcg)	VIOLX	violx	violx	violx	violx
220142	CARTOID(mcg)	unknown	220142.0	999999.0	CARTOID(mcg)	CARTOID	cartoid	cartoid	cartoid	cartoid
220143	VITE-(mg)	unknown	220143.0	999999.0	VITE-(mg)	VITE-	vite-	vite-	vite-	vite
220144	TOCPHA(mg)	unknown	220144.0	999999.0	TOCPHA(mg)	TOCPHA	tocpha	tocpha	tocpha	tocpha
220145	TOCPHD(mg)	unknown	220145.0	999999.0	TOCPHD(mg)	TOCPHD	tocphd	tocphd	tocphd	tocphd
220146	TOCPHG(mg)	unknown	220146.0	999999.0	TOCPHG(mg)	TOCPHG	tocphg	tocphg	tocphg	tocphg
220147	TOCPHB_A_TOCPHG(mg)	unknown	220147.0	999999.0	TOCPHB_A_TOCPHG(mg)	TOCPHB_A_TOCPHG	tocphb_a_tocphg	tocphb_a_tocphg	tocphb_a_tocphg	tocphb a tocphg
220148	PHOLIP(g)	unknown	220148.0	999999.0	PHOLIP(g)	PHOLIP	pholip	pholip	pholip	pholip
220149	STERT(g)	unknown	220149.0	999999.0	STERT(g)	STERT	stert	stert	stert	stert
220150	FACID(g)	unknown	220150.0	999999.0	FACID(g)	FACID	facid	facid	facid	facid
220151	TGLY(g)	unknown	220151.0	999999.0	TGLY(g)	TGLY	tgly	tgly	tgly	tgly
220152	FAESS(g)	unknown	220152.0	999999.0	FAESS(g)	FAESS	faess	faess	faess	faess
220153	FAN3(g)	unknown	220153.0	999999.0	FAN3(g)	FAN3	fan3	fan3	fan3	fan3
220154	FAN6(g)	unknown	220154.0	999999.0	FAN6(g)	FAN6	fan6	fan6	fan6	fan6
220155	FAN9(g)	unknown	220155.0	999999.0	FAN9(g)	FAN9	fan9	fan9	fan9	fan9
220156	FAPUN3(g)	unknown	220156.0	999999.0	FAPUN3(g)	FAPUN3	fapun3	fapun3	fapun3	fapun3
220157	FAPUN6(g)	unknown	220157.0	999999.0	FAPUN6(g)	FAPUN6	fapun6	fapun6	fapun6	fapun6
220158	F13D0(g)	unknown	220158.0	999999.0	F13D0(g)	F13D0	f13d0	f13d0	f13d0	f13d0
220159	F17D0(g)	unknown	220159.0	999999.0	F17D0(g)	F17D0	f17d0	f17d0	f17d0	f17d0
220160	F21D0(g)	unknown	220160.0	999999.0	F21D0(g)	F21D0	f21d0	f21d0	f21d0	f21d0
220161	F23D0(g)	unknown	220161.0	999999.0	F23D0(g)	F23D0	f23d0	f23d0	f23d0	f23d0
220162	F26D0(g)	unknown	220162.0	999999.0	F26D0(g)	F26D0	f26d0	f26d0	f26d0	f26d0
220163	F16D1(g)	unknown	220163.0	999999.0	F16D1(g)	F16D1	f16d1	f16d1	f16d1	f16d1
220164	F16D1CN9(g)	unknown	220164.0	999999.0	F16D1CN9(g)	F16D1CN9	f16d1cn9	f16d1cn9	f16d1cn9	f16d1cn9
220165	F16D1C(g)	unknown	220165.0	999999.0	F16D1C(g)	F16D1C	f16d1c	f16d1c	f16d1c	f16d1c
220166	F16D1N7(g)	unknown	220166.0	999999.0	F16D1N7(g)	F16D1N7	f16d1n7	f16d1n7	f16d1n7	f16d1n7
220167	F17D1(g)	unknown	220167.0	999999.0	F17D1(g)	F17D1	f17d1	f17d1	f17d1	f17d1
220168	F18D1(g)	unknown	220168.0	999999.0	F18D1(g)	F18D1	f18d1	f18d1	f18d1	f18d1
220169	F18D1N7(g)	unknown	220169.0	999999.0	F18D1N7(g)	F18D1N7	f18d1n7	f18d1n7	f18d1n7	f18d1n7
220170	F18D1N9(g)	unknown	220170.0	999999.0	F18D1N9(g)	F18D1N9	f18d1n9	f18d1n9	f18d1n9	f18d1n9
220171	F18D1CN9(g)	unknown	220171.0	999999.0	F18D1CN9(g)	F18D1CN9	f18d1cn9	f18d1cn9	f18d1cn9	f18d1cn9
220172	F18D1TN9(g)	unknown	220172.0	999999.0	F18D1TN9(g)	F18D1TN9	f18d1tn9	f18d1tn9	f18d1tn9	f18d1tn9
220173	F18D1T(g)	unknown	220173.0	999999.0	F18D1T(g)	F18D1T	f18d1t	f18d1t	f18d1t	f18d1t
220174	F18D1CN11(g)	unknown	220174.0	999999.0	F18D1CN11(g)	F18D1CN11	f18d1cn11	f18d1cn11	f18d1cn11	f18d1cn11
220175	F20D1(g)	unknown	220175.0	999999.0	F20D1(g)	F20D1	f20d1	f20d1	f20d1	f20d1
220176	F20D1N7(g)	unknown	220176.0	999999.0	F20D1N7(g)	F20D1N7	f20d1n7	f20d1n7	f20d1n7	f20d1n7
220177	F20D1N9(g)	unknown	220177.0	999999.0	F20D1N9(g)	F20D1N9	f20d1n9	f20d1n9	f20d1n9	f20d1n9
220178	F20D1N11(g)	unknown	220178.0	999999.0	F20D1N11(g)	F20D1N11	f20d1n11	f20d1n11	f20d1n11	f20d1n11
220179	F20D1CN9(g)	unknown	220179.0	999999.0	F20D1CN9(g)	F20D1CN9	f20d1cn9	f20d1cn9	f20d1cn9	f20d1cn9
220180	F22D1(g)	unknown	220180.0	999999.0	F22D1(g)	F22D1	f22d1	f22d1	f22d1	f22d1
220181	F22D1N9(g)	unknown	220181.0	999999.0	F22D1N9(g)	F22D1N9	f22d1n9	f22d1n9	f22d1n9	f22d1n9
220182	D22D1N7(g)	unknown	220182.0	999999.0	D22D1N7(g)	D22D1N7	d22d1n7	d22d1n7	d22d1n7	d22d1n7
220183	F24D1N9(g)	unknown	220183.0	999999.0	F24D1N9(g)	F24D1N9	f24d1n9	f24d1n9	f24d1n9	f24d1n9
220184	F24D1(g)	unknown	220184.0	999999.0	F24D1(g)	F24D1	f24d1	f24d1	f24d1	f24d1
220185	F24D1C(g)	unknown	220185.0	999999.0	F24D1C(g)	F24D1C	f24d1c	f24d1c	f24d1c	f24d1c
220186	F18D2(g)	unknown	220186.0	999999.0	F18D2(g)	F18D2	f18d2	f18d2	f18d2	f18d2
220187	F18D2TTN6(g)	unknown	220187.0	999999.0	F18D2TTN6(g)	F18D2TTN6	f18d2ttn6	f18d2ttn6	f18d2ttn6	f18d2ttn6
220188	F18D2N6(g)	unknown	220188.0	999999.0	F18D2N6(g)	F18D2N6	f18d2n6	f18d2n6	f18d2n6	f18d2n6
220189	F18D2CN6(g)	unknown	220189.0	999999.0	F18D2CN6(g)	F18D2CN6	f18d2cn6	f18d2cn6	f18d2cn6	f18d2cn6
220190	F18D2TN6(g)	unknown	220190.0	999999.0	F18D2TN6(g)	F18D2TN6	f18d2tn6	f18d2tn6	f18d2tn6	f18d2tn6
220191	F20D2(g)	unknown	220191.0	999999.0	F20D2(g)	F20D2	f20d2	f20d2	f20d2	f20d2
220192	F20D2N6(g)	unknown	220192.0	999999.0	F20D2N6(g)	F20D2N6	f20d2n6	f20d2n6	f20d2n6	f20d2n6
220193	F20D2CN6(g)	unknown	220193.0	999999.0	F20D2CN6(g)	F20D2CN6	f20d2cn6	f20d2cn6	f20d2cn6	f20d2cn6
220194	F22D2(g)	unknown	220194.0	999999.0	F22D2(g)	F22D2	f22d2	f22d2	f22d2	f22d2
220195	F18D3(g)	unknown	220195.0	999999.0	F18D3(g)	F18D3	f18d3	f18d3	f18d3	f18d3
220196	F18D3N3(g)	unknown	220196.0	999999.0	F18D3N3(g)	F18D3N3	f18d3n3	f18d3n3	f18d3n3	f18d3n3
220197	F18D3CN3(g)	unknown	220197.0	999999.0	F18D3CN3(g)	F18D3CN3	f18d3cn3	f18d3cn3	f18d3cn3	f18d3cn3
220198	FAR(g)	unknown	220198.0	999999.0	FAR(g)	FAR	far	far	far	far
220199	CYS_A_MET(mg)	unknown	220199.0	999999.0	CYS_A_MET(mg)	CYS_A_MET	cys_a_met	cys_a_met	cys_a_met	cys a met
220200	AANE(mg)	unknown	220200.0	999999.0	AANE(mg)	AANE	aane	aane	aane	aane
220201	PHYTCPPI(mg)	unknown	220201.0	999999.0	PHYTCPPI(mg)	PHYTCPPI	phytcppi	phytcppi	phytcppi	phytcppi
220202	PHYTC-(mg)	unknown	220202.0	999999.0	PHYTC-(mg)	PHYTC-	phytc-	phytc-	phytc-	phytc
220203	PPI(mg)	unknown	220203.0	999999.0	PPI(mg)	PPI	ppi	ppi	ppi	ppi
220204	IP3(mg)	unknown	220204.0	999999.0	IP3(mg)	IP3	ip3	ip3	ip3	ip3
220205	IP4(mg)	unknown	220205.0	999999.0	IP4(mg)	IP4	ip4	ip4	ip4	ip4
220206	IP5(mg)	unknown	220206.0	999999.0	IP5(mg)	IP5	ip5	ip5	ip5	ip5
220207	IP5_A_IP6 (mg)	unknown	220207.0	999999.0	IP5_A_IP6 (mg)	IP5_A_IP6	ip5_a_ip6	ip5_a_ip6	ip5_a_ip6	ip5 a ip6
220208	POLYPHENT(mg)	unknown	220208.0	999999.0	POLYPHENT(mg)	POLYPHENT	polyphent	polyphent	polyphent	polyphent
220209	PROANTCYA(mg)	unknown	220209.0	999999.0	PROANTCYA(mg)	PROANTCYA	proantcya	proantcya	proantcya	proantcya
220210	DOPN(mg)	unknown	220210.0	999999.0	DOPN(mg)	DOPN	dopn	dopn	dopn	dopn
220211	SAPON(mg)	unknown	220211.0	999999.0	SAPON(mg)	SAPON	sapon	sapon	sapon	sapon
220212	ALBU(mg)	unknown	220212.0	999999.0	ALBU(mg)	ALBU	albu	albu	albu	albu
220213	GLOB(mg)	unknown	220213.0	999999.0	GLOB(mg)	GLOB	glob	glob	glob	glob
220214	MO(mcg)	unknown	220214.0	999999.0	MO(mcg)	MO	mo	mo	mo	mo
220215	VITB6A(mg)	unknown	220215.0	999999.0	VITB6A(mg)	VITB6A	vitb6a	vitb6a	vitb6a	vitb6a
220216	FOLSUM(mcg)	unknown	220216.0	999999.0	FOLSUM(mcg)	FOLSUM	folsum	folsum	folsum	folsum
220217	F6D0(g)	unknown	220217.0	999999.0	F6D0(g)	F6D0	f6d0	f6d0	f6d0	f6d0
220218	F8D0(g)	unknown	220218.0	999999.0	F8D0(g)	F8D0	f8d0	f8d0	f8d0	f8d0
220219	F10D0(g)	unknown	220219.0	999999.0	F10D0(g)	F10D0	f10d0	f10d0	f10d0	f10d0
220220	F16D1CN7(g)	unknown	220220.0	999999.0	F16D1CN7(g)	F16D1CN7	f16d1cn7	f16d1cn7	f16d1cn7	f16d1cn7
220221	F17D1(g)	unknown	220221.0	999999.0	F17D1(g)	F17D1	f17d1	f17d1	f17d1	f17d1
220222	F18D1N9(g)	unknown	220222.0	999999.0	F18D1N9(g)	F18D1N9	f18d1n9	f18d1n9	f18d1n9	f18d1n9
220223	F20D1CN11(g)	unknown	220223.0	999999.0	F20D1CN11(g)	F20D1CN11	f20d1cn11	f20d1cn11	f20d1cn11	f20d1cn11
220224	F18D2CN6(g)	unknown	220224.0	999999.0	F18D2CN6(g)	F18D2CN6	f18d2cn6	f18d2cn6	f18d2cn6	f18d2cn6
220225	F18D3CN3(g)	unknown	220225.0	999999.0	F18D3CN3(g)	F18D3CN3	f18d3cn3	f18d3cn3	f18d3cn3	f18d3cn3
220226	AAT-(mg)	unknown	220226.0	999999.0	AAT-(mg)	AAT-	aat-	aat-	aat-	aat
220227	CARTG(mcg)	unknown	220227.0	999999.0	CARTG(mcg)	CARTG	cartg	cartg	cartg	cartg
220228	CRYPX(mcg)	unknown	220228.0	999999.0	CRYPX(mcg)	CRYPX	crypx	crypx	crypx	crypx
220229	FOL-(mcg)	unknown	220229.0	999999.0	FOL-(mcg)	FOL-	fol-	fol-	fol-	fol
220230	VITC-(mg)	unknown	220230.0	999999.0	VITC-(mg)	VITC-	vitc-	vitc-	vitc-	vitc
220231	F18D1CN7(g)	unknown	220231.0	999999.0	F18D1CN7(g)	F18D1CN7	f18d1cn7	f18d1cn7	f18d1cn7	f18d1cn7
220232	F18D2N6(g)	unknown	220232.0	999999.0	F18D2N6(g)	F18D2N6	f18d2n6	f18d2n6	f18d2n6	f18d2n6
220233	F18D3N3(g)	unknown	220233.0	999999.0	F18D3N3(g)	F18D3N3	f18d3n3	f18d3n3	f18d3n3	f18d3n3
220234	F22D6CN3(g)	unknown	220234.0	999999.0	F22D6CN3(g)	F22D6CN3	f22d6cn3	f22d6cn3	f22d6cn3	f22d6cn3
220235	NNP(mg)	unknown	220235.0	999999.0	NNP(mg)	NNP	nnp	nnp	nnp	nnp
220236	NPRO(g)	unknown	220236.0	999999.0	NPRO(g)	NPRO	npro	npro	npro	npro
220237	PROTCNA(g)	unknown	220237.0	999999.0	PROTCNA(g)	PROTCNA	protcna	protcna	protcna	protcna
220238	CHOAVLM(g)	unknown	220238.0	999999.0	CHOAVLM(g)	CHOAVLM	choavlm	choavlm	choavlm	choavlm
220239	FIBTS(g)	unknown	220239.0	999999.0	FIBTS(g)	FIBTS	fibts	fibts	fibts	fibts
220240	PSACNC(g)	unknown	220240.0	999999.0	PSACNC(g)	PSACNC	psacnc	psacnc	psacnc	psacnc
220241	B(mcg)	unknown	220241.0	999999.0	B(mcg)	B	b	b	b	b
220242	V(mcg)	unknown	220242.0	999999.0	V(mcg)	V	v	v	v	v
220243	VITA_RAE(mcg)	unknown	220243.0	999999.0	VITA_RAE(mcg)	VITA_RAE	vita_rae	vita_rae	vita_rae	vita rae
220244	CRYPXA(mcg)	unknown	220244.0	999999.0	CRYPXA(mcg)	CRYPXA	crypxa	crypxa	crypxa	crypxa
220245	NEUROSP(mcg)	unknown	220245.0	999999.0	NEUROSP(mcg)	NEUROSP	neurosp	neurosp	neurosp	neurosp
220246	TOCTRD(mg)	unknown	220246.0	999999.0	TOCTRD(mg)	TOCTRD	toctrd	toctrd	toctrd	toctrd
220247	STARCHM(g)	unknown	220247.0	999999.0	STARCHM(g)	STARCHM	starchm	starchm	starchm	starchm
220248	AAT24(mg)	unknown	220248.0	999999.0	AAT24(mg)	AAT24	aat24	aat24	aat24	aat24
220249	SHIKAC(mg)	unknown	220249.0	999999.0	SHIKAC(mg)	SHIKAC	shikac	shikac	shikac	shikac
220250	OA(g)	unknown	220250.0	999999.0	OA(g)	OA	oa	oa	oa	oa
220251	HESPD(mcg)	unknown	220251.0	999999.0	HESPD(mcg)	HESPD	hespd	hespd	hespd	hespd
220252	ISOHA(mcg)	unknown	220252.0	999999.0	ISOHA(mcg)	ISOHA	isoha	isoha	isoha	isoha
220253	ENERC(kcal) (original)	unknown	220253.0	999999.0	ENERC(kcal) (original)	ENERC	enerc	enerc	enerc	enerc
220254	NFIBAD(g)	unknown	220254.0	999999.0	NFIBAD(g)	NFIBAD	nfibad	nfibad	nfibad	nfibad
220255	BA(mcg)	unknown	220255.0	999999.0	BA(mcg)	BA	ba	ba	ba	ba
220256	SR(mcg)	unknown	220256.0	999999.0	SR(mcg)	SR	sr	sr	sr	sr
220257	RETOL(IU)	unknown	220257.0	999999.0	RETOL(IU)	RETOL	retol	retol	retol	retol
220258	VITA-(mcg)	unknown	220258.0	999999.0	VITA-(mcg)	VITA-	vita-	vita-	vita-	vita
220259	VITA-(IU)	unknown	220259.0	999999.0	VITA-(IU)	VITA-	vita-	vita-	vita-	vita
220260	TOCPHA(IU)	unknown	220260.0	999999.0	TOCPHA(IU)	TOCPHA	tocpha	tocpha	tocpha	tocpha
220261	VITE-(IU)	unknown	220261.0	999999.0	VITE-(IU)	VITE-	vite-	vite-	vite-	vite
220262	PYRXN(mg)	unknown	220262.0	999999.0	PYRXN(mg)	PYRXN	pyrxn	pyrxn	pyrxn	pyrxn
220263	CHOLE(mg)	unknown	220263.0	999999.0	CHOLE(mg)	CHOLE	chole	chole	chole	chole
220264	GLYLIP(g)	unknown	220264.0	999999.0	GLYLIP(g)	GLYLIP	glylip	glylip	glylip	glylip
220265	FACID(g)	unknown	220265.0	999999.0	FACID(g)	FACID	facid	facid	facid	facid
220266	FAPUN3(g)	unknown	220266.0	999999.0	FAPUN3(g)	FAPUN3	fapun3	fapun3	fapun3	fapun3
220267	FAPUN6(g)	unknown	220267.0	999999.0	FAPUN6(g)	FAPUN6	fapun6	fapun6	fapun6	fapun6
220268	F15D0I(g)	unknown	220268.0	999999.0	F15D0I(g)	F15D0I	f15d0i	f15d0i	f15d0i	f15d0i
220269	F15D0AI(g)	unknown	220269.0	999999.0	F15D0AI(g)	F15D0AI	f15d0ai	f15d0ai	f15d0ai	f15d0ai
220270	F17D0I(g)	unknown	220270.0	999999.0	F17D0I(g)	F17D0I	f17d0i	f17d0i	f17d0i	f17d0i
220271	F17D0AI(g)	unknown	220271.0	999999.0	F17D0AI(g)	F17D0AI	f17d0ai	f17d0ai	f17d0ai	f17d0ai
220272	F19D0(g)	unknown	220272.0	999999.0	F19D0(g)	F19D0	f19d0	f19d0	f19d0	f19d0
220273	F14D1N9(g)	unknown	220273.0	999999.0	F14D1N9(g)	F14D1N9	f14d1n9	f14d1n9	f14d1n9	f14d1n9
220274	F14D1CN5(g)	unknown	220274.0	999999.0	F14D1CN5(g)	F14D1CN5	f14d1cn5	f14d1cn5	f14d1cn5	f14d1cn5
220275	F14D1N5(g)	unknown	220275.0	999999.0	F14D1N5(g)	F14D1N5	f14d1n5	f14d1n5	f14d1n5	f14d1n5
220276	F14D1(g)	unknown	220276.0	999999.0	F14D1(g)	F14D1	f14d1	f14d1	f14d1	f14d1
220277	F15D1N10(g)	unknown	220277.0	999999.0	F15D1N10(g)	F15D1N10	f15d1n10	f15d1n10	f15d1n10	f15d1n10
220278	F15D1(g)	unknown	220278.0	999999.0	F15D1(g)	F15D1	f15d1	f15d1	f15d1	f15d1
220279	F16D1N9(g)	unknown	220279.0	999999.0	F16D1N9(g)	F16D1N9	f16d1n9	f16d1n9	f16d1n9	f16d1n9
220280	F16D1TN7(g)	unknown	220280.0	999999.0	F16D1TN7(g)	F16D1TN7	f16d1tn7	f16d1tn7	f16d1tn7	f16d1tn7
220281	F16D1N7(g)	unknown	220281.0	999999.0	F16D1N7(g)	F16D1N7	f16d1n7	f16d1n7	f16d1n7	f16d1n7
220282	F16D1C(g)	unknown	220282.0	999999.0	F16D1C(g)	F16D1C	f16d1c	f16d1c	f16d1c	f16d1c
220283	F17D1N10(g)	unknown	220283.0	999999.0	F17D1N10(g)	F17D1N10	f17d1n10	f17d1n10	f17d1n10	f17d1n10
220284	F17D1CN8(g)	unknown	220284.0	999999.0	F17D1CN8(g)	F17D1CN8	f17d1cn8	f17d1cn8	f17d1cn8	f17d1cn8
220285	F17D1CN7(g)	unknown	220285.0	999999.0	F17D1CN7(g)	F17D1CN7	f17d1cn7	f17d1cn7	f17d1cn7	f17d1cn7
220286	F17D1N7(g)	unknown	220286.0	999999.0	F17D1N7(g)	F17D1N7	f17d1n7	f17d1n7	f17d1n7	f17d1n7
220287	F18D1N11(g)	unknown	220287.0	999999.0	F18D1N11(g)	F18D1N11	f18d1n11	f18d1n11	f18d1n11	f18d1n11
220288	F18D1TN11(g)	unknown	220288.0	999999.0	F18D1TN11(g)	F18D1TN11	f18d1tn11	f18d1tn11	f18d1tn11	f18d1tn11
220289	F18D1CN9(g)	unknown	220289.0	999999.0	F18D1CN9(g)	F18D1CN9	f18d1cn9	f18d1cn9	f18d1cn9	f18d1cn9
220290	F18D1TN9(g)	unknown	220290.0	999999.0	F18D1TN9(g)	F18D1TN9	f18d1tn9	f18d1tn9	f18d1tn9	f18d1tn9
220291	F18D1TN8(g)	unknown	220291.0	999999.0	F18D1TN8(g)	F18D1TN8	f18d1tn8	f18d1tn8	f18d1tn8	f18d1tn8
220292	F18D1TN7(g)	unknown	220292.0	999999.0	F18D1TN7(g)	F18D1TN7	f18d1tn7	f18d1tn7	f18d1tn7	f18d1tn7
220293	F18D1N7(g)	unknown	220293.0	999999.0	F18D1N7(g)	F18D1N7	f18d1n7	f18d1n7	f18d1n7	f18d1n7
220294	F18D1CN6(g)	unknown	220294.0	999999.0	F18D1CN6(g)	F18D1CN6	f18d1cn6	f18d1cn6	f18d1cn6	f18d1cn6
220295	F18D1TN6(g)	unknown	220295.0	999999.0	F18D1TN6(g)	F18D1TN6	f18d1tn6	f18d1tn6	f18d1tn6	f18d1tn6
220296	F18D1CN5(g)	unknown	220296.0	999999.0	F18D1CN5(g)	F18D1CN5	f18d1cn5	f18d1cn5	f18d1cn5	f18d1cn5
220297	F18D1CN4(g)	unknown	220297.0	999999.0	F18D1CN4(g)	F18D1CN4	f18d1cn4	f18d1cn4	f18d1cn4	f18d1cn4
220298	F18D1CN3(g)	unknown	220298.0	999999.0	F18D1CN3(g)	F18D1CN3	f18d1cn3	f18d1cn3	f18d1cn3	f18d1cn3
220299	F18D1TN3(g)	unknown	220299.0	999999.0	F18D1TN3(g)	F18D1TN3	f18d1tn3	f18d1tn3	f18d1tn3	f18d1tn3
220300	F18D1TN2(g)	unknown	220300.0	999999.0	F18D1TN2(g)	F18D1TN2	f18d1tn2	f18d1tn2	f18d1tn2	f18d1tn2
220301	F18D1T(g)	unknown	220301.0	999999.0	F18D1T(g)	F18D1T	f18d1t	f18d1t	f18d1t	f18d1t
220302	F20D1CN9(g)	unknown	220302.0	999999.0	F20D1CN9(g)	F20D1CN9	f20d1cn9	f20d1cn9	f20d1cn9	f20d1cn9
220303	F20D1N9(g)	unknown	220303.0	999999.0	F20D1N9(g)	F20D1N9	f20d1n9	f20d1n9	f20d1n9	f20d1n9
220304	F24D1CN9(g)	unknown	220304.0	999999.0	F24D1CN9(g)	F24D1CN9	f24d1cn9	f24d1cn9	f24d1cn9	f24d1cn9
220305	F16D2N6(g)	unknown	220305.0	999999.0	F16D2N6(g)	F16D2N6	f16d2n6	f16d2n6	f16d2n6	f16d2n6
220306	F18D2C9T11(g)	unknown	220306.0	999999.0	F18D2C9T11(g)	F18D2C9T11	f18d2c9t11	f18d2c9t11	f18d2c9t11	f18d2c9t11
220307	F18D2TN6(g)	unknown	220307.0	999999.0	F18D2TN6(g)	F18D2TN6	f18d2tn6	f18d2tn6	f18d2tn6	f18d2tn6
220308	F18D2T10C12(g)	unknown	220308.0	999999.0	F18D2T10C12(g)	F18D2T10C12	f18d2t10c12	f18d2t10c12	f18d2t10c12	f18d2t10c12
220309	F18D2TCON(g)	unknown	220309.0	999999.0	F18D2TCON(g)	F18D2TCON	f18d2tcon	f18d2tcon	f18d2tcon	f18d2tcon
220310	F20D2N6(g)	unknown	220310.0	999999.0	F20D2N6(g)	F20D2N6	f20d2n6	f20d2n6	f20d2n6	f20d2n6
220311	F22D2CN6(g)	unknown	220311.0	999999.0	F22D2CN6(g)	F22D2CN6	f22d2cn6	f22d2cn6	f22d2cn6	f22d2cn6
220312	F22D2N6(g)	unknown	220312.0	999999.0	F22D2N6(g)	F22D2N6	f22d2n6	f22d2n6	f22d2n6	f22d2n6
220313	F18D3CN6(g)	unknown	220313.0	999999.0	F18D3CN6(g)	F18D3CN6	f18d3cn6	f18d3cn6	f18d3cn6	f18d3cn6
220314	F18D3N6(g)	unknown	220314.0	999999.0	F18D3N6(g)	F18D3N6	f18d3n6	f18d3n6	f18d3n6	f18d3n6
220315	F20D3N6(g)	unknown	220315.0	999999.0	F20D3N6(g)	F20D3N6	f20d3n6	f20d3n6	f20d3n6	f20d3n6
220316	F20D3N3(g)	unknown	220316.0	999999.0	F20D3N3(g)	F20D3N3	f20d3n3	f20d3n3	f20d3n3	f20d3n3
220317	F18D4N3(g)	unknown	220317.0	999999.0	F18D4N3(g)	F18D4N3	f18d4n3	f18d4n3	f18d4n3	f18d4n3
220318	F20D4CN6(g)	unknown	220318.0	999999.0	F20D4CN6(g)	F20D4CN6	f20d4cn6	f20d4cn6	f20d4cn6	f20d4cn6
220319	F20D4N6(g)	unknown	220319.0	999999.0	F20D4N6(g)	F20D4N6	f20d4n6	f20d4n6	f20d4n6	f20d4n6
220320	F20D4N3(g)	unknown	220320.0	999999.0	F20D4N3(g)	F20D4N3	f20d4n3	f20d4n3	f20d4n3	f20d4n3
220321	F22D4N6(g)	unknown	220321.0	999999.0	F22D4N6(g)	F22D4N6	f22d4n6	f22d4n6	f22d4n6	f22d4n6
220322	F20D5CN3(g)	unknown	220322.0	999999.0	F20D5CN3(g)	F20D5CN3	f20d5cn3	f20d5cn3	f20d5cn3	f20d5cn3
220323	F20D5N3(g)	unknown	220323.0	999999.0	F20D5N3(g)	F20D5N3	f20d5n3	f20d5n3	f20d5n3	f20d5n3
220324	F22D5N3(g)	unknown	220324.0	999999.0	F22D5N3(g)	F22D5N3	f22d5n3	f22d5n3	f22d5n3	f22d5n3
220325	F22D6(g)	unknown	220325.0	999999.0	F22D6(g)	F22D6	f22d6	f22d6	f22d6	f22d6
220326	F22D6N3(g)	unknown	220326.0	999999.0	F22D6N3(g)	F22D6N3	f22d6n3	f22d6n3	f22d6n3	f22d6n3
220327	F18D1TN10_A_F18D1TN12(g)	unknown	220327.0	999999.0	F18D1TN10_A_F18D1TN12(g)	F18D1TN10_A_F18D1TN12	f18d1tn10_a_f18d1tn12	f18d1tn10_a_f18d1tn12	f18d1tn10_a_f18d1tn12	f18d1tn10 a f18d1tn12
220328	F18D1TN4_A_F18D1TN5(g)	unknown	220328.0	999999.0	F18D1TN4_A_F18D1TN5(g)	F18D1TN4_A_F18D1TN5	f18d1tn4_a_f18d1tn5	f18d1tn4_a_f18d1tn5	f18d1tn4_a_f18d1tn5	f18d1tn4 a f18d1tn5
220329	F20D3N3_A_F20D4N6(g)	unknown	220329.0	999999.0	F20D3N3_A_F20D4N6(g)	F20D3N3_A_F20D4N6	f20d3n3_a_f20d4n6	f20d3n3_a_f20d4n6	f20d3n3_a_f20d4n6	f20d3n3 a f20d4n6
220330	AAE8(mg)	unknown	220330.0	999999.0	AAE8(mg)	AAE8	aae8	aae8	aae8	aae8
220331	AAT19(mg)	unknown	220331.0	999999.0	AAT19(mg)	AAT19	aat19	aat19	aat19	aat19
220332	AAA(mg)	unknown	220332.0	999999.0	AAA(mg)	AAA	aaa	aaa	aaa	aaa
220333	AAS(mg)	unknown	220333.0	999999.0	AAS(mg)	AAS	aas	aas	aas	aas
220334	AAE-(mg)	unknown	220334.0	999999.0	AAE-(mg)	AAE-	aae-	aae-	aae-	aae
220335	GLY_A_SER(mg)	unknown	220335.0	999999.0	GLY_A_SER(mg)	GLY_A_SER	gly_a_ser	gly_a_ser	gly_a_ser	gly a ser
220336	SQUAL(mg)	unknown	220336.0	999999.0	SQUAL(mg)	SQUAL	squal	squal	squal	squal
220337	STERT(mg)	unknown	220337.0	999999.0	STERT(mg)	STERT	stert	stert	stert	stert
220338	AG(mcg)	unknown	220338.0	999999.0	AG(mcg)	AG	ag	ag	ag	ag
220339	BRD(mcg)	unknown	220339.0	999999.0	BRD(mcg)	BRD	brd	brd	brd	brd
220340	CS(mcg)	unknown	220340.0	999999.0	CS(mcg)	CS	cs	cs	cs	cs
220341	RB(mg)	unknown	220341.0	999999.0	RB(mg)	RB	rb	rb	rb	rb
220342	TI(mcg)	unknown	220342.0	999999.0	TI(mcg)	TI	ti	ti	ti	ti
220343	RETOLSUM(mcg)	unknown	220343.0	999999.0	RETOLSUM(mcg)	RETOLSUM	retolsum	retolsum	retolsum	retolsum
220344	VITA_RAE(mcg)	unknown	220344.0	999999.0	VITA_RAE(mcg)	VITA_RAE	vita_rae	vita_rae	vita_rae	vita rae
220345	ATX(mcg)	unknown	220345.0	999999.0	ATX(mcg)	ATX	atx	atx	atx	atx
220346	THIAHCL(mg)	unknown	220346.0	999999.0	THIAHCL(mg)	THIAHCL	thiahcl	thiahcl	thiahcl	thiahcl
220347	THIA-(mg)	unknown	220347.0	999999.0	THIA-(mg)	THIA-	thia-	thia-	thia-	thia
220348	VITB6C(mg)	unknown	220348.0	999999.0	VITB6C(mg)	VITB6C	vitb6c	vitb6c	vitb6c	vitb6c
220349	PYRXNHCL(mg)	unknown	220349.0	999999.0	PYRXNHCL(mg)	PYRXNHCL	pyrxnhcl	pyrxnhcl	pyrxnhcl	pyrxnhcl
220350	ALA_A_ARG(mg)	unknown	220350.0	999999.0	ALA_A_ARG(mg)	ALA_A_ARG	ala_a_arg	ala_a_arg	ala_a_arg	ala a arg
220351	GLU_A_HIS(mg)	unknown	220351.0	999999.0	GLU_A_HIS(mg)	GLU_A_HIS	glu_a_his	glu_a_his	glu_a_his	glu a his
220352	CHOL-(mg)	unknown	220352.0	999999.0	CHOL-(mg)	CHOL-	chol-	chol-	chol-	chol
220353	CHOLEST(mg)	unknown	220353.0	999999.0	CHOLEST(mg)	CHOLEST	cholest	cholest	cholest	cholest
220354	FAFRE(g)	unknown	220354.0	999999.0	FAFRE(g)	FAFRE	fafre	fafre	fafre	fafre
220355	MGLY(g)	unknown	220355.0	999999.0	MGLY(g)	MGLY	mgly	mgly	mgly	mgly
220356	DGLY(g)	unknown	220356.0	999999.0	DGLY(g)	DGLY	dgly	dgly	dgly	dgly
220357	TGLY(g)	unknown	220357.0	999999.0	TGLY(g)	TGLY	tgly	tgly	tgly	tgly
220358	WAX(mg)	unknown	220358.0	999999.0	WAX(mg)	WAX	wax	wax	wax	wax
220359	SITSTR(mg)	unknown	220359.0	999999.0	SITSTR(mg)	SITSTR	sitstr	sitstr	sitstr	sitstr
220360	STGSTR(mg)	unknown	220360.0	999999.0	STGSTR(mg)	STGSTR	stgstr	stgstr	stgstr	stgstr
220361	CAMT(mg)	unknown	220361.0	999999.0	CAMT(mg)	CAMT	camt	camt	camt	camt
220362	FAPUN9(g)	unknown	220362.0	999999.0	FAPUN9(g)	FAPUN9	fapun9	fapun9	fapun9	fapun9
220363	FAPUCN3(g)	unknown	220363.0	999999.0	FAPUCN3(g)	FAPUCN3	fapucn3	fapucn3	fapucn3	fapucn3
220364	FAPULCCN3(g)	unknown	220364.0	999999.0	FAPULCCN3(g)	FAPULCCN3	fapulccn3	fapulccn3	fapulccn3	fapulccn3
220365	FAPUCN6(g)	unknown	220365.0	999999.0	FAPUCN6(g)	FAPUCN6	fapucn6	fapucn6	fapucn6	fapucn6
220366	FAPUCN9(g)	unknown	220366.0	999999.0	FAPUCN9(g)	FAPUCN9	fapucn9	fapucn9	fapucn9	fapucn9
220367	FAN3(g)	unknown	220367.0	999999.0	FAN3(g)	FAN3	fan3	fan3	fan3	fan3
220368	FAN6(g)	unknown	220368.0	999999.0	FAN6(g)	FAN6	fan6	fan6	fan6	fan6
220369	F4D0(g)	unknown	220369.0	999999.0	F4D0(g)	F4D0	f4d0	f4d0	f4d0	f4d0
220370	F11D0(g)	unknown	220370.0	999999.0	F11D0(g)	F11D0	f11d0	f11d0	f11d0	f11d0
220371	F14D0I(g)	unknown	220371.0	999999.0	F14D0I(g)	F14D0I	f14d0i	f14d0i	f14d0i	f14d0i
220372	F16D0I(g)	unknown	220372.0	999999.0	F16D0I(g)	F16D0I	f16d0i	f16d0i	f16d0i	f16d0i
220373	F16D0AI(g)	unknown	220373.0	999999.0	F16D0AI(g)	F16D0AI	f16d0ai	f16d0ai	f16d0ai	f16d0ai
220374	F18D0I(g)	unknown	220374.0	999999.0	F18D0I(g)	F18D0I	f18d0i	f18d0i	f18d0i	f18d0i
220375	F18D0AI(g)	unknown	220375.0	999999.0	F18D0AI(g)	F18D0AI	f18d0ai	f18d0ai	f18d0ai	f18d0ai
220376	F30D0(g)	unknown	220376.0	999999.0	F30D0(g)	F30D0	f30d0	f30d0	f30d0	f30d0
220377	F14D1N7(g)	unknown	220377.0	999999.0	F14D1N7(g)	F14D1N7	f14d1n7	f14d1n7	f14d1n7	f14d1n7
220378	F15D1N9(g)	unknown	220378.0	999999.0	F15D1N9(g)	F15D1N9	f15d1n9	f15d1n9	f15d1n9	f15d1n9
220379	F15D1N8(g)	unknown	220379.0	999999.0	F15D1N8(g)	F15D1N8	f15d1n8	f15d1n8	f15d1n8	f15d1n8
220380	F15D1N7(g)	unknown	220380.0	999999.0	F15D1N7(g)	F15D1N7	f15d1n7	f15d1n7	f15d1n7	f15d1n7
220381	F15D1N6(g)	unknown	220381.0	999999.0	F15D1N6(g)	F15D1N6	f15d1n6	f15d1n6	f15d1n6	f15d1n6
220382	F16D1N11(g)	unknown	220382.0	999999.0	F16D1N11(g)	F16D1N11	f16d1n11	f16d1n11	f16d1n11	f16d1n11
220383	F16D1N8(g)	unknown	220383.0	999999.0	F16D1N8(g)	F16D1N8	f16d1n8	f16d1n8	f16d1n8	f16d1n8
220384	F16D1N5(g)	unknown	220384.0	999999.0	F16D1N5(g)	F16D1N5	f16d1n5	f16d1n5	f16d1n5	f16d1n5
220385	F17D1N9(g)	unknown	220385.0	999999.0	F17D1N9(g)	F17D1N9	f17d1n9	f17d1n9	f17d1n9	f17d1n9
220386	F17D1N8(g)	unknown	220386.0	999999.0	F17D1N8(g)	F17D1N8	f17d1n8	f17d1n8	f17d1n8	f17d1n8
220387	F17D1N5(g)	unknown	220387.0	999999.0	F17D1N5(g)	F17D1N5	f17d1n5	f17d1n5	f17d1n5	f17d1n5
220388	F18D1CN11(g)	unknown	220388.0	999999.0	F18D1CN11(g)	F18D1CN11	f18d1cn11	f18d1cn11	f18d1cn11	f18d1cn11
220389	F18D1N6(g)	unknown	220389.0	999999.0	F18D1N6(g)	F18D1N6	f18d1n6	f18d1n6	f18d1n6	f18d1n6
220390	F18D1N5(g)	unknown	220390.0	999999.0	F18D1N5(g)	F18D1N5	f18d1n5	f18d1n5	f18d1n5	f18d1n5
220391	F18D1-(g)	unknown	220391.0	999999.0	F18D1-(g)	F18D1-	f18d1-	f18d1-	f18d1-	f18d1
220392	F19D1N11(g)	unknown	220392.0	999999.0	F19D1N11(g)	F19D1N11	f19d1n11	f19d1n11	f19d1n11	f19d1n11
220393	F19D1N10(g)	unknown	220393.0	999999.0	F19D1N10(g)	F19D1N10	f19d1n10	f19d1n10	f19d1n10	f19d1n10
220394	F20D1N12(g)	unknown	220394.0	999999.0	F20D1N12(g)	F20D1N12	f20d1n12	f20d1n12	f20d1n12	f20d1n12
220395	F20D1N11(g)	unknown	220395.0	999999.0	F20D1N11(g)	F20D1N11	f20d1n11	f20d1n11	f20d1n11	f20d1n11
220396	F20D1N8(g)	unknown	220396.0	999999.0	F20D1N8(g)	F20D1N8	f20d1n8	f20d1n8	f20d1n8	f20d1n8
220397	F20D1N7(g)	unknown	220397.0	999999.0	F20D1N7(g)	F20D1N7	f20d1n7	f20d1n7	f20d1n7	f20d1n7
220398	F20D1T(g)	unknown	220398.0	999999.0	F20D1T(g)	F20D1T	f20d1t	f20d1t	f20d1t	f20d1t
220399	F22D1N11(g)	unknown	220399.0	999999.0	F22D1N11(g)	F22D1N11	f22d1n11	f22d1n11	f22d1n11	f22d1n11
220400	F22D1N9(g)	unknown	220400.0	999999.0	F22D1N9(g)	F22D1N9	f22d1n9	f22d1n9	f22d1n9	f22d1n9
220401	F22D1N7(g)	unknown	220401.0	999999.0	F22D1N7(g)	F22D1N7	f22d1n7	f22d1n7	f22d1n7	f22d1n7
220402	F22D1T(g)	unknown	220402.0	999999.0	F22D1T(g)	F22D1T	f22d1t	f22d1t	f22d1t	f22d1t
220403	F24D1N11(g)	unknown	220403.0	999999.0	F24D1N11(g)	F24D1N11	f24d1n11	f24d1n11	f24d1n11	f24d1n11
220404	F24D1N9(g)	unknown	220404.0	999999.0	F24D1N9(g)	F24D1N9	f24d1n9	f24d1n9	f24d1n9	f24d1n9
220405	F16D2N9(g)	unknown	220405.0	999999.0	F16D2N9(g)	F16D2N9	f16d2n9	f16d2n9	f16d2n9	f16d2n9
220406	F16D2N7(g)	unknown	220406.0	999999.0	F16D2N7(g)	F16D2N7	f16d2n7	f16d2n7	f16d2n7	f16d2n7
220407	F16D2N4(g)	unknown	220407.0	999999.0	F16D2N4(g)	F16D2N4	f16d2n4	f16d2n4	f16d2n4	f16d2n4
220408	F16D2(g)	unknown	220408.0	999999.0	F16D2(g)	F16D2	f16d2	f16d2	f16d2	f16d2
220409	F17D2(g)	unknown	220409.0	999999.0	F17D2(g)	F17D2	f17d2	f17d2	f17d2	f17d2
220410	F18D2N5(g)	unknown	220410.0	999999.0	F18D2N5(g)	F18D2N5	f18d2n5	f18d2n5	f18d2n5	f18d2n5
220411	F18D2N4(g)	unknown	220411.0	999999.0	F18D2N4(g)	F18D2N4	f18d2n4	f18d2n4	f18d2n4	f18d2n4
220412	F20D2N9(g)	unknown	220412.0	999999.0	F20D2N9(g)	F20D2N9	f20d2n9	f20d2n9	f20d2n9	f20d2n9
220413	F20D2CN6(g)	unknown	220413.0	999999.0	F20D2CN6(g)	F20D2CN6	f20d2cn6	f20d2cn6	f20d2cn6	f20d2cn6
220414	F20D2C(g)	unknown	220414.0	999999.0	F20D2C(g)	F20D2C	f20d2c	f20d2c	f20d2c	f20d2c
220415	F22D2N9(g)	unknown	220415.0	999999.0	F22D2N9(g)	F22D2N9	f22d2n9	f22d2n9	f22d2n9	f22d2n9
220416	F22D2C(g)	unknown	220416.0	999999.0	F22D2C(g)	F22D2C	f22d2c	f22d2c	f22d2c	f22d2c
220417	F22D2(g)	unknown	220417.0	999999.0	F22D2(g)	F22D2	f22d2	f22d2	f22d2	f22d2
220418	F16D3N6(g)	unknown	220418.0	999999.0	F16D3N6(g)	F16D3N6	f16d3n6	f16d3n6	f16d3n6	f16d3n6
220419	F16D3N4(g)	unknown	220419.0	999999.0	F16D3N4(g)	F16D3N4	f16d3n4	f16d3n4	f16d3n4	f16d3n4
220420	F16D3N3(g)	unknown	220420.0	999999.0	F16D3N3(g)	F16D3N3	f16d3n3	f16d3n3	f16d3n3	f16d3n3
220421	F18D3N4(g)	unknown	220421.0	999999.0	F18D3N4(g)	F18D3N4	f18d3n4	f18d3n4	f18d3n4	f18d3n4
220422	F18D3TN3(g)	unknown	220422.0	999999.0	F18D3TN3(g)	F18D3TN3	f18d3tn3	f18d3tn3	f18d3tn3	f18d3tn3
220423	F20D3N9(g)	unknown	220423.0	999999.0	F20D3N9(g)	F20D3N9	f20d3n9	f20d3n9	f20d3n9	f20d3n9
220424	F20D3(g)	unknown	220424.0	999999.0	F20D3(g)	F20D3	f20d3	f20d3	f20d3	f20d3
220425	F16D4N3(g)	unknown	220425.0	999999.0	F16D4N3(g)	F16D4N3	f16d4n3	f16d4n3	f16d4n3	f16d4n3
220426	F16D4N1(g)	unknown	220426.0	999999.0	F16D4N1(g)	F16D4N1	f16d4n1	f16d4n1	f16d4n1	f16d4n1
220427	F18D4N6(g)	unknown	220427.0	999999.0	F18D4N6(g)	F18D4N6	f18d4n6	f18d4n6	f18d4n6	f18d4n6
220428	F18D4(g)	unknown	220428.0	999999.0	F18D4(g)	F18D4	f18d4	f18d4	f18d4	f18d4
220429	F22D4N9(g)	unknown	220429.0	999999.0	F22D4N9(g)	F22D4N9	f22d4n9	f22d4n9	f22d4n9	f22d4n9
220430	F22D4N3(g)	unknown	220430.0	999999.0	F22D4N3(g)	F22D4N3	f22d4n3	f22d4n3	f22d4n3	f22d4n3
220431	F22D4(g)	unknown	220431.0	999999.0	F22D4(g)	F22D4	f22d4	f22d4	f22d4	f22d4
220432	F20D5(g)	unknown	220432.0	999999.0	F20D5(g)	F20D5	f20d5	f20d5	f20d5	f20d5
220433	F21D5N3(g)	unknown	220433.0	999999.0	F21D5N3(g)	F21D5N3	f21d5n3	f21d5n3	f21d5n3	f21d5n3
220434	F22D5N6(g)	unknown	220434.0	999999.0	F22D5N6(g)	F22D5N6	f22d5n6	f22d5n6	f22d5n6	f22d5n6
220435	F22D5(g)	unknown	220435.0	999999.0	F22D5(g)	F22D5	f22d5	f22d5	f22d5	f22d5
220436	F24D6N3(g)	unknown	220436.0	999999.0	F24D6N3(g)	F24D6N3	f24d6n3	f24d6n3	f24d6n3	f24d6n3
220437	F16D1N5_A_F16D1N7(g)	unknown	220437.0	999999.0	F16D1N5_A_F16D1N7(g)	F16D1N5_A_F16D1N7	f16d1n5_a_f16d1n7	f16d1n5_a_f16d1n7	f16d1n5_a_f16d1n7	f16d1n5 a f16d1n7
220438	F16D1N7_A_F16D1N9(g)	unknown	220438.0	999999.0	F16D1N7_A_F16D1N9(g)	F16D1N7_A_F16D1N9	f16d1n7_a_f16d1n9	f16d1n7_a_f16d1n9	f16d1n7_a_f16d1n9	f16d1n7 a f16d1n9
220439	F18D1N7_A_F18D1N9(g)	unknown	220439.0	999999.0	F18D1N7_A_F18D1N9(g)	F18D1N7_A_F18D1N9	f18d1n7_a_f18d1n9	f18d1n7_a_f18d1n9	f18d1n7_a_f18d1n9	f18d1n7 a f18d1n9
220440	F20D1N7_A_F20D1N9(g)	unknown	220440.0	999999.0	F20D1N7_A_F20D1N9(g)	F20D1N7_A_F20D1N9	f20d1n7_a_f20d1n9	f20d1n7_a_f20d1n9	f20d1n7_a_f20d1n9	f20d1n7 a f20d1n9
220441	F20D1N9_A_F20D1N11(g)	unknown	220441.0	999999.0	F20D1N9_A_F20D1N11(g)	F20D1N9_A_F20D1N11	f20d1n9_a_f20d1n11	f20d1n9_a_f20d1n11	f20d1n9_a_f20d1n11	f20d1n9 a f20d1n11
220442	F22D1N9_A_F22D1N11(g)	unknown	220442.0	999999.0	F22D1N9_A_F22D1N11(g)	F22D1N9_A_F22D1N11	f22d1n9_a_f22d1n11	f22d1n9_a_f22d1n11	f22d1n9_a_f22d1n11	f22d1n9 a f22d1n11
220443	F20D1N11_A_F20D1N13(g)	unknown	220443.0	999999.0	F20D1N11_A_F20D1N13(g)	F20D1N11_A_F20D1N13	f20d1n11_a_f20d1n13	f20d1n11_a_f20d1n13	f20d1n11_a_f20d1n13	f20d1n11 a f20d1n13
220444	NWHEY(g)	unknown	220444.0	999999.0	NWHEY(g)	NWHEY	nwhey	nwhey	nwhey	nwhey
220445	NNC(g)	unknown	220445.0	999999.0	NNC(g)	NNC	nnc	nnc	nnc	nnc
220446	CASN(mg)	unknown	220446.0	999999.0	CASN(mg)	CASN	casn	casn	casn	casn
220447	LACFE(mg)	unknown	220447.0	999999.0	LACFE(mg)	LACFE	lacfe	lacfe	lacfe	lacfe
220448	FAPUN6(g)	unknown	220448.0	999999.0	FAPUN6(g)	FAPUN6	fapun6	fapun6	fapun6	fapun6
220449	F13D0I(g)	unknown	220449.0	999999.0	F13D0I(g)	F13D0I	f13d0i	f13d0i	f13d0i	f13d0i
220450	F16D0I(g)	unknown	220450.0	999999.0	F16D0I(g)	F16D0I	f16d0i	f16d0i	f16d0i	f16d0i
220451	F10D1(g)	unknown	220451.0	999999.0	F10D1(g)	F10D1	f10d1	f10d1	f10d1	f10d1
220452	F12D1(g)	unknown	220452.0	999999.0	F12D1(g)	F12D1	f12d1	f12d1	f12d1	f12d1
220453	F14D1T(g)	unknown	220453.0	999999.0	F14D1T(g)	F14D1T	f14d1t	f14d1t	f14d1t	f14d1t
220454	F16D1CN9(g)	unknown	220454.0	999999.0	F16D1CN9(g)	F16D1CN9	f16d1cn9	f16d1cn9	f16d1cn9	f16d1cn9
220455	F16D1T(g)	unknown	220455.0	999999.0	F16D1T(g)	F16D1T	f16d1t	f16d1t	f16d1t	f16d1t
220456	F18D1C(g)	unknown	220456.0	999999.0	F18D1C(g)	F18D1C	f18d1c	f18d1c	f18d1c	f18d1c
220457	F18D2TCON(g)	unknown	220457.0	999999.0	F18D2TCON(g)	F18D2TCON	f18d2tcon	f18d2tcon	f18d2tcon	f18d2tcon
220458	F18D2T10C12(g)	unknown	220458.0	999999.0	F18D2T10C12(g)	F18D2T10C12	f18d2t10c12	f18d2t10c12	f18d2t10c12	f18d2t10c12
220459	F18D2TTN6(g)	unknown	220459.0	999999.0	F18D2TTN6(g)	F18D2TTN6	f18d2ttn6	f18d2ttn6	f18d2ttn6	f18d2ttn6
220460	F22D6N6(g)	unknown	220460.0	999999.0	F22D6N6(g)	F22D6N6	f22d6n6	f22d6n6	f22d6n6	f22d6n6
220461	F18D2C9T11_A_F18D2T10C12(g)	unknown	220461.0	999999.0	F18D2C9T11_A_F18D2T10C12(g)	F18D2C9T11_A_F18D2T10C12	f18d2c9t11_a_f18d2t10c12	f18d2c9t11_a_f18d2t10c12	f18d2c9t11_a_f18d2t10c12	f18d2c9t11 a f18d2t10c12
230001	Energy with dietary fibre, equated  (kJ)	unknown	230001.0	999999.0	Energy with dietary fibre, equated  (kJ)	Energy with dietary fibre, equated	energy with dietary fibre, equated	energy with dietary fibre equated	energy with dietary fibre, equated	energy with dietary fibre equated
230002	Energy, without dietary fibre, equated  (kJ)	unknown	230002.0	999999.0	Energy, without dietary fibre, equated  (kJ)	Energy, without dietary fibre, equated	energy, without dietary fibre, equated	energy without dietary fibre equated	energy, without dietary fibre, equated	energy without dietary fibre equated
230003	Moisture (water)  (g)	unknown	230003.0	999999.0	Moisture (water)  (g)	Moisture	moisture	moisture	moisture	moisture
230004	Added sugars (g)	unknown	230004.0	999999.0	Added sugars (g)	Added sugars	added sugars	added sugars	added sugars	added sugars
230005	Dextrin  (g)	unknown	230005.0	999999.0	Dextrin  (g)	Dextrin	dextrin	dextrin	dextrin	dextrin
230006	Glycerol  (g)	unknown	230006.0	999999.0	Glycerol  (g)	Glycerol	glycerol	glycerol	glycerol	glycerol
230007	Erythritol  (g)	unknown	230007.0	999999.0	Erythritol  (g)	Erythritol	erythritol	erythritol	erythritol	erythritol
230008	Maltodextrin (g)	unknown	230008.0	999999.0	Maltodextrin (g)	Maltodextrin	maltodextrin	maltodextrin	maltodextrin	maltodextrin
230009	Polydextrose  (g)	unknown	230009.0	999999.0	Polydextrose  (g)	Polydextrose	polydextrose	polydextrose	polydextrose	polydextrose
230010	Available carbohydrate, without sugar alcohols  (g)	unknown	230010.0	999999.0	Available carbohydrate, without sugar alcohols  (g)	Available carbohydrate, without sugar alcohols	available carbohydrate, without sugar alcohols	available carbohydrate without sugar alcohols	available carbohydrate, without sugar alcohols	available carbohydrate without sugar alcohols
230011	Available carbohydrate, with sugar alcohols  (g)	unknown	230011.0	999999.0	Available carbohydrate, with sugar alcohols  (g)	Available carbohydrate, with sugar alcohols	available carbohydrate, with sugar alcohols	available carbohydrate with sugar alcohols	available carbohydrate, with sugar alcohols	available carbohydrate with sugar alcohols
230012	Propionic acid  (g)	unknown	230012.0	999999.0	Propionic acid  (g)	Propionic acid	propionic acid	propionic acid	propionic acid	propionic acid
230013	Shikimic acid  (g)	unknown	230013.0	999999.0	Shikimic acid  (g)	Shikimic acid	shikimic acid	shikimic acid	shikimic acid	shikimic acid
230014	Aluminium (Al)  (ug)	unknown	230014.0	999999.0	Aluminium (Al)  (ug)	Aluminium	aluminium	aluminium	aluminium	aluminium
230015	Chloride (Cl)  (mg)	unknown	230015.0	999999.0	Chloride (Cl)  (mg)	Chloride	chloride	chloride	chloride	chloride
230016	Sulphur (S)  (mg)	unknown	230016.0	999999.0	Sulphur (S)  (mg)	Sulphur	sulphur	sulphur	sulphur	sulphur
230017	Retinol (preformed vitamin A)  (ug)	unknown	230017.0	999999.0	Retinol (preformed vitamin A)  (ug)	Retinol (preformed vitamin A)	retinol (preformed vitamin a)	retinol (preformed vitamin a)	retinol	retinol preformed vitamin a
230018	Cryptoxanthin  (ug)	unknown	230018.0	999999.0	Cryptoxanthin  (ug)	Cryptoxanthin	cryptoxanthin	cryptoxanthin	cryptoxanthin	cryptoxanthin
230019	Beta-carotene equivalents (provitamin A)  (ug)	unknown	230019.0	999999.0	Beta-carotene equivalents (provitamin A)  (ug)	Beta-carotene	beta-carotene	beta-carotene	beta-carotene	beta carotene
230020	Vitamin A retinol equivalents  (ug)	unknown	230020.0	999999.0	Vitamin A retinol equivalents  (ug)	Vitamin A retinol	vitamin a retinol	vitamin a retinol	vitamin a retinol	vitamin a retinol
230021	Xanthophyl  (ug)	unknown	230021.0	999999.0	Xanthophyl  (ug)	Xanthophyl	xanthophyl	xanthophyl	xanthophyl	xanthophyl
230022	Thiamin (B1)  (mg)	unknown	230022.0	999999.0	Thiamin (B1)  (mg)	Thiamin (B1)	thiamin (b1)	thiamin (b1)	thiamin	thiamin b1
230023	Riboflavin (B2)  (mg)	unknown	230023.0	999999.0	Riboflavin (B2)  (mg)	Riboflavin (B2)	riboflavin (b2)	riboflavin (b2)	riboflavin	riboflavin b2
230024	Niacin (B3)  (mg)	unknown	230024.0	999999.0	Niacin (B3)  (mg)	Niacin (B3)	niacin (b3)	niacin (b3)	niacin	niacin b3
230025	Niacin derived from tryptophan  (mg)	unknown	230025.0	999999.0	Niacin derived from tryptophan  (mg)	Niacin derived from tryptophan	niacin derived from tryptophan	niacin derived from tryptophan	niacin derived from tryptophan	niacin derived from tryptophan
230026	Niacin derived equivalents  (mg)	unknown	230026.0	999999.0	Niacin derived equivalents  (mg)	Niacin derived	niacin derived	niacin derived	niacin derived	niacin derived
230027	Pantothenic acid (B5)  (mg)	unknown	230027.0	999999.0	Pantothenic acid (B5)  (mg)	Pantothenic acid (B5)	pantothenic acid (b5)	pantothenic acid (b5)	pantothenic acid	pantothenic acid b5
230028	Pyridoxine (B6)  (mg)	unknown	230028.0	999999.0	Pyridoxine (B6)  (mg)	Pyridoxine (B6)	pyridoxine (b6)	pyridoxine (b6)	pyridoxine	pyridoxine b6
230029	Biotin (B7)  (ug)	unknown	230029.0	999999.0	Biotin (B7)  (ug)	Biotin (B7)	biotin (b7)	biotin (b7)	biotin	biotin b7
230030	Cobalamin (B12)  (ug)	unknown	230030.0	999999.0	Cobalamin (B12)  (ug)	Cobalamin (B12)	cobalamin (b12)	cobalamin (b12)	cobalamin	cobalamin b12
230031	Folate, natural  (ug)	unknown	230031.0	999999.0	Folate, natural  (ug)	Folate, natural	folate, natural	folate natural	folate, natural	folate natural
230032	Total folates  (ug)	unknown	230032.0	999999.0	Total folates  (ug)	folates	folates	folates	folates	folates
230033	Dietary folate equivalents  (ug)	unknown	230033.0	999999.0	Dietary folate equivalents  (ug)	Dietary folate	dietary folate	dietary folate	dietary folate	dietary folate
230034	Cholecalciferol (D3)  (ug)	unknown	230034.0	999999.0	Cholecalciferol (D3)  (ug)	Cholecalciferol (D3)	cholecalciferol (d3)	cholecalciferol (d3)	cholecalciferol	cholecalciferol d3
230035	Ergocalciferol (D2)  (ug)	unknown	230035.0	999999.0	Ergocalciferol (D2)  (ug)	Ergocalciferol (D2)	ergocalciferol (d2)	ergocalciferol (d2)	ergocalciferol	ergocalciferol d2
230036	25-hydroxy cholecalciferol (25-OH D3)  (ug)	unknown	230036.0	999999.0	25-hydroxy cholecalciferol (25-OH D3)  (ug)	25-hydroxy cholecalciferol (25-OH D3)	25-hydroxy cholecalciferol (25-oh d3)	25-hydroxy cholecalciferol (25-oh d3)	25-hydroxy cholecalciferol	25 hydroxy cholecalciferol 25 oh d3
230037	25-hydroxy ergocalciferol (25-OH D2)  (ug)	unknown	230037.0	999999.0	25-hydroxy ergocalciferol (25-OH D2)  (ug)	25-hydroxy ergocalciferol (25-OH D2)	25-hydroxy ergocalciferol (25-oh d2)	25-hydroxy ergocalciferol (25-oh d2)	25-hydroxy ergocalciferol	25 hydroxy ergocalciferol 25 oh d2
230038	Vitamin D3 equivalents  (ug)	unknown	230038.0	999999.0	Vitamin D3 equivalents  (ug)	Vitamin D3	vitamin d3	vitamin d3	vitamin d3	vitamin d3
230039	Beta tocotrienol  (mg)	unknown	230039.0	999999.0	Beta tocotrienol  (mg)	Beta tocotrienol	beta tocotrienol	beta tocotrienol	beta tocotrienol	beta tocotrienol
230040	Delta tocotrienol  (mg)	unknown	230040.0	999999.0	Delta tocotrienol  (mg)	Delta tocotrienol	delta tocotrienol	delta tocotrienol	delta tocotrienol	delta tocotrienol
230041	C4 (%T)	unknown	230041.0	999999.0	C4 (%T)	C4 (%T)	c4 (%t)	c4 (%t)	c4	c4 t
230042	C6 (%T)	unknown	230042.0	999999.0	C6 (%T)	C6 (%T)	c6 (%t)	c6 (%t)	c6	c6 t
230043	C8 (%T)	unknown	230043.0	999999.0	C8 (%T)	C8 (%T)	c8 (%t)	c8 (%t)	c8	c8 t
230044	C10 (%T)	unknown	230044.0	999999.0	C10 (%T)	C10 (%T)	c10 (%t)	c10 (%t)	c10	c10 t
230045	C11 (%T)	unknown	230045.0	999999.0	C11 (%T)	C11 (%T)	c11 (%t)	c11 (%t)	c11	c11 t
230046	C12 (%T)	unknown	230046.0	999999.0	C12 (%T)	C12 (%T)	c12 (%t)	c12 (%t)	c12	c12 t
230047	C13 (%T)	unknown	230047.0	999999.0	C13 (%T)	C13 (%T)	c13 (%t)	c13 (%t)	c13	c13 t
230048	C14 (%T)	unknown	230048.0	999999.0	C14 (%T)	C14 (%T)	c14 (%t)	c14 (%t)	c14	c14 t
230049	C15 (%T)	unknown	230049.0	999999.0	C15 (%T)	C15 (%T)	c15 (%t)	c15 (%t)	c15	c15 t
230050	C16 (%T)	unknown	230050.0	999999.0	C16 (%T)	C16 (%T)	c16 (%t)	c16 (%t)	c16	c16 t
230051	C17 (%T)	unknown	230051.0	999999.0	C17 (%T)	C17 (%T)	c17 (%t)	c17 (%t)	c17	c17 t
230052	C18 (%T)	unknown	230052.0	999999.0	C18 (%T)	C18 (%T)	c18 (%t)	c18 (%t)	c18	c18 t
230053	C19 (%T)	unknown	230053.0	999999.0	C19 (%T)	C19 (%T)	c19 (%t)	c19 (%t)	c19	c19 t
230054	C20 (%T)	unknown	230054.0	999999.0	C20 (%T)	C20 (%T)	c20 (%t)	c20 (%t)	c20	c20 t
230055	C21 (%T)	unknown	230055.0	999999.0	C21 (%T)	C21 (%T)	c21 (%t)	c21 (%t)	c21	c21 t
230056	C22 (%T)	unknown	230056.0	999999.0	C22 (%T)	C22 (%T)	c22 (%t)	c22 (%t)	c22	c22 t
230057	C23 (%T)	unknown	230057.0	999999.0	C23 (%T)	C23 (%T)	c23 (%t)	c23 (%t)	c23	c23 t
230058	C24 (%T)	unknown	230058.0	999999.0	C24 (%T)	C24 (%T)	c24 (%t)	c24 (%t)	c24	c24 t
230059	Total saturated fatty acids, equated (%T)	unknown	230059.0	999999.0	Total saturated fatty acids, equated (%T)	saturated fatty acids, equated (%T)	saturated fatty acids, equated (%t)	saturated fatty acids equated (%t)	saturated fatty acids, equated	saturated fatty acids equated t
230060	C12:1 (%T)	unknown	230060.0	999999.0	C12:1 (%T)	C12:1 (%T)	c12:1 (%t)	c12:1 (%t)	c12:1	c12 1 t
230061	C14:1 (%T)	unknown	230061.0	999999.0	C14:1 (%T)	C14:1 (%T)	c14:1 (%t)	c14:1 (%t)	c14:1	c14 1 t
230062	C15:1 (%T)	unknown	230062.0	999999.0	C15:1 (%T)	C15:1 (%T)	c15:1 (%t)	c15:1 (%t)	c15:1	c15 1 t
230063	C16:1 (%T)	unknown	230063.0	999999.0	C16:1 (%T)	C16:1 (%T)	c16:1 (%t)	c16:1 (%t)	c16:1	c16 1 t
230064	C17:1 (%T)	unknown	230064.0	999999.0	C17:1 (%T)	C17:1 (%T)	c17:1 (%t)	c17:1 (%t)	c17:1	c17 1 t
230065	C18:1 (%T)	unknown	230065.0	999999.0	C18:1 (%T)	C18:1 (%T)	c18:1 (%t)	c18:1 (%t)	c18:1	c18 1 t
230066	C18:1w7 (%T)	unknown	230066.0	999999.0	C18:1w7 (%T)	C18:1w7 (%T)	c18:1w7 (%t)	c18:1w7 (%t)	c18:1w7	c18 1w7 t
230067	C20:1 (%T)	unknown	230067.0	999999.0	C20:1 (%T)	C20:1 (%T)	c20:1 (%t)	c20:1 (%t)	c20:1	c20 1 t
230068	C20:1w11 (%T)	unknown	230068.0	999999.0	C20:1w11 (%T)	C20:1w11 (%T)	c20:1w11 (%t)	c20:1w11 (%t)	c20:1w11	c20 1w11 t
230069	C22:1 (%T)	unknown	230069.0	999999.0	C22:1 (%T)	C22:1 (%T)	c22:1 (%t)	c22:1 (%t)	c22:1	c22 1 t
230070	C22:1w11 (%T)	unknown	230070.0	999999.0	C22:1w11 (%T)	C22:1w11 (%T)	c22:1w11 (%t)	c22:1w11 (%t)	c22:1w11	c22 1w11 t
230071	C24:1 (%T)	unknown	230071.0	999999.0	C24:1 (%T)	C24:1 (%T)	c24:1 (%t)	c24:1 (%t)	c24:1	c24 1 t
230072	Total monounsaturated fatty acids, equated (%T)	unknown	230072.0	999999.0	Total monounsaturated fatty acids, equated (%T)	monounsaturated fatty acids, equated (%T)	monounsaturated fatty acids, equated (%t)	monounsaturated fatty acids equated (%t)	monounsaturated fatty acids, equated	monounsaturated fatty acids equated t
230073	C12:2 (%T)	unknown	230073.0	999999.0	C12:2 (%T)	C12:2 (%T)	c12:2 (%t)	c12:2 (%t)	c12:2	c12 2 t
230074	C16:2w4 (%T)	unknown	230074.0	999999.0	C16:2w4 (%T)	C16:2w4 (%T)	c16:2w4 (%t)	c16:2w4 (%t)	c16:2w4	c16 2w4 t
230075	C16:3 (%T)	unknown	230075.0	999999.0	C16:3 (%T)	C16:3 (%T)	c16:3 (%t)	c16:3 (%t)	c16:3	c16 3 t
230076	C18:2w6 (%T)	unknown	230076.0	999999.0	C18:2w6 (%T)	C18:2w6 (%T)	c18:2w6 (%t)	c18:2w6 (%t)	c18:2w6	c18 2w6 t
230077	C18:3w3 (%T)	unknown	230077.0	999999.0	C18:3w3 (%T)	C18:3w3 (%T)	c18:3w3 (%t)	c18:3w3 (%t)	c18:3w3	c18 3w3 t
230078	C18:3w4 (%T)	unknown	230078.0	999999.0	C18:3w4 (%T)	C18:3w4 (%T)	c18:3w4 (%t)	c18:3w4 (%t)	c18:3w4	c18 3w4 t
230079	C18:3w6 (%T)	unknown	230079.0	999999.0	C18:3w6 (%T)	C18:3w6 (%T)	c18:3w6 (%t)	c18:3w6 (%t)	c18:3w6	c18 3w6 t
230080	C18:4w1 (%T)	unknown	230080.0	999999.0	C18:4w1 (%T)	C18:4w1 (%T)	c18:4w1 (%t)	c18:4w1 (%t)	c18:4w1	c18 4w1 t
230081	C18:4w3 (%T)	unknown	230081.0	999999.0	C18:4w3 (%T)	C18:4w3 (%T)	c18:4w3 (%t)	c18:4w3 (%t)	c18:4w3	c18 4w3 t
230082	C20:2 (%T)	unknown	230082.0	999999.0	C20:2 (%T)	C20:2 (%T)	c20:2 (%t)	c20:2 (%t)	c20:2	c20 2 t
230083	C20:2w6 (%T)	unknown	230083.0	999999.0	C20:2w6 (%T)	C20:2w6 (%T)	c20:2w6 (%t)	c20:2w6 (%t)	c20:2w6	c20 2w6 t
230084	C20:4 (%T)	unknown	230084.0	999999.0	C20:4 (%T)	C20:4 (%T)	c20:4 (%t)	c20:4 (%t)	c20:4	c20 4 t
230085	C20:3w3 (%T)	unknown	230085.0	999999.0	C20:3w3 (%T)	C20:3w3 (%T)	c20:3w3 (%t)	c20:3w3 (%t)	c20:3w3	c20 3w3 t
230086	C20:3w6 (%T)	unknown	230086.0	999999.0	C20:3w6 (%T)	C20:3w6 (%T)	c20:3w6 (%t)	c20:3w6 (%t)	c20:3w6	c20 3w6 t
230087	C20:4w3 (%T)	unknown	230087.0	999999.0	C20:4w3 (%T)	C20:4w3 (%T)	c20:4w3 (%t)	c20:4w3 (%t)	c20:4w3	c20 4w3 t
230088	C20:4w6 (%T)	unknown	230088.0	999999.0	C20:4w6 (%T)	C20:4w6 (%T)	c20:4w6 (%t)	c20:4w6 (%t)	c20:4w6	c20 4w6 t
230089	C20:5w3 (%T)	unknown	230089.0	999999.0	C20:5w3 (%T)	C20:5w3 (%T)	c20:5w3 (%t)	c20:5w3 (%t)	c20:5w3	c20 5w3 t
230090	C21:5w3 (%T)	unknown	230090.0	999999.0	C21:5w3 (%T)	C21:5w3 (%T)	c21:5w3 (%t)	c21:5w3 (%t)	c21:5w3	c21 5w3 t
230091	C22:2 (%T)	unknown	230091.0	999999.0	C22:2 (%T)	C22:2 (%T)	c22:2 (%t)	c22:2 (%t)	c22:2	c22 2 t
230092	C22:2w6 (%T)	unknown	230092.0	999999.0	C22:2w6 (%T)	C22:2w6 (%T)	c22:2w6 (%t)	c22:2w6 (%t)	c22:2w6	c22 2w6 t
230093	C22:4w6 (%T)	unknown	230093.0	999999.0	C22:4w6 (%T)	C22:4w6 (%T)	c22:4w6 (%t)	c22:4w6 (%t)	c22:4w6	c22 4w6 t
230094	C22:5w3 (%T)	unknown	230094.0	999999.0	C22:5w3 (%T)	C22:5w3 (%T)	c22:5w3 (%t)	c22:5w3 (%t)	c22:5w3	c22 5w3 t
230095	C22:5w6 (%T)	unknown	230095.0	999999.0	C22:5w6 (%T)	C22:5w6 (%T)	c22:5w6 (%t)	c22:5w6 (%t)	c22:5w6	c22 5w6 t
230096	C22:6w3 (%T)	unknown	230096.0	999999.0	C22:6w3 (%T)	C22:6w3 (%T)	c22:6w3 (%t)	c22:6w3 (%t)	c22:6w3	c22 6w3 t
230097	Total polyunsaturated fatty acids, equated (%T)	unknown	230097.0	999999.0	Total polyunsaturated fatty acids, equated (%T)	polyunsaturated fatty acids, equated (%T)	polyunsaturated fatty acids, equated (%t)	polyunsaturated fatty acids equated (%t)	polyunsaturated fatty acids, equated	polyunsaturated fatty acids equated t
230098	Total long chain omega 3 fatty acids, equated  (%T)	unknown	230098.0	999999.0	Total long chain omega 3 fatty acids, equated  (%T)	long chain omega 3 fatty acids, equated (%T)	long chain omega 3 fatty acids, equated (%t)	long chain omega 3 fatty acids equated (%t)	long chain omega 3 fatty acids, equated	long chain omega 3 fatty acids equated t
230099	Total undifferentiated fatty acids  (%T)	unknown	230099.0	999999.0	Total undifferentiated fatty acids  (%T)	undifferentiated fatty acids (%T)	undifferentiated fatty acids (%t)	undifferentiated fatty acids (%t)	undifferentiated fatty acids	undifferentiated fatty acids t
230100	Total trans fatty acids, imputed  (%T)	unknown	230100.0	999999.0	Total trans fatty acids, imputed  (%T)	trans fatty acids, imputed (%T)	trans fatty acids, imputed (%t)	trans fatty acids imputed (%t)	trans fatty acids, imputed	trans fatty acids imputed t
230101	C20:3 (mg)	unknown	230101.0	999999.0	C20:3 (mg)	C20:3	c20:3	c20:3	c20:3	c20 3
230102	Total undifferentiated fatty acids, mass basis (mg)	unknown	230102.0	999999.0	Total undifferentiated fatty acids, mass basis (mg)	undifferentiated fatty acids, mass basis	undifferentiated fatty acids, mass basis	undifferentiated fatty acids mass basis	undifferentiated fatty acids, mass basis	undifferentiated fatty acids mass basis
230103	Cystine plus cysteine  (mg/gN)	unknown	230103.0	999999.0	Cystine plus cysteine  (mg/gN)	Cystine plus cysteine (mg / gN)	cystine plus cysteine (mg/gn)	cystine plus cysteine (mg/gn)	cystine plus cysteine	cystine plus cysteine mg gn
230104	fdc_id	unknown	230104.0	999999.0	fdc_id	fdc_id	fdc_id	fdc_id	fdc_id	fdc id
240001	(+)-Catechin	mg/100 ml	240001.0	999999.0	(+)-Catechin	(+) -Catechin	(+)-catechin	(+)-catechin	-catechin	catechin
240002	(+)-Catechin 3-O-gallate	mg/100 g fresh weight	240002.0	999999.0	(+)-Catechin 3-O-gallate	(+) -Catechin 3-O-gallate	(+)-catechin 3-o-gallate	(+)-catechin 3-o-gallate	-catechin 3-o-gallate	catechin 3 o gallate
240003	(+)-Catechin 3-O-glucose	mg/100 g fresh weight	240003.0	999999.0	(+)-Catechin 3-O-glucose	(+) -Catechin 3-O-glucose	(+)-catechin 3-o-glucose	(+)-catechin 3-o-glucose	-catechin 3-o-glucose	catechin 3 o glucose
240004	(+)-Gallocatechin	mg/100 ml	240004.0	999999.0	(+)-Gallocatechin	(+) -Gallocatechin	(+)-gallocatechin	(+)-gallocatechin	-gallocatechin	gallocatechin
240005	(+)-Gallocatechin 3-O-gallate	mg/100 g fresh weight	240005.0	999999.0	(+)-Gallocatechin 3-O-gallate	(+) -Gallocatechin 3-O-gallate	(+)-gallocatechin 3-o-gallate	(+)-gallocatechin 3-o-gallate	-gallocatechin 3-o-gallate	gallocatechin 3 o gallate
240006	(-)-Epicatechin	mg/100 ml	240006.0	999999.0	(-)-Epicatechin	-Epicatechin	-epicatechin	-epicatechin	-epicatechin	epicatechin
240007	(-)-Epicatechin 3-O-gallate	mg/100 ml	240007.0	999999.0	(-)-Epicatechin 3-O-gallate	-Epicatechin 3-O-gallate	-epicatechin 3-o-gallate	-epicatechin 3-o-gallate	-epicatechin 3-o-gallate	epicatechin 3 o gallate
240008	(-)-Epicatechin-(2a-7)(4a-8)-epicatechin 3-O-galactoside	mg/100 g fresh weight	240008.0	999999.0	(-)-Epicatechin-(2a-7)(4a-8)-epicatechin 3-O-galactoside	-Epicatechin- (2a-7) (4a-8) -epicatechin 3-O-galactoside	-epicatechin-(2a-7) (4a-8)-epicatechin 3-o-galactoside	-epicatechin-(2a-7) (4a-8)-epicatechin 3-o-galactoside	-epicatechin--epicatechin 3-o-galactoside	epicatechin 2a 7 4a 8 epicatechin 3 o galactoside
240009	(-)-Epigallocatechin	mg/100 ml	240009.0	999999.0	(-)-Epigallocatechin	-Epigallocatechin	-epigallocatechin	-epigallocatechin	-epigallocatechin	epigallocatechin
240010	(-)-Epigallocatechin 3-O-gallate	mg/100 ml	240010.0	999999.0	(-)-Epigallocatechin 3-O-gallate	-Epigallocatechin 3-O-gallate	-epigallocatechin 3-o-gallate	-epigallocatechin 3-o-gallate	-epigallocatechin 3-o-gallate	epigallocatechin 3 o gallate
240011	02 mers	mg/100 ml	240011.0	999999.0	02 mers	02 mers	02 mers	02 mers	02 mers	02 mers
240012	03 mers	mg/100 ml	240012.0	999999.0	03 mers	03 mers	03 mers	03 mers	03 mers	03 mers
240013	04-06 mers	mg/100 ml	240013.0	999999.0	04-06 mers	04-06 mers	04-06 mers	04-06 mers	04-06 mers	04 06 mers
240014	07-10 mers	mg/100 ml	240014.0	999999.0	07-10 mers	07-10 mers	07-10 mers	07-10 mers	07-10 mers	07 10 mers
240015	1,2'-Disinapoyl-2-feruloylgentiobiose	mg/100 g fresh weight	240015.0	999999.0	1,2'-Disinapoyl-2-feruloylgentiobiose	1, 2'-Disinapoyl-2-feruloylgentiobiose	1, 2'-disinapoyl-2-feruloylgentiobiose	1 2'-disinapoyl-2-feruloylgentiobiose	1, 2'-disinapoyl-2-feruloylgentiobiose	1 2 disinapoyl 2 feruloylgentiobiose
240016	1,2,2'-Triferuloylgentiobiose	mg/100 g fresh weight	240016.0	999999.0	1,2,2'-Triferuloylgentiobiose	1, 2, 2'-Triferuloylgentiobiose	1, 2, 2'-triferuloylgentiobiose	1 2 2'-triferuloylgentiobiose	1, 2, 2'-triferuloylgentiobiose	1 2 2 triferuloylgentiobiose
240017	1,2,2'-Trisinapoylgentiobiose	mg/100 g fresh weight	240017.0	999999.0	1,2,2'-Trisinapoylgentiobiose	1, 2, 2'-Trisinapoylgentiobiose	1, 2, 2'-trisinapoylgentiobiose	1 2 2'-trisinapoylgentiobiose	1, 2, 2'-trisinapoylgentiobiose	1 2 2 trisinapoylgentiobiose
240018	1,2-Diferuloylgentiobiose	mg/100 g fresh weight	240018.0	999999.0	1,2-Diferuloylgentiobiose	1, 2-Diferuloylgentiobiose	1, 2-diferuloylgentiobiose	1 2-diferuloylgentiobiose	1, 2-diferuloylgentiobiose	1 2 diferuloylgentiobiose
240019	1,2-Disinapoylgentiobiose	mg/100 g fresh weight	240019.0	999999.0	1,2-Disinapoylgentiobiose	1, 2-Disinapoylgentiobiose	1, 2-disinapoylgentiobiose	1 2-disinapoylgentiobiose	1, 2-disinapoylgentiobiose	1 2 disinapoylgentiobiose
240020	1,4-Naphtoquinone	mg/100 ml	240020.0	999999.0	1,4-Naphtoquinone	1, 4-Naphtoquinone	1, 4-naphtoquinone	1 4-naphtoquinone	1, 4-naphtoquinone	1 4 naphtoquinone
240021	1-Acetoxypinoresinol	mg/100 g fresh weight	240021.0	999999.0	1-Acetoxypinoresinol	1-Acetoxypinoresinol	1-acetoxypinoresinol	1-acetoxypinoresinol	1-acetoxypinoresinol	1 acetoxypinoresinol
240022	1-Sinapoyl-2,2'-diferuloylgentiobiose	mg/100 g fresh weight	240022.0	999999.0	1-Sinapoyl-2,2'-diferuloylgentiobiose	1-Sinapoyl-2, 2'-diferuloylgentiobiose	1-sinapoyl-2, 2'-diferuloylgentiobiose	1-sinapoyl-2 2'-diferuloylgentiobiose	1-sinapoyl-2, 2'-diferuloylgentiobiose	1 sinapoyl 2 2 diferuloylgentiobiose
240023	1-Sinapoyl-2-feruloylgentiobiose	mg/100 g fresh weight	240023.0	999999.0	1-Sinapoyl-2-feruloylgentiobiose	1-Sinapoyl-2-feruloylgentiobiose	1-sinapoyl-2-feruloylgentiobiose	1-sinapoyl-2-feruloylgentiobiose	1-sinapoyl-2-feruloylgentiobiose	1 sinapoyl 2 feruloylgentiobiose
240024	2,3-Dihydroxy-1-guaiacylpropanone	mg/100 ml	240024.0	999999.0	2,3-Dihydroxy-1-guaiacylpropanone	2, 3-Dihydroxy-1-guaiacylpropanone	2, 3-dihydroxy-1-guaiacylpropanone	2 3-dihydroxy-1-guaiacylpropanone	2, 3-dihydroxy-1-guaiacylpropanone	2 3 dihydroxy 1 guaiacylpropanone
240025	2,3-Dihydroxybenzoic acid	mg/100 ml	240025.0	999999.0	2,3-Dihydroxybenzoic acid	2, 3-Dihydroxybenzoic acid	2, 3-dihydroxybenzoic acid	2 3-dihydroxybenzoic acid	2, 3-dihydroxybenzoic acid	2 3 dihydroxybenzoic acid
240026	2,4-Dihydroxybenzoic acid	mg/100 g fresh weight	240026.0	999999.0	2,4-Dihydroxybenzoic acid	2, 4-Dihydroxybenzoic acid	2, 4-dihydroxybenzoic acid	2 4-dihydroxybenzoic acid	2, 4-dihydroxybenzoic acid	2 4 dihydroxybenzoic acid
240027	2,5-di-S-Glutathionyl caftaric acid	mg/100 ml	240027.0	999999.0	2,5-di-S-Glutathionyl caftaric acid	2, 5-di-S-Glutathionyl caftaric acid	2, 5-di-s-glutathionyl caftaric acid	2 5-di-s-glutathionyl caftaric acid	2, 5-di-s-glutathionyl caftaric acid	2 5 di s glutathionyl caftaric acid
240028	2,6-Dihydroxybenzoic acid	mg/100 ml	240028.0	999999.0	2,6-Dihydroxybenzoic acid	2, 6-Dihydroxybenzoic acid	2, 6-dihydroxybenzoic acid	2 6-dihydroxybenzoic acid	2, 6-dihydroxybenzoic acid	2 6 dihydroxybenzoic acid
240029	2-Hydroxybenzoic acid	mg/100 ml	240029.0	999999.0	2-Hydroxybenzoic acid	2-Hydroxybenzoic acid	2-hydroxybenzoic acid	2-hydroxybenzoic acid	2-hydroxybenzoic acid	2 hydroxybenzoic acid
240030	2-Methoxy-5-prop-1-enylphenol	mg/100 g fresh weight	240030.0	999999.0	2-Methoxy-5-prop-1-enylphenol	2-Methoxy-5-prop-1-enylphenol	2-methoxy-5-prop-1-enylphenol	2-methoxy-5-prop-1-enylphenol	2-methoxy-5-prop-1-enylphenol	2 methoxy 5 prop 1 enylphenol
240031	2-S-Glutathionyl caftaric acid	mg/100 ml	240031.0	999999.0	2-S-Glutathionyl caftaric acid	2-S-Glutathionyl caftaric acid	2-s-glutathionyl caftaric acid	2-s-glutathionyl caftaric acid	2-s-glutathionyl caftaric acid	2 s glutathionyl caftaric acid
240032	24-Methylcholestanol ferulate	mg/100 g fresh weight	240032.0	999999.0	24-Methylcholestanol ferulate	24-Methylcholestanol ferulate	24-methylcholestanol ferulate	24-methylcholestanol ferulate	24-methylcholestanol ferulate	24 methylcholestanol ferulate
240033	24-Methylcholesterol ferulate	mg/100 g fresh weight	240033.0	999999.0	24-Methylcholesterol ferulate	24-Methylcholesterol ferulate	24-methylcholesterol ferulate	24-methylcholesterol ferulate	24-methylcholesterol ferulate	24 methylcholesterol ferulate
240034	24-Methylenecholestanol ferulate	mg/100 g fresh weight	240034.0	999999.0	24-Methylenecholestanol ferulate	24-Methylenecholestanol ferulate	24-methylenecholestanol ferulate	24-methylenecholestanol ferulate	24-methylenecholestanol ferulate	24 methylenecholestanol ferulate
240035	24-Methyllathosterol ferulate	mg/100 g fresh weight	240035.0	999999.0	24-Methyllathosterol ferulate	24-Methyllathosterol ferulate	24-methyllathosterol ferulate	24-methyllathosterol ferulate	24-methyllathosterol ferulate	24 methyllathosterol ferulate
240036	3,4-DHPEA-AC	mg/100 g fresh weight	240036.0	999999.0	3,4-DHPEA-AC	3, 4-DHPEA-AC	3, 4-dhpea-ac	3 4-dhpea-ac	3, 4-dhpea-ac	3 4 dhpea ac
240037	3,4-DHPEA-EA	mg/100 g fresh weight	240037.0	999999.0	3,4-DHPEA-EA	3, 4-DHPEA-EA	3, 4-dhpea-ea	3 4-dhpea-ea	3, 4-dhpea-ea	3 4 dhpea ea
240038	3,4-DHPEA-EDA	mg/100 g fresh weight	240038.0	999999.0	3,4-DHPEA-EDA	3, 4-DHPEA-EDA	3, 4-dhpea-eda	3 4-dhpea-eda	3, 4-dhpea-eda	3 4 dhpea eda
240039	3,4-Dicaffeoylquinic acid	mg/100 ml	240039.0	999999.0	3,4-Dicaffeoylquinic acid	3, 4-Dicaffeoylquinic acid	3, 4-dicaffeoylquinic acid	3 4-dicaffeoylquinic acid	3, 4-dicaffeoylquinic acid	3 4 dicaffeoylquinic acid
240040	3,4-Diferuloylquinic acid	mg/100 g fresh weight	240040.0	999999.0	3,4-Diferuloylquinic acid	3, 4-Diferuloylquinic acid	3, 4-diferuloylquinic acid	3 4-diferuloylquinic acid	3, 4-diferuloylquinic acid	3 4 diferuloylquinic acid
240041	3,4-Dihydroxyphenylacetic acid	mg/100 g fresh weight	240041.0	999999.0	3,4-Dihydroxyphenylacetic acid	3, 4-Dihydroxyphenylacetic acid	3, 4-dihydroxyphenylacetic acid	3 4-dihydroxyphenylacetic acid	3, 4-dihydroxyphenylacetic acid	3 4 dihydroxyphenylacetic acid
240042	3,4-Dihydroxyphenylglycol	mg/100 g fresh weight	240042.0	999999.0	3,4-Dihydroxyphenylglycol	3, 4-Dihydroxyphenylglycol	3, 4-dihydroxyphenylglycol	3 4-dihydroxyphenylglycol	3, 4-dihydroxyphenylglycol	3 4 dihydroxyphenylglycol
240043	3,5-Dicaffeoylquinic acid	mg/100 g fresh weight	240043.0	999999.0	3,5-Dicaffeoylquinic acid	3, 5-Dicaffeoylquinic acid	3, 5-dicaffeoylquinic acid	3 5-dicaffeoylquinic acid	3, 5-dicaffeoylquinic acid	3 5 dicaffeoylquinic acid
240044	3,5-Diferuloylquinic acid	mg/100 g fresh weight	240044.0	999999.0	3,5-Diferuloylquinic acid	3, 5-Diferuloylquinic acid	3, 5-diferuloylquinic acid	3 5-diferuloylquinic acid	3, 5-diferuloylquinic acid	3 5 diferuloylquinic acid
240045	3,5-Dihydroxybenzoic acid	mg/100 ml	240045.0	999999.0	3,5-Dihydroxybenzoic acid	3, 5-Dihydroxybenzoic acid	3, 5-dihydroxybenzoic acid	3 5-dihydroxybenzoic acid	3, 5-dihydroxybenzoic acid	3 5 dihydroxybenzoic acid
240046	3,7-Dimethylquercetin	mg/100 ml	240046.0	999999.0	3,7-Dimethylquercetin	3, 7-Dimethylquercetin	3, 7-dimethylquercetin	3 7-dimethylquercetin	3, 7-dimethylquercetin	3 7 dimethylquercetin
240047	3-Caffeoylquinic acid	mg/100 ml	240047.0	999999.0	3-Caffeoylquinic acid	3-Caffeoylquinic acid	3-caffeoylquinic acid	3-caffeoylquinic acid	3-caffeoylquinic acid	3 caffeoylquinic acid
240048	3-Feruloylquinic acid	mg/100 g fresh weight	240048.0	999999.0	3-Feruloylquinic acid	3-Feruloylquinic acid	3-feruloylquinic acid	3-feruloylquinic acid	3-feruloylquinic acid	3 feruloylquinic acid
240049	3-Hydroxybenzoic acid	mg/100 ml	240049.0	999999.0	3-Hydroxybenzoic acid	3-Hydroxybenzoic acid	3-hydroxybenzoic acid	3-hydroxybenzoic acid	3-hydroxybenzoic acid	3 hydroxybenzoic acid
240050	3-Hydroxyphloretin 2'-O-glucoside	mg/100 g fresh weight	240050.0	999999.0	3-Hydroxyphloretin 2'-O-glucoside	3-Hydroxyphloretin 2'-O-glucoside	3-hydroxyphloretin 2'-o-glucoside	3-hydroxyphloretin 2'-o-glucoside	3-hydroxyphloretin 2'-o-glucoside	3 hydroxyphloretin 2 o glucoside
240051	3-Hydroxyphloretin 2'-O-xylosyl-glucoside	mg/100 g fresh weight	240051.0	999999.0	3-Hydroxyphloretin 2'-O-xylosyl-glucoside	3-Hydroxyphloretin 2'-O-xylosyl-glucoside	3-hydroxyphloretin 2'-o-xylosyl-glucoside	3-hydroxyphloretin 2'-o-xylosyl-glucoside	3-hydroxyphloretin 2'-o-xylosyl-glucoside	3 hydroxyphloretin 2 o xylosyl glucoside
240052	3-Methoxyacetophenone	mg/100 g fresh weight	240052.0	999999.0	3-Methoxyacetophenone	3-Methoxyacetophenone	3-methoxyacetophenone	3-methoxyacetophenone	3-methoxyacetophenone	3 methoxyacetophenone
240053	3-Methoxynobiletin	mg/100 ml	240053.0	999999.0	3-Methoxynobiletin	3-Methoxynobiletin	3-methoxynobiletin	3-methoxynobiletin	3-methoxynobiletin	3 methoxynobiletin
240054	3-Methoxysinensetin	mg/100 ml	240054.0	999999.0	3-Methoxysinensetin	3-Methoxysinensetin	3-methoxysinensetin	3-methoxysinensetin	3-methoxysinensetin	3 methoxysinensetin
240055	3-Methylcatechol	mg/100 ml	240055.0	999999.0	3-Methylcatechol	3-Methylcatechol	3-methylcatechol	3-methylcatechol	3-methylcatechol	3 methylcatechol
240056	3-Sinapoylquinic acid	mg/100 g fresh weight	240056.0	999999.0	3-Sinapoylquinic acid	3-Sinapoylquinic acid	3-sinapoylquinic acid	3-sinapoylquinic acid	3-sinapoylquinic acid	3 sinapoylquinic acid
240057	3-p-Coumaroylquinic acid	mg/100 g fresh weight	240057.0	999999.0	3-p-Coumaroylquinic acid	3-p-Coumaroylquinic acid	3-p-coumaroylquinic acid	3-p-coumaroylquinic acid	3-p-coumaroylquinic acid	3 p coumaroylquinic acid
240058	4,5-Dicaffeoylquinic acid	mg/100 ml	240058.0	999999.0	4,5-Dicaffeoylquinic acid	4, 5-Dicaffeoylquinic acid	4, 5-dicaffeoylquinic acid	4 5-dicaffeoylquinic acid	4, 5-dicaffeoylquinic acid	4 5 dicaffeoylquinic acid
240059	4-Caffeoylquinic acid	mg/100 ml	240059.0	999999.0	4-Caffeoylquinic acid	4-Caffeoylquinic acid	4-caffeoylquinic acid	4-caffeoylquinic acid	4-caffeoylquinic acid	4 caffeoylquinic acid
240060	4-Ethylcatechol	mg/100 ml	240060.0	999999.0	4-Ethylcatechol	4-Ethylcatechol	4-ethylcatechol	4-ethylcatechol	4-ethylcatechol	4 ethylcatechol
240061	4-Ethylguaiacol	mg/100 ml	240061.0	999999.0	4-Ethylguaiacol	4-Ethylguaiacol	4-ethylguaiacol	4-ethylguaiacol	4-ethylguaiacol	4 ethylguaiacol
240062	4-Ethylphenol	mg/100 ml	240062.0	999999.0	4-Ethylphenol	4-Ethylphenol	4-ethylphenol	4-ethylphenol	4-ethylphenol	4 ethylphenol
240063	4-Feruloylquinic acid	mg/100 g fresh weight	240063.0	999999.0	4-Feruloylquinic acid	4-Feruloylquinic acid	4-feruloylquinic acid	4-feruloylquinic acid	4-feruloylquinic acid	4 feruloylquinic acid
240064	4-Hydroxybenzaldehyde	mg/100 g fresh weight	240064.0	999999.0	4-Hydroxybenzaldehyde	4-Hydroxybenzaldehyde	4-hydroxybenzaldehyde	4-hydroxybenzaldehyde	4-hydroxybenzaldehyde	4 hydroxybenzaldehyde
240065	4-Hydroxybenzoic acid	mg/100 ml	240065.0	999999.0	4-Hydroxybenzoic acid	4-Hydroxybenzoic acid	4-hydroxybenzoic acid	4-hydroxybenzoic acid	4-hydroxybenzoic acid	4 hydroxybenzoic acid
240066	4-Hydroxybenzoic acid 4-O-glucoside	mg/100 g fresh weight	240066.0	999999.0	4-Hydroxybenzoic acid 4-O-glucoside	4-Hydroxybenzoic acid 4-O-glucoside	4-hydroxybenzoic acid 4-o-glucoside	4-hydroxybenzoic acid 4-o-glucoside	4-hydroxybenzoic acid 4-o-glucoside	4 hydroxybenzoic acid 4 o glucoside
240067	4-Hydroxycoumarin	mg/100 ml	240067.0	999999.0	4-Hydroxycoumarin	4-Hydroxycoumarin	4-hydroxycoumarin	4-hydroxycoumarin	4-hydroxycoumarin	4 hydroxycoumarin
240068	4-Hydroxyphenylacetic acid	mg/100 ml	240068.0	999999.0	4-Hydroxyphenylacetic acid	4-Hydroxyphenylacetic acid	4-hydroxyphenylacetic acid	4-hydroxyphenylacetic acid	4-hydroxyphenylacetic acid	4 hydroxyphenylacetic acid
240069	4-Methylcatechol	mg/100 ml	240069.0	999999.0	4-Methylcatechol	4-Methylcatechol	4-methylcatechol	4-methylcatechol	4-methylcatechol	4 methylcatechol
240070	4-Sinapoylquinic acid	mg/100 g fresh weight	240070.0	999999.0	4-Sinapoylquinic acid	4-Sinapoylquinic acid	4-sinapoylquinic acid	4-sinapoylquinic acid	4-sinapoylquinic acid	4 sinapoylquinic acid
240071	4-Vinylguaiacol	mg/100 ml	240071.0	999999.0	4-Vinylguaiacol	4-Vinylguaiacol	4-vinylguaiacol	4-vinylguaiacol	4-vinylguaiacol	4 vinylguaiacol
240072	4-Vinylphenol	mg/100 ml	240072.0	999999.0	4-Vinylphenol	4-Vinylphenol	4-vinylphenol	4-vinylphenol	4-vinylphenol	4 vinylphenol
240073	4-Vinylsyringol	mg/100 g fresh weight	240073.0	999999.0	4-Vinylsyringol	4-Vinylsyringol	4-vinylsyringol	4-vinylsyringol	4-vinylsyringol	4 vinylsyringol
240074	4-p-Coumaroylquinic acid	mg/100 g fresh weight	240074.0	999999.0	4-p-Coumaroylquinic acid	4-p-Coumaroylquinic acid	4-p-coumaroylquinic acid	4-p-coumaroylquinic acid	4-p-coumaroylquinic acid	4 p coumaroylquinic acid
240075	5,3',4'-Trihydroxy-3-methoxy-6:7-methylenedioxyflavone 4'-O-glucuronide	mg/100 g fresh weight	240075.0	999999.0	5,3',4'-Trihydroxy-3-methoxy-6:7-methylenedioxyflavone 4'-O-glucuronide	5, 3', 4'-Trihydroxy-3-methoxy-6:7-methylenedioxyflavone 4'-O-glucuronide	5, 3', 4'-trihydroxy-3-methoxy-6:7-methylenedioxyflavone 4'-o-glucuronide	5 3' 4'-trihydroxy-3-methoxy-6:7-methylenedioxyflavone 4'-o-glucuronide	5, 3', 4'-trihydroxy-3-methoxy-6:7-methylenedioxyflavone 4'-o-glucuronide	5 3 4 trihydroxy 3 methoxy 6 7 methylenedioxyflavone 4 o glucuronide
240076	5,4'-Dihydroxy-3,3'-dimethoxy-6:7-methylenedioxyflavone 4'-O-glucuronide	mg/100 g fresh weight	240076.0	999999.0	5,4'-Dihydroxy-3,3'-dimethoxy-6:7-methylenedioxyflavone 4'-O-glucuronide	5, 4'-Dihydroxy-3, 3'-dimethoxy-6:7-methylenedioxyflavone 4'-O-glucuronide	5, 4'-dihydroxy-3, 3'-dimethoxy-6:7-methylenedioxyflavone 4'-o-glucuronide	5 4'-dihydroxy-3 3'-dimethoxy-6:7-methylenedioxyflavone 4'-o-glucuronide	5, 4'-dihydroxy-3, 3'-dimethoxy-6:7-methylenedioxyflavone 4'-o-glucuronide	5 4 dihydroxy 3 3 dimethoxy 6 7 methylenedioxyflavone 4 o glucuronide
240077	5,6-Dihydroxy-7,8,3',4'-tetramethoxyflavone	mg/100 g fresh weight	240077.0	999999.0	5,6-Dihydroxy-7,8,3',4'-tetramethoxyflavone	5, 6-Dihydroxy-7, 8, 3', 4'-tetramethoxyflavone	5, 6-dihydroxy-7, 8, 3', 4'-tetramethoxyflavone	5 6-dihydroxy-7 8 3' 4'-tetramethoxyflavone	5, 6-dihydroxy-7, 8, 3', 4'-tetramethoxyflavone	5 6 dihydroxy 7 8 3 4 tetramethoxyflavone
240078	5-5'-Dehydrodiferulic acid	mg/100 g fresh weight	240078.0	999999.0	5-5'-Dehydrodiferulic acid	5-5'-Dehydrodiferulic acid	5-5'-dehydrodiferulic acid	5-5'-dehydrodiferulic acid	5-5'-dehydrodiferulic acid	5 5 dehydrodiferulic acid
240079	5-8'-Benzofuran dehydrodiferulic acid	mg/100 g fresh weight	240079.0	999999.0	5-8'-Benzofuran dehydrodiferulic acid	5-8'-Benzofuran dehydrodiferulic acid	5-8'-benzofuran dehydrodiferulic acid	5-8'-benzofuran dehydrodiferulic acid	5-8'-benzofuran dehydrodiferulic acid	5 8 benzofuran dehydrodiferulic acid
240080	5-8'-Dehydrodiferulic acid	mg/100 g fresh weight	240080.0	999999.0	5-8'-Dehydrodiferulic acid	5-8'-Dehydrodiferulic acid	5-8'-dehydrodiferulic acid	5-8'-dehydrodiferulic acid	5-8'-dehydrodiferulic acid	5 8 dehydrodiferulic acid
240081	5-Caffeoylquinic acid	mg/100 ml	240081.0	999999.0	5-Caffeoylquinic acid	5-Caffeoylquinic acid	5-caffeoylquinic acid	5-caffeoylquinic acid	5-caffeoylquinic acid	5 caffeoylquinic acid
240082	5-Feruloylquinic acid	mg/100 g fresh weight	240082.0	999999.0	5-Feruloylquinic acid	5-Feruloylquinic acid	5-feruloylquinic acid	5-feruloylquinic acid	5-feruloylquinic acid	5 feruloylquinic acid
240083	5-Heneicosenylresorcinol	mg/100 g fresh weight	240083.0	999999.0	5-Heneicosenylresorcinol	5-Heneicosenylresorcinol	5-heneicosenylresorcinol	5-heneicosenylresorcinol	5-heneicosenylresorcinol	5 heneicosenylresorcinol
240084	5-Heneicosylresorcinol	mg/100 g fresh weight	240084.0	999999.0	5-Heneicosylresorcinol	5-Heneicosylresorcinol	5-heneicosylresorcinol	5-heneicosylresorcinol	5-heneicosylresorcinol	5 heneicosylresorcinol
240085	5-Heptadecylresorcinol	mg/100 g fresh weight	240085.0	999999.0	5-Heptadecylresorcinol	5-Heptadecylresorcinol	5-heptadecylresorcinol	5-heptadecylresorcinol	5-heptadecylresorcinol	5 heptadecylresorcinol
240086	5-Nonadecenylresorcinol	mg/100 g fresh weight	240086.0	999999.0	5-Nonadecenylresorcinol	5-Nonadecenylresorcinol	5-nonadecenylresorcinol	5-nonadecenylresorcinol	5-nonadecenylresorcinol	5 nonadecenylresorcinol
240087	5-Nonadecylresorcinol	mg/100 g fresh weight	240087.0	999999.0	5-Nonadecylresorcinol	5-Nonadecylresorcinol	5-nonadecylresorcinol	5-nonadecylresorcinol	5-nonadecylresorcinol	5 nonadecylresorcinol
240088	5-O-Galloylquinic acid	mg/100 g fresh weight	240088.0	999999.0	5-O-Galloylquinic acid	5-O-Galloylquinic acid	5-o-galloylquinic acid	5-o-galloylquinic acid	5-o-galloylquinic acid	5 o galloylquinic acid
240089	5-Pentacosenylresorcinol	mg/100 g fresh weight	240089.0	999999.0	5-Pentacosenylresorcinol	5-Pentacosenylresorcinol	5-pentacosenylresorcinol	5-pentacosenylresorcinol	5-pentacosenylresorcinol	5 pentacosenylresorcinol
240090	5-Pentacosylresorcinol	mg/100 g fresh weight	240090.0	999999.0	5-Pentacosylresorcinol	5-Pentacosylresorcinol	5-pentacosylresorcinol	5-pentacosylresorcinol	5-pentacosylresorcinol	5 pentacosylresorcinol
240091	5-Pentadecylresorcinol	mg/100 g fresh weight	240091.0	999999.0	5-Pentadecylresorcinol	5-Pentadecylresorcinol	5-pentadecylresorcinol	5-pentadecylresorcinol	5-pentadecylresorcinol	5 pentadecylresorcinol
240092	5-Sinapoylquinic acid	mg/100 g fresh weight	240092.0	999999.0	5-Sinapoylquinic acid	5-Sinapoylquinic acid	5-sinapoylquinic acid	5-sinapoylquinic acid	5-sinapoylquinic acid	5 sinapoylquinic acid
240093	5-Tricosenylresorcinol	mg/100 g fresh weight	240093.0	999999.0	5-Tricosenylresorcinol	5-Tricosenylresorcinol	5-tricosenylresorcinol	5-tricosenylresorcinol	5-tricosenylresorcinol	5 tricosenylresorcinol
240094	5-Tricosylresorcinol	mg/100 g fresh weight	240094.0	999999.0	5-Tricosylresorcinol	5-Tricosylresorcinol	5-tricosylresorcinol	5-tricosylresorcinol	5-tricosylresorcinol	5 tricosylresorcinol
240095	5-p-Coumaroylquinic acid	mg/100 g fresh weight	240095.0	999999.0	5-p-Coumaroylquinic acid	5-p-Coumaroylquinic acid	5-p-coumaroylquinic acid	5-p-coumaroylquinic acid	5-p-coumaroylquinic acid	5 p coumaroylquinic acid
240096	6''-O-Acetyldaidzin	mg/100 ml	240096.0	999999.0	6''-O-Acetyldaidzin	6''-O-Acetyldaidzin	6''-o-acetyldaidzin	6''-o-acetyldaidzin	6''-o-acetyldaidzin	6 o acetyldaidzin
240097	6''-O-Acetylgenistin	mg/100 ml	240097.0	999999.0	6''-O-Acetylgenistin	6''-O-Acetylgenistin	6''-o-acetylgenistin	6''-o-acetylgenistin	6''-o-acetylgenistin	6 o acetylgenistin
240098	6''-O-Acetylglycitin	mg/100 ml	240098.0	999999.0	6''-O-Acetylglycitin	6''-O-Acetylglycitin	6''-o-acetylglycitin	6''-o-acetylglycitin	6''-o-acetylglycitin	6 o acetylglycitin
240099	6''-O-Malonyldaidzin	mg/100 ml	240099.0	999999.0	6''-O-Malonyldaidzin	6''-O-Malonyldaidzin	6''-o-malonyldaidzin	6''-o-malonyldaidzin	6''-o-malonyldaidzin	6 o malonyldaidzin
240100	6''-O-Malonylgenistin	mg/100 ml	240100.0	999999.0	6''-O-Malonylgenistin	6''-O-Malonylgenistin	6''-o-malonylgenistin	6''-o-malonylgenistin	6''-o-malonylgenistin	6 o malonylgenistin
240101	6''-O-Malonylglycitin	mg/100 ml	240101.0	999999.0	6''-O-Malonylglycitin	6''-O-Malonylglycitin	6''-o-malonylglycitin	6''-o-malonylglycitin	6''-o-malonylglycitin	6 o malonylglycitin
240102	6,8-Dihydroxykaempferol	mg/100 g fresh weight	240102.0	999999.0	6,8-Dihydroxykaempferol	6, 8-Dihydroxykaempferol	6, 8-dihydroxykaempferol	6 8-dihydroxykaempferol	6, 8-dihydroxykaempferol	6 8 dihydroxykaempferol
240103	6-Geranylnaringenin	mg/100 ml	240103.0	999999.0	6-Geranylnaringenin	6-Geranylnaringenin	6-geranylnaringenin	6-geranylnaringenin	6-geranylnaringenin	6 geranylnaringenin
240104	6-Hydroxyluteolin	mg/100 g fresh weight	240104.0	999999.0	6-Hydroxyluteolin	6-Hydroxyluteolin	6-hydroxyluteolin	6-hydroxyluteolin	6-hydroxyluteolin	6 hydroxyluteolin
240105	6-Hydroxyluteolin 7-O-rhamnoside	mg/100 g fresh weight	240105.0	999999.0	6-Hydroxyluteolin 7-O-rhamnoside	6-Hydroxyluteolin 7-O-rhamnoside	6-hydroxyluteolin 7-o-rhamnoside	6-hydroxyluteolin 7-o-rhamnoside	6-hydroxyluteolin 7-o-rhamnoside	6 hydroxyluteolin 7 o rhamnoside
240106	6-Prenylnaringenin	mg/100 ml	240106.0	999999.0	6-Prenylnaringenin	6-Prenylnaringenin	6-prenylnaringenin	6-prenylnaringenin	6-prenylnaringenin	6 prenylnaringenin
240107	7,3',4'-Trihydroxyflavone	mg/100 g fresh weight	240107.0	999999.0	7,3',4'-Trihydroxyflavone	7, 3', 4'-Trihydroxyflavone	7, 3', 4'-trihydroxyflavone	7 3' 4'-trihydroxyflavone	7, 3', 4'-trihydroxyflavone	7 3 4 trihydroxyflavone
240108	7,4'-Dihydroxyflavone	mg/100 g fresh weight	240108.0	999999.0	7,4'-Dihydroxyflavone	7, 4'-Dihydroxyflavone	7, 4'-dihydroxyflavone	7 4'-dihydroxyflavone	7, 4'-dihydroxyflavone	7 4 dihydroxyflavone
240109	7-Hydroxymatairesinol	mg/100 g fresh weight	240109.0	999999.0	7-Hydroxymatairesinol	7-Hydroxymatairesinol	7-hydroxymatairesinol	7-hydroxymatairesinol	7-hydroxymatairesinol	7 hydroxymatairesinol
240110	7-Hydroxysecoisolariciresinol	mg/100 g fresh weight	240110.0	999999.0	7-Hydroxysecoisolariciresinol	7-Hydroxysecoisolariciresinol	7-hydroxysecoisolariciresinol	7-hydroxysecoisolariciresinol	7-hydroxysecoisolariciresinol	7 hydroxysecoisolariciresinol
240111	7-Oxomatairesinol	mg/100 g fresh weight	240111.0	999999.0	7-Oxomatairesinol	7-Oxomatairesinol	7-oxomatairesinol	7-oxomatairesinol	7-oxomatairesinol	7 oxomatairesinol
240112	8-O-4'-Dehydrodiferulic acid	mg/100 g fresh weight	240112.0	999999.0	8-O-4'-Dehydrodiferulic acid	8-O-4'-Dehydrodiferulic acid	8-o-4'-dehydrodiferulic acid	8-o-4'-dehydrodiferulic acid	8-o-4'-dehydrodiferulic acid	8 o 4 dehydrodiferulic acid
240113	8-Prenylnaringenin	mg/100 ml	240113.0	999999.0	8-Prenylnaringenin	8-Prenylnaringenin	8-prenylnaringenin	8-prenylnaringenin	8-prenylnaringenin	8 prenylnaringenin
240114	Acetyl eugenol	mg/100 g fresh weight	240114.0	999999.0	Acetyl eugenol	Acetyl eugenol	acetyl eugenol	acetyl eugenol	acetyl eugenol	acetyl eugenol
240115	Anethole	mg/100 ml	240115.0	999999.0	Anethole	Anethole	anethole	anethole	anethole	anethole
240116	Anhydro-secoisolariciresinol	mg/100 g fresh weight	240116.0	999999.0	Anhydro-secoisolariciresinol	Anhydro-secoisolariciresinol	anhydro-secoisolariciresinol	anhydro-secoisolariciresinol	anhydro-secoisolariciresinol	anhydro secoisolariciresinol
240117	Anthocyanins, total	mg/100 g fresh weight	240117.0	999999.0	Anthocyanins, total	Anthocyanins,	anthocyanins	anthocyanins	anthocyanins	anthocyanins
240118	Apigenin	mg/100 ml	240118.0	999999.0	Apigenin	Apigenin	apigenin	apigenin	apigenin	apigenin
240119	Apigenin 6,8-C-arabinoside-C-glucoside	mg/100 g fresh weight	240119.0	999999.0	Apigenin 6,8-C-arabinoside-C-glucoside	Apigenin 6, 8-C-arabinoside-C-glucoside	apigenin 6, 8-c-arabinoside-c-glucoside	apigenin 6 8-c-arabinoside-c-glucoside	apigenin 6, 8-c-arabinoside-c-glucoside	apigenin 6 8 c arabinoside c glucoside
240120	Apigenin 6,8-C-galactoside-C-arabinoside	mg/100 g fresh weight	240120.0	999999.0	Apigenin 6,8-C-galactoside-C-arabinoside	Apigenin 6, 8-C-galactoside-C-arabinoside	apigenin 6, 8-c-galactoside-c-arabinoside	apigenin 6 8-c-galactoside-c-arabinoside	apigenin 6, 8-c-galactoside-c-arabinoside	apigenin 6 8 c galactoside c arabinoside
240121	Apigenin 6,8-di-C-glucoside	mg/100 ml	240121.0	999999.0	Apigenin 6,8-di-C-glucoside	Apigenin 6, 8-di-C-glucoside	apigenin 6, 8-di-c-glucoside	apigenin 6 8-di-c-glucoside	apigenin 6, 8-di-c-glucoside	apigenin 6 8 di c glucoside
240122	Apigenin 6-C-glucoside	mg/100 g fresh weight	240122.0	999999.0	Apigenin 6-C-glucoside	Apigenin 6-C-glucoside	apigenin 6-c-glucoside	apigenin 6-c-glucoside	apigenin 6-c-glucoside	apigenin 6 c glucoside
240123	Apigenin 7-O-(6''-malonyl-apiosyl-glucoside)	mg/100 g fresh weight	240123.0	999999.0	Apigenin 7-O-(6''-malonyl-apiosyl-glucoside)	Apigenin 7-O- (6''-malonyl-apiosyl-glucoside)	apigenin 7-o-(6''-malonyl-apiosyl-glucoside)	apigenin 7-o-(6''-malonyl-apiosyl-glucoside)	apigenin 7-o-	apigenin 7 o 6 malonyl apiosyl glucoside
240124	Apigenin 7-O-apiosyl-glucoside	mg/100 g fresh weight	240124.0	999999.0	Apigenin 7-O-apiosyl-glucoside	Apigenin 7-O-apiosyl-glucoside	apigenin 7-o-apiosyl-glucoside	apigenin 7-o-apiosyl-glucoside	apigenin 7-o-apiosyl-glucoside	apigenin 7 o apiosyl glucoside
240125	Apigenin 7-O-diglucuronide	mg/100 g fresh weight	240125.0	999999.0	Apigenin 7-O-diglucuronide	Apigenin 7-O-diglucuronide	apigenin 7-o-diglucuronide	apigenin 7-o-diglucuronide	apigenin 7-o-diglucuronide	apigenin 7 o diglucuronide
240126	Apigenin 7-O-glucoside	mg/100 g fresh weight	240126.0	999999.0	Apigenin 7-O-glucoside	Apigenin 7-O-glucoside	apigenin 7-o-glucoside	apigenin 7-o-glucoside	apigenin 7-o-glucoside	apigenin 7 o glucoside
240127	Apigenin 7-O-glucuronide	mg/100 g fresh weight	240127.0	999999.0	Apigenin 7-O-glucuronide	Apigenin 7-O-glucuronide	apigenin 7-o-glucuronide	apigenin 7-o-glucuronide	apigenin 7-o-glucuronide	apigenin 7 o glucuronide
240128	Arbutin	mg/100 g fresh weight	240128.0	999999.0	Arbutin	Arbutin	arbutin	arbutin	arbutin	arbutin
240129	Arctigenin	mg/100 ml	240129.0	999999.0	Arctigenin	Arctigenin	arctigenin	arctigenin	arctigenin	arctigenin
240130	Avenanthramide 2c	mg/100 g fresh weight	240130.0	999999.0	Avenanthramide 2c	Avenanthramide 2c	avenanthramide 2c	avenanthramide 2c	avenanthramide 2c	avenanthramide 2c
240131	Avenanthramide 2f	mg/100 g fresh weight	240131.0	999999.0	Avenanthramide 2f	Avenanthramide 2f	avenanthramide 2f	avenanthramide 2f	avenanthramide 2f	avenanthramide 2f
240132	Avenanthramide 2p	mg/100 g fresh weight	240132.0	999999.0	Avenanthramide 2p	Avenanthramide 2p	avenanthramide 2p	avenanthramide 2p	avenanthramide 2p	avenanthramide 2p
240133	Avenanthramide K	mg/100 g fresh weight	240133.0	999999.0	Avenanthramide K	Avenanthramide K	avenanthramide k	avenanthramide k	avenanthramide k	avenanthramide k
240134	Baicalein	mg/100 g fresh weight	240134.0	999999.0	Baicalein	Baicalein	baicalein	baicalein	baicalein	baicalein
240135	Benzoic acid	mg/100 g fresh weight	240135.0	999999.0	Benzoic acid	Benzoic acid	benzoic acid	benzoic acid	benzoic acid	benzoic acid
240136	Bergapten	mg/100 ml	240136.0	999999.0	Bergapten	Bergapten	bergapten	bergapten	bergapten	bergapten
240137	Biochanin A	mg/100 ml	240137.0	999999.0	Biochanin A	Biochanin A	biochanin a	biochanin a	biochanin a	biochanin a
240138	Bisdemethoxycurcumin	mg/100 g fresh weight	240138.0	999999.0	Bisdemethoxycurcumin	Bisdemethoxycurcumin	bisdemethoxycurcumin	bisdemethoxycurcumin	bisdemethoxycurcumin	bisdemethoxycurcumin
240139	Butein	mg/100 g fresh weight	240139.0	999999.0	Butein	Butein	butein	butein	butein	butein
240140	Caffeic acid	mg/100 ml	240140.0	999999.0	Caffeic acid	Caffeic acid	caffeic acid	caffeic acid	caffeic acid	caffeic acid
240141	Caffeic acid 4-O-glucoside	mg/100 g fresh weight	240141.0	999999.0	Caffeic acid 4-O-glucoside	Caffeic acid 4-O-glucoside	caffeic acid 4-o-glucoside	caffeic acid 4-o-glucoside	caffeic acid 4-o-glucoside	caffeic acid 4 o glucoside
240142	Caffeic acid ethyl ester	mg/100 ml	240142.0	999999.0	Caffeic acid ethyl ester	Caffeic acid ethyl ester	caffeic acid ethyl ester	caffeic acid ethyl ester	caffeic acid ethyl ester	caffeic acid ethyl ester
240143	Caffeoyl aspartic acid	mg/100 g fresh weight	240143.0	999999.0	Caffeoyl aspartic acid	Caffeoyl aspartic acid	caffeoyl aspartic acid	caffeoyl aspartic acid	caffeoyl aspartic acid	caffeoyl aspartic acid
240144	Caffeoyl glucose	mg/100 g fresh weight	240144.0	999999.0	Caffeoyl glucose	Caffeoyl glucose	caffeoyl glucose	caffeoyl glucose	caffeoyl glucose	caffeoyl glucose
240145	Caffeoyl tartaric acid	mg/100 ml	240145.0	999999.0	Caffeoyl tartaric acid	Caffeoyl tartaric acid	caffeoyl tartaric acid	caffeoyl tartaric acid	caffeoyl tartaric acid	caffeoyl tartaric acid
240146	Carnosic acid	mg/100 g fresh weight	240146.0	999999.0	Carnosic acid	Carnosic acid	carnosic acid	carnosic acid	carnosic acid	carnosic acid
240147	Carnosol	mg/100 g fresh weight	240147.0	999999.0	Carnosol	Carnosol	carnosol	carnosol	carnosol	carnosol
240148	Carvacrol	mg/100 g fresh weight	240148.0	999999.0	Carvacrol	Carvacrol	carvacrol	carvacrol	carvacrol	carvacrol
240149	Catechol	mg/100 ml	240149.0	999999.0	Catechol	Catechol	catechol	catechol	catechol	catechol
240150	Chicoric acid	mg/100 g fresh weight	240150.0	999999.0	Chicoric acid	Chicoric acid	chicoric acid	chicoric acid	chicoric acid	chicoric acid
240151	Chrysin	mg/100 ml	240151.0	999999.0	Chrysin	Chrysin	chrysin	chrysin	chrysin	chrysin
240152	Chrysoeriol 7-O-(6''-malonyl-apiosyl-glucoside)	mg/100 g fresh weight	240152.0	999999.0	Chrysoeriol 7-O-(6''-malonyl-apiosyl-glucoside)	Chrysoeriol 7-O- (6''-malonyl-apiosyl-glucoside)	chrysoeriol 7-o-(6''-malonyl-apiosyl-glucoside)	chrysoeriol 7-o-(6''-malonyl-apiosyl-glucoside)	chrysoeriol 7-o-	chrysoeriol 7 o 6 malonyl apiosyl glucoside
240153	Chrysoeriol 7-O-(6''-malonyl-glucoside)	mg/100 g fresh weight	240153.0	999999.0	Chrysoeriol 7-O-(6''-malonyl-glucoside)	Chrysoeriol 7-O- (6''-malonyl-glucoside)	chrysoeriol 7-o-(6''-malonyl-glucoside)	chrysoeriol 7-o-(6''-malonyl-glucoside)	chrysoeriol 7-o-	chrysoeriol 7 o 6 malonyl glucoside
240154	Chrysoeriol 7-O-apiosyl-glucoside	mg/100 g fresh weight	240154.0	999999.0	Chrysoeriol 7-O-apiosyl-glucoside	Chrysoeriol 7-O-apiosyl-glucoside	chrysoeriol 7-o-apiosyl-glucoside	chrysoeriol 7-o-apiosyl-glucoside	chrysoeriol 7-o-apiosyl-glucoside	chrysoeriol 7 o apiosyl glucoside
240155	Chrysoeriol 7-O-glucoside	mg/100 g fresh weight	240155.0	999999.0	Chrysoeriol 7-O-glucoside	Chrysoeriol 7-O-glucoside	chrysoeriol 7-o-glucoside	chrysoeriol 7-o-glucoside	chrysoeriol 7-o-glucoside	chrysoeriol 7 o glucoside
240156	Cinnamic acid	mg/100 ml	240156.0	999999.0	Cinnamic acid	Cinnamic acid	cinnamic acid	cinnamic acid	cinnamic acid	cinnamic acid
240157	Cinnamoyl glucose	mg/100 ml	240157.0	999999.0	Cinnamoyl glucose	Cinnamoyl glucose	cinnamoyl glucose	cinnamoyl glucose	cinnamoyl glucose	cinnamoyl glucose
240158	Cinnamtannin A2	mg/100 g fresh weight	240158.0	999999.0	Cinnamtannin A2	Cinnamtannin A2	cinnamtannin a2	cinnamtannin a2	cinnamtannin a2	cinnamtannin a2
240159	Cirsilineol	mg/100 g fresh weight	240159.0	999999.0	Cirsilineol	Cirsilineol	cirsilineol	cirsilineol	cirsilineol	cirsilineol
240160	Cirsimaritin	mg/100 g fresh weight	240160.0	999999.0	Cirsimaritin	Cirsimaritin	cirsimaritin	cirsimaritin	cirsimaritin	cirsimaritin
240161	Conidendrin	mg/100 g fresh weight	240161.0	999999.0	Conidendrin	Conidendrin	conidendrin	conidendrin	conidendrin	conidendrin
240162	Coumarin	mg/100 g fresh weight	240162.0	999999.0	Coumarin	Coumarin	coumarin	coumarin	coumarin	coumarin
240163	Coumestrol	mg/100 ml	240163.0	999999.0	Coumestrol	Coumestrol	coumestrol	coumestrol	coumestrol	coumestrol
240164	Curcumin	mg/100 g fresh weight	240164.0	999999.0	Curcumin	Curcumin	curcumin	curcumin	curcumin	curcumin
240165	Cyanidin	mg/100 g fresh weight	240165.0	999999.0	Cyanidin	Cyanidin	cyanidin	cyanidin	cyanidin	cyanidin
240166	Cyanidin 3,5-O-diglucoside	mg/100 g fresh weight	240166.0	999999.0	Cyanidin 3,5-O-diglucoside	Cyanidin 3, 5-O-diglucoside	cyanidin 3, 5-o-diglucoside	cyanidin 3 5-o-diglucoside	cyanidin 3, 5-o-diglucoside	cyanidin 3 5 o diglucoside
240167	Cyanidin 3-O-(6''-acetyl-galactoside)	mg/100 g fresh weight	240167.0	999999.0	Cyanidin 3-O-(6''-acetyl-galactoside)	Cyanidin 3-O- (6''-acetyl-galactoside)	cyanidin 3-o-(6''-acetyl-galactoside)	cyanidin 3-o-(6''-acetyl-galactoside)	cyanidin 3-o-	cyanidin 3 o 6 acetyl galactoside
240168	Cyanidin 3-O-(6''-acetyl-glucoside)	mg/100 ml	240168.0	999999.0	Cyanidin 3-O-(6''-acetyl-glucoside)	Cyanidin 3-O- (6''-acetyl-glucoside)	cyanidin 3-o-(6''-acetyl-glucoside)	cyanidin 3-o-(6''-acetyl-glucoside)	cyanidin 3-o-	cyanidin 3 o 6 acetyl glucoside
240169	Cyanidin 3-O-(6''-caffeoyl-glucoside)	mg/100 g fresh weight	240169.0	999999.0	Cyanidin 3-O-(6''-caffeoyl-glucoside)	Cyanidin 3-O- (6''-caffeoyl-glucoside)	cyanidin 3-o-(6''-caffeoyl-glucoside)	cyanidin 3-o-(6''-caffeoyl-glucoside)	cyanidin 3-o-	cyanidin 3 o 6 caffeoyl glucoside
240170	Cyanidin 3-O-(6''-dioxalyl-glucoside)	mg/100 g fresh weight	240170.0	999999.0	Cyanidin 3-O-(6''-dioxalyl-glucoside)	Cyanidin 3-O- (6''-dioxalyl-glucoside)	cyanidin 3-o-(6''-dioxalyl-glucoside)	cyanidin 3-o-(6''-dioxalyl-glucoside)	cyanidin 3-o-	cyanidin 3 o 6 dioxalyl glucoside
240171	Cyanidin 3-O-(6''-malonyl-3''-glucosyl-glucoside)	mg/100 g fresh weight	240171.0	999999.0	Cyanidin 3-O-(6''-malonyl-3''-glucosyl-glucoside)	Cyanidin 3-O- (6''-malonyl-3''-glucosyl-glucoside)	cyanidin 3-o-(6''-malonyl-3''-glucosyl-glucoside)	cyanidin 3-o-(6''-malonyl-3''-glucosyl-glucoside)	cyanidin 3-o-	cyanidin 3 o 6 malonyl 3 glucosyl glucoside
240172	Cyanidin 3-O-(6''-malonyl-glucoside)	mg/100 g fresh weight	240172.0	999999.0	Cyanidin 3-O-(6''-malonyl-glucoside)	Cyanidin 3-O- (6''-malonyl-glucoside)	cyanidin 3-o-(6''-malonyl-glucoside)	cyanidin 3-o-(6''-malonyl-glucoside)	cyanidin 3-o-	cyanidin 3 o 6 malonyl glucoside
240173	Cyanidin 3-O-(6''-p-coumaroyl-glucoside)	mg/100 g fresh weight	240173.0	999999.0	Cyanidin 3-O-(6''-p-coumaroyl-glucoside)	Cyanidin 3-O- (6''-p-coumaroyl-glucoside)	cyanidin 3-o-(6''-p-coumaroyl-glucoside)	cyanidin 3-o-(6''-p-coumaroyl-glucoside)	cyanidin 3-o-	cyanidin 3 o 6 p coumaroyl glucoside
240174	Cyanidin 3-O-(6''-succinyl-glucoside)	mg/100 g fresh weight	240174.0	999999.0	Cyanidin 3-O-(6''-succinyl-glucoside)	Cyanidin 3-O- (6''-succinyl-glucoside)	cyanidin 3-o-(6''-succinyl-glucoside)	cyanidin 3-o-(6''-succinyl-glucoside)	cyanidin 3-o-	cyanidin 3 o 6 succinyl glucoside
240175	Cyanidin 3-O-arabinoside	mg/100 g fresh weight	240175.0	999999.0	Cyanidin 3-O-arabinoside	Cyanidin 3-O-arabinoside	cyanidin 3-o-arabinoside	cyanidin 3-o-arabinoside	cyanidin 3-o-arabinoside	cyanidin 3 o arabinoside
240176	Cyanidin 3-O-galactoside	mg/100 g fresh weight	240176.0	999999.0	Cyanidin 3-O-galactoside	Cyanidin 3-O-galactoside	cyanidin 3-o-galactoside	cyanidin 3-o-galactoside	cyanidin 3-o-galactoside	cyanidin 3 o galactoside
240177	Cyanidin 3-O-glucoside	mg/100 ml	240177.0	999999.0	Cyanidin 3-O-glucoside	Cyanidin 3-O-glucoside	cyanidin 3-o-glucoside	cyanidin 3-o-glucoside	cyanidin 3-o-glucoside	cyanidin 3 o glucoside
240178	Cyanidin 3-O-glucosyl-rutinoside	mg/100 g fresh weight	240178.0	999999.0	Cyanidin 3-O-glucosyl-rutinoside	Cyanidin 3-O-glucosyl-rutinoside	cyanidin 3-o-glucosyl-rutinoside	cyanidin 3-o-glucosyl-rutinoside	cyanidin 3-o-glucosyl-rutinoside	cyanidin 3 o glucosyl rutinoside
240179	Cyanidin 3-O-rutinoside	mg/100 g fresh weight	240179.0	999999.0	Cyanidin 3-O-rutinoside	Cyanidin 3-O-rutinoside	cyanidin 3-o-rutinoside	cyanidin 3-o-rutinoside	cyanidin 3-o-rutinoside	cyanidin 3 o rutinoside
240180	Cyanidin 3-O-sambubioside	mg/100 g fresh weight	240180.0	999999.0	Cyanidin 3-O-sambubioside	Cyanidin 3-O-sambubioside	cyanidin 3-o-sambubioside	cyanidin 3-o-sambubioside	cyanidin 3-o-sambubioside	cyanidin 3 o sambubioside
240181	Cyanidin 3-O-sambubioside 5-O-glucoside	mg/100 g fresh weight	240181.0	999999.0	Cyanidin 3-O-sambubioside 5-O-glucoside	Cyanidin 3-O-sambubioside 5-O-glucoside	cyanidin 3-o-sambubioside 5-o-glucoside	cyanidin 3-o-sambubioside 5-o-glucoside	cyanidin 3-o-sambubioside 5-o-glucoside	cyanidin 3 o sambubioside 5 o glucoside
240182	Cyanidin 3-O-sophoroside	mg/100 g fresh weight	240182.0	999999.0	Cyanidin 3-O-sophoroside	Cyanidin 3-O-sophoroside	cyanidin 3-o-sophoroside	cyanidin 3-o-sophoroside	cyanidin 3-o-sophoroside	cyanidin 3 o sophoroside
240183	Cyanidin 3-O-xyloside	mg/100 g fresh weight	240183.0	999999.0	Cyanidin 3-O-xyloside	Cyanidin 3-O-xyloside	cyanidin 3-o-xyloside	cyanidin 3-o-xyloside	cyanidin 3-o-xyloside	cyanidin 3 o xyloside
240184	Cyanidin 3-O-xylosyl-rutinoside	mg/100 g fresh weight	240184.0	999999.0	Cyanidin 3-O-xylosyl-rutinoside	Cyanidin 3-O-xylosyl-rutinoside	cyanidin 3-o-xylosyl-rutinoside	cyanidin 3-o-xylosyl-rutinoside	cyanidin 3-o-xylosyl-rutinoside	cyanidin 3 o xylosyl rutinoside
240185	Cyclolariciresinol	mg/100 g fresh weight	240185.0	999999.0	Cyclolariciresinol	Cyclolariciresinol	cyclolariciresinol	cyclolariciresinol	cyclolariciresinol	cyclolariciresinol
240186	Daidzein	mg/100 ml	240186.0	999999.0	Daidzein	Daidzein	daidzein	daidzein	daidzein	daidzein
240187	Daidzin	mg/100 ml	240187.0	999999.0	Daidzin	Daidzin	daidzin	daidzin	daidzin	daidzin
240188	Delphinidin 3,5-O-diglucoside	mg/100 ml	240188.0	999999.0	Delphinidin 3,5-O-diglucoside	Delphinidin 3, 5-O-diglucoside	delphinidin 3, 5-o-diglucoside	delphinidin 3 5-o-diglucoside	delphinidin 3, 5-o-diglucoside	delphinidin 3 5 o diglucoside
240189	Delphinidin 3-O-(6''-acetyl-galactoside)	mg/100 g fresh weight	240189.0	999999.0	Delphinidin 3-O-(6''-acetyl-galactoside)	Delphinidin 3-O- (6''-acetyl-galactoside)	delphinidin 3-o-(6''-acetyl-galactoside)	delphinidin 3-o-(6''-acetyl-galactoside)	delphinidin 3-o-	delphinidin 3 o 6 acetyl galactoside
240190	Delphinidin 3-O-(6''-acetyl-glucoside)	mg/100 ml	240190.0	999999.0	Delphinidin 3-O-(6''-acetyl-glucoside)	Delphinidin 3-O- (6''-acetyl-glucoside)	delphinidin 3-o-(6''-acetyl-glucoside)	delphinidin 3-o-(6''-acetyl-glucoside)	delphinidin 3-o-	delphinidin 3 o 6 acetyl glucoside
240191	Delphinidin 3-O-(6''-p-coumaroyl-glucoside)	mg/100 ml	240191.0	999999.0	Delphinidin 3-O-(6''-p-coumaroyl-glucoside)	Delphinidin 3-O- (6''-p-coumaroyl-glucoside)	delphinidin 3-o-(6''-p-coumaroyl-glucoside)	delphinidin 3-o-(6''-p-coumaroyl-glucoside)	delphinidin 3-o-	delphinidin 3 o 6 p coumaroyl glucoside
240192	Delphinidin 3-O-arabinoside	mg/100 g fresh weight	240192.0	999999.0	Delphinidin 3-O-arabinoside	Delphinidin 3-O-arabinoside	delphinidin 3-o-arabinoside	delphinidin 3-o-arabinoside	delphinidin 3-o-arabinoside	delphinidin 3 o arabinoside
240193	Delphinidin 3-O-feruloyl-glucoside	mg/100 g fresh weight	240193.0	999999.0	Delphinidin 3-O-feruloyl-glucoside	Delphinidin 3-O-feruloyl-glucoside	delphinidin 3-o-feruloyl-glucoside	delphinidin 3-o-feruloyl-glucoside	delphinidin 3-o-feruloyl-glucoside	delphinidin 3 o feruloyl glucoside
240194	Delphinidin 3-O-galactoside	mg/100 g fresh weight	240194.0	999999.0	Delphinidin 3-O-galactoside	Delphinidin 3-O-galactoside	delphinidin 3-o-galactoside	delphinidin 3-o-galactoside	delphinidin 3-o-galactoside	delphinidin 3 o galactoside
240195	Delphinidin 3-O-glucoside	mg/100 ml	240195.0	999999.0	Delphinidin 3-O-glucoside	Delphinidin 3-O-glucoside	delphinidin 3-o-glucoside	delphinidin 3-o-glucoside	delphinidin 3-o-glucoside	delphinidin 3 o glucoside
240196	Delphinidin 3-O-glucosyl-glucoside	mg/100 g fresh weight	240196.0	999999.0	Delphinidin 3-O-glucosyl-glucoside	Delphinidin 3-O-glucosyl-glucoside	delphinidin 3-o-glucosyl-glucoside	delphinidin 3-o-glucosyl-glucoside	delphinidin 3-o-glucosyl-glucoside	delphinidin 3 o glucosyl glucoside
240197	Delphinidin 3-O-rutinoside	mg/100 g fresh weight	240197.0	999999.0	Delphinidin 3-O-rutinoside	Delphinidin 3-O-rutinoside	delphinidin 3-o-rutinoside	delphinidin 3-o-rutinoside	delphinidin 3-o-rutinoside	delphinidin 3 o rutinoside
240198	Delphinidin 3-O-sambubioside	mg/100 g fresh weight	240198.0	999999.0	Delphinidin 3-O-sambubioside	Delphinidin 3-O-sambubioside	delphinidin 3-o-sambubioside	delphinidin 3-o-sambubioside	delphinidin 3-o-sambubioside	delphinidin 3 o sambubioside
240199	Delphinidin 3-O-xyloside	mg/100 g fresh weight	240199.0	999999.0	Delphinidin 3-O-xyloside	Delphinidin 3-O-xyloside	delphinidin 3-o-xyloside	delphinidin 3-o-xyloside	delphinidin 3-o-xyloside	delphinidin 3 o xyloside
240200	Demethoxycurcumin	mg/100 g fresh weight	240200.0	999999.0	Demethoxycurcumin	Demethoxycurcumin	demethoxycurcumin	demethoxycurcumin	demethoxycurcumin	demethoxycurcumin
240201	Demethyloleuropein	mg/100 g fresh weight	240201.0	999999.0	Demethyloleuropein	Demethyloleuropein	demethyloleuropein	demethyloleuropein	demethyloleuropein	demethyloleuropein
240202	Didymin	mg/100 ml	240202.0	999999.0	Didymin	Didymin	didymin	didymin	didymin	didymin
240203	Dihydro-p-coumaric acid	mg/100 g fresh weight	240203.0	999999.0	Dihydro-p-coumaric acid	Dihydro-p-coumaric acid	dihydro-p-coumaric acid	dihydro-p-coumaric acid	dihydro-p-coumaric acid	dihydro p coumaric acid
240204	Dihydrocaffeic acid	mg/100 g fresh weight	240204.0	999999.0	Dihydrocaffeic acid	Dihydrocaffeic acid	dihydrocaffeic acid	dihydrocaffeic acid	dihydrocaffeic acid	dihydrocaffeic acid
240205	Dihydromyricetin 3-O-rhamnoside	mg/100 ml	240205.0	999999.0	Dihydromyricetin 3-O-rhamnoside	Dihydromyricetin 3-O-rhamnoside	dihydromyricetin 3-o-rhamnoside	dihydromyricetin 3-o-rhamnoside	dihydromyricetin 3-o-rhamnoside	dihydromyricetin 3 o rhamnoside
240206	Dihydroquercetin	mg/100 g fresh weight	240206.0	999999.0	Dihydroquercetin	Dihydroquercetin	dihydroquercetin	dihydroquercetin	dihydroquercetin	dihydroquercetin
240207	Dihydroquercetin 3-O-rhamnoside	mg/100 ml	240207.0	999999.0	Dihydroquercetin 3-O-rhamnoside	Dihydroquercetin 3-O-rhamnoside	dihydroquercetin 3-o-rhamnoside	dihydroquercetin 3-o-rhamnoside	dihydroquercetin 3-o-rhamnoside	dihydroquercetin 3 o rhamnoside
240208	Dimethylmatairesinol	mg/100 g fresh weight	240208.0	999999.0	Dimethylmatairesinol	Dimethylmatairesinol	dimethylmatairesinol	dimethylmatairesinol	dimethylmatairesinol	dimethylmatairesinol
240209	Diosmin	mg/100 ml	240209.0	999999.0	Diosmin	Diosmin	diosmin	diosmin	diosmin	diosmin
240210	Ellagic acid	mg/100 ml	240210.0	999999.0	Ellagic acid	Ellagic acid	ellagic acid	ellagic acid	ellagic acid	ellagic acid
240211	Ellagic acid acetyl-arabinoside	mg/100 g fresh weight	240211.0	999999.0	Ellagic acid acetyl-arabinoside	Ellagic acid acetyl-arabinoside	ellagic acid acetyl-arabinoside	ellagic acid acetyl-arabinoside	ellagic acid acetyl-arabinoside	ellagic acid acetyl arabinoside
240212	Ellagic acid acetyl-xyloside	mg/100 g fresh weight	240212.0	999999.0	Ellagic acid acetyl-xyloside	Ellagic acid acetyl-xyloside	ellagic acid acetyl-xyloside	ellagic acid acetyl-xyloside	ellagic acid acetyl-xyloside	ellagic acid acetyl xyloside
240213	Ellagic acid arabinoside	mg/100 g fresh weight	240213.0	999999.0	Ellagic acid arabinoside	Ellagic acid arabinoside	ellagic acid arabinoside	ellagic acid arabinoside	ellagic acid arabinoside	ellagic acid arabinoside
240214	Ellagic acid glucoside	mg/100 g fresh weight	240214.0	999999.0	Ellagic acid glucoside	Ellagic acid glucoside	ellagic acid glucoside	ellagic acid glucoside	ellagic acid glucoside	ellagic acid glucoside
240215	Epirosmanol	mg/100 g fresh weight	240215.0	999999.0	Epirosmanol	Epirosmanol	epirosmanol	epirosmanol	epirosmanol	epirosmanol
240216	Episesamin	mg/100 g fresh weight	240216.0	999999.0	Episesamin	Episesamin	episesamin	episesamin	episesamin	episesamin
240217	Episesaminol	mg/100 g fresh weight	240217.0	999999.0	Episesaminol	Episesaminol	episesaminol	episesaminol	episesaminol	episesaminol
240218	Eriocitrin	mg/100 ml	240218.0	999999.0	Eriocitrin	Eriocitrin	eriocitrin	eriocitrin	eriocitrin	eriocitrin
240219	Eriodictyol	mg/100 ml	240219.0	999999.0	Eriodictyol	Eriodictyol	eriodictyol	eriodictyol	eriodictyol	eriodictyol
240220	Eriodictyol 7-O-glucoside	mg/100 g fresh weight	240220.0	999999.0	Eriodictyol 7-O-glucoside	Eriodictyol 7-O-glucoside	eriodictyol 7-o-glucoside	eriodictyol 7-o-glucoside	eriodictyol 7-o-glucoside	eriodictyol 7 o glucoside
240221	Esculetin	mg/100 ml	240221.0	999999.0	Esculetin	Esculetin	esculetin	esculetin	esculetin	esculetin
240222	Esculin	mg/100 ml	240222.0	999999.0	Esculin	Esculin	esculin	esculin	esculin	esculin
240223	Estragole	mg/100 g fresh weight	240223.0	999999.0	Estragole	Estragole	estragole	estragole	estragole	estragole
240224	Eugenol	mg/100 g fresh weight	240224.0	999999.0	Eugenol	Eugenol	eugenol	eugenol	eugenol	eugenol
240225	Eupatorin	mg/100 g fresh weight	240225.0	999999.0	Eupatorin	Eupatorin	eupatorin	eupatorin	eupatorin	eupatorin
240226	Ferulaldehyde	mg/100 ml	240226.0	999999.0	Ferulaldehyde	Ferulaldehyde	ferulaldehyde	ferulaldehyde	ferulaldehyde	ferulaldehyde
240227	Ferulic acid	mg/100 ml	240227.0	999999.0	Ferulic acid	Ferulic acid	ferulic acid	ferulic acid	ferulic acid	ferulic acid
240228	Ferulic acid 4-O-glucoside	mg/100 g fresh weight	240228.0	999999.0	Ferulic acid 4-O-glucoside	Ferulic acid 4-O-glucoside	ferulic acid 4-o-glucoside	ferulic acid 4-o-glucoside	ferulic acid 4-o-glucoside	ferulic acid 4 o glucoside
240229	Feruloyl glucose	mg/100 g fresh weight	240229.0	999999.0	Feruloyl glucose	Feruloyl glucose	feruloyl glucose	feruloyl glucose	feruloyl glucose	feruloyl glucose
240230	Feruloyl tartaric acid	mg/100 ml	240230.0	999999.0	Feruloyl tartaric acid	Feruloyl tartaric acid	feruloyl tartaric acid	feruloyl tartaric acid	feruloyl tartaric acid	feruloyl tartaric acid
240231	Formononetin	mg/100 ml	240231.0	999999.0	Formononetin	Formononetin	formononetin	formononetin	formononetin	formononetin
240232	Galangin	mg/100 ml	240232.0	999999.0	Galangin	Galangin	galangin	galangin	galangin	galangin
240233	Gallic acid	mg/100 ml	240233.0	999999.0	Gallic acid	Gallic acid	gallic acid	gallic acid	gallic acid	gallic acid
240234	Gallic acid 3-O-gallate	mg/100 ml	240234.0	999999.0	Gallic acid 3-O-gallate	Gallic acid 3-O-gallate	gallic acid 3-o-gallate	gallic acid 3-o-gallate	gallic acid 3-o-gallate	gallic acid 3 o gallate
240235	Gallic acid 4-O-glucoside	mg/100 g fresh weight	240235.0	999999.0	Gallic acid 4-O-glucoside	Gallic acid 4-O-glucoside	gallic acid 4-o-glucoside	gallic acid 4-o-glucoside	gallic acid 4-o-glucoside	gallic acid 4 o glucoside
240236	Gallic acid ethyl ester	mg/100 ml	240236.0	999999.0	Gallic acid ethyl ester	Gallic acid ethyl ester	gallic acid ethyl ester	gallic acid ethyl ester	gallic acid ethyl ester	gallic acid ethyl ester
240237	Gallic aldehyde	mg/100 g fresh weight	240237.0	999999.0	Gallic aldehyde	Gallic aldehyde	gallic aldehyde	gallic aldehyde	gallic aldehyde	gallic aldehyde
240238	Galloyl glucose	mg/100 g fresh weight	240238.0	999999.0	Galloyl glucose	Galloyl glucose	galloyl glucose	galloyl glucose	galloyl glucose	galloyl glucose
240239	Gardenin B	mg/100 g fresh weight	240239.0	999999.0	Gardenin B	Gardenin B	gardenin b	gardenin b	gardenin b	gardenin b
240240	Genistein	mg/100 ml	240240.0	999999.0	Genistein	Genistein	genistein	genistein	genistein	genistein
240241	Genistin	mg/100 ml	240241.0	999999.0	Genistin	Genistin	genistin	genistin	genistin	genistin
240242	Gentisic acid	mg/100 ml	240242.0	999999.0	Gentisic acid	Gentisic acid	gentisic acid	gentisic acid	gentisic acid	gentisic acid
240243	Geraldone	mg/100 g fresh weight	240243.0	999999.0	Geraldone	Geraldone	geraldone	geraldone	geraldone	geraldone
240244	Glycitein	mg/100 ml	240244.0	999999.0	Glycitein	Glycitein	glycitein	glycitein	glycitein	glycitein
240245	Glycitin	mg/100 ml	240245.0	999999.0	Glycitin	Glycitin	glycitin	glycitin	glycitin	glycitin
240246	Guaiacol	mg/100 ml	240246.0	999999.0	Guaiacol	Guaiacol	guaiacol	guaiacol	guaiacol	guaiacol
240247	Hesperetin	mg/100 ml	240247.0	999999.0	Hesperetin	Hesperetin	hesperetin	hesperetin	hesperetin	hesperetin
240248	Hesperidin	mg/100 ml	240248.0	999999.0	Hesperidin	Hesperidin	hesperidin	hesperidin	hesperidin	hesperidin
240249	Hispidulin	mg/100 g fresh weight	240249.0	999999.0	Hispidulin	Hispidulin	hispidulin	hispidulin	hispidulin	hispidulin
240250	Homovanillic acid	mg/100 ml	240250.0	999999.0	Homovanillic acid	Homovanillic acid	homovanillic acid	homovanillic acid	homovanillic acid	homovanillic acid
240251	Homoveratric acid	mg/100 g fresh weight	240251.0	999999.0	Homoveratric acid	Homoveratric acid	homoveratric acid	homoveratric acid	homoveratric acid	homoveratric acid
240252	Hydroxycaffeic acid	mg/100 g fresh weight	240252.0	999999.0	Hydroxycaffeic acid	Hydroxycaffeic acid	hydroxycaffeic acid	hydroxycaffeic acid	hydroxycaffeic acid	hydroxycaffeic acid
240253	Hydroxytyrosol	mg/100 ml	240253.0	999999.0	Hydroxytyrosol	Hydroxytyrosol	hydroxytyrosol	hydroxytyrosol	hydroxytyrosol	hydroxytyrosol
240254	Hydroxytyrosol 4-O-glucoside	mg/100 g fresh weight	240254.0	999999.0	Hydroxytyrosol 4-O-glucoside	Hydroxytyrosol 4-O-glucoside	hydroxytyrosol 4-o-glucoside	hydroxytyrosol 4-o-glucoside	hydroxytyrosol 4-o-glucoside	hydroxytyrosol 4 o glucoside
240255	Isoferulic acid	mg/100 ml	240255.0	999999.0	Isoferulic acid	Isoferulic acid	isoferulic acid	isoferulic acid	isoferulic acid	isoferulic acid
240256	Isohydroxymatairesinol	mg/100 g fresh weight	240256.0	999999.0	Isohydroxymatairesinol	Isohydroxymatairesinol	isohydroxymatairesinol	isohydroxymatairesinol	isohydroxymatairesinol	isohydroxymatairesinol
240257	Isolariciresinol	mg/100 ml	240257.0	999999.0	Isolariciresinol	Isolariciresinol	isolariciresinol	isolariciresinol	isolariciresinol	isolariciresinol
240258	Isopimpinellin	mg/100 g fresh weight	240258.0	999999.0	Isopimpinellin	Isopimpinellin	isopimpinellin	isopimpinellin	isopimpinellin	isopimpinellin
240259	Isorhamnetin	mg/100 ml	240259.0	999999.0	Isorhamnetin	Isorhamnetin	isorhamnetin	isorhamnetin	isorhamnetin	isorhamnetin
240260	Isorhamnetin 3-O-galactoside	mg/100 g fresh weight	240260.0	999999.0	Isorhamnetin 3-O-galactoside	Isorhamnetin 3-O-galactoside	isorhamnetin 3-o-galactoside	isorhamnetin 3-o-galactoside	isorhamnetin 3-o-galactoside	isorhamnetin 3 o galactoside
240261	Isorhamnetin 3-O-glucoside	mg/100 ml	240261.0	999999.0	Isorhamnetin 3-O-glucoside	Isorhamnetin 3-O-glucoside	isorhamnetin 3-o-glucoside	isorhamnetin 3-o-glucoside	isorhamnetin 3-o-glucoside	isorhamnetin 3 o glucoside
240262	Isorhamnetin 3-O-glucoside 7-O-rhamnoside	mg/100 ml	240262.0	999999.0	Isorhamnetin 3-O-glucoside 7-O-rhamnoside	Isorhamnetin 3-O-glucoside 7-O-rhamnoside	isorhamnetin 3-o-glucoside 7-o-rhamnoside	isorhamnetin 3-o-glucoside 7-o-rhamnoside	isorhamnetin 3-o-glucoside 7-o-rhamnoside	isorhamnetin 3 o glucoside 7 o rhamnoside
240263	Isorhamnetin 3-O-glucuronide	mg/100 g fresh weight	240263.0	999999.0	Isorhamnetin 3-O-glucuronide	Isorhamnetin 3-O-glucuronide	isorhamnetin 3-o-glucuronide	isorhamnetin 3-o-glucuronide	isorhamnetin 3-o-glucuronide	isorhamnetin 3 o glucuronide
240264	Isorhamnetin 3-O-rutinoside	mg/100 ml	240264.0	999999.0	Isorhamnetin 3-O-rutinoside	Isorhamnetin 3-O-rutinoside	isorhamnetin 3-o-rutinoside	isorhamnetin 3-o-rutinoside	isorhamnetin 3-o-rutinoside	isorhamnetin 3 o rutinoside
240265	Isorhamnetin 4'-O-glucoside	mg/100 g fresh weight	240265.0	999999.0	Isorhamnetin 4'-O-glucoside	Isorhamnetin 4'-O-glucoside	isorhamnetin 4'-o-glucoside	isorhamnetin 4'-o-glucoside	isorhamnetin 4'-o-glucoside	isorhamnetin 4 o glucoside
240266	Isorhamnetin 7-O-rhamnoside	mg/100 ml	240266.0	999999.0	Isorhamnetin 7-O-rhamnoside	Isorhamnetin 7-O-rhamnoside	isorhamnetin 7-o-rhamnoside	isorhamnetin 7-o-rhamnoside	isorhamnetin 7-o-rhamnoside	isorhamnetin 7 o rhamnoside
240267	Isorhoifolin	mg/100 g fresh weight	240267.0	999999.0	Isorhoifolin	Isorhoifolin	isorhoifolin	isorhoifolin	isorhoifolin	isorhoifolin
240268	Isoxanthohumol	mg/100 ml	240268.0	999999.0	Isoxanthohumol	Isoxanthohumol	isoxanthohumol	isoxanthohumol	isoxanthohumol	isoxanthohumol
240269	Jaceidin 4'-O-glucuronide	mg/100 g fresh weight	240269.0	999999.0	Jaceidin 4'-O-glucuronide	Jaceidin 4'-O-glucuronide	jaceidin 4'-o-glucuronide	jaceidin 4'-o-glucuronide	jaceidin 4'-o-glucuronide	jaceidin 4 o glucuronide
240270	Jaceosidin	mg/100 g fresh weight	240270.0	999999.0	Jaceosidin	Jaceosidin	jaceosidin	jaceosidin	jaceosidin	jaceosidin
240271	Juglone	mg/100 ml	240271.0	999999.0	Juglone	Juglone	juglone	juglone	juglone	juglone
240272	Kaempferide	mg/100 ml	240272.0	999999.0	Kaempferide	Kaempferide	kaempferide	kaempferide	kaempferide	kaempferide
240273	Kaempferol	mg/100 ml	240273.0	999999.0	Kaempferol	Kaempferol	kaempferol	kaempferol	kaempferol	kaempferol
240274	Kaempferol 3,7,4'-O-triglucoside	mg/100 g fresh weight	240274.0	999999.0	Kaempferol 3,7,4'-O-triglucoside	Kaempferol 3, 7, 4'-O-triglucoside	kaempferol 3, 7, 4'-o-triglucoside	kaempferol 3 7 4'-o-triglucoside	kaempferol 3, 7, 4'-o-triglucoside	kaempferol 3 7 4 o triglucoside
240275	Kaempferol 3,7-O-diglucoside	mg/100 g fresh weight	240275.0	999999.0	Kaempferol 3,7-O-diglucoside	Kaempferol 3, 7-O-diglucoside	kaempferol 3, 7-o-diglucoside	kaempferol 3 7-o-diglucoside	kaempferol 3, 7-o-diglucoside	kaempferol 3 7 o diglucoside
240276	Kaempferol 3-O-(2''-rhamnosyl-6''-acetyl-galactoside) 7-O-rhamnoside	mg/100 g fresh weight	240276.0	999999.0	Kaempferol 3-O-(2''-rhamnosyl-6''-acetyl-galactoside) 7-O-rhamnoside	Kaempferol 3-O- (2''-rhamnosyl-6''-acetyl-galactoside) 7-O-rhamnoside	kaempferol 3-o-(2''-rhamnosyl-6''-acetyl-galactoside) 7-o-rhamnoside	kaempferol 3-o-(2''-rhamnosyl-6''-acetyl-galactoside) 7-o-rhamnoside	kaempferol 3-o-7-o-rhamnoside	kaempferol 3 o 2 rhamnosyl 6 acetyl galactoside 7 o rhamnoside
240277	Kaempferol 3-O-(2''-rhamnosyl-galactoside) 7-O-rhamnoside	mg/100 g fresh weight	240277.0	999999.0	Kaempferol 3-O-(2''-rhamnosyl-galactoside) 7-O-rhamnoside	Kaempferol 3-O- (2''-rhamnosyl-galactoside) 7-O-rhamnoside	kaempferol 3-o-(2''-rhamnosyl-galactoside) 7-o-rhamnoside	kaempferol 3-o-(2''-rhamnosyl-galactoside) 7-o-rhamnoside	kaempferol 3-o-7-o-rhamnoside	kaempferol 3 o 2 rhamnosyl galactoside 7 o rhamnoside
240278	"Kaempferol 3-O-(6""-malonyl-glucoside)"	mg/100 g fresh weight	240278.0	999999.0	"Kaempferol 3-O-(6""-malonyl-glucoside)"	"Kaempferol 3-O- (6""-malonyl-glucoside)"	"kaempferol 3-o-(6""-malonyl-glucoside)"	"kaempferol 3-o-(6""-malonyl-glucoside)"	kaempferol 3-o-	kaempferol 3 o 6 malonyl glucoside
240279	Kaempferol 3-O-(6''-acetyl-galactoside) 7-O-rhamnoside	mg/100 g fresh weight	240279.0	999999.0	Kaempferol 3-O-(6''-acetyl-galactoside) 7-O-rhamnoside	Kaempferol 3-O- (6''-acetyl-galactoside) 7-O-rhamnoside	kaempferol 3-o-(6''-acetyl-galactoside) 7-o-rhamnoside	kaempferol 3-o-(6''-acetyl-galactoside) 7-o-rhamnoside	kaempferol 3-o-7-o-rhamnoside	kaempferol 3 o 6 acetyl galactoside 7 o rhamnoside
240280	Kaempferol 3-O-acetyl-glucoside	mg/100 g fresh weight	240280.0	999999.0	Kaempferol 3-O-acetyl-glucoside	Kaempferol 3-O-acetyl-glucoside	kaempferol 3-o-acetyl-glucoside	kaempferol 3-o-acetyl-glucoside	kaempferol 3-o-acetyl-glucoside	kaempferol 3 o acetyl glucoside
240281	Kaempferol 3-O-galactoside	mg/100 g fresh weight	240281.0	999999.0	Kaempferol 3-O-galactoside	Kaempferol 3-O-galactoside	kaempferol 3-o-galactoside	kaempferol 3-o-galactoside	kaempferol 3-o-galactoside	kaempferol 3 o galactoside
240282	Kaempferol 3-O-galactoside 7-O-rhamnoside	mg/100 g fresh weight	240282.0	999999.0	Kaempferol 3-O-galactoside 7-O-rhamnoside	Kaempferol 3-O-galactoside 7-O-rhamnoside	kaempferol 3-o-galactoside 7-o-rhamnoside	kaempferol 3-o-galactoside 7-o-rhamnoside	kaempferol 3-o-galactoside 7-o-rhamnoside	kaempferol 3 o galactoside 7 o rhamnoside
240283	Kaempferol 3-O-glucoside	mg/100 ml	240283.0	999999.0	Kaempferol 3-O-glucoside	Kaempferol 3-O-glucoside	kaempferol 3-o-glucoside	kaempferol 3-o-glucoside	kaempferol 3-o-glucoside	kaempferol 3 o glucoside
240284	Kaempferol 3-O-glucosyl-rhamnosyl-galactoside	mg/100 ml	240284.0	999999.0	Kaempferol 3-O-glucosyl-rhamnosyl-galactoside	Kaempferol 3-O-glucosyl-rhamnosyl-galactoside	kaempferol 3-o-glucosyl-rhamnosyl-galactoside	kaempferol 3-o-glucosyl-rhamnosyl-galactoside	kaempferol 3-o-glucosyl-rhamnosyl-galactoside	kaempferol 3 o glucosyl rhamnosyl galactoside
240285	Kaempferol 3-O-glucosyl-rhamnosyl-glucoside	mg/100 ml	240285.0	999999.0	Kaempferol 3-O-glucosyl-rhamnosyl-glucoside	Kaempferol 3-O-glucosyl-rhamnosyl-glucoside	kaempferol 3-o-glucosyl-rhamnosyl-glucoside	kaempferol 3-o-glucosyl-rhamnosyl-glucoside	kaempferol 3-o-glucosyl-rhamnosyl-glucoside	kaempferol 3 o glucosyl rhamnosyl glucoside
240286	Kaempferol 3-O-glucuronide	mg/100 g fresh weight	240286.0	999999.0	Kaempferol 3-O-glucuronide	Kaempferol 3-O-glucuronide	kaempferol 3-o-glucuronide	kaempferol 3-o-glucuronide	kaempferol 3-o-glucuronide	kaempferol 3 o glucuronide
240287	Kaempferol 3-O-rhamnoside	mg/100 ml	240287.0	999999.0	Kaempferol 3-O-rhamnoside	Kaempferol 3-O-rhamnoside	kaempferol 3-o-rhamnoside	kaempferol 3-o-rhamnoside	kaempferol 3-o-rhamnoside	kaempferol 3 o rhamnoside
240288	Kaempferol 3-O-rhamnosyl-rhamnosyl-glucoside	mg/100 g fresh weight	240288.0	999999.0	Kaempferol 3-O-rhamnosyl-rhamnosyl-glucoside	Kaempferol 3-O-rhamnosyl-rhamnosyl-glucoside	kaempferol 3-o-rhamnosyl-rhamnosyl-glucoside	kaempferol 3-o-rhamnosyl-rhamnosyl-glucoside	kaempferol 3-o-rhamnosyl-rhamnosyl-glucoside	kaempferol 3 o rhamnosyl rhamnosyl glucoside
240289	Kaempferol 3-O-rutinoside	mg/100 g fresh weight	240289.0	999999.0	Kaempferol 3-O-rutinoside	Kaempferol 3-O-rutinoside	kaempferol 3-o-rutinoside	kaempferol 3-o-rutinoside	kaempferol 3-o-rutinoside	kaempferol 3 o rutinoside
240290	Kaempferol 3-O-sophoroside	mg/100 g fresh weight	240290.0	999999.0	Kaempferol 3-O-sophoroside	Kaempferol 3-O-sophoroside	kaempferol 3-o-sophoroside	kaempferol 3-o-sophoroside	kaempferol 3-o-sophoroside	kaempferol 3 o sophoroside
240291	Kaempferol 3-O-sophoroside 7-O-glucoside	mg/100 g fresh weight	240291.0	999999.0	Kaempferol 3-O-sophoroside 7-O-glucoside	Kaempferol 3-O-sophoroside 7-O-glucoside	kaempferol 3-o-sophoroside 7-o-glucoside	kaempferol 3-o-sophoroside 7-o-glucoside	kaempferol 3-o-sophoroside 7-o-glucoside	kaempferol 3 o sophoroside 7 o glucoside
240292	Kaempferol 3-O-xylosyl-glucoside	mg/100 g fresh weight	240292.0	999999.0	Kaempferol 3-O-xylosyl-glucoside	Kaempferol 3-O-xylosyl-glucoside	kaempferol 3-o-xylosyl-glucoside	kaempferol 3-o-xylosyl-glucoside	kaempferol 3-o-xylosyl-glucoside	kaempferol 3 o xylosyl glucoside
240293	Kaempferol 3-O-xylosyl-rutinoside	mg/100 g fresh weight	240293.0	999999.0	Kaempferol 3-O-xylosyl-rutinoside	Kaempferol 3-O-xylosyl-rutinoside	kaempferol 3-o-xylosyl-rutinoside	kaempferol 3-o-xylosyl-rutinoside	kaempferol 3-o-xylosyl-rutinoside	kaempferol 3 o xylosyl rutinoside
240294	Kaempferol 7-O-glucoside	mg/100 g fresh weight	240294.0	999999.0	Kaempferol 7-O-glucoside	Kaempferol 7-O-glucoside	kaempferol 7-o-glucoside	kaempferol 7-o-glucoside	kaempferol 7-o-glucoside	kaempferol 7 o glucoside
240295	Lambertianin C	mg/100 g fresh weight	240295.0	999999.0	Lambertianin C	Lambertianin C	lambertianin c	lambertianin c	lambertianin c	lambertianin c
240296	Lariciresinol	mg/100 g fresh weight	240296.0	999999.0	Lariciresinol	Lariciresinol	lariciresinol	lariciresinol	lariciresinol	lariciresinol
240297	Lariciresinol-sesquilignan	mg/100 g fresh weight	240297.0	999999.0	Lariciresinol-sesquilignan	Lariciresinol-sesquilignan	lariciresinol-sesquilignan	lariciresinol-sesquilignan	lariciresinol-sesquilignan	lariciresinol sesquilignan
240298	Ligstroside	mg/100 g fresh weight	240298.0	999999.0	Ligstroside	Ligstroside	ligstroside	ligstroside	ligstroside	ligstroside
240299	Ligstroside-aglycone	mg/100 g fresh weight	240299.0	999999.0	Ligstroside-aglycone	Ligstroside-aglycone	ligstroside-aglycone	ligstroside-aglycone	ligstroside-aglycone	ligstroside aglycone
240300	Luteolin	mg/100 ml	240300.0	999999.0	Luteolin	Luteolin	luteolin	luteolin	luteolin	luteolin
240301	Luteolin 6-C-glucoside	mg/100 g fresh weight	240301.0	999999.0	Luteolin 6-C-glucoside	Luteolin 6-C-glucoside	luteolin 6-c-glucoside	luteolin 6-c-glucoside	luteolin 6-c-glucoside	luteolin 6 c glucoside
240302	Luteolin 7-O-(2-apiosyl-6-malonyl)-glucoside	mg/100 g fresh weight	240302.0	999999.0	Luteolin 7-O-(2-apiosyl-6-malonyl)-glucoside	Luteolin 7-O- (2-apiosyl-6-malonyl) -glucoside	luteolin 7-o-(2-apiosyl-6-malonyl)-glucoside	luteolin 7-o-(2-apiosyl-6-malonyl)-glucoside	luteolin 7-o--glucoside	luteolin 7 o 2 apiosyl 6 malonyl glucoside
240303	Luteolin 7-O-(2-apiosyl-glucoside)	mg/100 g fresh weight	240303.0	999999.0	Luteolin 7-O-(2-apiosyl-glucoside)	Luteolin 7-O- (2-apiosyl-glucoside)	luteolin 7-o-(2-apiosyl-glucoside)	luteolin 7-o-(2-apiosyl-glucoside)	luteolin 7-o-	luteolin 7 o 2 apiosyl glucoside
240304	Luteolin 7-O-diglucuronide	mg/100 ml	240304.0	999999.0	Luteolin 7-O-diglucuronide	Luteolin 7-O-diglucuronide	luteolin 7-o-diglucuronide	luteolin 7-o-diglucuronide	luteolin 7-o-diglucuronide	luteolin 7 o diglucuronide
240305	Luteolin 7-O-glucoside	mg/100 g fresh weight	240305.0	999999.0	Luteolin 7-O-glucoside	Luteolin 7-O-glucoside	luteolin 7-o-glucoside	luteolin 7-o-glucoside	luteolin 7-o-glucoside	luteolin 7 o glucoside
240306	Luteolin 7-O-glucuronide	mg/100 g fresh weight	240306.0	999999.0	Luteolin 7-O-glucuronide	Luteolin 7-O-glucuronide	luteolin 7-o-glucuronide	luteolin 7-o-glucuronide	luteolin 7-o-glucuronide	luteolin 7 o glucuronide
240307	Luteolin 7-O-malonyl-glucoside	mg/100 g fresh weight	240307.0	999999.0	Luteolin 7-O-malonyl-glucoside	Luteolin 7-O-malonyl-glucoside	luteolin 7-o-malonyl-glucoside	luteolin 7-o-malonyl-glucoside	luteolin 7-o-malonyl-glucoside	luteolin 7 o malonyl glucoside
240308	Luteolin 7-O-rutinoside	mg/100 ml	240308.0	999999.0	Luteolin 7-O-rutinoside	Luteolin 7-O-rutinoside	luteolin 7-o-rutinoside	luteolin 7-o-rutinoside	luteolin 7-o-rutinoside	luteolin 7 o rutinoside
240309	Malvidin 3,5-O-diglucoside	mg/100 g fresh weight	240309.0	999999.0	Malvidin 3,5-O-diglucoside	Malvidin 3, 5-O-diglucoside	malvidin 3, 5-o-diglucoside	malvidin 3 5-o-diglucoside	malvidin 3, 5-o-diglucoside	malvidin 3 5 o diglucoside
240310	Malvidin 3-O-(6''-acetyl-galactoside)	mg/100 g fresh weight	240310.0	999999.0	Malvidin 3-O-(6''-acetyl-galactoside)	Malvidin 3-O- (6''-acetyl-galactoside)	malvidin 3-o-(6''-acetyl-galactoside)	malvidin 3-o-(6''-acetyl-galactoside)	malvidin 3-o-	malvidin 3 o 6 acetyl galactoside
240311	Malvidin 3-O-(6''-acetyl-glucoside)	mg/100 ml	240311.0	999999.0	Malvidin 3-O-(6''-acetyl-glucoside)	Malvidin 3-O- (6''-acetyl-glucoside)	malvidin 3-o-(6''-acetyl-glucoside)	malvidin 3-o-(6''-acetyl-glucoside)	malvidin 3-o-	malvidin 3 o 6 acetyl glucoside
240312	Malvidin 3-O-(6''-caffeoyl-glucoside)	mg/100 ml	240312.0	999999.0	Malvidin 3-O-(6''-caffeoyl-glucoside)	Malvidin 3-O- (6''-caffeoyl-glucoside)	malvidin 3-o-(6''-caffeoyl-glucoside)	malvidin 3-o-(6''-caffeoyl-glucoside)	malvidin 3-o-	malvidin 3 o 6 caffeoyl glucoside
240313	Malvidin 3-O-(6''-p-coumaroyl-glucoside)	mg/100 ml	240313.0	999999.0	Malvidin 3-O-(6''-p-coumaroyl-glucoside)	Malvidin 3-O- (6''-p-coumaroyl-glucoside)	malvidin 3-o-(6''-p-coumaroyl-glucoside)	malvidin 3-o-(6''-p-coumaroyl-glucoside)	malvidin 3-o-	malvidin 3 o 6 p coumaroyl glucoside
240314	Malvidin 3-O-arabinoside	mg/100 g fresh weight	240314.0	999999.0	Malvidin 3-O-arabinoside	Malvidin 3-O-arabinoside	malvidin 3-o-arabinoside	malvidin 3-o-arabinoside	malvidin 3-o-arabinoside	malvidin 3 o arabinoside
240315	Malvidin 3-O-galactoside	mg/100 g fresh weight	240315.0	999999.0	Malvidin 3-O-galactoside	Malvidin 3-O-galactoside	malvidin 3-o-galactoside	malvidin 3-o-galactoside	malvidin 3-o-galactoside	malvidin 3 o galactoside
240316	Malvidin 3-O-glucoside	mg/100 ml	240316.0	999999.0	Malvidin 3-O-glucoside	Malvidin 3-O-glucoside	malvidin 3-o-glucoside	malvidin 3-o-glucoside	malvidin 3-o-glucoside	malvidin 3 o glucoside
240317	Matairesinol	mg/100 g fresh weight	240317.0	999999.0	Matairesinol	Matairesinol	matairesinol	matairesinol	matairesinol	matairesinol
240318	Medioresinol	mg/100 g fresh weight	240318.0	999999.0	Medioresinol	Medioresinol	medioresinol	medioresinol	medioresinol	medioresinol
240319	Mellein	mg/100 g fresh weight	240319.0	999999.0	Mellein	Mellein	mellein	mellein	mellein	mellein
240320	Methoxyphenylacetic acid	mg/100 g fresh weight	240320.0	999999.0	Methoxyphenylacetic acid	Methoxyphenylacetic acid	methoxyphenylacetic acid	methoxyphenylacetic acid	methoxyphenylacetic acid	methoxyphenylacetic acid
240321	Methylgalangin	mg/100 g fresh weight	240321.0	999999.0	Methylgalangin	Methylgalangin	methylgalangin	methylgalangin	methylgalangin	methylgalangin
240322	Morin	mg/100 g fresh weight	240322.0	999999.0	Morin	Morin	morin	morin	morin	morin
240323	Myricetin	mg/100 ml	240323.0	999999.0	Myricetin	Myricetin	myricetin	myricetin	myricetin	myricetin
240324	Myricetin 3-O-arabinoside	mg/100 g fresh weight	240324.0	999999.0	Myricetin 3-O-arabinoside	Myricetin 3-O-arabinoside	myricetin 3-o-arabinoside	myricetin 3-o-arabinoside	myricetin 3-o-arabinoside	myricetin 3 o arabinoside
240325	Myricetin 3-O-galactoside	mg/100 ml	240325.0	999999.0	Myricetin 3-O-galactoside	Myricetin 3-O-galactoside	myricetin 3-o-galactoside	myricetin 3-o-galactoside	myricetin 3-o-galactoside	myricetin 3 o galactoside
240326	Myricetin 3-O-glucoside	mg/100 g fresh weight	240326.0	999999.0	Myricetin 3-O-glucoside	Myricetin 3-O-glucoside	myricetin 3-o-glucoside	myricetin 3-o-glucoside	myricetin 3-o-glucoside	myricetin 3 o glucoside
240327	Myricetin 3-O-rhamnoside	mg/100 g fresh weight	240327.0	999999.0	Myricetin 3-O-rhamnoside	Myricetin 3-O-rhamnoside	myricetin 3-o-rhamnoside	myricetin 3-o-rhamnoside	myricetin 3-o-rhamnoside	myricetin 3 o rhamnoside
240328	Myricetin 3-O-rutinoside	mg/100 g fresh weight	240328.0	999999.0	Myricetin 3-O-rutinoside	Myricetin 3-O-rutinoside	myricetin 3-o-rutinoside	myricetin 3-o-rutinoside	myricetin 3-o-rutinoside	myricetin 3 o rutinoside
240329	Naringenin	mg/100 ml	240329.0	999999.0	Naringenin	Naringenin	naringenin	naringenin	naringenin	naringenin
240330	Naringenin 7-O-glucoside	mg/100 g fresh weight	240330.0	999999.0	Naringenin 7-O-glucoside	Naringenin 7-O-glucoside	naringenin 7-o-glucoside	naringenin 7-o-glucoside	naringenin 7-o-glucoside	naringenin 7 o glucoside
240331	Naringin	mg/100 ml	240331.0	999999.0	Naringin	Naringin	naringin	naringin	naringin	naringin
240332	Naringin 4'-O-glucoside	mg/100 ml	240332.0	999999.0	Naringin 4'-O-glucoside	Naringin 4'-O-glucoside	naringin 4'-o-glucoside	naringin 4'-o-glucoside	naringin 4'-o-glucoside	naringin 4 o glucoside
240333	Naringin 6'-malonate	mg/100 ml	240333.0	999999.0	Naringin 6'-malonate	Naringin 6'-malonate	naringin 6'-malonate	naringin 6'-malonate	naringin 6'-malonate	naringin 6 malonate
240334	Narirutin	mg/100 ml	240334.0	999999.0	Narirutin	Narirutin	narirutin	narirutin	narirutin	narirutin
240335	Narirutin 4'-O-glucoside	mg/100 ml	240335.0	999999.0	Narirutin 4'-O-glucoside	Narirutin 4'-O-glucoside	narirutin 4'-o-glucoside	narirutin 4'-o-glucoside	narirutin 4'-o-glucoside	narirutin 4 o glucoside
240336	Neodiosmin	mg/100 ml	240336.0	999999.0	Neodiosmin	Neodiosmin	neodiosmin	neodiosmin	neodiosmin	neodiosmin
240337	Neoeriocitrin	mg/100 ml	240337.0	999999.0	Neoeriocitrin	Neoeriocitrin	neoeriocitrin	neoeriocitrin	neoeriocitrin	neoeriocitrin
240338	Neohesperidin	mg/100 ml	240338.0	999999.0	Neohesperidin	Neohesperidin	neohesperidin	neohesperidin	neohesperidin	neohesperidin
240339	Nepetin	mg/100 g fresh weight	240339.0	999999.0	Nepetin	Nepetin	nepetin	nepetin	nepetin	nepetin
240340	Nobiletin	mg/100 ml	240340.0	999999.0	Nobiletin	Nobiletin	nobiletin	nobiletin	nobiletin	nobiletin
240341	Nortrachelogenin	mg/100 g fresh weight	240341.0	999999.0	Nortrachelogenin	Nortrachelogenin	nortrachelogenin	nortrachelogenin	nortrachelogenin	nortrachelogenin
240342	Oleoside 11-methylester	mg/100 g fresh weight	240342.0	999999.0	Oleoside 11-methylester	Oleoside 11-methylester	oleoside 11-methylester	oleoside 11-methylester	oleoside 11-methylester	oleoside 11 methylester
240343	Oleoside dimethylester	mg/100 g fresh weight	240343.0	999999.0	Oleoside dimethylester	Oleoside dimethylester	oleoside dimethylester	oleoside dimethylester	oleoside dimethylester	oleoside dimethylester
240344	Oleuropein	mg/100 g fresh weight	240344.0	999999.0	Oleuropein	Oleuropein	oleuropein	oleuropein	oleuropein	oleuropein
240345	Oleuropein-aglycone	mg/100 g fresh weight	240345.0	999999.0	Oleuropein-aglycone	Oleuropein-aglycone	oleuropein-aglycone	oleuropein-aglycone	oleuropein-aglycone	oleuropein aglycone
240346	Pallidol	mg/100 ml	240346.0	999999.0	Pallidol	Pallidol	pallidol	pallidol	pallidol	pallidol
240347	Patuletin 3-O-(2''-feruloylglucosyl)(1->6)-[apiosyl(1->2)]-glucoside	mg/100 g fresh weight	240347.0	999999.0	Patuletin 3-O-(2''-feruloylglucosyl)(1->6)-[apiosyl(1->2)]-glucoside	Patuletin 3-O- (2''-feruloylglucosyl) (1->6) -[apiosyl (1->2) ]-glucoside	patuletin 3-o-(2''-feruloylglucosyl) (1->6)-[apiosyl (1->2) ]-glucoside	patuletin 3-o-(2''-feruloylglucosyl) (1->6)-[apiosyl (1->2) ]-glucoside	patuletin 3-o--[apiosyl ]-glucoside	patuletin 3 o 2 feruloylglucosyl 1 6 apiosyl 1 2 glucoside
240348	Patuletin 3-O-glucosyl-(1->6)-[apiosyl(1->2)]-glucoside	mg/100 g fresh weight	240348.0	999999.0	Patuletin 3-O-glucosyl-(1->6)-[apiosyl(1->2)]-glucoside	Patuletin 3-O-glucosyl- (1->6) -[apiosyl (1->2) ]-glucoside	patuletin 3-o-glucosyl-(1->6)-[apiosyl (1->2) ]-glucoside	patuletin 3-o-glucosyl-(1->6)-[apiosyl (1->2) ]-glucoside	patuletin 3-o-glucosyl--[apiosyl ]-glucoside	patuletin 3 o glucosyl 1 6 apiosyl 1 2 glucoside
240349	Pebrellin	mg/100 g fresh weight	240349.0	999999.0	Pebrellin	Pebrellin	pebrellin	pebrellin	pebrellin	pebrellin
240350	Pelargonidin	mg/100 g fresh weight	240350.0	999999.0	Pelargonidin	Pelargonidin	pelargonidin	pelargonidin	pelargonidin	pelargonidin
240351	Pelargonidin 3,5-O-diglucoside	mg/100 ml	240351.0	999999.0	Pelargonidin 3,5-O-diglucoside	Pelargonidin 3, 5-O-diglucoside	pelargonidin 3, 5-o-diglucoside	pelargonidin 3 5-o-diglucoside	pelargonidin 3, 5-o-diglucoside	pelargonidin 3 5 o diglucoside
240352	Pelargonidin 3-O-(6''-malonyl-glucoside)	mg/100 g fresh weight	240352.0	999999.0	Pelargonidin 3-O-(6''-malonyl-glucoside)	Pelargonidin 3-O- (6''-malonyl-glucoside)	pelargonidin 3-o-(6''-malonyl-glucoside)	pelargonidin 3-o-(6''-malonyl-glucoside)	pelargonidin 3-o-	pelargonidin 3 o 6 malonyl glucoside
240353	Pelargonidin 3-O-(6''-succinyl-glucoside)	mg/100 g fresh weight	240353.0	999999.0	Pelargonidin 3-O-(6''-succinyl-glucoside)	Pelargonidin 3-O- (6''-succinyl-glucoside)	pelargonidin 3-o-(6''-succinyl-glucoside)	pelargonidin 3-o-(6''-succinyl-glucoside)	pelargonidin 3-o-	pelargonidin 3 o 6 succinyl glucoside
240354	Pelargonidin 3-O-arabinoside	mg/100 g fresh weight	240354.0	999999.0	Pelargonidin 3-O-arabinoside	Pelargonidin 3-O-arabinoside	pelargonidin 3-o-arabinoside	pelargonidin 3-o-arabinoside	pelargonidin 3-o-arabinoside	pelargonidin 3 o arabinoside
240355	Pelargonidin 3-O-galactoside	mg/100 g fresh weight	240355.0	999999.0	Pelargonidin 3-O-galactoside	Pelargonidin 3-O-galactoside	pelargonidin 3-o-galactoside	pelargonidin 3-o-galactoside	pelargonidin 3-o-galactoside	pelargonidin 3 o galactoside
240356	Pelargonidin 3-O-glucoside	mg/100 g fresh weight	240356.0	999999.0	Pelargonidin 3-O-glucoside	Pelargonidin 3-O-glucoside	pelargonidin 3-o-glucoside	pelargonidin 3-o-glucoside	pelargonidin 3-o-glucoside	pelargonidin 3 o glucoside
240357	Pelargonidin 3-O-glucosyl-rutinoside	mg/100 g fresh weight	240357.0	999999.0	Pelargonidin 3-O-glucosyl-rutinoside	Pelargonidin 3-O-glucosyl-rutinoside	pelargonidin 3-o-glucosyl-rutinoside	pelargonidin 3-o-glucosyl-rutinoside	pelargonidin 3-o-glucosyl-rutinoside	pelargonidin 3 o glucosyl rutinoside
240358	Pelargonidin 3-O-rutinoside	mg/100 g fresh weight	240358.0	999999.0	Pelargonidin 3-O-rutinoside	Pelargonidin 3-O-rutinoside	pelargonidin 3-o-rutinoside	pelargonidin 3-o-rutinoside	pelargonidin 3-o-rutinoside	pelargonidin 3 o rutinoside
240359	Pelargonidin 3-O-sambubioside	mg/100 g fresh weight	240359.0	999999.0	Pelargonidin 3-O-sambubioside	Pelargonidin 3-O-sambubioside	pelargonidin 3-o-sambubioside	pelargonidin 3-o-sambubioside	pelargonidin 3-o-sambubioside	pelargonidin 3 o sambubioside
240360	Pelargonidin 3-O-sophoroside	mg/100 g fresh weight	240360.0	999999.0	Pelargonidin 3-O-sophoroside	Pelargonidin 3-O-sophoroside	pelargonidin 3-o-sophoroside	pelargonidin 3-o-sophoroside	pelargonidin 3-o-sophoroside	pelargonidin 3 o sophoroside
240361	Peonidin	mg/100 g fresh weight	240361.0	999999.0	Peonidin	Peonidin	peonidin	peonidin	peonidin	peonidin
240362	Peonidin 3-O-(6''-acetyl-galactoside)	mg/100 g fresh weight	240362.0	999999.0	Peonidin 3-O-(6''-acetyl-galactoside)	Peonidin 3-O- (6''-acetyl-galactoside)	peonidin 3-o-(6''-acetyl-galactoside)	peonidin 3-o-(6''-acetyl-galactoside)	peonidin 3-o-	peonidin 3 o 6 acetyl galactoside
240363	Peonidin 3-O-(6''-acetyl-glucoside)	mg/100 ml	240363.0	999999.0	Peonidin 3-O-(6''-acetyl-glucoside)	Peonidin 3-O- (6''-acetyl-glucoside)	peonidin 3-o-(6''-acetyl-glucoside)	peonidin 3-o-(6''-acetyl-glucoside)	peonidin 3-o-	peonidin 3 o 6 acetyl glucoside
240364	Peonidin 3-O-(6''-p-coumaroyl-glucoside)	mg/100 ml	240364.0	999999.0	Peonidin 3-O-(6''-p-coumaroyl-glucoside)	Peonidin 3-O- (6''-p-coumaroyl-glucoside)	peonidin 3-o-(6''-p-coumaroyl-glucoside)	peonidin 3-o-(6''-p-coumaroyl-glucoside)	peonidin 3-o-	peonidin 3 o 6 p coumaroyl glucoside
240365	Peonidin 3-O-arabinoside	mg/100 g fresh weight	240365.0	999999.0	Peonidin 3-O-arabinoside	Peonidin 3-O-arabinoside	peonidin 3-o-arabinoside	peonidin 3-o-arabinoside	peonidin 3-o-arabinoside	peonidin 3 o arabinoside
240366	Peonidin 3-O-galactoside	mg/100 g fresh weight	240366.0	999999.0	Peonidin 3-O-galactoside	Peonidin 3-O-galactoside	peonidin 3-o-galactoside	peonidin 3-o-galactoside	peonidin 3-o-galactoside	peonidin 3 o galactoside
240367	Peonidin 3-O-glucoside	mg/100 ml	240367.0	999999.0	Peonidin 3-O-glucoside	Peonidin 3-O-glucoside	peonidin 3-o-glucoside	peonidin 3-o-glucoside	peonidin 3-o-glucoside	peonidin 3 o glucoside
240368	Peonidin 3-O-rutinoside	mg/100 g fresh weight	240368.0	999999.0	Peonidin 3-O-rutinoside	Peonidin 3-O-rutinoside	peonidin 3-o-rutinoside	peonidin 3-o-rutinoside	peonidin 3-o-rutinoside	peonidin 3 o rutinoside
240369	Petunidin 3,5-O-diglucoside	mg/100 g fresh weight	240369.0	999999.0	Petunidin 3,5-O-diglucoside	Petunidin 3, 5-O-diglucoside	petunidin 3, 5-o-diglucoside	petunidin 3 5-o-diglucoside	petunidin 3, 5-o-diglucoside	petunidin 3 5 o diglucoside
240370	Petunidin 3-O-(6''-acetyl-galactoside)	mg/100 g fresh weight	240370.0	999999.0	Petunidin 3-O-(6''-acetyl-galactoside)	Petunidin 3-O- (6''-acetyl-galactoside)	petunidin 3-o-(6''-acetyl-galactoside)	petunidin 3-o-(6''-acetyl-galactoside)	petunidin 3-o-	petunidin 3 o 6 acetyl galactoside
240371	Petunidin 3-O-(6''-acetyl-glucoside)	mg/100 ml	240371.0	999999.0	Petunidin 3-O-(6''-acetyl-glucoside)	Petunidin 3-O- (6''-acetyl-glucoside)	petunidin 3-o-(6''-acetyl-glucoside)	petunidin 3-o-(6''-acetyl-glucoside)	petunidin 3-o-	petunidin 3 o 6 acetyl glucoside
240372	Petunidin 3-O-(6''-p-coumaroyl-glucoside)	mg/100 ml	240372.0	999999.0	Petunidin 3-O-(6''-p-coumaroyl-glucoside)	Petunidin 3-O- (6''-p-coumaroyl-glucoside)	petunidin 3-o-(6''-p-coumaroyl-glucoside)	petunidin 3-o-(6''-p-coumaroyl-glucoside)	petunidin 3-o-	petunidin 3 o 6 p coumaroyl glucoside
240373	Petunidin 3-O-arabinoside	mg/100 g fresh weight	240373.0	999999.0	Petunidin 3-O-arabinoside	Petunidin 3-O-arabinoside	petunidin 3-o-arabinoside	petunidin 3-o-arabinoside	petunidin 3-o-arabinoside	petunidin 3 o arabinoside
240374	Petunidin 3-O-galactoside	mg/100 g fresh weight	240374.0	999999.0	Petunidin 3-O-galactoside	Petunidin 3-O-galactoside	petunidin 3-o-galactoside	petunidin 3-o-galactoside	petunidin 3-o-galactoside	petunidin 3 o galactoside
240375	Petunidin 3-O-glucoside	mg/100 ml	240375.0	999999.0	Petunidin 3-O-glucoside	Petunidin 3-O-glucoside	petunidin 3-o-glucoside	petunidin 3-o-glucoside	petunidin 3-o-glucoside	petunidin 3 o glucoside
240376	Petunidin 3-O-rhamnoside	mg/100 g fresh weight	240376.0	999999.0	Petunidin 3-O-rhamnoside	Petunidin 3-O-rhamnoside	petunidin 3-o-rhamnoside	petunidin 3-o-rhamnoside	petunidin 3-o-rhamnoside	petunidin 3 o rhamnoside
240377	Petunidin 3-O-rutinoside	mg/100 g fresh weight	240377.0	999999.0	Petunidin 3-O-rutinoside	Petunidin 3-O-rutinoside	petunidin 3-o-rutinoside	petunidin 3-o-rutinoside	petunidin 3-o-rutinoside	petunidin 3 o rutinoside
240378	Phenol	mg/100 g fresh weight	240378.0	999999.0	Phenol	Phenol	phenol	phenol	phenol	phenol
240379	Phloretin	mg/100 g fresh weight	240379.0	999999.0	Phloretin	Phloretin	phloretin	phloretin	phloretin	phloretin
240380	Phloretin 2'-O-xylosyl-glucoside	mg/100 g fresh weight	240380.0	999999.0	Phloretin 2'-O-xylosyl-glucoside	Phloretin 2'-O-xylosyl-glucoside	phloretin 2'-o-xylosyl-glucoside	phloretin 2'-o-xylosyl-glucoside	phloretin 2'-o-xylosyl-glucoside	phloretin 2 o xylosyl glucoside
240381	Phloridzin	mg/100 g fresh weight	240381.0	999999.0	Phloridzin	Phloridzin	phloridzin	phloridzin	phloridzin	phloridzin
240382	Phlorin	mg/100 ml	240382.0	999999.0	Phlorin	Phlorin	phlorin	phlorin	phlorin	phlorin
240383	Piceatannol	mg/100 ml	240383.0	999999.0	Piceatannol	Piceatannol	piceatannol	piceatannol	piceatannol	piceatannol
240384	Piceatannol 3-O-glucoside	mg/100 ml	240384.0	999999.0	Piceatannol 3-O-glucoside	Piceatannol 3-O-glucoside	piceatannol 3-o-glucoside	piceatannol 3-o-glucoside	piceatannol 3-o-glucoside	piceatannol 3 o glucoside
240385	Pigment A	mg/100 ml	240385.0	999999.0	Pigment A	Pigment A	pigment a	pigment a	pigment a	pigment a
240386	Pinocembrin	mg/100 g fresh weight	240386.0	999999.0	Pinocembrin	Pinocembrin	pinocembrin	pinocembrin	pinocembrin	pinocembrin
240387	Pinoresinol	mg/100 g fresh weight	240387.0	999999.0	Pinoresinol	Pinoresinol	pinoresinol	pinoresinol	pinoresinol	pinoresinol
240388	Pinosylvin	mg/100 ml	240388.0	999999.0	Pinosylvin	Pinosylvin	pinosylvin	pinosylvin	pinosylvin	pinosylvin
240389	Pinotin A	mg/100 ml	240389.0	999999.0	Pinotin A	Pinotin A	pinotin a	pinotin a	pinotin a	pinotin a
240390	Polymers (>10 mers)	mg/100 ml	240390.0	999999.0	Polymers (>10 mers)	Polymers (>10 mers)	polymers (>10 mers)	polymers (>10 mers)	polymers	polymers 10 mers
240391	Polyphenols, total	mg/100 ml	240391.0	999999.0	Polyphenols, total	Polyphenols,	polyphenols	polyphenols	polyphenols	polyphenols
240392	Poncirin	mg/100 ml	240392.0	999999.0	Poncirin	Poncirin	poncirin	poncirin	poncirin	poncirin
240393	Procyanidin dimer B1	mg/100 ml	240393.0	999999.0	Procyanidin dimer B1	Procyanidin dimer B1	procyanidin dimer b1	procyanidin dimer b1	procyanidin dimer b1	procyanidin dimer b1
240394	Procyanidin dimer B2	mg/100 ml	240394.0	999999.0	Procyanidin dimer B2	Procyanidin dimer B2	procyanidin dimer b2	procyanidin dimer b2	procyanidin dimer b2	procyanidin dimer b2
240395	Procyanidin dimer B3	mg/100 ml	240395.0	999999.0	Procyanidin dimer B3	Procyanidin dimer B3	procyanidin dimer b3	procyanidin dimer b3	procyanidin dimer b3	procyanidin dimer b3
240396	Procyanidin dimer B4	mg/100 ml	240396.0	999999.0	Procyanidin dimer B4	Procyanidin dimer B4	procyanidin dimer b4	procyanidin dimer b4	procyanidin dimer b4	procyanidin dimer b4
240397	Procyanidin dimer B5	mg/100 ml	240397.0	999999.0	Procyanidin dimer B5	Procyanidin dimer B5	procyanidin dimer b5	procyanidin dimer b5	procyanidin dimer b5	procyanidin dimer b5
240398	Procyanidin dimer B7	mg/100 ml	240398.0	999999.0	Procyanidin dimer B7	Procyanidin dimer B7	procyanidin dimer b7	procyanidin dimer b7	procyanidin dimer b7	procyanidin dimer b7
240399	Procyanidin trimer C1	mg/100 ml	240399.0	999999.0	Procyanidin trimer C1	Procyanidin trimer C1	procyanidin trimer c1	procyanidin trimer c1	procyanidin trimer c1	procyanidin trimer c1
240400	Procyanidin trimer C2	mg/100 ml	240400.0	999999.0	Procyanidin trimer C2	Procyanidin trimer C2	procyanidin trimer c2	procyanidin trimer c2	procyanidin trimer c2	procyanidin trimer c2
240401	Procyanidin trimer EEC	mg/100 ml	240401.0	999999.0	Procyanidin trimer EEC	Procyanidin trimer EEC	procyanidin trimer eec	procyanidin trimer eec	procyanidin trimer eec	procyanidin trimer eec
240402	Procyanidin trimer T2	mg/100 ml	240402.0	999999.0	Procyanidin trimer T2	Procyanidin trimer T2	procyanidin trimer t2	procyanidin trimer t2	procyanidin trimer t2	procyanidin trimer t2
240403	Prodelphinidin dimer B3	mg/100 ml	240403.0	999999.0	Prodelphinidin dimer B3	Prodelphinidin dimer B3	prodelphinidin dimer b3	prodelphinidin dimer b3	prodelphinidin dimer b3	prodelphinidin dimer b3
240404	Prodelphinidin trimer C-GC-C	mg/100 ml	240404.0	999999.0	Prodelphinidin trimer C-GC-C	Prodelphinidin trimer C-GC-C	prodelphinidin trimer c-gc-c	prodelphinidin trimer c-gc-c	prodelphinidin trimer c-gc-c	prodelphinidin trimer c gc c
240405	Prodelphinidin trimer GC-C-C	mg/100 ml	240405.0	999999.0	Prodelphinidin trimer GC-C-C	Prodelphinidin trimer GC-C-C	prodelphinidin trimer gc-c-c	prodelphinidin trimer gc-c-c	prodelphinidin trimer gc-c-c	prodelphinidin trimer gc c c
240406	Prodelphinidin trimer GC-GC-C	mg/100 ml	240406.0	999999.0	Prodelphinidin trimer GC-GC-C	Prodelphinidin trimer GC-GC-C	prodelphinidin trimer gc-gc-c	prodelphinidin trimer gc-gc-c	prodelphinidin trimer gc-gc-c	prodelphinidin trimer gc gc c
240407	Protocatechuic acid	mg/100 ml	240407.0	999999.0	Protocatechuic acid	Protocatechuic acid	protocatechuic acid	protocatechuic acid	protocatechuic acid	protocatechuic acid
240408	Protocatechuic acid 4-O-glucoside	mg/100 g fresh weight	240408.0	999999.0	Protocatechuic acid 4-O-glucoside	Protocatechuic acid 4-O-glucoside	protocatechuic acid 4-o-glucoside	protocatechuic acid 4-o-glucoside	protocatechuic acid 4-o-glucoside	protocatechuic acid 4 o glucoside
240409	Protocatechuic aldehyde	mg/100 ml	240409.0	999999.0	Protocatechuic aldehyde	Protocatechuic aldehyde	protocatechuic aldehyde	protocatechuic aldehyde	protocatechuic aldehyde	protocatechuic aldehyde
240410	Psoralen	mg/100 g fresh weight	240410.0	999999.0	Psoralen	Psoralen	psoralen	psoralen	psoralen	psoralen
240411	Pterostilbene	mg/100 ml	240411.0	999999.0	Pterostilbene	Pterostilbene	pterostilbene	pterostilbene	pterostilbene	pterostilbene
240412	Punicalagin	mg/100 ml	240412.0	999999.0	Punicalagin	Punicalagin	punicalagin	punicalagin	punicalagin	punicalagin
240413	Pyrogallol	mg/100 ml	240413.0	999999.0	Pyrogallol	Pyrogallol	pyrogallol	pyrogallol	pyrogallol	pyrogallol
240414	Quercetin	mg/100 ml	240414.0	999999.0	Quercetin	Quercetin	quercetin	quercetin	quercetin	quercetin
240415	Quercetin 3,4'-O-diglucoside	mg/100 g fresh weight	240415.0	999999.0	Quercetin 3,4'-O-diglucoside	Quercetin 3, 4'-O-diglucoside	quercetin 3, 4'-o-diglucoside	quercetin 3 4'-o-diglucoside	quercetin 3, 4'-o-diglucoside	quercetin 3 4 o diglucoside
240416	"Quercetin 3-O-(6""-malonyl-glucoside)"	mg/100 g fresh weight	240416.0	999999.0	"Quercetin 3-O-(6""-malonyl-glucoside)"	"Quercetin 3-O- (6""-malonyl-glucoside)"	"quercetin 3-o-(6""-malonyl-glucoside)"	"quercetin 3-o-(6""-malonyl-glucoside)"	quercetin 3-o-	quercetin 3 o 6 malonyl glucoside
240417	"Quercetin 3-O-(6""-malonyl-glucoside) 7-O-glucoside"	mg/100 g fresh weight	240417.0	999999.0	"Quercetin 3-O-(6""-malonyl-glucoside) 7-O-glucoside"	"Quercetin 3-O- (6""-malonyl-glucoside) 7-O-glucoside"	"quercetin 3-o-(6""-malonyl-glucoside) 7-o-glucoside"	"quercetin 3-o-(6""-malonyl-glucoside) 7-o-glucoside"	quercetin 3-o-7-o-glucoside	quercetin 3 o 6 malonyl glucoside 7 o glucoside
240418	Quercetin 3-O-(6''-acetyl-galactoside) 7-O-rhamnoside	mg/100 g fresh weight	240418.0	999999.0	Quercetin 3-O-(6''-acetyl-galactoside) 7-O-rhamnoside	Quercetin 3-O- (6''-acetyl-galactoside) 7-O-rhamnoside	quercetin 3-o-(6''-acetyl-galactoside) 7-o-rhamnoside	quercetin 3-o-(6''-acetyl-galactoside) 7-o-rhamnoside	quercetin 3-o-7-o-rhamnoside	quercetin 3 o 6 acetyl galactoside 7 o rhamnoside
240419	Quercetin 3-O-acetyl-rhamnoside	mg/100 g fresh weight	240419.0	999999.0	Quercetin 3-O-acetyl-rhamnoside	Quercetin 3-O-acetyl-rhamnoside	quercetin 3-o-acetyl-rhamnoside	quercetin 3-o-acetyl-rhamnoside	quercetin 3-o-acetyl-rhamnoside	quercetin 3 o acetyl rhamnoside
240420	Quercetin 3-O-arabinoside	mg/100 ml	240420.0	999999.0	Quercetin 3-O-arabinoside	Quercetin 3-O-arabinoside	quercetin 3-o-arabinoside	quercetin 3-o-arabinoside	quercetin 3-o-arabinoside	quercetin 3 o arabinoside
240421	Quercetin 3-O-galactoside	mg/100 g fresh weight	240421.0	999999.0	Quercetin 3-O-galactoside	Quercetin 3-O-galactoside	quercetin 3-o-galactoside	quercetin 3-o-galactoside	quercetin 3-o-galactoside	quercetin 3 o galactoside
240422	Quercetin 3-O-galactoside 7-O-rhamnoside	mg/100 g fresh weight	240422.0	999999.0	Quercetin 3-O-galactoside 7-O-rhamnoside	Quercetin 3-O-galactoside 7-O-rhamnoside	quercetin 3-o-galactoside 7-o-rhamnoside	quercetin 3-o-galactoside 7-o-rhamnoside	quercetin 3-o-galactoside 7-o-rhamnoside	quercetin 3 o galactoside 7 o rhamnoside
240423	Quercetin 3-O-glucoside	mg/100 ml	240423.0	999999.0	Quercetin 3-O-glucoside	Quercetin 3-O-glucoside	quercetin 3-o-glucoside	quercetin 3-o-glucoside	quercetin 3-o-glucoside	quercetin 3 o glucoside
240424	Quercetin 3-O-glucosyl-rhamnosyl-galactoside	mg/100 ml	240424.0	999999.0	Quercetin 3-O-glucosyl-rhamnosyl-galactoside	Quercetin 3-O-glucosyl-rhamnosyl-galactoside	quercetin 3-o-glucosyl-rhamnosyl-galactoside	quercetin 3-o-glucosyl-rhamnosyl-galactoside	quercetin 3-o-glucosyl-rhamnosyl-galactoside	quercetin 3 o glucosyl rhamnosyl galactoside
240425	Quercetin 3-O-glucosyl-rhamnosyl-glucoside	mg/100 ml	240425.0	999999.0	Quercetin 3-O-glucosyl-rhamnosyl-glucoside	Quercetin 3-O-glucosyl-rhamnosyl-glucoside	quercetin 3-o-glucosyl-rhamnosyl-glucoside	quercetin 3-o-glucosyl-rhamnosyl-glucoside	quercetin 3-o-glucosyl-rhamnosyl-glucoside	quercetin 3 o glucosyl rhamnosyl glucoside
240426	Quercetin 3-O-glucosyl-xyloside	mg/100 g fresh weight	240426.0	999999.0	Quercetin 3-O-glucosyl-xyloside	Quercetin 3-O-glucosyl-xyloside	quercetin 3-o-glucosyl-xyloside	quercetin 3-o-glucosyl-xyloside	quercetin 3-o-glucosyl-xyloside	quercetin 3 o glucosyl xyloside
240427	Quercetin 3-O-glucuronide	mg/100 g fresh weight	240427.0	999999.0	Quercetin 3-O-glucuronide	Quercetin 3-O-glucuronide	quercetin 3-o-glucuronide	quercetin 3-o-glucuronide	quercetin 3-o-glucuronide	quercetin 3 o glucuronide
240428	Quercetin 3-O-rhamnoside	mg/100 ml	240428.0	999999.0	Quercetin 3-O-rhamnoside	Quercetin 3-O-rhamnoside	quercetin 3-o-rhamnoside	quercetin 3-o-rhamnoside	quercetin 3-o-rhamnoside	quercetin 3 o rhamnoside
240429	Quercetin 3-O-rhamnosyl-galactoside	mg/100 ml	240429.0	999999.0	Quercetin 3-O-rhamnosyl-galactoside	Quercetin 3-O-rhamnosyl-galactoside	quercetin 3-o-rhamnosyl-galactoside	quercetin 3-o-rhamnosyl-galactoside	quercetin 3-o-rhamnosyl-galactoside	quercetin 3 o rhamnosyl galactoside
240430	Quercetin 3-O-rhamnosyl-rhamnosyl-glucoside	mg/100 g fresh weight	240430.0	999999.0	Quercetin 3-O-rhamnosyl-rhamnosyl-glucoside	Quercetin 3-O-rhamnosyl-rhamnosyl-glucoside	quercetin 3-o-rhamnosyl-rhamnosyl-glucoside	quercetin 3-o-rhamnosyl-rhamnosyl-glucoside	quercetin 3-o-rhamnosyl-rhamnosyl-glucoside	quercetin 3 o rhamnosyl rhamnosyl glucoside
240431	Quercetin 3-O-rutinoside	mg/100 ml	240431.0	999999.0	Quercetin 3-O-rutinoside	Quercetin 3-O-rutinoside	quercetin 3-o-rutinoside	quercetin 3-o-rutinoside	quercetin 3-o-rutinoside	quercetin 3 o rutinoside
240432	Quercetin 3-O-sophoroside	mg/100 ml	240432.0	999999.0	Quercetin 3-O-sophoroside	Quercetin 3-O-sophoroside	quercetin 3-o-sophoroside	quercetin 3-o-sophoroside	quercetin 3-o-sophoroside	quercetin 3 o sophoroside
240433	Quercetin 3-O-xyloside	mg/100 g fresh weight	240433.0	999999.0	Quercetin 3-O-xyloside	Quercetin 3-O-xyloside	quercetin 3-o-xyloside	quercetin 3-o-xyloside	quercetin 3-o-xyloside	quercetin 3 o xyloside
240434	Quercetin 3-O-xylosyl-glucuronide	mg/100 g fresh weight	240434.0	999999.0	Quercetin 3-O-xylosyl-glucuronide	Quercetin 3-O-xylosyl-glucuronide	quercetin 3-o-xylosyl-glucuronide	quercetin 3-o-xylosyl-glucuronide	quercetin 3-o-xylosyl-glucuronide	quercetin 3 o xylosyl glucuronide
240435	Quercetin 3-O-xylosyl-rutinoside	mg/100 g fresh weight	240435.0	999999.0	Quercetin 3-O-xylosyl-rutinoside	Quercetin 3-O-xylosyl-rutinoside	quercetin 3-o-xylosyl-rutinoside	quercetin 3-o-xylosyl-rutinoside	quercetin 3-o-xylosyl-rutinoside	quercetin 3 o xylosyl rutinoside
240436	Quercetin 4'-O-glucoside	mg/100 g fresh weight	240436.0	999999.0	Quercetin 4'-O-glucoside	Quercetin 4'-O-glucoside	quercetin 4'-o-glucoside	quercetin 4'-o-glucoside	quercetin 4'-o-glucoside	quercetin 4 o glucoside
240437	Quercetin 7,4'-O-diglucoside	mg/100 g fresh weight	240437.0	999999.0	Quercetin 7,4'-O-diglucoside	Quercetin 7, 4'-O-diglucoside	quercetin 7, 4'-o-diglucoside	quercetin 7 4'-o-diglucoside	quercetin 7, 4'-o-diglucoside	quercetin 7 4 o diglucoside
240438	Resveratrol	mg/100 ml	240438.0	999999.0	Resveratrol	Resveratrol	resveratrol	resveratrol	resveratrol	resveratrol
240439	Resveratrol 3-O-glucoside	mg/100 ml	240439.0	999999.0	Resveratrol 3-O-glucoside	Resveratrol 3-O-glucoside	resveratrol 3-o-glucoside	resveratrol 3-o-glucoside	resveratrol 3-o-glucoside	resveratrol 3 o glucoside
240440	Resveratrol 5-O-glucoside	mg/100 g fresh weight	240440.0	999999.0	Resveratrol 5-O-glucoside	Resveratrol 5-O-glucoside	resveratrol 5-o-glucoside	resveratrol 5-o-glucoside	resveratrol 5-o-glucoside	resveratrol 5 o glucoside
240441	Rhamnetin	mg/100 ml	240441.0	999999.0	Rhamnetin	Rhamnetin	rhamnetin	rhamnetin	rhamnetin	rhamnetin
240442	Rhoifolin	mg/100 ml	240442.0	999999.0	Rhoifolin	Rhoifolin	rhoifolin	rhoifolin	rhoifolin	rhoifolin
240443	Rhoifolin 4'-O-glucoside	mg/100 ml	240443.0	999999.0	Rhoifolin 4'-O-glucoside	Rhoifolin 4'-O-glucoside	rhoifolin 4'-o-glucoside	rhoifolin 4'-o-glucoside	rhoifolin 4'-o-glucoside	rhoifolin 4 o glucoside
240444	Rosmadial	mg/100 g fresh weight	240444.0	999999.0	Rosmadial	Rosmadial	rosmadial	rosmadial	rosmadial	rosmadial
240445	Rosmanol	mg/100 g fresh weight	240445.0	999999.0	Rosmanol	Rosmanol	rosmanol	rosmanol	rosmanol	rosmanol
240446	Rosmarinic acid	mg/100 g fresh weight	240446.0	999999.0	Rosmarinic acid	Rosmarinic acid	rosmarinic acid	rosmarinic acid	rosmarinic acid	rosmarinic acid
240447	Sakuranetin	mg/100 g fresh weight	240447.0	999999.0	Sakuranetin	Sakuranetin	sakuranetin	sakuranetin	sakuranetin	sakuranetin
240448	Sanguiin H-6	mg/100 g fresh weight	240448.0	999999.0	Sanguiin H-6	Sanguiin H-6	sanguiin h-6	sanguiin h-6	sanguiin h-6	sanguiin h 6
240449	Schottenol ferulate	mg/100 g fresh weight	240449.0	999999.0	Schottenol ferulate	Schottenol ferulate	schottenol ferulate	schottenol ferulate	schottenol ferulate	schottenol ferulate
240450	Scopoletin	mg/100 ml	240450.0	999999.0	Scopoletin	Scopoletin	scopoletin	scopoletin	scopoletin	scopoletin
240451	Scutellarein	mg/100 g fresh weight	240451.0	999999.0	Scutellarein	Scutellarein	scutellarein	scutellarein	scutellarein	scutellarein
240452	Secoisolariciresinol	mg/100 g fresh weight	240452.0	999999.0	Secoisolariciresinol	Secoisolariciresinol	secoisolariciresinol	secoisolariciresinol	secoisolariciresinol	secoisolariciresinol
240453	Secoisolariciresinol-sesquilignan	mg/100 g fresh weight	240453.0	999999.0	Secoisolariciresinol-sesquilignan	Secoisolariciresinol-sesquilignan	secoisolariciresinol-sesquilignan	secoisolariciresinol-sesquilignan	secoisolariciresinol-sesquilignan	secoisolariciresinol sesquilignan
240454	Sesamin	mg/100 g fresh weight	240454.0	999999.0	Sesamin	Sesamin	sesamin	sesamin	sesamin	sesamin
240455	Sesaminol	mg/100 g fresh weight	240455.0	999999.0	Sesaminol	Sesaminol	sesaminol	sesaminol	sesaminol	sesaminol
240456	Sesamol	mg/100 g fresh weight	240456.0	999999.0	Sesamol	Sesamol	sesamol	sesamol	sesamol	sesamol
240457	Sesamolin	mg/100 g fresh weight	240457.0	999999.0	Sesamolin	Sesamolin	sesamolin	sesamolin	sesamolin	sesamolin
240458	Sesamolinol	mg/100 g fresh weight	240458.0	999999.0	Sesamolinol	Sesamolinol	sesamolinol	sesamolinol	sesamolinol	sesamolinol
240459	Sinapaldehyde	mg/100 ml	240459.0	999999.0	Sinapaldehyde	Sinapaldehyde	sinapaldehyde	sinapaldehyde	sinapaldehyde	sinapaldehyde
240460	Sinapic acid	mg/100 ml	240460.0	999999.0	Sinapic acid	Sinapic acid	sinapic acid	sinapic acid	sinapic acid	sinapic acid
240461	Sinapine	mg/100 g fresh weight	240461.0	999999.0	Sinapine	Sinapine	sinapine	sinapine	sinapine	sinapine
240462	Sinensetin	mg/100 ml	240462.0	999999.0	Sinensetin	Sinensetin	sinensetin	sinensetin	sinensetin	sinensetin
240463	Sitosterol ferulate	mg/100 g fresh weight	240463.0	999999.0	Sitosterol ferulate	Sitosterol ferulate	sitosterol ferulate	sitosterol ferulate	sitosterol ferulate	sitosterol ferulate
240464	"Spinacetin 3-O-(2""-feruloylglucosyl)(1->6)-[apiosyl(1->2)]-glucoside"	mg/100 g fresh weight	240464.0	999999.0	"Spinacetin 3-O-(2""-feruloylglucosyl)(1->6)-[apiosyl(1->2)]-glucoside"	"Spinacetin 3-O- (2""-feruloylglucosyl) (1->6) -[apiosyl (1->2) ]-glucoside"	"spinacetin 3-o-(2""-feruloylglucosyl) (1->6)-[apiosyl (1->2) ]-glucoside"	"spinacetin 3-o-(2""-feruloylglucosyl) (1->6)-[apiosyl (1->2) ]-glucoside"	spinacetin 3-o--[apiosyl ]-glucoside	spinacetin 3 o 2 feruloylglucosyl 1 6 apiosyl 1 2 glucoside
240465	"Spinacetin 3-O-(2""-p-coumaroylglucosyl)(1->6)-[apiosyl(1->2)]-glucoside"	mg/100 g fresh weight	240465.0	999999.0	"Spinacetin 3-O-(2""-p-coumaroylglucosyl)(1->6)-[apiosyl(1->2)]-glucoside"	"Spinacetin 3-O- (2""-p-coumaroylglucosyl) (1->6) -[apiosyl (1->2) ]-glucoside"	"spinacetin 3-o-(2""-p-coumaroylglucosyl) (1->6)-[apiosyl (1->2) ]-glucoside"	"spinacetin 3-o-(2""-p-coumaroylglucosyl) (1->6)-[apiosyl (1->2) ]-glucoside"	spinacetin 3-o--[apiosyl ]-glucoside	spinacetin 3 o 2 p coumaroylglucosyl 1 6 apiosyl 1 2 glucoside
240466	Spinacetin 3-O-glucosyl-(1->6)-[apiosyl(1->2)]-glucoside	mg/100 g fresh weight	240466.0	999999.0	Spinacetin 3-O-glucosyl-(1->6)-[apiosyl(1->2)]-glucoside	Spinacetin 3-O-glucosyl- (1->6) -[apiosyl (1->2) ]-glucoside	spinacetin 3-o-glucosyl-(1->6)-[apiosyl (1->2) ]-glucoside	spinacetin 3-o-glucosyl-(1->6)-[apiosyl (1->2) ]-glucoside	spinacetin 3-o-glucosyl--[apiosyl ]-glucoside	spinacetin 3 o glucosyl 1 6 apiosyl 1 2 glucoside
240467	Spinacetin 3-O-glucosyl-(1->6)-glucoside	mg/100 g fresh weight	240467.0	999999.0	Spinacetin 3-O-glucosyl-(1->6)-glucoside	Spinacetin 3-O-glucosyl- (1->6) -glucoside	spinacetin 3-o-glucosyl-(1->6)-glucoside	spinacetin 3-o-glucosyl-(1->6)-glucoside	spinacetin 3-o-glucosyl--glucoside	spinacetin 3 o glucosyl 1 6 glucoside
240468	Stigmastanol ferulate	mg/100 g fresh weight	240468.0	999999.0	Stigmastanol ferulate	Stigmastanol ferulate	stigmastanol ferulate	stigmastanol ferulate	stigmastanol ferulate	stigmastanol ferulate
240469	Syringaldehyde	mg/100 ml	240469.0	999999.0	Syringaldehyde	Syringaldehyde	syringaldehyde	syringaldehyde	syringaldehyde	syringaldehyde
240470	Syringaresinol	mg/100 ml	240470.0	999999.0	Syringaresinol	Syringaresinol	syringaresinol	syringaresinol	syringaresinol	syringaresinol
240471	Syringic acid	mg/100 ml	240471.0	999999.0	Syringic acid	Syringic acid	syringic acid	syringic acid	syringic acid	syringic acid
240472	Tangeretin	mg/100 ml	240472.0	999999.0	Tangeretin	Tangeretin	tangeretin	tangeretin	tangeretin	tangeretin
240473	Tetramethylscutellarein	mg/100 ml	240473.0	999999.0	Tetramethylscutellarein	Tetramethylscutellarein	tetramethylscutellarein	tetramethylscutellarein	tetramethylscutellarein	tetramethylscutellarein
240474	Theaflavin	mg/100 ml	240474.0	999999.0	Theaflavin	Theaflavin	theaflavin	theaflavin	theaflavin	theaflavin
240475	Theaflavin 3'-O-gallate	mg/100 ml	240475.0	999999.0	Theaflavin 3'-O-gallate	Theaflavin 3'-O-gallate	theaflavin 3'-o-gallate	theaflavin 3'-o-gallate	theaflavin 3'-o-gallate	theaflavin 3 o gallate
240476	Theaflavin 3,3'-O-digallate	mg/100 ml	240476.0	999999.0	Theaflavin 3,3'-O-digallate	Theaflavin 3, 3'-O-digallate	theaflavin 3, 3'-o-digallate	theaflavin 3 3'-o-digallate	theaflavin 3, 3'-o-digallate	theaflavin 3 3 o digallate
240477	Theaflavin 3-O-gallate	mg/100 ml	240477.0	999999.0	Theaflavin 3-O-gallate	Theaflavin 3-O-gallate	theaflavin 3-o-gallate	theaflavin 3-o-gallate	theaflavin 3-o-gallate	theaflavin 3 o gallate
240478	Thymol	mg/100 g fresh weight	240478.0	999999.0	Thymol	Thymol	thymol	thymol	thymol	thymol
240479	Todolactol A	mg/100 g fresh weight	240479.0	999999.0	Todolactol A	Todolactol A	todolactol a	todolactol a	todolactol a	todolactol a
240480	Trachelogenin	mg/100 ml	240480.0	999999.0	Trachelogenin	Trachelogenin	trachelogenin	trachelogenin	trachelogenin	trachelogenin
240481	Tyrosol	mg/100 ml	240481.0	999999.0	Tyrosol	Tyrosol	tyrosol	tyrosol	tyrosol	tyrosol
240482	Umbelliferone	mg/100 ml	240482.0	999999.0	Umbelliferone	Umbelliferone	umbelliferone	umbelliferone	umbelliferone	umbelliferone
240483	Valoneic acid dilactone	mg/100 g fresh weight	240483.0	999999.0	Valoneic acid dilactone	Valoneic acid dilactone	valoneic acid dilactone	valoneic acid dilactone	valoneic acid dilactone	valoneic acid dilactone
240484	Vanillic acid	mg/100 ml	240484.0	999999.0	Vanillic acid	Vanillic acid	vanillic acid	vanillic acid	vanillic acid	vanillic acid
240485	Vanillin	mg/100 ml	240485.0	999999.0	Vanillin	Vanillin	vanillin	vanillin	vanillin	vanillin
240486	Verbascoside	mg/100 ml	240486.0	999999.0	Verbascoside	Verbascoside	verbascoside	verbascoside	verbascoside	verbascoside
240487	Vitisin A	mg/100 ml	240487.0	999999.0	Vitisin A	Vitisin A	vitisin a	vitisin a	vitisin a	vitisin a
240488	Xanthohumol	mg/100 ml	240488.0	999999.0	Xanthohumol	Xanthohumol	xanthohumol	xanthohumol	xanthohumol	xanthohumol
240489	Xanthotoxin	mg/100 g fresh weight	240489.0	999999.0	Xanthotoxin	Xanthotoxin	xanthotoxin	xanthotoxin	xanthotoxin	xanthotoxin
240490	[6]-Gingerol	mg/100 g fresh weight	240490.0	999999.0	[6]-Gingerol	[6]-Gingerol	[6]-gingerol	[6]-gingerol	[6]-gingerol	6 gingerol
240491	d-Viniferin	mg/100 ml	240491.0	999999.0	d-Viniferin	d-Viniferin	d-viniferin	d-viniferin	d-viniferin	d viniferin
240492	e-Viniferin	mg/100 ml	240492.0	999999.0	e-Viniferin	e-Viniferin	e-viniferin	e-viniferin	e-viniferin	e viniferin
240493	m-Coumaric acid	mg/100 ml	240493.0	999999.0	m-Coumaric acid	m-Coumaric acid	m-coumaric acid	m-coumaric acid	m-coumaric acid	m coumaric acid
240494	o-Coumaric acid	mg/100 ml	240494.0	999999.0	o-Coumaric acid	o-Coumaric acid	o-coumaric acid	o-coumaric acid	o-coumaric acid	o coumaric acid
240495	p-Anisaldehyde	mg/100 ml	240495.0	999999.0	p-Anisaldehyde	p-Anisaldehyde	p-anisaldehyde	p-anisaldehyde	p-anisaldehyde	p anisaldehyde
240496	p-Coumaric acid	mg/100 ml	240496.0	999999.0	p-Coumaric acid	p-Coumaric acid	p-coumaric acid	p-coumaric acid	p-coumaric acid	p coumaric acid
240497	p-Coumaric acid 4-O-glucoside	mg/100 g fresh weight	240497.0	999999.0	p-Coumaric acid 4-O-glucoside	p-Coumaric acid 4-O-glucoside	p-coumaric acid 4-o-glucoside	p-coumaric acid 4-o-glucoside	p-coumaric acid 4-o-glucoside	p coumaric acid 4 o glucoside
240498	p-Coumaric acid ethyl ester	mg/100 ml	240498.0	999999.0	p-Coumaric acid ethyl ester	p-Coumaric acid ethyl ester	p-coumaric acid ethyl ester	p-coumaric acid ethyl ester	p-coumaric acid ethyl ester	p coumaric acid ethyl ester
240499	p-Coumaroyl glucose	mg/100 g fresh weight	240499.0	999999.0	p-Coumaroyl glucose	p-Coumaroyl glucose	p-coumaroyl glucose	p-coumaroyl glucose	p-coumaroyl glucose	p coumaroyl glucose
240500	p-Coumaroyl glycolic acid	mg/100 g fresh weight	240500.0	999999.0	p-Coumaroyl glycolic acid	p-Coumaroyl glycolic acid	p-coumaroyl glycolic acid	p-coumaroyl glycolic acid	p-coumaroyl glycolic acid	p coumaroyl glycolic acid
240501	p-Coumaroyl malic acid	mg/100 g fresh weight	240501.0	999999.0	p-Coumaroyl malic acid	p-Coumaroyl malic acid	p-coumaroyl malic acid	p-coumaroyl malic acid	p-coumaroyl malic acid	p coumaroyl malic acid
240502	p-Coumaroyl tartaric acid	mg/100 ml	240502.0	999999.0	p-Coumaroyl tartaric acid	p-Coumaroyl tartaric acid	p-coumaroyl tartaric acid	p-coumaroyl tartaric acid	p-coumaroyl tartaric acid	p coumaroyl tartaric acid
240503	p-Coumaroyl tartaric acid glucosidic ester	mg/100 ml	240503.0	999999.0	p-Coumaroyl tartaric acid glucosidic ester	p-Coumaroyl tartaric acid glucosidic ester	p-coumaroyl tartaric acid glucosidic ester	p-coumaroyl tartaric acid glucosidic ester	p-coumaroyl tartaric acid glucosidic ester	p coumaroyl tartaric acid glucosidic ester
240504	p-Coumaroyl tyrosine	mg/100 g fresh weight	240504.0	999999.0	p-Coumaroyl tyrosine	p-Coumaroyl tyrosine	p-coumaroyl tyrosine	p-coumaroyl tyrosine	p-coumaroyl tyrosine	p coumaroyl tyrosine
240505	p-Coumaroylquinic acid	mg/100 g fresh weight	240505.0	999999.0	p-Coumaroylquinic acid	p-Coumaroylquinic acid	p-coumaroylquinic acid	p-coumaroylquinic acid	p-coumaroylquinic acid	p coumaroylquinic acid
240506	p-HPEA-AC	mg/100 g fresh weight	240506.0	999999.0	p-HPEA-AC	p-HPEA-AC	p-hpea-ac	p-hpea-ac	p-hpea-ac	p hpea ac
240507	p-HPEA-EA	mg/100 g fresh weight	240507.0	999999.0	p-HPEA-EA	p-HPEA-EA	p-hpea-ea	p-hpea-ea	p-hpea-ea	p hpea ea
240508	p-HPEA-EDA	mg/100 g fresh weight	240508.0	999999.0	p-HPEA-EDA	p-HPEA-EDA	p-hpea-eda	p-hpea-eda	p-hpea-eda	p hpea eda
250001	Index No.	unknown	250001.0	999999.0	Index No.	Index No.	index no.	index no.	index no.	index no
250002	Refuse	unknown	250002.0	999999.0	Refuse	Refuse	refuse	refuse	refuse	refuse
250003	Energy (kcal)	unknown	250003.0	999999.0	Energy (kcal)	Energy	energy	energy	energy	energy
250004	Energy (kJ)	unknown	250004.0	999999.0	Energy (kJ)	Energy	energy	energy	energy	energy
250005	Protein, calculated as the sum of amino acid residues	unknown	250005.0	999999.0	Protein, calculated as the sum of amino acid residues	Protein, calculated as the sum of amino acid residues	protein, calculated as the sum of amino acid residues	protein calculated as the sum of amino acid residues	protein, calculated as the sum of amino acid residues	protein calculated as the sum of amino acid residues
250006	Fatty acid, triacyl-glycerol equivalents	unknown	250006.0	999999.0	Fatty acid, triacyl-glycerol equivalents	Fatty acid, triacyl-glycerol	fatty acid, triacyl-glycerol	fatty acid triacyl-glycerol	fatty acid, triacyl-glycerol	fatty acid triacyl glycerol
250007	Fatty acid, saturated	unknown	250007.0	999999.0	Fatty acid, saturated	Fatty acid, saturated	fatty acid, saturated	fatty acid saturated	fatty acid, saturated	fatty acid saturated
250008	Fatty acid, mono-unsaturated	unknown	250008.0	999999.0	Fatty acid, mono-unsaturated	Fatty acid, mono-unsaturated	fatty acid, mono-unsaturated	fatty acid mono-unsaturated	fatty acid, mono-unsaturated	fatty acid mono unsaturated
250009	Fatty acid, poly-unsaturated	unknown	250009.0	999999.0	Fatty acid, poly-unsaturated	Fatty acid, poly-unsaturated	fatty acid, poly-unsaturated	fatty acid poly-unsaturated	fatty acid, poly-unsaturated	fatty acid poly unsaturated
250010	Carbohydrate, total, calculated by difference	unknown	250010.0	999999.0	Carbohydrate, total, calculated by difference	Carbohydrate, total, calculated	carbohydrate, total, calculated	carbohydrate total calculated	carbohydrate, total, calculated	carbohydrate total calculated
250011	Carbohydrate, available; expressed in mono-saccharide equivalents	unknown	250011.0	999999.0	Carbohydrate, available; expressed in mono-saccharide equivalents	Carbohydrate, available ; expressed in mono-saccharide	carbohydrate, available; expressed in mono-saccharide	carbohydrate available; expressed in mono-saccharide	carbohydrate, available; expressed in mono-saccharide	carbohydrate available expressed in mono saccharide
250012	Dietary fiber, soluble	unknown	250012.0	999999.0	Dietary fiber, soluble	Dietary fiber, soluble	dietary fiber, soluble	dietary fiber soluble	dietary fiber, soluble	dietary fiber soluble
250013	Dietary fiber, insoluble	unknown	250013.0	999999.0	Dietary fiber, insoluble	Dietary fiber, insoluble	dietary fiber, insoluble	dietary fiber insoluble	dietary fiber, insoluble	dietary fiber insoluble
250014	Dietary fiber, total	unknown	250014.0	999999.0	Dietary fiber, total	Dietary fiber,	dietary fiber	dietary fiber	dietary fiber	dietary fiber
250015	alpha-Carotene	unknown	250015.0	999999.0	alpha-Carotene	alpha-Carotene	alpha-carotene	alpha-carotene	alpha-carotene	alpha carotene
250016	beta-Carotene	unknown	250016.0	999999.0	beta-Carotene	beta-Carotene	beta-carotene	beta-carotene	beta-carotene	beta carotene
250017	beta- Cryptoxanthin	unknown	250017.0	999999.0	beta- Cryptoxanthin	beta- Cryptoxanthin	beta-cryptoxanthin	beta-cryptoxanthin	beta-cryptoxanthin	beta cryptoxanthin
250018	beta- Carotene equivalents	unknown	250018.0	999999.0	beta- Carotene equivalents	beta- Carotene	beta-carotene	beta-carotene	beta-carotene	beta carotene
250019	Retinol activity equivalents	unknown	250019.0	999999.0	Retinol activity equivalents	Retinol activity	retinol activity	retinol activity	retinol activity	retinol activity
250020	alpha-Tocopherol	unknown	250020.0	999999.0	alpha-Tocopherol	alpha-Tocopherol	alpha-tocopherol	alpha-tocopherol	alpha-tocopherol	alpha tocopherol
250021	beta-Tocopherol	unknown	250021.0	999999.0	beta-Tocopherol	beta-Tocopherol	beta-tocopherol	beta-tocopherol	beta-tocopherol	beta tocopherol
250022	gamma-Tocopherol	unknown	250022.0	999999.0	gamma-Tocopherol	gamma-Tocopherol	gamma-tocopherol	gamma-tocopherol	gamma-tocopherol	gamma tocopherol
250023	delta-Tocopherol	unknown	250023.0	999999.0	delta-Tocopherol	delta-Tocopherol	delta-tocopherol	delta-tocopherol	delta-tocopherol	delta tocopherol
250024	Ascorbic acid	unknown	250024.0	999999.0	Ascorbic acid	Ascorbic acid	ascorbic acid	ascorbic acid	ascorbic acid	ascorbic acid
250025	Salt equivalents	unknown	250025.0	999999.0	Salt equivalents	Salt	salt	salt	salt	salt
250026	Protein: the sum of amino acid residues	unknown	250026.0	999999.0	Protein: the sum of amino acid residues	Protein: the sum of amino acid residues	protein: the sum of amino acid residues	protein: the sum of amino acid residues	protein: the sum of amino acid residues	protein the sum of amino acid residues
250027	Amino acids, total sulphur-containing	unknown	250027.0	999999.0	Amino acids, total sulphur-containing	Amino acids, total sulphur-containing	amino acids, total sulphur-containing	amino acids total sulphur-containing	amino acids, total sulphur-containing	amino acids total sulphur containing
250028	Amino acids, total aromatic	unknown	250028.0	999999.0	Amino acids, total aromatic	Amino acids, total aromatic	amino acids, total aromatic	amino acids total aromatic	amino acids, total aromatic	amino acids total aromatic
250029	Ammonia	unknown	250029.0	999999.0	Ammonia	Ammonia	ammonia	ammonia	ammonia	ammonia
250030	Triacyl- glycerol equivalents	unknown	250030.0	999999.0	Triacyl- glycerol equivalents	Triacyl- glycerol	triacyl-glycerol	triacyl-glycerol	triacyl-glycerol	triacyl glycerol
250031	Fatty acids, total saturated	unknown	250031.0	999999.0	Fatty acids, total saturated	Fatty acids, total saturated	fatty acids, total saturated	fatty acids total saturated	fatty acids, total saturated	fatty acids total saturated
250032	Fatty acids, total mono-unsaturated	unknown	250032.0	999999.0	Fatty acids, total mono-unsaturated	Fatty acids, total mono-unsaturated	fatty acids, total mono-unsaturated	fatty acids total mono-unsaturated	fatty acids, total mono-unsaturated	fatty acids total mono unsaturated
250033	Fatty acids, total poly-unsaturated	unknown	250033.0	999999.0	Fatty acids, total poly-unsaturated	Fatty acids, total poly-unsaturated	fatty acids, total poly-unsaturated	fatty acids total poly-unsaturated	fatty acids, total poly-unsaturated	fatty acids total poly unsaturated
250034	Fatty acids, total n-3 poly-unsaturated	unknown	250034.0	999999.0	Fatty acids, total n-3 poly-unsaturated	Fatty acids, total n-3 poly-unsaturated	fatty acids, total n-3 poly-unsaturated	fatty acids total n-3 poly-unsaturated	fatty acids, total n-3 poly-unsaturated	fatty acids total n 3 poly unsaturated
250035	Fatty acids, total n-6 poly- unsaturated	unknown	250035.0	999999.0	Fatty acids, total n-6 poly- unsaturated	Fatty acids, total n-6 poly- unsaturated	fatty acids, total n-6 poly-unsaturated	fatty acids total n-6 poly-unsaturated	fatty acids, total n-6 poly-unsaturated	fatty acids total n 6 poly unsaturated
250036	Fatty acid 10:0	unknown	250036.0	999999.0	Fatty acid 10:0	Fatty acid 10:0	fatty acid 10:0	fatty acid 10:0	fatty acid 10:0	fatty acid 10 0
250037	Fatty acid 12:0	unknown	250037.0	999999.0	Fatty acid 12:0	Fatty acid 12:0	fatty acid 12:0	fatty acid 12:0	fatty acid 12:0	fatty acid 12 0
250038	Fatty acid 14:0	unknown	250038.0	999999.0	Fatty acid 14:0	Fatty acid 14:0	fatty acid 14:0	fatty acid 14:0	fatty acid 14:0	fatty acid 14 0
250039	Fatty acid 15:0	unknown	250039.0	999999.0	Fatty acid 15:0	Fatty acid 15:0	fatty acid 15:0	fatty acid 15:0	fatty acid 15:0	fatty acid 15 0
250040	Fatty acid 16:0	unknown	250040.0	999999.0	Fatty acid 16:0	Fatty acid 16:0	fatty acid 16:0	fatty acid 16:0	fatty acid 16:0	fatty acid 16 0
250041	Fatty acid 17:0	unknown	250041.0	999999.0	Fatty acid 17:0	Fatty acid 17:0	fatty acid 17:0	fatty acid 17:0	fatty acid 17:0	fatty acid 17 0
250042	Fatty acid 18:0	unknown	250042.0	999999.0	Fatty acid 18:0	Fatty acid 18:0	fatty acid 18:0	fatty acid 18:0	fatty acid 18:0	fatty acid 18 0
250043	Fatty acid 20:0	unknown	250043.0	999999.0	Fatty acid 20:0	Fatty acid 20:0	fatty acid 20:0	fatty acid 20:0	fatty acid 20:0	fatty acid 20 0
250044	Fatty acid 22:0	unknown	250044.0	999999.0	Fatty acid 22:0	Fatty acid 22:0	fatty acid 22:0	fatty acid 22:0	fatty acid 22:0	fatty acid 22 0
250045	Fatty acid 24:0	unknown	250045.0	999999.0	Fatty acid 24:0	Fatty acid 24:0	fatty acid 24:0	fatty acid 24:0	fatty acid 24:0	fatty acid 24 0
250046	Fatty acid 10:1	unknown	250046.0	999999.0	Fatty acid 10:1	Fatty acid 10:1	fatty acid 10:1	fatty acid 10:1	fatty acid 10:1	fatty acid 10 1
250047	Fatty acid 14:1	unknown	250047.0	999999.0	Fatty acid 14:1	Fatty acid 14:1	fatty acid 14:1	fatty acid 14:1	fatty acid 14:1	fatty acid 14 1
250048	Fatty acid 15:1	unknown	250048.0	999999.0	Fatty acid 15:1	Fatty acid 15:1	fatty acid 15:1	fatty acid 15:1	fatty acid 15:1	fatty acid 15 1
250049	Fatty acid 16:1	unknown	250049.0	999999.0	Fatty acid 16:1	Fatty acid 16:1	fatty acid 16:1	fatty acid 16:1	fatty acid 16:1	fatty acid 16 1
250050	Fatty acid 17:1	unknown	250050.0	999999.0	Fatty acid 17:1	Fatty acid 17:1	fatty acid 17:1	fatty acid 17:1	fatty acid 17:1	fatty acid 17 1
250051	Fatty acid 18:1 undifferentiated	unknown	250051.0	999999.0	Fatty acid 18:1 undifferentiated	Fatty acid 18:1 undifferentiated	fatty acid 18:1 undifferentiated	fatty acid 18:1 undifferentiated	fatty acid 18:1 undifferentiated	fatty acid 18 1 undifferentiated
250052	Fatty acid 20:1	unknown	250052.0	999999.0	Fatty acid 20:1	Fatty acid 20:1	fatty acid 20:1	fatty acid 20:1	fatty acid 20:1	fatty acid 20 1
250053	Fatty acid 22:1	unknown	250053.0	999999.0	Fatty acid 22:1	Fatty acid 22:1	fatty acid 22:1	fatty acid 22:1	fatty acid 22:1	fatty acid 22 1
250054	Fatty acid 24:1	unknown	250054.0	999999.0	Fatty acid 24:1	Fatty acid 24:1	fatty acid 24:1	fatty acid 24:1	fatty acid 24:1	fatty acid 24 1
250055	Fatty acid 16:2	unknown	250055.0	999999.0	Fatty acid 16:2	Fatty acid 16:2	fatty acid 16:2	fatty acid 16:2	fatty acid 16:2	fatty acid 16 2
250056	Fatty acid 16:3	unknown	250056.0	999999.0	Fatty acid 16:3	Fatty acid 16:3	fatty acid 16:3	fatty acid 16:3	fatty acid 16:3	fatty acid 16 3
250057	Fatty acid 16:4	unknown	250057.0	999999.0	Fatty acid 16:4	Fatty acid 16:4	fatty acid 16:4	fatty acid 16:4	fatty acid 16:4	fatty acid 16 4
250058	Fatty acid 18:2 n-6	unknown	250058.0	999999.0	Fatty acid 18:2 n-6	Fatty acid 18:2 n-6	fatty acid 18:2 n-6	fatty acid 18:2 n-6	fatty acid 18:2 n-6	fatty acid 18 2 n 6
250059	Fatty acid 18:3 n-3	unknown	250059.0	999999.0	Fatty acid 18:3 n-3	Fatty acid 18:3 n-3	fatty acid 18:3 n-3	fatty acid 18:3 n-3	fatty acid 18:3 n-3	fatty acid 18 3 n 3
250060	Fatty acid 18:3 n-6	unknown	250060.0	999999.0	Fatty acid 18:3 n-6	Fatty acid 18:3 n-6	fatty acid 18:3 n-6	fatty acid 18:3 n-6	fatty acid 18:3 n-6	fatty acid 18 3 n 6
250061	Fatty acid 18:4 n-3	unknown	250061.0	999999.0	Fatty acid 18:4 n-3	Fatty acid 18:4 n-3	fatty acid 18:4 n-3	fatty acid 18:4 n-3	fatty acid 18:4 n-3	fatty acid 18 4 n 3
250062	Fatty acid 20:2 n-6	unknown	250062.0	999999.0	Fatty acid 20:2 n-6	Fatty acid 20:2 n-6	fatty acid 20:2 n-6	fatty acid 20:2 n-6	fatty acid 20:2 n-6	fatty acid 20 2 n 6
250063	Fatty acid 20:3 n-6	unknown	250063.0	999999.0	Fatty acid 20:3 n-6	Fatty acid 20:3 n-6	fatty acid 20:3 n-6	fatty acid 20:3 n-6	fatty acid 20:3 n-6	fatty acid 20 3 n 6
250064	Fatty acid 20:4 n-3	unknown	250064.0	999999.0	Fatty acid 20:4 n-3	Fatty acid 20:4 n-3	fatty acid 20:4 n-3	fatty acid 20:4 n-3	fatty acid 20:4 n-3	fatty acid 20 4 n 3
250065	Fatty acid 20:4 n-6	unknown	250065.0	999999.0	Fatty acid 20:4 n-6	Fatty acid 20:4 n-6	fatty acid 20:4 n-6	fatty acid 20:4 n-6	fatty acid 20:4 n-6	fatty acid 20 4 n 6
250066	Fatty acid 20:5 n-3	unknown	250066.0	999999.0	Fatty acid 20:5 n-3	Fatty acid 20:5 n-3	fatty acid 20:5 n-3	fatty acid 20:5 n-3	fatty acid 20:5 n-3	fatty acid 20 5 n 3
250067	Fatty acid 21:5 n-3	unknown	250067.0	999999.0	Fatty acid 21:5 n-3	Fatty acid 21:5 n-3	fatty acid 21:5 n-3	fatty acid 21:5 n-3	fatty acid 21:5 n-3	fatty acid 21 5 n 3
250068	Fatty acid 22:2	unknown	250068.0	999999.0	Fatty acid 22:2	Fatty acid 22:2	fatty acid 22:2	fatty acid 22:2	fatty acid 22:2	fatty acid 22 2
250069	Fatty acid 22:4 n-6	unknown	250069.0	999999.0	Fatty acid 22:4 n-6	Fatty acid 22:4 n-6	fatty acid 22:4 n-6	fatty acid 22:4 n-6	fatty acid 22:4 n-6	fatty acid 22 4 n 6
250070	Fatty acid 22:5 n-3	unknown	250070.0	999999.0	Fatty acid 22:5 n-3	Fatty acid 22:5 n-3	fatty acid 22:5 n-3	fatty acid 22:5 n-3	fatty acid 22:5 n-3	fatty acid 22 5 n 3
250071	Fatty acid 22:5 n-6	unknown	250071.0	999999.0	Fatty acid 22:5 n-6	Fatty acid 22:5 n-6	fatty acid 22:5 n-6	fatty acid 22:5 n-6	fatty acid 22:5 n-6	fatty acid 22 5 n 6
250072	Fatty acid 22:6 n-3	unknown	250072.0	999999.0	Fatty acid 22:6 n-3	Fatty acid 22:6 n-3	fatty acid 22:6 n-3	fatty acid 22:6 n-3	fatty acid 22:6 n-3	fatty acid 22 6 n 3
250073	Carbohydrate,available	unknown	250073.0	999999.0	Carbohydrate,available	Carbohydrate, available	carbohydrate, available	carbohydrate available	carbohydrate, available	carbohydrate available
250074	Carbohydrate, available.1	unknown	250074.0	999999.0	Carbohydrate, available.1	Carbohydrate, available.1	carbohydrate, available.1	carbohydrate available.1	carbohydrate, available.1	carbohydrate available 1
250075	Carbohydrate, available.2	unknown	250075.0	999999.0	Carbohydrate, available.2	Carbohydrate, available.2	carbohydrate, available.2	carbohydrate available.2	carbohydrate, available.2	carbohydrate available 2
250076	Carbohydrate, available.4	unknown	250076.0	999999.0	Carbohydrate, available.4	Carbohydrate, available.4	carbohydrate, available.4	carbohydrate available.4	carbohydrate, available.4	carbohydrate available 4
250077	Carbohydrate, available.5	unknown	250077.0	999999.0	Carbohydrate, available.5	Carbohydrate, available.5	carbohydrate, available.5	carbohydrate available.5	carbohydrate, available.5	carbohydrate available 5
250078	Carbohydrate, available.6	unknown	250078.0	999999.0	Carbohydrate, available.6	Carbohydrate, available.6	carbohydrate, available.6	carbohydrate available.6	carbohydrate, available.6	carbohydrate available 6
250079	Carbohydrate, available.7	unknown	250079.0	999999.0	Carbohydrate, available.7	Carbohydrate, available.7	carbohydrate, available.7	carbohydrate available.7	carbohydrate, available.7	carbohydrate available 7
250080	Carbohydrate, available.8	unknown	250080.0	999999.0	Carbohydrate, available.8	Carbohydrate, available.8	carbohydrate, available.8	carbohydrate available.8	carbohydrate, available.8	carbohydrate available 8
