generic_nutrient_id	generic_name	generic_compact	specific_nutrient_id	specific_name	specific_compact	specific_source	rule
1003	Protein	protein	1222	Alanine	alanine	existing	protein_to_amino_acids
1003	Protein	protein	1220	Arginine	arginine	existing	protein_to_amino_acids
1003	Protein	protein	1231	Asparagine	asparagine	existing	protein_to_amino_acids
1003	Protein	protein	1223	Aspartic acid	aspartic acid	existing	protein_to_amino_acids
1003	Protein	protein	1232	Cysteine	cysteine	existing	protein_to_amino_acids
1003	Protein	protein	1216	Cystine	cystine	existing	protein_to_amino_acids
1003	Protein	protein	1224	Glutamic acid	glutamic acid	existing	protein_to_amino_acids
1003	Protein	protein	1233	Glutamine	glutamine	existing	protein_to_amino_acids
1003	Protein	protein	1225	Glycine	glycine	existing	protein_to_amino_acids
1003	Protein	protein	1221	Histidine	histidine	existing	protein_to_amino_acids
1003	Protein	protein	1212	Isoleucine	isoleucine	existing	protein_to_amino_acids
1003	Protein	protein	1213	Leucine	leucine	existing	protein_to_amino_acids
1003	Protein	protein	1214	Lysine	lysine	existing	protein_to_amino_acids
1003	Protein	protein	1215	Methionine	methionine	existing	protein_to_amino_acids
1003	Protein	protein	1217	Phenylalanine	phenylalanine	existing	protein_to_amino_acids
1003	Protein	protein	1226	Proline	proline	existing	protein_to_amino_acids
1003	Protein	protein	1227	Serine	serine	existing	protein_to_amino_acids
1003	Protein	protein	1211	Threonine	threonine	existing	protein_to_amino_acids
1003	Protein	protein	1210	Tryptophan	tryptophan	existing	protein_to_amino_acids
1003	Protein	protein	1218	Tyrosine	tyrosine	existing	protein_to_amino_acids
1003	Protein	protein	1219	Valine	valine	existing	protein_to_amino_acids
1004	Total lipid (fat)	lipid	1105	Retinol	retinol	existing	fat_to_fatty_acids
1004	Total lipid (fat)	lipid	1107	Carotene, beta	carotene beta	existing	fat_to_fatty_acids
1004	Total lipid (fat)	lipid	1108	Carotene, alpha	carotene alpha	existing	fat_to_fatty_acids
1004	Total lipid (fat)	lipid	1116	Phytoene	phytoene	existing	fat_to_fatty_acids
1004	Total lipid (fat)	lipid	1117	Phytofluene	phytofluene	existing	fat_to_fatty_acids
1004	Total lipid (fat)	lipid	1118	Carotene, gamma	carotene gamma	existing	fat_to_fatty_acids
1004	Total lipid (fat)	lipid	1119	Zeaxanthin	zeaxanthin	existing	fat_to_fatty_acids
1004	Total lipid (fat)	lipid	1121	Lutein	lutein	existing	fat_to_fatty_acids
1004	Total lipid (fat)	lipid	1122	Lycopene	lycopene	existing	fat_to_fatty_acids
1004	Total lipid (fat)	lipid	1157	Carotene	carotene	existing	fat_to_fatty_acids
1004	Total lipid (fat)	lipid	1159	cis-beta-Carotene	cis beta carotene	existing	fat_to_fatty_acids
1004	Total lipid (fat)	lipid	1160	cis-Lycopene	cis lycopene	existing	fat_to_fatty_acids
1004	Total lipid (fat)	lipid	1253	Cholesterol	cholesterol	existing	fat_to_fatty_acids
1004	Total lipid (fat)	lipid	1272	PUFA 22:6 n-3 (DHA)	pufa 22 6 n 3	existing	fat_to_fatty_acids
1004	Total lipid (fat)	lipid	1278	PUFA 20:5 n-3 (EPA)	pufa 20 5 n 3	existing	fat_to_fatty_acids
1004	Total lipid (fat)	lipid	1284	Ergosterol	ergosterol	existing	fat_to_fatty_acids
1004	Total lipid (fat)	lipid	1285	Stigmasterol	stigmasterol	existing	fat_to_fatty_acids
1004	Total lipid (fat)	lipid	1286	Campesterol	campesterol	existing	fat_to_fatty_acids
1004	Total lipid (fat)	lipid	2028	trans-beta-Carotene	trans beta carotene	existing	fat_to_fatty_acids
1004	Total lipid (fat)	lipid	2029	trans-Lycopene	trans lycopene	existing	fat_to_fatty_acids
1004	Total lipid (fat)	lipid	96011	13-cis-retinol	13 cis retinol	existing	fat_to_fatty_acids
1004	Total lipid (fat)	lipid	96064	Alfa-carotene	alfa carotene	existing	fat_to_fatty_acids
1004	Total lipid (fat)	lipid	96075	All-trans-retinol	all trans retinol	existing	fat_to_fatty_acids
1004	Total lipid (fat)	lipid	96076	Alpha-carotene	alpha carotene	existing	fat_to_fatty_acids
1004	Total lipid (fat)	lipid	96113	Beta-carotene	beta carotene	existing	fat_to_fatty_acids
1004	Total lipid (fat)	lipid	96236	C20:5 n-3 cis (EPA)	c20 5 n 3 cis	existing	fat_to_fatty_acids
1004	Total lipid (fat)	lipid	96266	C22:6 n-3 cis (DHA)	c22 6 n 3 cis	existing	fat_to_fatty_acids
1004	Total lipid (fat)	lipid	97048	Other Cholesterol and Phytosterols	other cholesterol and phytosterols	existing	fat_to_fatty_acids
1004	Total lipid (fat)	lipid	97099	Phytosterol	phytosterol	existing	fat_to_fatty_acids
1004	Total lipid (fat)	lipid	97154	Retinol activity equialents (RAE)	retinol activity equialents	existing	fat_to_fatty_acids
1004	Total lipid (fat)	lipid	97309	Vitamin A, retinol	vitamin a retinol	existing	fat_to_fatty_acids
1004	Total lipid (fat)	lipid	97360	Equivalent beta-carotene ou	equivalent beta carotene ou	existing	fat_to_fatty_acids
1004	Total lipid (fat)	lipid	230017	Retinol (preformed vitamin A)  (ug)	retinol preformed vitamin a	existing	fat_to_fatty_acids
1004	Total lipid (fat)	lipid	230019	Beta-carotene equivalents (provitamin A)  (ug)	beta carotene	existing	fat_to_fatty_acids
1004	Total lipid (fat)	lipid	230020	Vitamin A retinol equivalents  (ug)	vitamin a retinol	existing	fat_to_fatty_acids
1004	Total lipid (fat)	lipid	230098	Total long chain omega 3 fatty acids, equated  (%T)	long chain omega 3 fatty acids equated t	existing	fat_to_fatty_acids
1004	Total lipid (fat)	lipid	250006	Fatty acid, triacyl-glycerol equivalents	fatty acid triacyl glycerol	existing	fat_to_fatty_acids
1004	Total lipid (fat)	lipid	250007	Fatty acid, saturated	fatty acid saturated	existing	fat_to_fatty_acids
1004	Total lipid (fat)	lipid	250008	Fatty acid, mono-unsaturated	fatty acid mono unsaturated	existing	fat_to_fatty_acids
1004	Total lipid (fat)	lipid	250009	Fatty acid, poly-unsaturated	fatty acid poly unsaturated	existing	fat_to_fatty_acids
1004	Total lipid (fat)	lipid	250015	alpha-Carotene	alpha carotene	existing	fat_to_fatty_acids
1004	Total lipid (fat)	lipid	250016	beta-Carotene	beta carotene	existing	fat_to_fatty_acids
1004	Total lipid (fat)	lipid	250018	beta- Carotene equivalents	beta carotene	existing	fat_to_fatty_acids
1004	Total lipid (fat)	lipid	250019	Retinol activity equivalents	retinol activity	existing	fat_to_fatty_acids
1004	Total lipid (fat)	lipid	250036	Fatty acid 10:0	fatty acid 10 0	existing	fat_to_fatty_acids
1004	Total lipid (fat)	lipid	250037	Fatty acid 12:0	fatty acid 12 0	existing	fat_to_fatty_acids
1004	Total lipid (fat)	lipid	250038	Fatty acid 14:0	fatty acid 14 0	existing	fat_to_fatty_acids
1004	Total lipid (fat)	lipid	250039	Fatty acid 15:0	fatty acid 15 0	existing	fat_to_fatty_acids
1004	Total lipid (fat)	lipid	250040	Fatty acid 16:0	fatty acid 16 0	existing	fat_to_fatty_acids
1004	Total lipid (fat)	lipid	250041	Fatty acid 17:0	fatty acid 17 0	existing	fat_to_fatty_acids
1004	Total lipid (fat)	lipid	250042	Fatty acid 18:0	fatty acid 18 0	existing	fat_to_fatty_acids
1004	Total lipid (fat)	lipid	250043	Fatty acid 20:0	fatty acid 20 0	existing	fat_to_fatty_acids
1004	Total lipid (fat)	lipid	250044	Fatty acid 22:0	fatty acid 22 0	existing	fat_to_fatty_acids
1004	Total lipid (fat)	lipid	250045	Fatty acid 24:0	fatty acid 24 0	existing	fat_to_fatty_acids
1004	Total lipid (fat)	lipid	250046	Fatty acid 10:1	fatty acid 10 1	existing	fat_to_fatty_acids
1004	Total lipid (fat)	lipid	250047	Fatty acid 14:1	fatty acid 14 1	existing	fat_to_fatty_acids
1004	Total lipid (fat)	lipid	250048	Fatty acid 15:1	fatty acid 15 1	existing	fat_to_fatty_acids
1004	Total lipid (fat)	lipid	250049	Fatty acid 16:1	fatty acid 16 1	existing	fat_to_fatty_acids
1004	Total lipid (fat)	lipid	250050	Fatty acid 17:1	fatty acid 17 1	existing	fat_to_fatty_acids
1004	Total lipid (fat)	lipid	250051	Fatty acid 18:1 undifferentiated	fatty acid 18 1 undifferentiated	existing	fat_to_fatty_acids
1004	Total lipid (fat)	lipid	250052	Fatty acid 20:1	fatty acid 20 1	existing	fat_to_fatty_acids
1004	Total lipid (fat)	lipid	250053	Fatty acid 22:1	fatty acid 22 1	existing	fat_to_fatty_acids
1004	Total lipid (fat)	lipid	250054	Fatty acid 24:1	fatty acid 24 1	existing	fat_to_fatty_acids
1004	Total lipid (fat)	lipid	250055	Fatty acid 16:2	fatty acid 16 2	existing	fat_to_fatty_acids
1004	Total lipid (fat)	lipid	250056	Fatty acid 16:3	fatty acid 16 3	existing	fat_to_fatty_acids
1004	Total lipid (fat)	lipid	250057	Fatty acid 16:4	fatty acid 16 4	existing	fat_to_fatty_acids
1004	Total lipid (fat)	lipid	250058	Fatty acid 18:2 n-6	fatty acid 18 2 n 6	existing	fat_to_fatty_acids
1004	Total lipid (fat)	lipid	250059	Fatty acid 18:3 n-3	fatty acid 18 3 n 3	existing	fat_to_fatty_acids
1004	Total lipid (fat)	lipid	250060	Fatty acid 18:3 n-6	fatty acid 18 3 n 6	existing	fat_to_fatty_acids
1004	Total lipid (fat)	lipid	250061	Fatty acid 18:4 n-3	fatty acid 18 4 n 3	existing	fat_to_fatty_acids
1004	Total lipid (fat)	lipid	250062	Fatty acid 20:2 n-6	fatty acid 20 2 n 6	existing	fat_to_fatty_acids
1004	Total lipid (fat)	lipid	250063	Fatty acid 20:3 n-6	fatty acid 20 3 n 6	existing	fat_to_fatty_acids
1004	Total lipid (fat)	lipid	250064	Fatty acid 20:4 n-3	fatty acid 20 4 n 3	existing	fat_to_fatty_acids
1004	Total lipid (fat)	lipid	250065	Fatty acid 20:4 n-6	fatty acid 20 4 n 6	existing	fat_to_fatty_acids
1004	Total lipid (fat)	lipid	250066	Fatty acid 20:5 n-3	fatty acid 20 5 n 3	existing	fat_to_fatty_acids
1004	Total lipid (fat)	lipid	250067	Fatty acid 21:5 n-3	fatty acid 21 5 n 3	existing	fat_to_fatty_acids
1004	Total lipid (fat)	lipid	250068	Fatty acid 22:2	fatty acid 22 2	existing	fat_to_fatty_acids
1004	Total lipid (fat)	lipid	250069	Fatty acid 22:4 n-6	fatty acid 22 4 n 6	existing	fat_to_fatty_acids
1004	Total lipid (fat)	lipid	250070	Fatty acid 22:5 n-3	fatty acid 22 5 n 3	existing	fat_to_fatty_acids
1004	Total lipid (fat)	lipid	250071	Fatty acid 22:5 n-6	fatty acid 22 5 n 6	existing	fat_to_fatty_acids
1004	Total lipid (fat)	lipid	250072	Fatty acid 22:6 n-3	fatty acid 22 6 n 3	existing	fat_to_fatty_acids
1004	Total lipid (fat)	lipid	260001	13-cis-retinol (µg)	13 cis retinol g	existing	fat_to_fatty_acids
1004	Total lipid (fat)	lipid	260004	All-trans-retinol (µg)	all trans retinol g	existing	fat_to_fatty_acids
1004	Total lipid (fat)	lipid	260005	Alpha-carotene (µg)	alpha carotene g	existing	fat_to_fatty_acids
1004	Total lipid (fat)	lipid	260008	Beta-carotene (µg)	beta carotene g	existing	fat_to_fatty_acids
1004	Total lipid (fat)	lipid	260194	Lutein (µg)	lutein g	existing	fat_to_fatty_acids
1004	Total lipid (fat)	lipid	260195	Lycopene (µg)	lycopene g	existing	fat_to_fatty_acids
1004	Total lipid (fat)	lipid	260204	Other Cholesterol and Phytosterols (mg)	other cholesterol and phytosterols	existing	fat_to_fatty_acids
1004	Total lipid (fat)	lipid	260205	Phytosterol (mg)	phytosterol	existing	fat_to_fatty_acids
1004	Total lipid (fat)	lipid	260209	Retinol Equivalent (µg)	retinol equivalent g	existing	fat_to_fatty_acids
1005	Carbohydrate, by difference	carbohydrate	260230	Carbohydrate, by difference	carbohydrate by difference	new	carb_alias
260230	Carbohydrate, by difference	carbohydrate by difference	1009	Starch	starch	existing	carb_to_complex_carbs
260230	Carbohydrate, by difference	carbohydrate by difference	1010	Sucrose	sucrose	existing	carb_to_sugars
260230	Carbohydrate, by difference	carbohydrate by difference	1011	Glucose	glucose	existing	carb_to_sugars
260230	Carbohydrate, by difference	carbohydrate by difference	1012	Fructose	fructose	existing	carb_to_sugars
260230	Carbohydrate, by difference	carbohydrate by difference	1013	Lactose	lactose	existing	carb_to_sugars
260230	Carbohydrate, by difference	carbohydrate by difference	1014	Maltose	maltose	existing	carb_to_sugars
260230	Carbohydrate, by difference	carbohydrate by difference	1015	Amylose	amylose	existing	carb_to_complex_carbs
260230	Carbohydrate, by difference	carbohydrate by difference	1016	Amylopectin	amylopectin	existing	carb_to_complex_carbs
260230	Carbohydrate, by difference	carbohydrate by difference	1017	Pectin	pectin	existing	carb_to_complex_carbs
260230	Carbohydrate, by difference	carbohydrate by difference	1019	Pentosan	pentosan	existing	carb_to_complex_carbs
260230	Carbohydrate, by difference	carbohydrate by difference	1020	Pentoses	pentoses	existing	carb_to_complex_carbs
260230	Carbohydrate, by difference	carbohydrate by difference	1021	Hemicellulose	hemicellulose	existing	carb_to_complex_carbs
260230	Carbohydrate, by difference	carbohydrate by difference	1022	Cellulose	cellulose	existing	carb_to_complex_carbs
260230	Carbohydrate, by difference	carbohydrate by difference	1055	Mannitol	mannitol	existing	carb_to_sugars
260230	Carbohydrate, by difference	carbohydrate by difference	1056	Sorbitol	sorbitol	existing	carb_to_sugars
260230	Carbohydrate, by difference	carbohydrate by difference	1065	Glycogen	glycogen	existing	carb_to_complex_carbs
260230	Carbohydrate, by difference	carbohydrate by difference	1071	Resistant starch	resistant starch	existing	carb_to_complex_carbs
260230	Carbohydrate, by difference	carbohydrate by difference	1073	Arabinose	arabinose	existing	carb_to_complex_carbs
260230	Carbohydrate, by difference	carbohydrate by difference	1074	Xylose	xylose	existing	carb_to_complex_carbs
260230	Carbohydrate, by difference	carbohydrate by difference	1075	Galactose	galactose	existing	carb_to_sugars
260230	Carbohydrate, by difference	carbohydrate by difference	1076	Raffinose	raffinose	existing	carb_to_complex_carbs
260230	Carbohydrate, by difference	carbohydrate by difference	1077	Stachyose	stachyose	existing	carb_to_complex_carbs
260230	Carbohydrate, by difference	carbohydrate by difference	1078	Xylitol	xylitol	existing	carb_to_sugars
260230	Carbohydrate, by difference	carbohydrate by difference	1081	Ribose	ribose	existing	carb_to_complex_carbs
260230	Carbohydrate, by difference	carbohydrate by difference	1399	Mannose	mannose	existing	carb_to_complex_carbs
260230	Carbohydrate, by difference	carbohydrate by difference	1400	Triose	triose	existing	carb_to_complex_carbs
260230	Carbohydrate, by difference	carbohydrate by difference	1401	Tetrose	tetrose	existing	carb_to_complex_carbs
260230	Carbohydrate, by difference	carbohydrate by difference	1403	Inulin	inulin	existing	carb_to_complex_carbs
260230	Carbohydrate, by difference	carbohydrate by difference	2063	Verbascose	verbascose	existing	carb_to_complex_carbs
260230	Carbohydrate, by difference	carbohydrate by difference	96415	Dietary fibre and starch	dietary fibre and starch	existing	carb_to_complex_carbs
260230	Carbohydrate, by difference	carbohydrate by difference	97211	STARCH-	starch	existing	carb_to_complex_carbs
260230	Carbohydrate, by difference	carbohydrate by difference	97212	Starch/Glycogen	starch glycogen	existing	carb_to_complex_carbs
260230	Carbohydrate, by difference	carbohydrate by difference	220013	STARCH-(g)	starch	existing	carb_to_complex_carbs
260230	Carbohydrate, by difference	carbohydrate by difference	220107	STARCH-(g)	starch	existing	carb_to_complex_carbs
260230	Carbohydrate, by difference	carbohydrate by difference	240003	(+)-Catechin 3-O-glucose	catechin 3 o glucose	existing	carb_to_sugars
260230	Carbohydrate, by difference	carbohydrate by difference	240144	Caffeoyl glucose	caffeoyl glucose	existing	carb_to_sugars
260230	Carbohydrate, by difference	carbohydrate by difference	240157	Cinnamoyl glucose	cinnamoyl glucose	existing	carb_to_sugars
260230	Carbohydrate, by difference	carbohydrate by difference	240229	Feruloyl glucose	feruloyl glucose	existing	carb_to_sugars
260230	Carbohydrate, by difference	carbohydrate by difference	240238	Galloyl glucose	galloyl glucose	existing	carb_to_sugars
260230	Carbohydrate, by difference	carbohydrate by difference	240499	p-Coumaroyl glucose	p coumaroyl glucose	existing	carb_to_sugars
1006	Fiber, crude (DO NOT USE - Archived)	fiber crude	1079	Fiber, total dietary	fiber total dietary	existing	alias_to_canonical
1025	Organic acids	organic acids	1026	Acetic acid	acetic acid	existing	organic_acids_to_specific_existing
1025	Organic acids	organic acids	1027	Aconitic acid	aconitic acid	existing	organic_acids_to_specific_existing
1025	Organic acids	organic acids	1028	Benzoic acid	benzoic acid	existing	organic_acids_to_specific_existing
1025	Organic acids	organic acids	1029	Chelidonic acid	chelidonic acid	existing	organic_acids_to_specific_existing
1025	Organic acids	organic acids	1030	Chlorogenic acid	chlorogenic acid	existing	organic_acids_to_specific_existing
1025	Organic acids	organic acids	1031	Cinnamic acid	cinnamic acid	existing	organic_acids_to_specific_existing
1025	Organic acids	organic acids	1032	Citric acid	citric acid	existing	organic_acids_to_specific_existing
1025	Organic acids	organic acids	1033	Fumaric acid	fumaric acid	existing	organic_acids_to_specific_existing
1025	Organic acids	organic acids	1034	Galacturonic acid	galacturonic acid	existing	organic_acids_to_specific_existing
1025	Organic acids	organic acids	1035	Gallic acid	gallic acid	existing	organic_acids_to_specific_existing
1025	Organic acids	organic acids	1036	Glycolic acid	glycolic acid	existing	organic_acids_to_specific_existing
1025	Organic acids	organic acids	1037	Isocitric acid	isocitric acid	existing	organic_acids_to_specific_existing
1025	Organic acids	organic acids	1038	Lactic acid	lactic acid	existing	organic_acids_to_specific_existing
1025	Organic acids	organic acids	1039	Malic acid	malic acid	existing	organic_acids_to_specific_existing
1025	Organic acids	organic acids	1040	Oxaloacetic acid	oxaloacetic acid	existing	organic_acids_to_specific_existing
1025	Organic acids	organic acids	1041	Oxalic acid	oxalic acid	existing	organic_acids_to_specific_existing
1025	Organic acids	organic acids	1042	Phytic acid	phytic acid	existing	organic_acids_to_specific_existing
1025	Organic acids	organic acids	1043	Pyruvic acid	pyruvic acid	existing	organic_acids_to_specific_existing
1025	Organic acids	organic acids	1044	Quinic acid	quinic acid	existing	organic_acids_to_specific_existing
1025	Organic acids	organic acids	1045	Salicylic acid	salicylic acid	existing	organic_acids_to_specific_existing
1025	Organic acids	organic acids	1046	Succinic acid	succinic acid	existing	organic_acids_to_specific_existing
1025	Organic acids	organic acids	1047	Tartaric acid	tartaric acid	existing	organic_acids_to_specific_existing
1025	Organic acids	organic acids	1048	Ursolic acid	ursolic acid	existing	organic_acids_to_specific_existing
1025	Organic acids	organic acids	1162	Vitamin C, total ascorbic acid	vitamin c total ascorbic acid	existing	organic_acids_to_specific_existing
1025	Organic acids	organic acids	1163	Vitamin C, reduced ascorbic acid	vitamin c reduced ascorbic acid	existing	organic_acids_to_specific_existing
1025	Organic acids	organic acids	1164	Vitamin C, dehydro ascorbic acid	vitamin c dehydro ascorbic acid	existing	organic_acids_to_specific_existing
1025	Organic acids	organic acids	1170	Pantothenic acid	pantothenic acid	existing	organic_acids_to_specific_existing
1025	Organic acids	organic acids	1186	Folic acid	folic acid	existing	organic_acids_to_specific_existing
1025	Organic acids	organic acids	1191	10-Formyl folic acid (10HCOFA)	10 formyl folic acid 10hcofa	existing	organic_acids_to_specific_existing
1025	Organic acids	organic acids	1192	5-Formyltetrahydrofolic acid (5-HCOH4	5 formyltetrahydrofolic acid 5 hcoh4	existing	organic_acids_to_specific_existing
1025	Organic acids	organic acids	1193	Tetrahydrofolic acid (THF)	tetrahydrofolic acid	existing	organic_acids_to_specific_existing
1025	Organic acids	organic acids	1200	p-Hydroxy benzoic acid	p hydroxy benzoic acid	existing	organic_acids_to_specific_existing
1025	Organic acids	organic acids	1201	Caffeic acid	caffeic acid	existing	organic_acids_to_specific_existing
1025	Organic acids	organic acids	1202	p-Coumaric acid	p coumaric acid	existing	organic_acids_to_specific_existing
1025	Organic acids	organic acids	1203	Ellagic acid	ellagic acid	existing	organic_acids_to_specific_existing
1025	Organic acids	organic acids	1204	Ferrulic acid	ferrulic acid	existing	organic_acids_to_specific_existing
1025	Organic acids	organic acids	1205	Gentisic acid	gentisic acid	existing	organic_acids_to_specific_existing
1025	Organic acids	organic acids	1207	Vanillic acid	vanillic acid	existing	organic_acids_to_specific_existing
1025	Organic acids	organic acids	1223	Aspartic acid	aspartic acid	existing	organic_acids_to_specific_existing
1025	Organic acids	organic acids	1224	Glutamic acid	glutamic acid	existing	organic_acids_to_specific_existing
1025	Organic acids	organic acids	95000	Formic acid	formic acid	existing	organic_acids_to_specific_existing
1025	Organic acids	organic acids	95001	Gluconic acid	gluconic acid	existing	organic_acids_to_specific_existing
1025	Organic acids	organic acids	95002	Malonic acid	malonic acid	existing	organic_acids_to_specific_existing
1025	Organic acids	organic acids	95003	alpha-Ketoglutaric acid	alpha ketoglutaric acid	existing	organic_acids_to_specific_existing
1025	Organic acids	organic acids	95004	Orotic acid	orotic acid	existing	organic_acids_to_specific_existing
1025	Organic acids	organic acids	95005	Ferulic acid	ferulic acid	existing	organic_acids_to_specific_existing
1025	Organic acids	organic acids	99999	Phytic Acid / Myo-Inositol	phytic acid myo inositol	existing	organic_acids_to_specific_existing
1025	Organic acids	organic acids	230012	Propionic acid  (g)	propionic acid	existing	organic_acids_to_specific_existing
1025	Organic acids	organic acids	230013	Shikimic acid  (g)	shikimic acid	existing	organic_acids_to_specific_existing
1025	Organic acids	organic acids	230027	Pantothenic acid (B5)  (mg)	pantothenic acid b5	existing	organic_acids_to_specific_existing
1025	Organic acids	organic acids	240025	2,3-Dihydroxybenzoic acid	2 3 dihydroxybenzoic acid	existing	organic_acids_to_specific_existing
1025	Organic acids	organic acids	240026	2,4-Dihydroxybenzoic acid	2 4 dihydroxybenzoic acid	existing	organic_acids_to_specific_existing
1025	Organic acids	organic acids	240027	2,5-di-S-Glutathionyl caftaric acid	2 5 di s glutathionyl caftaric acid	existing	organic_acids_to_specific_existing
1025	Organic acids	organic acids	240028	2,6-Dihydroxybenzoic acid	2 6 dihydroxybenzoic acid	existing	organic_acids_to_specific_existing
1025	Organic acids	organic acids	240029	2-Hydroxybenzoic acid	2 hydroxybenzoic acid	existing	organic_acids_to_specific_existing
1025	Organic acids	organic acids	240031	2-S-Glutathionyl caftaric acid	2 s glutathionyl caftaric acid	existing	organic_acids_to_specific_existing
1025	Organic acids	organic acids	240039	3,4-Dicaffeoylquinic acid	3 4 dicaffeoylquinic acid	existing	organic_acids_to_specific_existing
1025	Organic acids	organic acids	240040	3,4-Diferuloylquinic acid	3 4 diferuloylquinic acid	existing	organic_acids_to_specific_existing
1025	Organic acids	organic acids	240041	3,4-Dihydroxyphenylacetic acid	3 4 dihydroxyphenylacetic acid	existing	organic_acids_to_specific_existing
1025	Organic acids	organic acids	240043	3,5-Dicaffeoylquinic acid	3 5 dicaffeoylquinic acid	existing	organic_acids_to_specific_existing
1025	Organic acids	organic acids	240044	3,5-Diferuloylquinic acid	3 5 diferuloylquinic acid	existing	organic_acids_to_specific_existing
1025	Organic acids	organic acids	240045	3,5-Dihydroxybenzoic acid	3 5 dihydroxybenzoic acid	existing	organic_acids_to_specific_existing
1025	Organic acids	organic acids	240047	3-Caffeoylquinic acid	3 caffeoylquinic acid	existing	organic_acids_to_specific_existing
1025	Organic acids	organic acids	240048	3-Feruloylquinic acid	3 feruloylquinic acid	existing	organic_acids_to_specific_existing
1025	Organic acids	organic acids	240049	3-Hydroxybenzoic acid	3 hydroxybenzoic acid	existing	organic_acids_to_specific_existing
1025	Organic acids	organic acids	240056	3-Sinapoylquinic acid	3 sinapoylquinic acid	existing	organic_acids_to_specific_existing
1025	Organic acids	organic acids	240057	3-p-Coumaroylquinic acid	3 p coumaroylquinic acid	existing	organic_acids_to_specific_existing
1025	Organic acids	organic acids	240058	4,5-Dicaffeoylquinic acid	4 5 dicaffeoylquinic acid	existing	organic_acids_to_specific_existing
1025	Organic acids	organic acids	240059	4-Caffeoylquinic acid	4 caffeoylquinic acid	existing	organic_acids_to_specific_existing
1025	Organic acids	organic acids	240063	4-Feruloylquinic acid	4 feruloylquinic acid	existing	organic_acids_to_specific_existing
1025	Organic acids	organic acids	240065	4-Hydroxybenzoic acid	4 hydroxybenzoic acid	existing	organic_acids_to_specific_existing
1025	Organic acids	organic acids	240066	4-Hydroxybenzoic acid 4-O-glucoside	4 hydroxybenzoic acid 4 o glucoside	existing	organic_acids_to_specific_existing
1025	Organic acids	organic acids	240068	4-Hydroxyphenylacetic acid	4 hydroxyphenylacetic acid	existing	organic_acids_to_specific_existing
1025	Organic acids	organic acids	240070	4-Sinapoylquinic acid	4 sinapoylquinic acid	existing	organic_acids_to_specific_existing
1025	Organic acids	organic acids	240074	4-p-Coumaroylquinic acid	4 p coumaroylquinic acid	existing	organic_acids_to_specific_existing
1025	Organic acids	organic acids	240078	5-5'-Dehydrodiferulic acid	5 5 dehydrodiferulic acid	existing	organic_acids_to_specific_existing
1025	Organic acids	organic acids	240079	5-8'-Benzofuran dehydrodiferulic acid	5 8 benzofuran dehydrodiferulic acid	existing	organic_acids_to_specific_existing
1025	Organic acids	organic acids	240080	5-8'-Dehydrodiferulic acid	5 8 dehydrodiferulic acid	existing	organic_acids_to_specific_existing
1025	Organic acids	organic acids	240081	5-Caffeoylquinic acid	5 caffeoylquinic acid	existing	organic_acids_to_specific_existing
1025	Organic acids	organic acids	240082	5-Feruloylquinic acid	5 feruloylquinic acid	existing	organic_acids_to_specific_existing
1025	Organic acids	organic acids	240088	5-O-Galloylquinic acid	5 o galloylquinic acid	existing	organic_acids_to_specific_existing
1025	Organic acids	organic acids	240092	5-Sinapoylquinic acid	5 sinapoylquinic acid	existing	organic_acids_to_specific_existing
1025	Organic acids	organic acids	240095	5-p-Coumaroylquinic acid	5 p coumaroylquinic acid	existing	organic_acids_to_specific_existing
1025	Organic acids	organic acids	240112	8-O-4'-Dehydrodiferulic acid	8 o 4 dehydrodiferulic acid	existing	organic_acids_to_specific_existing
1025	Organic acids	organic acids	240135	Benzoic acid	benzoic acid	existing	organic_acids_to_specific_existing
1025	Organic acids	organic acids	240140	Caffeic acid	caffeic acid	existing	organic_acids_to_specific_existing
1025	Organic acids	organic acids	240141	Caffeic acid 4-O-glucoside	caffeic acid 4 o glucoside	existing	organic_acids_to_specific_existing
1025	Organic acids	organic acids	240142	Caffeic acid ethyl ester	caffeic acid ethyl ester	existing	organic_acids_to_specific_existing
1025	Organic acids	organic acids	240143	Caffeoyl aspartic acid	caffeoyl aspartic acid	existing	organic_acids_to_specific_existing
1025	Organic acids	organic acids	240145	Caffeoyl tartaric acid	caffeoyl tartaric acid	existing	organic_acids_to_specific_existing
1025	Organic acids	organic acids	240146	Carnosic acid	carnosic acid	existing	organic_acids_to_specific_existing
1025	Organic acids	organic acids	240150	Chicoric acid	chicoric acid	existing	organic_acids_to_specific_existing
1025	Organic acids	organic acids	240156	Cinnamic acid	cinnamic acid	existing	organic_acids_to_specific_existing
1025	Organic acids	organic acids	240203	Dihydro-p-coumaric acid	dihydro p coumaric acid	existing	organic_acids_to_specific_existing
1025	Organic acids	organic acids	240204	Dihydrocaffeic acid	dihydrocaffeic acid	existing	organic_acids_to_specific_existing
1025	Organic acids	organic acids	240210	Ellagic acid	ellagic acid	existing	organic_acids_to_specific_existing
1025	Organic acids	organic acids	240211	Ellagic acid acetyl-arabinoside	ellagic acid acetyl arabinoside	existing	organic_acids_to_specific_existing
1025	Organic acids	organic acids	240212	Ellagic acid acetyl-xyloside	ellagic acid acetyl xyloside	existing	organic_acids_to_specific_existing
1025	Organic acids	organic acids	240213	Ellagic acid arabinoside	ellagic acid arabinoside	existing	organic_acids_to_specific_existing
1025	Organic acids	organic acids	240214	Ellagic acid glucoside	ellagic acid glucoside	existing	organic_acids_to_specific_existing
1025	Organic acids	organic acids	240227	Ferulic acid	ferulic acid	existing	organic_acids_to_specific_existing
1025	Organic acids	organic acids	240228	Ferulic acid 4-O-glucoside	ferulic acid 4 o glucoside	existing	organic_acids_to_specific_existing
1025	Organic acids	organic acids	240230	Feruloyl tartaric acid	feruloyl tartaric acid	existing	organic_acids_to_specific_existing
1025	Organic acids	organic acids	240233	Gallic acid	gallic acid	existing	organic_acids_to_specific_existing
1025	Organic acids	organic acids	240234	Gallic acid 3-O-gallate	gallic acid 3 o gallate	existing	organic_acids_to_specific_existing
1025	Organic acids	organic acids	240235	Gallic acid 4-O-glucoside	gallic acid 4 o glucoside	existing	organic_acids_to_specific_existing
1025	Organic acids	organic acids	240236	Gallic acid ethyl ester	gallic acid ethyl ester	existing	organic_acids_to_specific_existing
1025	Organic acids	organic acids	240242	Gentisic acid	gentisic acid	existing	organic_acids_to_specific_existing
1025	Organic acids	organic acids	240250	Homovanillic acid	homovanillic acid	existing	organic_acids_to_specific_existing
1025	Organic acids	organic acids	240251	Homoveratric acid	homoveratric acid	existing	organic_acids_to_specific_existing
1025	Organic acids	organic acids	240252	Hydroxycaffeic acid	hydroxycaffeic acid	existing	organic_acids_to_specific_existing
1025	Organic acids	organic acids	240255	Isoferulic acid	isoferulic acid	existing	organic_acids_to_specific_existing
1025	Organic acids	organic acids	240320	Methoxyphenylacetic acid	methoxyphenylacetic acid	existing	organic_acids_to_specific_existing
1025	Organic acids	organic acids	240407	Protocatechuic acid	protocatechuic acid	existing	organic_acids_to_specific_existing
1025	Organic acids	organic acids	240408	Protocatechuic acid 4-O-glucoside	protocatechuic acid 4 o glucoside	existing	organic_acids_to_specific_existing
1025	Organic acids	organic acids	240446	Rosmarinic acid	rosmarinic acid	existing	organic_acids_to_specific_existing
1025	Organic acids	organic acids	240460	Sinapic acid	sinapic acid	existing	organic_acids_to_specific_existing
1025	Organic acids	organic acids	240471	Syringic acid	syringic acid	existing	organic_acids_to_specific_existing
1025	Organic acids	organic acids	240483	Valoneic acid dilactone	valoneic acid dilactone	existing	organic_acids_to_specific_existing
1025	Organic acids	organic acids	240484	Vanillic acid	vanillic acid	existing	organic_acids_to_specific_existing
1025	Organic acids	organic acids	240493	m-Coumaric acid	m coumaric acid	existing	organic_acids_to_specific_existing
1025	Organic acids	organic acids	240494	o-Coumaric acid	o coumaric acid	existing	organic_acids_to_specific_existing
1025	Organic acids	organic acids	240496	p-Coumaric acid	p coumaric acid	existing	organic_acids_to_specific_existing
1025	Organic acids	organic acids	240497	p-Coumaric acid 4-O-glucoside	p coumaric acid 4 o glucoside	existing	organic_acids_to_specific_existing
1025	Organic acids	organic acids	240498	p-Coumaric acid ethyl ester	p coumaric acid ethyl ester	existing	organic_acids_to_specific_existing
1025	Organic acids	organic acids	240500	p-Coumaroyl glycolic acid	p coumaroyl glycolic acid	existing	organic_acids_to_specific_existing
1025	Organic acids	organic acids	240501	p-Coumaroyl malic acid	p coumaroyl malic acid	existing	organic_acids_to_specific_existing
1025	Organic acids	organic acids	240502	p-Coumaroyl tartaric acid	p coumaroyl tartaric acid	existing	organic_acids_to_specific_existing
1025	Organic acids	organic acids	240503	p-Coumaroyl tartaric acid glucosidic ester	p coumaroyl tartaric acid glucosidic ester	existing	organic_acids_to_specific_existing
1025	Organic acids	organic acids	240505	p-Coumaroylquinic acid	p coumaroylquinic acid	existing	organic_acids_to_specific_existing
1025	Organic acids	organic acids	250005	Protein, calculated as the sum of amino acid residues	protein calculated as the sum of amino acid residues	existing	organic_acids_to_specific_existing
1025	Organic acids	organic acids	250006	Fatty acid, triacyl-glycerol equivalents	fatty acid triacyl glycerol	existing	organic_acids_to_specific_existing
1025	Organic acids	organic acids	250007	Fatty acid, saturated	fatty acid saturated	existing	organic_acids_to_specific_existing
1025	Organic acids	organic acids	250008	Fatty acid, mono-unsaturated	fatty acid mono unsaturated	existing	organic_acids_to_specific_existing
1025	Organic acids	organic acids	250009	Fatty acid, poly-unsaturated	fatty acid poly unsaturated	existing	organic_acids_to_specific_existing
1025	Organic acids	organic acids	250024	Ascorbic acid	ascorbic acid	existing	organic_acids_to_specific_existing
1025	Organic acids	organic acids	250026	Protein: the sum of amino acid residues	protein the sum of amino acid residues	existing	organic_acids_to_specific_existing
1025	Organic acids	organic acids	250036	Fatty acid 10:0	fatty acid 10 0	existing	organic_acids_to_specific_existing
1025	Organic acids	organic acids	250037	Fatty acid 12:0	fatty acid 12 0	existing	organic_acids_to_specific_existing
1025	Organic acids	organic acids	250038	Fatty acid 14:0	fatty acid 14 0	existing	organic_acids_to_specific_existing
1025	Organic acids	organic acids	250039	Fatty acid 15:0	fatty acid 15 0	existing	organic_acids_to_specific_existing
1025	Organic acids	organic acids	250040	Fatty acid 16:0	fatty acid 16 0	existing	organic_acids_to_specific_existing
1025	Organic acids	organic acids	250041	Fatty acid 17:0	fatty acid 17 0	existing	organic_acids_to_specific_existing
1025	Organic acids	organic acids	250042	Fatty acid 18:0	fatty acid 18 0	existing	organic_acids_to_specific_existing
1025	Organic acids	organic acids	250043	Fatty acid 20:0	fatty acid 20 0	existing	organic_acids_to_specific_existing
1025	Organic acids	organic acids	250044	Fatty acid 22:0	fatty acid 22 0	existing	organic_acids_to_specific_existing
1025	Organic acids	organic acids	250045	Fatty acid 24:0	fatty acid 24 0	existing	organic_acids_to_specific_existing
1025	Organic acids	organic acids	250046	Fatty acid 10:1	fatty acid 10 1	existing	organic_acids_to_specific_existing
1025	Organic acids	organic acids	250047	Fatty acid 14:1	fatty acid 14 1	existing	organic_acids_to_specific_existing
1025	Organic acids	organic acids	250048	Fatty acid 15:1	fatty acid 15 1	existing	organic_acids_to_specific_existing
1025	Organic acids	organic acids	250049	Fatty acid 16:1	fatty acid 16 1	existing	organic_acids_to_specific_existing
1025	Organic acids	organic acids	250050	Fatty acid 17:1	fatty acid 17 1	existing	organic_acids_to_specific_existing
1025	Organic acids	organic acids	250051	Fatty acid 18:1 undifferentiated	fatty acid 18 1 undifferentiated	existing	organic_acids_to_specific_existing
1025	Organic acids	organic acids	250052	Fatty acid 20:1	fatty acid 20 1	existing	organic_acids_to_specific_existing
1025	Organic acids	organic acids	250053	Fatty acid 22:1	fatty acid 22 1	existing	organic_acids_to_specific_existing
1025	Organic acids	organic acids	250054	Fatty acid 24:1	fatty acid 24 1	existing	organic_acids_to_specific_existing
1025	Organic acids	organic acids	250055	Fatty acid 16:2	fatty acid 16 2	existing	organic_acids_to_specific_existing
1025	Organic acids	organic acids	250056	Fatty acid 16:3	fatty acid 16 3	existing	organic_acids_to_specific_existing
1025	Organic acids	organic acids	250057	Fatty acid 16:4	fatty acid 16 4	existing	organic_acids_to_specific_existing
1025	Organic acids	organic acids	250058	Fatty acid 18:2 n-6	fatty acid 18 2 n 6	existing	organic_acids_to_specific_existing
1025	Organic acids	organic acids	250059	Fatty acid 18:3 n-3	fatty acid 18 3 n 3	existing	organic_acids_to_specific_existing
1025	Organic acids	organic acids	250060	Fatty acid 18:3 n-6	fatty acid 18 3 n 6	existing	organic_acids_to_specific_existing
1025	Organic acids	organic acids	250061	Fatty acid 18:4 n-3	fatty acid 18 4 n 3	existing	organic_acids_to_specific_existing
1025	Organic acids	organic acids	250062	Fatty acid 20:2 n-6	fatty acid 20 2 n 6	existing	organic_acids_to_specific_existing
1025	Organic acids	organic acids	250063	Fatty acid 20:3 n-6	fatty acid 20 3 n 6	existing	organic_acids_to_specific_existing
1025	Organic acids	organic acids	250064	Fatty acid 20:4 n-3	fatty acid 20 4 n 3	existing	organic_acids_to_specific_existing
1025	Organic acids	organic acids	250065	Fatty acid 20:4 n-6	fatty acid 20 4 n 6	existing	organic_acids_to_specific_existing
1025	Organic acids	organic acids	250066	Fatty acid 20:5 n-3	fatty acid 20 5 n 3	existing	organic_acids_to_specific_existing
1025	Organic acids	organic acids	250067	Fatty acid 21:5 n-3	fatty acid 21 5 n 3	existing	organic_acids_to_specific_existing
1025	Organic acids	organic acids	250068	Fatty acid 22:2	fatty acid 22 2	existing	organic_acids_to_specific_existing
1025	Organic acids	organic acids	250069	Fatty acid 22:4 n-6	fatty acid 22 4 n 6	existing	organic_acids_to_specific_existing
1025	Organic acids	organic acids	250070	Fatty acid 22:5 n-3	fatty acid 22 5 n 3	existing	organic_acids_to_specific_existing
1025	Organic acids	organic acids	250071	Fatty acid 22:5 n-6	fatty acid 22 5 n 6	existing	organic_acids_to_specific_existing
1025	Organic acids	organic acids	250072	Fatty acid 22:6 n-3	fatty acid 22 6 n 3	existing	organic_acids_to_specific_existing
1050	Carbohydrate, by summation	carbohydrate by summation	260230	Carbohydrate, by difference	carbohydrate by difference	existing	carb_alias
260230	Carbohydrate, by difference	carbohydrate by difference	1009	Starch	starch	existing	carb_to_complex_carbs
260230	Carbohydrate, by difference	carbohydrate by difference	1010	Sucrose	sucrose	existing	carb_to_sugars
260230	Carbohydrate, by difference	carbohydrate by difference	1011	Glucose	glucose	existing	carb_to_sugars
260230	Carbohydrate, by difference	carbohydrate by difference	1012	Fructose	fructose	existing	carb_to_sugars
260230	Carbohydrate, by difference	carbohydrate by difference	1013	Lactose	lactose	existing	carb_to_sugars
260230	Carbohydrate, by difference	carbohydrate by difference	1014	Maltose	maltose	existing	carb_to_sugars
260230	Carbohydrate, by difference	carbohydrate by difference	1015	Amylose	amylose	existing	carb_to_complex_carbs
260230	Carbohydrate, by difference	carbohydrate by difference	1016	Amylopectin	amylopectin	existing	carb_to_complex_carbs
260230	Carbohydrate, by difference	carbohydrate by difference	1017	Pectin	pectin	existing	carb_to_complex_carbs
260230	Carbohydrate, by difference	carbohydrate by difference	1019	Pentosan	pentosan	existing	carb_to_complex_carbs
260230	Carbohydrate, by difference	carbohydrate by difference	1020	Pentoses	pentoses	existing	carb_to_complex_carbs
260230	Carbohydrate, by difference	carbohydrate by difference	1021	Hemicellulose	hemicellulose	existing	carb_to_complex_carbs
260230	Carbohydrate, by difference	carbohydrate by difference	1022	Cellulose	cellulose	existing	carb_to_complex_carbs
260230	Carbohydrate, by difference	carbohydrate by difference	1055	Mannitol	mannitol	existing	carb_to_sugars
260230	Carbohydrate, by difference	carbohydrate by difference	1056	Sorbitol	sorbitol	existing	carb_to_sugars
260230	Carbohydrate, by difference	carbohydrate by difference	1065	Glycogen	glycogen	existing	carb_to_complex_carbs
260230	Carbohydrate, by difference	carbohydrate by difference	1071	Resistant starch	resistant starch	existing	carb_to_complex_carbs
260230	Carbohydrate, by difference	carbohydrate by difference	1073	Arabinose	arabinose	existing	carb_to_complex_carbs
260230	Carbohydrate, by difference	carbohydrate by difference	1074	Xylose	xylose	existing	carb_to_complex_carbs
260230	Carbohydrate, by difference	carbohydrate by difference	1075	Galactose	galactose	existing	carb_to_sugars
260230	Carbohydrate, by difference	carbohydrate by difference	1076	Raffinose	raffinose	existing	carb_to_complex_carbs
260230	Carbohydrate, by difference	carbohydrate by difference	1077	Stachyose	stachyose	existing	carb_to_complex_carbs
260230	Carbohydrate, by difference	carbohydrate by difference	1078	Xylitol	xylitol	existing	carb_to_sugars
260230	Carbohydrate, by difference	carbohydrate by difference	1081	Ribose	ribose	existing	carb_to_complex_carbs
260230	Carbohydrate, by difference	carbohydrate by difference	1399	Mannose	mannose	existing	carb_to_complex_carbs
260230	Carbohydrate, by difference	carbohydrate by difference	1400	Triose	triose	existing	carb_to_complex_carbs
260230	Carbohydrate, by difference	carbohydrate by difference	1401	Tetrose	tetrose	existing	carb_to_complex_carbs
260230	Carbohydrate, by difference	carbohydrate by difference	1403	Inulin	inulin	existing	carb_to_complex_carbs
260230	Carbohydrate, by difference	carbohydrate by difference	2063	Verbascose	verbascose	existing	carb_to_complex_carbs
260230	Carbohydrate, by difference	carbohydrate by difference	96415	Dietary fibre and starch	dietary fibre and starch	existing	carb_to_complex_carbs
260230	Carbohydrate, by difference	carbohydrate by difference	97211	STARCH-	starch	existing	carb_to_complex_carbs
260230	Carbohydrate, by difference	carbohydrate by difference	97212	Starch/Glycogen	starch glycogen	existing	carb_to_complex_carbs
260230	Carbohydrate, by difference	carbohydrate by difference	220013	STARCH-(g)	starch	existing	carb_to_complex_carbs
260230	Carbohydrate, by difference	carbohydrate by difference	220107	STARCH-(g)	starch	existing	carb_to_complex_carbs
260230	Carbohydrate, by difference	carbohydrate by difference	240003	(+)-Catechin 3-O-glucose	catechin 3 o glucose	existing	carb_to_sugars
260230	Carbohydrate, by difference	carbohydrate by difference	240144	Caffeoyl glucose	caffeoyl glucose	existing	carb_to_sugars
260230	Carbohydrate, by difference	carbohydrate by difference	240157	Cinnamoyl glucose	cinnamoyl glucose	existing	carb_to_sugars
260230	Carbohydrate, by difference	carbohydrate by difference	240229	Feruloyl glucose	feruloyl glucose	existing	carb_to_sugars
260230	Carbohydrate, by difference	carbohydrate by difference	240238	Galloyl glucose	galloyl glucose	existing	carb_to_sugars
260230	Carbohydrate, by difference	carbohydrate by difference	240499	p-Coumaroyl glucose	p coumaroyl glucose	existing	carb_to_sugars
1052	Adjusted Nitrogen	adjusted nitrogen	1002	Nitrogen	nitrogen	existing	alias_to_canonical
1053	Adjusted Protein	adjusted protein	1003	Protein	protein	existing	alias_to_canonical
1061	Nitrosamine,total	nitrosamine total	260231	Nitrosamine	nitrosamine	new	alias_to_canonical
1066	Fiber, neutral detergent (DO NOT USE - Archived)	fiber neutral detergent	1079	Fiber, total dietary	fiber total dietary	existing	alias_to_canonical
1067	Reducing sugars	reducing sugars	260230	Carbohydrate, by difference	carbohydrate by difference	existing	alias_to_canonical
1068	Beta-glucans	beta glucans	2058	Beta-glucan	beta glucan	existing	alias_to_canonical
1069	Oligosaccharides	oligosaccharides	260230	Carbohydrate, by difference	carbohydrate by difference	existing	alias_to_canonical
1070	Nonstarch polysaccharides	nonstarch polysaccharides	1022	Cellulose	cellulose	existing	nonstarch_polysaccharides_to_components
1070	Nonstarch polysaccharides	nonstarch polysaccharides	1021	Hemicellulose	hemicellulose	existing	nonstarch_polysaccharides_to_components
1070	Nonstarch polysaccharides	nonstarch polysaccharides	1017	Pectin	pectin	existing	nonstarch_polysaccharides_to_components
1070	Nonstarch polysaccharides	nonstarch polysaccharides	2058	Beta-glucan	beta glucan	existing	nonstarch_polysaccharides_to_components
1070	Nonstarch polysaccharides	nonstarch polysaccharides	1403	Inulin	inulin	existing	nonstarch_polysaccharides_to_components
1072	Carbohydrate, other	carbohydrate other	260230	Carbohydrate, by difference	carbohydrate by difference	existing	carb_alias
260230	Carbohydrate, by difference	carbohydrate by difference	1009	Starch	starch	existing	carb_to_complex_carbs
260230	Carbohydrate, by difference	carbohydrate by difference	1010	Sucrose	sucrose	existing	carb_to_sugars
260230	Carbohydrate, by difference	carbohydrate by difference	1011	Glucose	glucose	existing	carb_to_sugars
260230	Carbohydrate, by difference	carbohydrate by difference	1012	Fructose	fructose	existing	carb_to_sugars
260230	Carbohydrate, by difference	carbohydrate by difference	1013	Lactose	lactose	existing	carb_to_sugars
260230	Carbohydrate, by difference	carbohydrate by difference	1014	Maltose	maltose	existing	carb_to_sugars
260230	Carbohydrate, by difference	carbohydrate by difference	1015	Amylose	amylose	existing	carb_to_complex_carbs
260230	Carbohydrate, by difference	carbohydrate by difference	1016	Amylopectin	amylopectin	existing	carb_to_complex_carbs
260230	Carbohydrate, by difference	carbohydrate by difference	1017	Pectin	pectin	existing	carb_to_complex_carbs
260230	Carbohydrate, by difference	carbohydrate by difference	1019	Pentosan	pentosan	existing	carb_to_complex_carbs
260230	Carbohydrate, by difference	carbohydrate by difference	1020	Pentoses	pentoses	existing	carb_to_complex_carbs
260230	Carbohydrate, by difference	carbohydrate by difference	1021	Hemicellulose	hemicellulose	existing	carb_to_complex_carbs
260230	Carbohydrate, by difference	carbohydrate by difference	1022	Cellulose	cellulose	existing	carb_to_complex_carbs
260230	Carbohydrate, by difference	carbohydrate by difference	1055	Mannitol	mannitol	existing	carb_to_sugars
260230	Carbohydrate, by difference	carbohydrate by difference	1056	Sorbitol	sorbitol	existing	carb_to_sugars
260230	Carbohydrate, by difference	carbohydrate by difference	1065	Glycogen	glycogen	existing	carb_to_complex_carbs
260230	Carbohydrate, by difference	carbohydrate by difference	1071	Resistant starch	resistant starch	existing	carb_to_complex_carbs
260230	Carbohydrate, by difference	carbohydrate by difference	1073	Arabinose	arabinose	existing	carb_to_complex_carbs
260230	Carbohydrate, by difference	carbohydrate by difference	1074	Xylose	xylose	existing	carb_to_complex_carbs
260230	Carbohydrate, by difference	carbohydrate by difference	1075	Galactose	galactose	existing	carb_to_sugars
260230	Carbohydrate, by difference	carbohydrate by difference	1076	Raffinose	raffinose	existing	carb_to_complex_carbs
260230	Carbohydrate, by difference	carbohydrate by difference	1077	Stachyose	stachyose	existing	carb_to_complex_carbs
260230	Carbohydrate, by difference	carbohydrate by difference	1078	Xylitol	xylitol	existing	carb_to_sugars
260230	Carbohydrate, by difference	carbohydrate by difference	1081	Ribose	ribose	existing	carb_to_complex_carbs
260230	Carbohydrate, by difference	carbohydrate by difference	1399	Mannose	mannose	existing	carb_to_complex_carbs
260230	Carbohydrate, by difference	carbohydrate by difference	1400	Triose	triose	existing	carb_to_complex_carbs
260230	Carbohydrate, by difference	carbohydrate by difference	1401	Tetrose	tetrose	existing	carb_to_complex_carbs
260230	Carbohydrate, by difference	carbohydrate by difference	1403	Inulin	inulin	existing	carb_to_complex_carbs
260230	Carbohydrate, by difference	carbohydrate by difference	2063	Verbascose	verbascose	existing	carb_to_complex_carbs
260230	Carbohydrate, by difference	carbohydrate by difference	96415	Dietary fibre and starch	dietary fibre and starch	existing	carb_to_complex_carbs
260230	Carbohydrate, by difference	carbohydrate by difference	97211	STARCH-	starch	existing	carb_to_complex_carbs
260230	Carbohydrate, by difference	carbohydrate by difference	97212	Starch/Glycogen	starch glycogen	existing	carb_to_complex_carbs
260230	Carbohydrate, by difference	carbohydrate by difference	220013	STARCH-(g)	starch	existing	carb_to_complex_carbs
260230	Carbohydrate, by difference	carbohydrate by difference	220107	STARCH-(g)	starch	existing	carb_to_complex_carbs
260230	Carbohydrate, by difference	carbohydrate by difference	240003	(+)-Catechin 3-O-glucose	catechin 3 o glucose	existing	carb_to_sugars
260230	Carbohydrate, by difference	carbohydrate by difference	240144	Caffeoyl glucose	caffeoyl glucose	existing	carb_to_sugars
260230	Carbohydrate, by difference	carbohydrate by difference	240157	Cinnamoyl glucose	cinnamoyl glucose	existing	carb_to_sugars
260230	Carbohydrate, by difference	carbohydrate by difference	240229	Feruloyl glucose	feruloyl glucose	existing	carb_to_sugars
260230	Carbohydrate, by difference	carbohydrate by difference	240238	Galloyl glucose	galloyl glucose	existing	carb_to_sugars
260230	Carbohydrate, by difference	carbohydrate by difference	240499	p-Coumaroyl glucose	p coumaroyl glucose	existing	carb_to_sugars
1079	Fiber, total dietary	fiber total dietary	1022	Cellulose	cellulose	existing	fiber_to_specific_fibers
1079	Fiber, total dietary	fiber total dietary	1021	Hemicellulose	hemicellulose	existing	fiber_to_specific_fibers
1079	Fiber, total dietary	fiber total dietary	1017	Pectin	pectin	existing	fiber_to_specific_fibers
1079	Fiber, total dietary	fiber total dietary	2058	Beta-glucan	beta glucan	existing	fiber_to_specific_fibers
1079	Fiber, total dietary	fiber total dietary	1403	Inulin	inulin	existing	fiber_to_specific_fibers
1079	Fiber, total dietary	fiber total dietary	1071	Resistant starch	resistant starch	existing	fiber_to_specific_fibers
1082	Fiber, soluble	fiber soluble	1079	Fiber, total dietary	fiber total dietary	existing	alias_to_canonical
1084	Fiber, insoluble	fiber insoluble	1079	Fiber, total dietary	fiber total dietary	existing	alias_to_canonical
1085	Total fat (NLEA)	fat	1105	Retinol	retinol	existing	fat_to_fatty_acids
1085	Total fat (NLEA)	fat	1107	Carotene, beta	carotene beta	existing	fat_to_fatty_acids
1085	Total fat (NLEA)	fat	1108	Carotene, alpha	carotene alpha	existing	fat_to_fatty_acids
1085	Total fat (NLEA)	fat	1116	Phytoene	phytoene	existing	fat_to_fatty_acids
1085	Total fat (NLEA)	fat	1117	Phytofluene	phytofluene	existing	fat_to_fatty_acids
1085	Total fat (NLEA)	fat	1118	Carotene, gamma	carotene gamma	existing	fat_to_fatty_acids
1085	Total fat (NLEA)	fat	1119	Zeaxanthin	zeaxanthin	existing	fat_to_fatty_acids
1085	Total fat (NLEA)	fat	1121	Lutein	lutein	existing	fat_to_fatty_acids
1085	Total fat (NLEA)	fat	1122	Lycopene	lycopene	existing	fat_to_fatty_acids
1085	Total fat (NLEA)	fat	1157	Carotene	carotene	existing	fat_to_fatty_acids
1085	Total fat (NLEA)	fat	1159	cis-beta-Carotene	cis beta carotene	existing	fat_to_fatty_acids
1085	Total fat (NLEA)	fat	1160	cis-Lycopene	cis lycopene	existing	fat_to_fatty_acids
1085	Total fat (NLEA)	fat	1253	Cholesterol	cholesterol	existing	fat_to_fatty_acids
1085	Total fat (NLEA)	fat	1272	PUFA 22:6 n-3 (DHA)	pufa 22 6 n 3	existing	fat_to_fatty_acids
1085	Total fat (NLEA)	fat	1278	PUFA 20:5 n-3 (EPA)	pufa 20 5 n 3	existing	fat_to_fatty_acids
1085	Total fat (NLEA)	fat	1284	Ergosterol	ergosterol	existing	fat_to_fatty_acids
1085	Total fat (NLEA)	fat	1285	Stigmasterol	stigmasterol	existing	fat_to_fatty_acids
1085	Total fat (NLEA)	fat	1286	Campesterol	campesterol	existing	fat_to_fatty_acids
1085	Total fat (NLEA)	fat	2028	trans-beta-Carotene	trans beta carotene	existing	fat_to_fatty_acids
1085	Total fat (NLEA)	fat	2029	trans-Lycopene	trans lycopene	existing	fat_to_fatty_acids
1085	Total fat (NLEA)	fat	96011	13-cis-retinol	13 cis retinol	existing	fat_to_fatty_acids
1085	Total fat (NLEA)	fat	96064	Alfa-carotene	alfa carotene	existing	fat_to_fatty_acids
1085	Total fat (NLEA)	fat	96075	All-trans-retinol	all trans retinol	existing	fat_to_fatty_acids
1085	Total fat (NLEA)	fat	96076	Alpha-carotene	alpha carotene	existing	fat_to_fatty_acids
1085	Total fat (NLEA)	fat	96113	Beta-carotene	beta carotene	existing	fat_to_fatty_acids
1085	Total fat (NLEA)	fat	96236	C20:5 n-3 cis (EPA)	c20 5 n 3 cis	existing	fat_to_fatty_acids
1085	Total fat (NLEA)	fat	96266	C22:6 n-3 cis (DHA)	c22 6 n 3 cis	existing	fat_to_fatty_acids
1085	Total fat (NLEA)	fat	97048	Other Cholesterol and Phytosterols	other cholesterol and phytosterols	existing	fat_to_fatty_acids
1085	Total fat (NLEA)	fat	97099	Phytosterol	phytosterol	existing	fat_to_fatty_acids
1085	Total fat (NLEA)	fat	97154	Retinol activity equialents (RAE)	retinol activity equialents	existing	fat_to_fatty_acids
1085	Total fat (NLEA)	fat	97309	Vitamin A, retinol	vitamin a retinol	existing	fat_to_fatty_acids
1085	Total fat (NLEA)	fat	97360	Equivalent beta-carotene ou	equivalent beta carotene ou	existing	fat_to_fatty_acids
1085	Total fat (NLEA)	fat	230017	Retinol (preformed vitamin A)  (ug)	retinol preformed vitamin a	existing	fat_to_fatty_acids
1085	Total fat (NLEA)	fat	230019	Beta-carotene equivalents (provitamin A)  (ug)	beta carotene	existing	fat_to_fatty_acids
1085	Total fat (NLEA)	fat	230020	Vitamin A retinol equivalents  (ug)	vitamin a retinol	existing	fat_to_fatty_acids
1085	Total fat (NLEA)	fat	230098	Total long chain omega 3 fatty acids, equated  (%T)	long chain omega 3 fatty acids equated t	existing	fat_to_fatty_acids
1085	Total fat (NLEA)	fat	250006	Fatty acid, triacyl-glycerol equivalents	fatty acid triacyl glycerol	existing	fat_to_fatty_acids
1085	Total fat (NLEA)	fat	250007	Fatty acid, saturated	fatty acid saturated	existing	fat_to_fatty_acids
1085	Total fat (NLEA)	fat	250008	Fatty acid, mono-unsaturated	fatty acid mono unsaturated	existing	fat_to_fatty_acids
1085	Total fat (NLEA)	fat	250009	Fatty acid, poly-unsaturated	fatty acid poly unsaturated	existing	fat_to_fatty_acids
1085	Total fat (NLEA)	fat	250015	alpha-Carotene	alpha carotene	existing	fat_to_fatty_acids
1085	Total fat (NLEA)	fat	250016	beta-Carotene	beta carotene	existing	fat_to_fatty_acids
1085	Total fat (NLEA)	fat	250018	beta- Carotene equivalents	beta carotene	existing	fat_to_fatty_acids
1085	Total fat (NLEA)	fat	250019	Retinol activity equivalents	retinol activity	existing	fat_to_fatty_acids
1085	Total fat (NLEA)	fat	250036	Fatty acid 10:0	fatty acid 10 0	existing	fat_to_fatty_acids
1085	Total fat (NLEA)	fat	250037	Fatty acid 12:0	fatty acid 12 0	existing	fat_to_fatty_acids
1085	Total fat (NLEA)	fat	250038	Fatty acid 14:0	fatty acid 14 0	existing	fat_to_fatty_acids
1085	Total fat (NLEA)	fat	250039	Fatty acid 15:0	fatty acid 15 0	existing	fat_to_fatty_acids
1085	Total fat (NLEA)	fat	250040	Fatty acid 16:0	fatty acid 16 0	existing	fat_to_fatty_acids
1085	Total fat (NLEA)	fat	250041	Fatty acid 17:0	fatty acid 17 0	existing	fat_to_fatty_acids
1085	Total fat (NLEA)	fat	250042	Fatty acid 18:0	fatty acid 18 0	existing	fat_to_fatty_acids
1085	Total fat (NLEA)	fat	250043	Fatty acid 20:0	fatty acid 20 0	existing	fat_to_fatty_acids
1085	Total fat (NLEA)	fat	250044	Fatty acid 22:0	fatty acid 22 0	existing	fat_to_fatty_acids
1085	Total fat (NLEA)	fat	250045	Fatty acid 24:0	fatty acid 24 0	existing	fat_to_fatty_acids
1085	Total fat (NLEA)	fat	250046	Fatty acid 10:1	fatty acid 10 1	existing	fat_to_fatty_acids
1085	Total fat (NLEA)	fat	250047	Fatty acid 14:1	fatty acid 14 1	existing	fat_to_fatty_acids
1085	Total fat (NLEA)	fat	250048	Fatty acid 15:1	fatty acid 15 1	existing	fat_to_fatty_acids
1085	Total fat (NLEA)	fat	250049	Fatty acid 16:1	fatty acid 16 1	existing	fat_to_fatty_acids
1085	Total fat (NLEA)	fat	250050	Fatty acid 17:1	fatty acid 17 1	existing	fat_to_fatty_acids
1085	Total fat (NLEA)	fat	250051	Fatty acid 18:1 undifferentiated	fatty acid 18 1 undifferentiated	existing	fat_to_fatty_acids
1085	Total fat (NLEA)	fat	250052	Fatty acid 20:1	fatty acid 20 1	existing	fat_to_fatty_acids
1085	Total fat (NLEA)	fat	250053	Fatty acid 22:1	fatty acid 22 1	existing	fat_to_fatty_acids
1085	Total fat (NLEA)	fat	250054	Fatty acid 24:1	fatty acid 24 1	existing	fat_to_fatty_acids
1085	Total fat (NLEA)	fat	250055	Fatty acid 16:2	fatty acid 16 2	existing	fat_to_fatty_acids
1085	Total fat (NLEA)	fat	250056	Fatty acid 16:3	fatty acid 16 3	existing	fat_to_fatty_acids
1085	Total fat (NLEA)	fat	250057	Fatty acid 16:4	fatty acid 16 4	existing	fat_to_fatty_acids
1085	Total fat (NLEA)	fat	250058	Fatty acid 18:2 n-6	fatty acid 18 2 n 6	existing	fat_to_fatty_acids
1085	Total fat (NLEA)	fat	250059	Fatty acid 18:3 n-3	fatty acid 18 3 n 3	existing	fat_to_fatty_acids
1085	Total fat (NLEA)	fat	250060	Fatty acid 18:3 n-6	fatty acid 18 3 n 6	existing	fat_to_fatty_acids
1085	Total fat (NLEA)	fat	250061	Fatty acid 18:4 n-3	fatty acid 18 4 n 3	existing	fat_to_fatty_acids
1085	Total fat (NLEA)	fat	250062	Fatty acid 20:2 n-6	fatty acid 20 2 n 6	existing	fat_to_fatty_acids
1085	Total fat (NLEA)	fat	250063	Fatty acid 20:3 n-6	fatty acid 20 3 n 6	existing	fat_to_fatty_acids
1085	Total fat (NLEA)	fat	250064	Fatty acid 20:4 n-3	fatty acid 20 4 n 3	existing	fat_to_fatty_acids
1085	Total fat (NLEA)	fat	250065	Fatty acid 20:4 n-6	fatty acid 20 4 n 6	existing	fat_to_fatty_acids
1085	Total fat (NLEA)	fat	250066	Fatty acid 20:5 n-3	fatty acid 20 5 n 3	existing	fat_to_fatty_acids
1085	Total fat (NLEA)	fat	250067	Fatty acid 21:5 n-3	fatty acid 21 5 n 3	existing	fat_to_fatty_acids
1085	Total fat (NLEA)	fat	250068	Fatty acid 22:2	fatty acid 22 2	existing	fat_to_fatty_acids
1085	Total fat (NLEA)	fat	250069	Fatty acid 22:4 n-6	fatty acid 22 4 n 6	existing	fat_to_fatty_acids
1085	Total fat (NLEA)	fat	250070	Fatty acid 22:5 n-3	fatty acid 22 5 n 3	existing	fat_to_fatty_acids
1085	Total fat (NLEA)	fat	250071	Fatty acid 22:5 n-6	fatty acid 22 5 n 6	existing	fat_to_fatty_acids
1085	Total fat (NLEA)	fat	250072	Fatty acid 22:6 n-3	fatty acid 22 6 n 3	existing	fat_to_fatty_acids
1085	Total fat (NLEA)	fat	260001	13-cis-retinol (µg)	13 cis retinol g	existing	fat_to_fatty_acids
1085	Total fat (NLEA)	fat	260004	All-trans-retinol (µg)	all trans retinol g	existing	fat_to_fatty_acids
1085	Total fat (NLEA)	fat	260005	Alpha-carotene (µg)	alpha carotene g	existing	fat_to_fatty_acids
1085	Total fat (NLEA)	fat	260008	Beta-carotene (µg)	beta carotene g	existing	fat_to_fatty_acids
1085	Total fat (NLEA)	fat	260194	Lutein (µg)	lutein g	existing	fat_to_fatty_acids
1085	Total fat (NLEA)	fat	260195	Lycopene (µg)	lycopene g	existing	fat_to_fatty_acids
1085	Total fat (NLEA)	fat	260204	Other Cholesterol and Phytosterols (mg)	other cholesterol and phytosterols	existing	fat_to_fatty_acids
1085	Total fat (NLEA)	fat	260205	Phytosterol (mg)	phytosterol	existing	fat_to_fatty_acids
1085	Total fat (NLEA)	fat	260209	Retinol Equivalent (µg)	retinol equivalent g	existing	fat_to_fatty_acids
1086	Total sugar alcohols	sugar alcohols	260230	Carbohydrate, by difference	carbohydrate by difference	existing	alias_to_canonical
1104	Vitamin A, IU	vitamin a iu	2067	Vitamin A	vitamin a	existing	alias_to_canonical
1106	Vitamin A, RAE	vitamin a rae	2067	Vitamin A	vitamin a	existing	alias_to_canonical
1110	Vitamin D (D2 + D3), International Units	vitamin d d2 d3 international units	1114	Vitamin D (D2 + D3)	vitamin d d2 d3	existing	alias_to_canonical
1113	25-hydroxycholecalciferol	25 hydroxycholecalciferol	1112	Vitamin D3 (cholecalciferol)	vitamin d3 cholecalciferol	existing	alias_to_canonical
1114	Vitamin D (D2 + D3)	vitamin d d2 d3	1111	Vitamin D2 (ergocalciferol)	vitamin d2 ergocalciferol	existing	vitamin_d_split
1114	Vitamin D (D2 + D3)	vitamin d d2 d3	1112	Vitamin D3 (cholecalciferol)	vitamin d3 cholecalciferol	existing	vitamin_d_split
1115	25-hydroxyergocalciferol	25 hydroxyergocalciferol	1111	Vitamin D2 (ergocalciferol)	vitamin d2 ergocalciferol	existing	alias_to_canonical
1124	Vitamin E (label entry primarily)	vitamin e label entry primarily	1158	Vitamin E	vitamin e	existing	alias_to_canonical
1156	Vitamin A, RE	vitamin a re	2067	Vitamin A	vitamin a	existing	alias_to_canonical
1158	Vitamin E	vitamin e	1109	Vitamin E (alpha-tocopherol)	vitamin e alpha tocopherol	existing	vitamin_e_to_vit_e_forms_existing
1158	Vitamin E	vitamin e	1125	Tocopherol, beta	tocopherol beta	existing	vitamin_e_to_vit_e_forms_existing
1158	Vitamin E	vitamin e	1126	Tocopherol, gamma	tocopherol gamma	existing	vitamin_e_to_vit_e_forms_existing
1158	Vitamin E	vitamin e	1127	Tocopherol, delta	tocopherol delta	existing	vitamin_e_to_vit_e_forms_existing
1158	Vitamin E	vitamin e	1128	Tocotrienol, alpha	tocotrienol alpha	existing	vitamin_e_to_vit_e_forms_existing
1158	Vitamin E	vitamin e	1129	Tocotrienol, beta	tocotrienol beta	existing	vitamin_e_to_vit_e_forms_existing
1158	Vitamin E	vitamin e	1130	Tocotrienol, gamma	tocotrienol gamma	existing	vitamin_e_to_vit_e_forms_existing
1158	Vitamin E	vitamin e	1131	Tocotrienol, delta	tocotrienol delta	existing	vitamin_e_to_vit_e_forms_existing
1158	Vitamin E	vitamin e	96078	Alpha-tocopherol	alpha tocopherol	existing	vitamin_e_to_vit_e_forms_existing
1158	Vitamin E	vitamin e	96079	Alpha-tocopherol (vitamine E)	alpha tocopherol	existing	vitamin_e_to_vit_e_forms_existing
1158	Vitamin E	vitamin e	96081	Alpha-tocotrienol	alpha tocotrienol	existing	vitamin_e_to_vit_e_forms_existing
1158	Vitamin E	vitamin e	96115	Beta-tocopherol	beta tocopherol	existing	vitamin_e_to_vit_e_forms_existing
1158	Vitamin E	vitamin e	96406	Delta-tocopherol	delta tocopherol	existing	vitamin_e_to_vit_e_forms_existing
1158	Vitamin E	vitamin e	96824	Gamma-tocopherol	gamma tocopherol	existing	vitamin_e_to_vit_e_forms_existing
1158	Vitamin E	vitamin e	96826	Gamma-tocotrienol	gamma tocotrienol	existing	vitamin_e_to_vit_e_forms_existing
1158	Vitamin E	vitamin e	230039	Beta tocotrienol  (mg)	beta tocotrienol	existing	vitamin_e_to_vit_e_forms_existing
1158	Vitamin E	vitamin e	230040	Delta tocotrienol  (mg)	delta tocotrienol	existing	vitamin_e_to_vit_e_forms_existing
1158	Vitamin E	vitamin e	250020	alpha-Tocopherol	alpha tocopherol	existing	vitamin_e_to_vit_e_forms_existing
1158	Vitamin E	vitamin e	250021	beta-Tocopherol	beta tocopherol	existing	vitamin_e_to_vit_e_forms_existing
1158	Vitamin E	vitamin e	250022	gamma-Tocopherol	gamma tocopherol	existing	vitamin_e_to_vit_e_forms_existing
1158	Vitamin E	vitamin e	250023	delta-Tocopherol	delta tocopherol	existing	vitamin_e_to_vit_e_forms_existing
1158	Vitamin E	vitamin e	260006	Alpha-tocopherol (mg)	alpha tocopherol	existing	vitamin_e_to_vit_e_forms_existing
1158	Vitamin E	vitamin e	260007	Alpha-tocotrienol (mg)	alpha tocotrienol	existing	vitamin_e_to_vit_e_forms_existing
1158	Vitamin E	vitamin e	260009	Beta-tocopherol (mg)	beta tocopherol	existing	vitamin_e_to_vit_e_forms_existing
1158	Vitamin E	vitamin e	260187	Delta-tocopherol (mg)	delta tocopherol	existing	vitamin_e_to_vit_e_forms_existing
1158	Vitamin E	vitamin e	260191	Gamma-tocopherol (mg)	gamma tocopherol	existing	vitamin_e_to_vit_e_forms_existing
1158	Vitamin E	vitamin e	260192	Gamma-tocotrienol (mg)	gamma tocotrienol	existing	vitamin_e_to_vit_e_forms_existing
1159	cis-beta-Carotene	cis beta carotene	1107	Carotene, beta	carotene beta	existing	alias_to_canonical
1160	cis-Lycopene	cis lycopene	1122	Lycopene	lycopene	existing	alias_to_canonical
1161	cis-Lutein/Zeaxanthin	cis lutein zeaxanthin	1123	Lutein + zeaxanthin	lutein zeaxanthin	existing	alias_to_canonical
1162	Vitamin C, total ascorbic acid	vitamin c total ascorbic acid	97315	Vitamin C	vitamin c	existing	alias_to_canonical
1163	Vitamin C, reduced ascorbic acid	vitamin c reduced ascorbic acid	97315	Vitamin C	vitamin c	existing	alias_to_canonical
1164	Vitamin C, dehydro ascorbic acid	vitamin c dehydro ascorbic acid	97315	Vitamin C	vitamin c	existing	alias_to_canonical
1171	Vitamin B-6, pyridoxine, alcohol form	vitamin b 6 pyridoxine alcohol form	1175	Vitamin B-6	vitamin b 6	existing	alias_to_canonical
1172	Vitamin B-6, pyridoxal, aldehyde form	vitamin b 6 pyridoxal aldehyde form	1175	Vitamin B-6	vitamin b 6	existing	alias_to_canonical
1173	Vitamin B-6, pyridoxamine, amine form	vitamin b 6 pyridoxamine amine form	1175	Vitamin B-6	vitamin b 6	existing	alias_to_canonical
1174	Vitamin B-6, N411 + N412 +N413	vitamin b 6 n411 n412 n413	1175	Vitamin B-6	vitamin b 6	existing	alias_to_canonical
1229	Cysteine and methionine(sulfer containig AA)	cysteine and methionine sulfer containig aa	1232	Cysteine	cysteine	existing	aa_combo_split
1229	Cysteine and methionine(sulfer containig AA)	cysteine and methionine sulfer containig aa	1215	Methionine	methionine	existing	aa_combo_split
1230	Phenylalanine and tyrosine (aromatic  AA)	phenylalanine and tyrosine	1217	Phenylalanine	phenylalanine	existing	aa_combo_split
1230	Phenylalanine and tyrosine (aromatic  AA)	phenylalanine and tyrosine	1218	Tyrosine	tyrosine	existing	aa_combo_split
1235	Sugars, added	sugars added	1063	Sugars, Total	sugars	existing	alias_to_canonical
1236	Sugars, intrinsic	sugars intrinsic	1063	Sugars, Total	sugars	existing	alias_to_canonical
1237	Calcium, added	calcium added	1087	Calcium, Ca	calcium	existing	alias_to_canonical
1238	Iron, added	iron added	1089	Iron, Fe	iron	existing	alias_to_canonical
1239	Calcium, intrinsic	calcium intrinsic	1087	Calcium, Ca	calcium	existing	alias_to_canonical
1240	Iron, intrinsic	iron intrinsic	1089	Iron, Fe	iron	existing	alias_to_canonical
1241	Vitamin C, added	vitamin c added	97315	Vitamin C	vitamin c	existing	alias_to_canonical
1242	Vitamin E, added	vitamin e added	1158	Vitamin E	vitamin e	existing	alias_to_canonical
1243	Thiamin, added	thiamin added	1165	Thiamin	thiamin	existing	alias_to_canonical
1244	Riboflavin, added	riboflavin added	1166	Riboflavin	riboflavin	existing	alias_to_canonical
1245	Niacin, added	niacin added	1167	Niacin	niacin	existing	alias_to_canonical
1246	Vitamin B-12, added	vitamin b 12 added	1178	Vitamin B-12	vitamin b 12	existing	alias_to_canonical
1247	Vitamin C, intrinsic	vitamin c intrinsic	97315	Vitamin C	vitamin c	existing	alias_to_canonical
1248	Vitamin E, intrinsic	vitamin e intrinsic	1158	Vitamin E	vitamin e	existing	alias_to_canonical
1249	Thiamin, intrinsic	thiamin intrinsic	1165	Thiamin	thiamin	existing	alias_to_canonical
1250	Riboflavin, intrinsic	riboflavin intrinsic	1166	Riboflavin	riboflavin	existing	alias_to_canonical
1251	Niacin, intrinsic	niacin intrinsic	1167	Niacin	niacin	existing	alias_to_canonical
1252	Vitamin B-12, intrinsic	vitamin b 12 intrinsic	1178	Vitamin B-12	vitamin b 12	existing	alias_to_canonical
1254	Glycerides	glycerides	260232	Triglyceride	triglyceride	new	glycerides_to_triglycerides
1254	Glycerides	glycerides	260233	Triglycerides	triglycerides	new	glycerides_to_triglycerides
1255	Phospholipids	phospholipids	1105	Retinol	retinol	existing	fat_to_fatty_acids
1255	Phospholipids	phospholipids	1107	Carotene, beta	carotene beta	existing	fat_to_fatty_acids
1255	Phospholipids	phospholipids	1108	Carotene, alpha	carotene alpha	existing	fat_to_fatty_acids
1255	Phospholipids	phospholipids	1116	Phytoene	phytoene	existing	fat_to_fatty_acids
1255	Phospholipids	phospholipids	1117	Phytofluene	phytofluene	existing	fat_to_fatty_acids
1255	Phospholipids	phospholipids	1118	Carotene, gamma	carotene gamma	existing	fat_to_fatty_acids
1255	Phospholipids	phospholipids	1119	Zeaxanthin	zeaxanthin	existing	fat_to_fatty_acids
1255	Phospholipids	phospholipids	1121	Lutein	lutein	existing	fat_to_fatty_acids
1255	Phospholipids	phospholipids	1122	Lycopene	lycopene	existing	fat_to_fatty_acids
1255	Phospholipids	phospholipids	1157	Carotene	carotene	existing	fat_to_fatty_acids
1255	Phospholipids	phospholipids	1159	cis-beta-Carotene	cis beta carotene	existing	fat_to_fatty_acids
1255	Phospholipids	phospholipids	1160	cis-Lycopene	cis lycopene	existing	fat_to_fatty_acids
1255	Phospholipids	phospholipids	1253	Cholesterol	cholesterol	existing	fat_to_fatty_acids
1255	Phospholipids	phospholipids	1272	PUFA 22:6 n-3 (DHA)	pufa 22 6 n 3	existing	fat_to_fatty_acids
1255	Phospholipids	phospholipids	1278	PUFA 20:5 n-3 (EPA)	pufa 20 5 n 3	existing	fat_to_fatty_acids
1255	Phospholipids	phospholipids	1284	Ergosterol	ergosterol	existing	fat_to_fatty_acids
1255	Phospholipids	phospholipids	1285	Stigmasterol	stigmasterol	existing	fat_to_fatty_acids
1255	Phospholipids	phospholipids	1286	Campesterol	campesterol	existing	fat_to_fatty_acids
1255	Phospholipids	phospholipids	2028	trans-beta-Carotene	trans beta carotene	existing	fat_to_fatty_acids
1255	Phospholipids	phospholipids	2029	trans-Lycopene	trans lycopene	existing	fat_to_fatty_acids
1255	Phospholipids	phospholipids	96011	13-cis-retinol	13 cis retinol	existing	fat_to_fatty_acids
1255	Phospholipids	phospholipids	96064	Alfa-carotene	alfa carotene	existing	fat_to_fatty_acids
1255	Phospholipids	phospholipids	96075	All-trans-retinol	all trans retinol	existing	fat_to_fatty_acids
1255	Phospholipids	phospholipids	96076	Alpha-carotene	alpha carotene	existing	fat_to_fatty_acids
1255	Phospholipids	phospholipids	96113	Beta-carotene	beta carotene	existing	fat_to_fatty_acids
1255	Phospholipids	phospholipids	96236	C20:5 n-3 cis (EPA)	c20 5 n 3 cis	existing	fat_to_fatty_acids
1255	Phospholipids	phospholipids	96266	C22:6 n-3 cis (DHA)	c22 6 n 3 cis	existing	fat_to_fatty_acids
1255	Phospholipids	phospholipids	97048	Other Cholesterol and Phytosterols	other cholesterol and phytosterols	existing	fat_to_fatty_acids
1255	Phospholipids	phospholipids	97099	Phytosterol	phytosterol	existing	fat_to_fatty_acids
1255	Phospholipids	phospholipids	97154	Retinol activity equialents (RAE)	retinol activity equialents	existing	fat_to_fatty_acids
1255	Phospholipids	phospholipids	97309	Vitamin A, retinol	vitamin a retinol	existing	fat_to_fatty_acids
1255	Phospholipids	phospholipids	97360	Equivalent beta-carotene ou	equivalent beta carotene ou	existing	fat_to_fatty_acids
1255	Phospholipids	phospholipids	230017	Retinol (preformed vitamin A)  (ug)	retinol preformed vitamin a	existing	fat_to_fatty_acids
1255	Phospholipids	phospholipids	230019	Beta-carotene equivalents (provitamin A)  (ug)	beta carotene	existing	fat_to_fatty_acids
1255	Phospholipids	phospholipids	230020	Vitamin A retinol equivalents  (ug)	vitamin a retinol	existing	fat_to_fatty_acids
1255	Phospholipids	phospholipids	230098	Total long chain omega 3 fatty acids, equated  (%T)	long chain omega 3 fatty acids equated t	existing	fat_to_fatty_acids
1255	Phospholipids	phospholipids	250006	Fatty acid, triacyl-glycerol equivalents	fatty acid triacyl glycerol	existing	fat_to_fatty_acids
1255	Phospholipids	phospholipids	250007	Fatty acid, saturated	fatty acid saturated	existing	fat_to_fatty_acids
1255	Phospholipids	phospholipids	250008	Fatty acid, mono-unsaturated	fatty acid mono unsaturated	existing	fat_to_fatty_acids
1255	Phospholipids	phospholipids	250009	Fatty acid, poly-unsaturated	fatty acid poly unsaturated	existing	fat_to_fatty_acids
1255	Phospholipids	phospholipids	250015	alpha-Carotene	alpha carotene	existing	fat_to_fatty_acids
1255	Phospholipids	phospholipids	250016	beta-Carotene	beta carotene	existing	fat_to_fatty_acids
1255	Phospholipids	phospholipids	250018	beta- Carotene equivalents	beta carotene	existing	fat_to_fatty_acids
1255	Phospholipids	phospholipids	250019	Retinol activity equivalents	retinol activity	existing	fat_to_fatty_acids
1255	Phospholipids	phospholipids	250036	Fatty acid 10:0	fatty acid 10 0	existing	fat_to_fatty_acids
1255	Phospholipids	phospholipids	250037	Fatty acid 12:0	fatty acid 12 0	existing	fat_to_fatty_acids
1255	Phospholipids	phospholipids	250038	Fatty acid 14:0	fatty acid 14 0	existing	fat_to_fatty_acids
1255	Phospholipids	phospholipids	250039	Fatty acid 15:0	fatty acid 15 0	existing	fat_to_fatty_acids
1255	Phospholipids	phospholipids	250040	Fatty acid 16:0	fatty acid 16 0	existing	fat_to_fatty_acids
1255	Phospholipids	phospholipids	250041	Fatty acid 17:0	fatty acid 17 0	existing	fat_to_fatty_acids
1255	Phospholipids	phospholipids	250042	Fatty acid 18:0	fatty acid 18 0	existing	fat_to_fatty_acids
1255	Phospholipids	phospholipids	250043	Fatty acid 20:0	fatty acid 20 0	existing	fat_to_fatty_acids
1255	Phospholipids	phospholipids	250044	Fatty acid 22:0	fatty acid 22 0	existing	fat_to_fatty_acids
1255	Phospholipids	phospholipids	250045	Fatty acid 24:0	fatty acid 24 0	existing	fat_to_fatty_acids
1255	Phospholipids	phospholipids	250046	Fatty acid 10:1	fatty acid 10 1	existing	fat_to_fatty_acids
1255	Phospholipids	phospholipids	250047	Fatty acid 14:1	fatty acid 14 1	existing	fat_to_fatty_acids
1255	Phospholipids	phospholipids	250048	Fatty acid 15:1	fatty acid 15 1	existing	fat_to_fatty_acids
1255	Phospholipids	phospholipids	250049	Fatty acid 16:1	fatty acid 16 1	existing	fat_to_fatty_acids
1255	Phospholipids	phospholipids	250050	Fatty acid 17:1	fatty acid 17 1	existing	fat_to_fatty_acids
1255	Phospholipids	phospholipids	250051	Fatty acid 18:1 undifferentiated	fatty acid 18 1 undifferentiated	existing	fat_to_fatty_acids
1255	Phospholipids	phospholipids	250052	Fatty acid 20:1	fatty acid 20 1	existing	fat_to_fatty_acids
1255	Phospholipids	phospholipids	250053	Fatty acid 22:1	fatty acid 22 1	existing	fat_to_fatty_acids
1255	Phospholipids	phospholipids	250054	Fatty acid 24:1	fatty acid 24 1	existing	fat_to_fatty_acids
1255	Phospholipids	phospholipids	250055	Fatty acid 16:2	fatty acid 16 2	existing	fat_to_fatty_acids
1255	Phospholipids	phospholipids	250056	Fatty acid 16:3	fatty acid 16 3	existing	fat_to_fatty_acids
1255	Phospholipids	phospholipids	250057	Fatty acid 16:4	fatty acid 16 4	existing	fat_to_fatty_acids
1255	Phospholipids	phospholipids	250058	Fatty acid 18:2 n-6	fatty acid 18 2 n 6	existing	fat_to_fatty_acids
1255	Phospholipids	phospholipids	250059	Fatty acid 18:3 n-3	fatty acid 18 3 n 3	existing	fat_to_fatty_acids
1255	Phospholipids	phospholipids	250060	Fatty acid 18:3 n-6	fatty acid 18 3 n 6	existing	fat_to_fatty_acids
1255	Phospholipids	phospholipids	250061	Fatty acid 18:4 n-3	fatty acid 18 4 n 3	existing	fat_to_fatty_acids
1255	Phospholipids	phospholipids	250062	Fatty acid 20:2 n-6	fatty acid 20 2 n 6	existing	fat_to_fatty_acids
1255	Phospholipids	phospholipids	250063	Fatty acid 20:3 n-6	fatty acid 20 3 n 6	existing	fat_to_fatty_acids
1255	Phospholipids	phospholipids	250064	Fatty acid 20:4 n-3	fatty acid 20 4 n 3	existing	fat_to_fatty_acids
1255	Phospholipids	phospholipids	250065	Fatty acid 20:4 n-6	fatty acid 20 4 n 6	existing	fat_to_fatty_acids
1255	Phospholipids	phospholipids	250066	Fatty acid 20:5 n-3	fatty acid 20 5 n 3	existing	fat_to_fatty_acids
1255	Phospholipids	phospholipids	250067	Fatty acid 21:5 n-3	fatty acid 21 5 n 3	existing	fat_to_fatty_acids
1255	Phospholipids	phospholipids	250068	Fatty acid 22:2	fatty acid 22 2	existing	fat_to_fatty_acids
1255	Phospholipids	phospholipids	250069	Fatty acid 22:4 n-6	fatty acid 22 4 n 6	existing	fat_to_fatty_acids
1255	Phospholipids	phospholipids	250070	Fatty acid 22:5 n-3	fatty acid 22 5 n 3	existing	fat_to_fatty_acids
1255	Phospholipids	phospholipids	250071	Fatty acid 22:5 n-6	fatty acid 22 5 n 6	existing	fat_to_fatty_acids
1255	Phospholipids	phospholipids	250072	Fatty acid 22:6 n-3	fatty acid 22 6 n 3	existing	fat_to_fatty_acids
1255	Phospholipids	phospholipids	260001	13-cis-retinol (µg)	13 cis retinol g	existing	fat_to_fatty_acids
1255	Phospholipids	phospholipids	260004	All-trans-retinol (µg)	all trans retinol g	existing	fat_to_fatty_acids
1255	Phospholipids	phospholipids	260005	Alpha-carotene (µg)	alpha carotene g	existing	fat_to_fatty_acids
1255	Phospholipids	phospholipids	260008	Beta-carotene (µg)	beta carotene g	existing	fat_to_fatty_acids
1255	Phospholipids	phospholipids	260194	Lutein (µg)	lutein g	existing	fat_to_fatty_acids
1255	Phospholipids	phospholipids	260195	Lycopene (µg)	lycopene g	existing	fat_to_fatty_acids
1255	Phospholipids	phospholipids	260204	Other Cholesterol and Phytosterols (mg)	other cholesterol and phytosterols	existing	fat_to_fatty_acids
1255	Phospholipids	phospholipids	260205	Phytosterol (mg)	phytosterol	existing	fat_to_fatty_acids
1255	Phospholipids	phospholipids	260209	Retinol Equivalent (µg)	retinol equivalent g	existing	fat_to_fatty_acids
1255	Phospholipids	phospholipids	260232	Triglyceride	triglyceride	existing	fat_to_fatty_acids
1256	Glycolipids	glycolipids	1105	Retinol	retinol	existing	fat_to_fatty_acids
1256	Glycolipids	glycolipids	1107	Carotene, beta	carotene beta	existing	fat_to_fatty_acids
1256	Glycolipids	glycolipids	1108	Carotene, alpha	carotene alpha	existing	fat_to_fatty_acids
1256	Glycolipids	glycolipids	1116	Phytoene	phytoene	existing	fat_to_fatty_acids
1256	Glycolipids	glycolipids	1117	Phytofluene	phytofluene	existing	fat_to_fatty_acids
1256	Glycolipids	glycolipids	1118	Carotene, gamma	carotene gamma	existing	fat_to_fatty_acids
1256	Glycolipids	glycolipids	1119	Zeaxanthin	zeaxanthin	existing	fat_to_fatty_acids
1256	Glycolipids	glycolipids	1121	Lutein	lutein	existing	fat_to_fatty_acids
1256	Glycolipids	glycolipids	1122	Lycopene	lycopene	existing	fat_to_fatty_acids
1256	Glycolipids	glycolipids	1157	Carotene	carotene	existing	fat_to_fatty_acids
1256	Glycolipids	glycolipids	1159	cis-beta-Carotene	cis beta carotene	existing	fat_to_fatty_acids
1256	Glycolipids	glycolipids	1160	cis-Lycopene	cis lycopene	existing	fat_to_fatty_acids
1256	Glycolipids	glycolipids	1253	Cholesterol	cholesterol	existing	fat_to_fatty_acids
1256	Glycolipids	glycolipids	1272	PUFA 22:6 n-3 (DHA)	pufa 22 6 n 3	existing	fat_to_fatty_acids
1256	Glycolipids	glycolipids	1278	PUFA 20:5 n-3 (EPA)	pufa 20 5 n 3	existing	fat_to_fatty_acids
1256	Glycolipids	glycolipids	1284	Ergosterol	ergosterol	existing	fat_to_fatty_acids
1256	Glycolipids	glycolipids	1285	Stigmasterol	stigmasterol	existing	fat_to_fatty_acids
1256	Glycolipids	glycolipids	1286	Campesterol	campesterol	existing	fat_to_fatty_acids
1256	Glycolipids	glycolipids	2028	trans-beta-Carotene	trans beta carotene	existing	fat_to_fatty_acids
1256	Glycolipids	glycolipids	2029	trans-Lycopene	trans lycopene	existing	fat_to_fatty_acids
1256	Glycolipids	glycolipids	96011	13-cis-retinol	13 cis retinol	existing	fat_to_fatty_acids
1256	Glycolipids	glycolipids	96064	Alfa-carotene	alfa carotene	existing	fat_to_fatty_acids
1256	Glycolipids	glycolipids	96075	All-trans-retinol	all trans retinol	existing	fat_to_fatty_acids
1256	Glycolipids	glycolipids	96076	Alpha-carotene	alpha carotene	existing	fat_to_fatty_acids
1256	Glycolipids	glycolipids	96113	Beta-carotene	beta carotene	existing	fat_to_fatty_acids
1256	Glycolipids	glycolipids	96236	C20:5 n-3 cis (EPA)	c20 5 n 3 cis	existing	fat_to_fatty_acids
1256	Glycolipids	glycolipids	96266	C22:6 n-3 cis (DHA)	c22 6 n 3 cis	existing	fat_to_fatty_acids
1256	Glycolipids	glycolipids	97048	Other Cholesterol and Phytosterols	other cholesterol and phytosterols	existing	fat_to_fatty_acids
1256	Glycolipids	glycolipids	97099	Phytosterol	phytosterol	existing	fat_to_fatty_acids
1256	Glycolipids	glycolipids	97154	Retinol activity equialents (RAE)	retinol activity equialents	existing	fat_to_fatty_acids
1256	Glycolipids	glycolipids	97309	Vitamin A, retinol	vitamin a retinol	existing	fat_to_fatty_acids
1256	Glycolipids	glycolipids	97360	Equivalent beta-carotene ou	equivalent beta carotene ou	existing	fat_to_fatty_acids
1256	Glycolipids	glycolipids	230017	Retinol (preformed vitamin A)  (ug)	retinol preformed vitamin a	existing	fat_to_fatty_acids
1256	Glycolipids	glycolipids	230019	Beta-carotene equivalents (provitamin A)  (ug)	beta carotene	existing	fat_to_fatty_acids
1256	Glycolipids	glycolipids	230020	Vitamin A retinol equivalents  (ug)	vitamin a retinol	existing	fat_to_fatty_acids
1256	Glycolipids	glycolipids	230098	Total long chain omega 3 fatty acids, equated  (%T)	long chain omega 3 fatty acids equated t	existing	fat_to_fatty_acids
1256	Glycolipids	glycolipids	250006	Fatty acid, triacyl-glycerol equivalents	fatty acid triacyl glycerol	existing	fat_to_fatty_acids
1256	Glycolipids	glycolipids	250007	Fatty acid, saturated	fatty acid saturated	existing	fat_to_fatty_acids
1256	Glycolipids	glycolipids	250008	Fatty acid, mono-unsaturated	fatty acid mono unsaturated	existing	fat_to_fatty_acids
1256	Glycolipids	glycolipids	250009	Fatty acid, poly-unsaturated	fatty acid poly unsaturated	existing	fat_to_fatty_acids
1256	Glycolipids	glycolipids	250015	alpha-Carotene	alpha carotene	existing	fat_to_fatty_acids
1256	Glycolipids	glycolipids	250016	beta-Carotene	beta carotene	existing	fat_to_fatty_acids
1256	Glycolipids	glycolipids	250018	beta- Carotene equivalents	beta carotene	existing	fat_to_fatty_acids
1256	Glycolipids	glycolipids	250019	Retinol activity equivalents	retinol activity	existing	fat_to_fatty_acids
1256	Glycolipids	glycolipids	250036	Fatty acid 10:0	fatty acid 10 0	existing	fat_to_fatty_acids
1256	Glycolipids	glycolipids	250037	Fatty acid 12:0	fatty acid 12 0	existing	fat_to_fatty_acids
1256	Glycolipids	glycolipids	250038	Fatty acid 14:0	fatty acid 14 0	existing	fat_to_fatty_acids
1256	Glycolipids	glycolipids	250039	Fatty acid 15:0	fatty acid 15 0	existing	fat_to_fatty_acids
1256	Glycolipids	glycolipids	250040	Fatty acid 16:0	fatty acid 16 0	existing	fat_to_fatty_acids
1256	Glycolipids	glycolipids	250041	Fatty acid 17:0	fatty acid 17 0	existing	fat_to_fatty_acids
1256	Glycolipids	glycolipids	250042	Fatty acid 18:0	fatty acid 18 0	existing	fat_to_fatty_acids
1256	Glycolipids	glycolipids	250043	Fatty acid 20:0	fatty acid 20 0	existing	fat_to_fatty_acids
1256	Glycolipids	glycolipids	250044	Fatty acid 22:0	fatty acid 22 0	existing	fat_to_fatty_acids
1256	Glycolipids	glycolipids	250045	Fatty acid 24:0	fatty acid 24 0	existing	fat_to_fatty_acids
1256	Glycolipids	glycolipids	250046	Fatty acid 10:1	fatty acid 10 1	existing	fat_to_fatty_acids
1256	Glycolipids	glycolipids	250047	Fatty acid 14:1	fatty acid 14 1	existing	fat_to_fatty_acids
1256	Glycolipids	glycolipids	250048	Fatty acid 15:1	fatty acid 15 1	existing	fat_to_fatty_acids
1256	Glycolipids	glycolipids	250049	Fatty acid 16:1	fatty acid 16 1	existing	fat_to_fatty_acids
1256	Glycolipids	glycolipids	250050	Fatty acid 17:1	fatty acid 17 1	existing	fat_to_fatty_acids
1256	Glycolipids	glycolipids	250051	Fatty acid 18:1 undifferentiated	fatty acid 18 1 undifferentiated	existing	fat_to_fatty_acids
1256	Glycolipids	glycolipids	250052	Fatty acid 20:1	fatty acid 20 1	existing	fat_to_fatty_acids
1256	Glycolipids	glycolipids	250053	Fatty acid 22:1	fatty acid 22 1	existing	fat_to_fatty_acids
1256	Glycolipids	glycolipids	250054	Fatty acid 24:1	fatty acid 24 1	existing	fat_to_fatty_acids
1256	Glycolipids	glycolipids	250055	Fatty acid 16:2	fatty acid 16 2	existing	fat_to_fatty_acids
1256	Glycolipids	glycolipids	250056	Fatty acid 16:3	fatty acid 16 3	existing	fat_to_fatty_acids
1256	Glycolipids	glycolipids	250057	Fatty acid 16:4	fatty acid 16 4	existing	fat_to_fatty_acids
1256	Glycolipids	glycolipids	250058	Fatty acid 18:2 n-6	fatty acid 18 2 n 6	existing	fat_to_fatty_acids
1256	Glycolipids	glycolipids	250059	Fatty acid 18:3 n-3	fatty acid 18 3 n 3	existing	fat_to_fatty_acids
1256	Glycolipids	glycolipids	250060	Fatty acid 18:3 n-6	fatty acid 18 3 n 6	existing	fat_to_fatty_acids
1256	Glycolipids	glycolipids	250061	Fatty acid 18:4 n-3	fatty acid 18 4 n 3	existing	fat_to_fatty_acids
1256	Glycolipids	glycolipids	250062	Fatty acid 20:2 n-6	fatty acid 20 2 n 6	existing	fat_to_fatty_acids
1256	Glycolipids	glycolipids	250063	Fatty acid 20:3 n-6	fatty acid 20 3 n 6	existing	fat_to_fatty_acids
1256	Glycolipids	glycolipids	250064	Fatty acid 20:4 n-3	fatty acid 20 4 n 3	existing	fat_to_fatty_acids
1256	Glycolipids	glycolipids	250065	Fatty acid 20:4 n-6	fatty acid 20 4 n 6	existing	fat_to_fatty_acids
1256	Glycolipids	glycolipids	250066	Fatty acid 20:5 n-3	fatty acid 20 5 n 3	existing	fat_to_fatty_acids
1256	Glycolipids	glycolipids	250067	Fatty acid 21:5 n-3	fatty acid 21 5 n 3	existing	fat_to_fatty_acids
1256	Glycolipids	glycolipids	250068	Fatty acid 22:2	fatty acid 22 2	existing	fat_to_fatty_acids
1256	Glycolipids	glycolipids	250069	Fatty acid 22:4 n-6	fatty acid 22 4 n 6	existing	fat_to_fatty_acids
1256	Glycolipids	glycolipids	250070	Fatty acid 22:5 n-3	fatty acid 22 5 n 3	existing	fat_to_fatty_acids
1256	Glycolipids	glycolipids	250071	Fatty acid 22:5 n-6	fatty acid 22 5 n 6	existing	fat_to_fatty_acids
1256	Glycolipids	glycolipids	250072	Fatty acid 22:6 n-3	fatty acid 22 6 n 3	existing	fat_to_fatty_acids
1256	Glycolipids	glycolipids	260001	13-cis-retinol (µg)	13 cis retinol g	existing	fat_to_fatty_acids
1256	Glycolipids	glycolipids	260004	All-trans-retinol (µg)	all trans retinol g	existing	fat_to_fatty_acids
1256	Glycolipids	glycolipids	260005	Alpha-carotene (µg)	alpha carotene g	existing	fat_to_fatty_acids
1256	Glycolipids	glycolipids	260008	Beta-carotene (µg)	beta carotene g	existing	fat_to_fatty_acids
1256	Glycolipids	glycolipids	260194	Lutein (µg)	lutein g	existing	fat_to_fatty_acids
1256	Glycolipids	glycolipids	260195	Lycopene (µg)	lycopene g	existing	fat_to_fatty_acids
1256	Glycolipids	glycolipids	260204	Other Cholesterol and Phytosterols (mg)	other cholesterol and phytosterols	existing	fat_to_fatty_acids
1256	Glycolipids	glycolipids	260205	Phytosterol (mg)	phytosterol	existing	fat_to_fatty_acids
1256	Glycolipids	glycolipids	260209	Retinol Equivalent (µg)	retinol equivalent g	existing	fat_to_fatty_acids
1256	Glycolipids	glycolipids	260232	Triglyceride	triglyceride	existing	fat_to_fatty_acids
1257	Fatty acids, total trans	fatty acids total trans	1259	SFA 4:0	sfa 4 0	existing	fatty_acids_total_to_individual_existing
1257	Fatty acids, total trans	fatty acids total trans	1260	SFA 6:0	sfa 6 0	existing	fatty_acids_total_to_individual_existing
1257	Fatty acids, total trans	fatty acids total trans	1261	SFA 8:0	sfa 8 0	existing	fatty_acids_total_to_individual_existing
1257	Fatty acids, total trans	fatty acids total trans	1262	SFA 10:0	sfa 10 0	existing	fatty_acids_total_to_individual_existing
1257	Fatty acids, total trans	fatty acids total trans	1263	SFA 12:0	sfa 12 0	existing	fatty_acids_total_to_individual_existing
1257	Fatty acids, total trans	fatty acids total trans	1264	SFA 14:0	sfa 14 0	existing	fatty_acids_total_to_individual_existing
1257	Fatty acids, total trans	fatty acids total trans	1265	SFA 16:0	sfa 16 0	existing	fatty_acids_total_to_individual_existing
1257	Fatty acids, total trans	fatty acids total trans	1266	SFA 18:0	sfa 18 0	existing	fatty_acids_total_to_individual_existing
1257	Fatty acids, total trans	fatty acids total trans	1267	SFA 20:0	sfa 20 0	existing	fatty_acids_total_to_individual_existing
1257	Fatty acids, total trans	fatty acids total trans	1268	MUFA 18:1	mufa 18 1	existing	fatty_acids_total_to_individual_existing
1257	Fatty acids, total trans	fatty acids total trans	1269	PUFA 18:2	pufa 18 2	existing	fatty_acids_total_to_individual_existing
1257	Fatty acids, total trans	fatty acids total trans	1270	PUFA 18:3	pufa 18 3	existing	fatty_acids_total_to_individual_existing
1257	Fatty acids, total trans	fatty acids total trans	1271	PUFA 20:4	pufa 20 4	existing	fatty_acids_total_to_individual_existing
1257	Fatty acids, total trans	fatty acids total trans	1272	PUFA 22:6 n-3 (DHA)	pufa 22 6 n 3	existing	fatty_acids_total_to_individual_existing
1257	Fatty acids, total trans	fatty acids total trans	1273	SFA 22:0	sfa 22 0	existing	fatty_acids_total_to_individual_existing
1257	Fatty acids, total trans	fatty acids total trans	1274	MUFA 14:1	mufa 14 1	existing	fatty_acids_total_to_individual_existing
1257	Fatty acids, total trans	fatty acids total trans	1275	MUFA 16:1	mufa 16 1	existing	fatty_acids_total_to_individual_existing
1257	Fatty acids, total trans	fatty acids total trans	1276	PUFA 18:4	pufa 18 4	existing	fatty_acids_total_to_individual_existing
1257	Fatty acids, total trans	fatty acids total trans	1277	MUFA 20:1	mufa 20 1	existing	fatty_acids_total_to_individual_existing
1257	Fatty acids, total trans	fatty acids total trans	1278	PUFA 20:5 n-3 (EPA)	pufa 20 5 n 3	existing	fatty_acids_total_to_individual_existing
1257	Fatty acids, total trans	fatty acids total trans	1279	MUFA 22:1	mufa 22 1	existing	fatty_acids_total_to_individual_existing
1257	Fatty acids, total trans	fatty acids total trans	1280	PUFA 22:5 n-3 (DPA)	pufa 22 5 n 3	existing	fatty_acids_total_to_individual_existing
1257	Fatty acids, total trans	fatty acids total trans	1281	TFA 14:1 t	tfa 14 1 t	existing	fatty_acids_total_to_individual_existing
1257	Fatty acids, total trans	fatty acids total trans	1299	SFA 15:0	sfa 15 0	existing	fatty_acids_total_to_individual_existing
1257	Fatty acids, total trans	fatty acids total trans	1300	SFA 17:0	sfa 17 0	existing	fatty_acids_total_to_individual_existing
1257	Fatty acids, total trans	fatty acids total trans	1301	SFA 24:0	sfa 24 0	existing	fatty_acids_total_to_individual_existing
1257	Fatty acids, total trans	fatty acids total trans	1303	TFA 16:1 t	tfa 16 1 t	existing	fatty_acids_total_to_individual_existing
1257	Fatty acids, total trans	fatty acids total trans	1304	TFA 18:1 t	tfa 18 1 t	existing	fatty_acids_total_to_individual_existing
1257	Fatty acids, total trans	fatty acids total trans	1305	TFA 22:1 t	tfa 22 1 t	existing	fatty_acids_total_to_individual_existing
1257	Fatty acids, total trans	fatty acids total trans	1306	TFA 18:2 t not further defined	tfa 18 2 t not further defined	existing	fatty_acids_total_to_individual_existing
1257	Fatty acids, total trans	fatty acids total trans	1307	PUFA 18:2 i	pufa 18 2 i	existing	fatty_acids_total_to_individual_existing
1257	Fatty acids, total trans	fatty acids total trans	1308	PUFA 18:2 t,c	pufa 18 2 t c	existing	fatty_acids_total_to_individual_existing
1257	Fatty acids, total trans	fatty acids total trans	1309	PUFA 18:2 c,t	pufa 18 2 c t	existing	fatty_acids_total_to_individual_existing
1257	Fatty acids, total trans	fatty acids total trans	1310	TFA 18:2 t,t	tfa 18 2 t t	existing	fatty_acids_total_to_individual_existing
1257	Fatty acids, total trans	fatty acids total trans	1311	PUFA 18:2 CLAs	pufa 18 2 clas	existing	fatty_acids_total_to_individual_existing
1257	Fatty acids, total trans	fatty acids total trans	1312	MUFA 24:1 c	mufa 24 1 c	existing	fatty_acids_total_to_individual_existing
1257	Fatty acids, total trans	fatty acids total trans	1313	PUFA 20:2 n-6 c,c	pufa 20 2 n 6 c c	existing	fatty_acids_total_to_individual_existing
1257	Fatty acids, total trans	fatty acids total trans	1314	MUFA 16:1 c	mufa 16 1 c	existing	fatty_acids_total_to_individual_existing
1257	Fatty acids, total trans	fatty acids total trans	1315	MUFA 18:1 c	mufa 18 1 c	existing	fatty_acids_total_to_individual_existing
1257	Fatty acids, total trans	fatty acids total trans	1316	PUFA 18:2 n-6 c,c	pufa 18 2 n 6 c c	existing	fatty_acids_total_to_individual_existing
1257	Fatty acids, total trans	fatty acids total trans	1317	MUFA 22:1 c	mufa 22 1 c	existing	fatty_acids_total_to_individual_existing
1257	Fatty acids, total trans	fatty acids total trans	1321	PUFA 18:3 n-6 c,c,c	pufa 18 3 n 6 c c c	existing	fatty_acids_total_to_individual_existing
1257	Fatty acids, total trans	fatty acids total trans	1322	SFA 19:0	sfa 19 0	existing	fatty_acids_total_to_individual_existing
1257	Fatty acids, total trans	fatty acids total trans	1323	MUFA 17:1	mufa 17 1	existing	fatty_acids_total_to_individual_existing
1257	Fatty acids, total trans	fatty acids total trans	1324	PUFA 16:2	pufa 16 2	existing	fatty_acids_total_to_individual_existing
1257	Fatty acids, total trans	fatty acids total trans	1325	PUFA 20:3	pufa 20 3	existing	fatty_acids_total_to_individual_existing
1257	Fatty acids, total trans	fatty acids total trans	1332	SFA 13:0	sfa 13 0	existing	fatty_acids_total_to_individual_existing
1257	Fatty acids, total trans	fatty acids total trans	1333	MUFA 15:1	mufa 15 1	existing	fatty_acids_total_to_individual_existing
1257	Fatty acids, total trans	fatty acids total trans	1334	PUFA 22:2	pufa 22 2	existing	fatty_acids_total_to_individual_existing
1257	Fatty acids, total trans	fatty acids total trans	1335	SFA 11:0	sfa 11 0	existing	fatty_acids_total_to_individual_existing
1257	Fatty acids, total trans	fatty acids total trans	1404	PUFA 18:3 n-3 c,c,c (ALA)	pufa 18 3 n 3 c c c	existing	fatty_acids_total_to_individual_existing
1257	Fatty acids, total trans	fatty acids total trans	1405	PUFA 20:3 n-3	pufa 20 3 n 3	existing	fatty_acids_total_to_individual_existing
1257	Fatty acids, total trans	fatty acids total trans	1406	PUFA 20:3 n-6	pufa 20 3 n 6	existing	fatty_acids_total_to_individual_existing
1257	Fatty acids, total trans	fatty acids total trans	1407	PUFA 20:4 n-3	pufa 20 4 n 3	existing	fatty_acids_total_to_individual_existing
1257	Fatty acids, total trans	fatty acids total trans	1408	PUFA 20:4 n-6	pufa 20 4 n 6	existing	fatty_acids_total_to_individual_existing
1257	Fatty acids, total trans	fatty acids total trans	1409	PUFA 18:3i	pufa 18 3i	existing	fatty_acids_total_to_individual_existing
1257	Fatty acids, total trans	fatty acids total trans	1410	PUFA 21:5	pufa 21 5	existing	fatty_acids_total_to_individual_existing
1257	Fatty acids, total trans	fatty acids total trans	1411	PUFA 22:4	pufa 22 4	existing	fatty_acids_total_to_individual_existing
1257	Fatty acids, total trans	fatty acids total trans	1412	MUFA 18:1-11 t (18:1t n-7)	mufa 18 1 11 t 18 1t n 7	existing	fatty_acids_total_to_individual_existing
1257	Fatty acids, total trans	fatty acids total trans	1413	MUFA 18:1-11 c (18:1c n-7)	mufa 18 1 11 c 18 1c n 7	existing	fatty_acids_total_to_individual_existing
1257	Fatty acids, total trans	fatty acids total trans	1414	PUFA 20:3 n-9	pufa 20 3 n 9	existing	fatty_acids_total_to_individual_existing
1257	Fatty acids, total trans	fatty acids total trans	2003	SFA 5:0	sfa 5 0	existing	fatty_acids_total_to_individual_existing
1257	Fatty acids, total trans	fatty acids total trans	2004	SFA 7:0	sfa 7 0	existing	fatty_acids_total_to_individual_existing
1257	Fatty acids, total trans	fatty acids total trans	2005	SFA 9:0	sfa 9 0	existing	fatty_acids_total_to_individual_existing
1257	Fatty acids, total trans	fatty acids total trans	2006	SFA 21:0	sfa 21 0	existing	fatty_acids_total_to_individual_existing
1257	Fatty acids, total trans	fatty acids total trans	2007	SFA 23:0	sfa 23 0	existing	fatty_acids_total_to_individual_existing
1257	Fatty acids, total trans	fatty acids total trans	2008	MUFA 12:1	mufa 12 1	existing	fatty_acids_total_to_individual_existing
1257	Fatty acids, total trans	fatty acids total trans	2009	MUFA 14:1 c	mufa 14 1 c	existing	fatty_acids_total_to_individual_existing
1257	Fatty acids, total trans	fatty acids total trans	2010	MUFA 17:1 c	mufa 17 1 c	existing	fatty_acids_total_to_individual_existing
1257	Fatty acids, total trans	fatty acids total trans	2011	TFA 17:1 t	tfa 17 1 t	existing	fatty_acids_total_to_individual_existing
1257	Fatty acids, total trans	fatty acids total trans	2012	MUFA 20:1 c	mufa 20 1 c	existing	fatty_acids_total_to_individual_existing
1257	Fatty acids, total trans	fatty acids total trans	2013	TFA 20:1 t	tfa 20 1 t	existing	fatty_acids_total_to_individual_existing
1257	Fatty acids, total trans	fatty acids total trans	2014	MUFA 22:1 n-9	mufa 22 1 n 9	existing	fatty_acids_total_to_individual_existing
1257	Fatty acids, total trans	fatty acids total trans	2015	MUFA 22:1 n-11	mufa 22 1 n 11	existing	fatty_acids_total_to_individual_existing
1257	Fatty acids, total trans	fatty acids total trans	2016	PUFA 18:2 c	pufa 18 2 c	existing	fatty_acids_total_to_individual_existing
1257	Fatty acids, total trans	fatty acids total trans	2017	TFA 18:2 t	tfa 18 2 t	existing	fatty_acids_total_to_individual_existing
1257	Fatty acids, total trans	fatty acids total trans	2018	PUFA 18:3 c	pufa 18 3 c	existing	fatty_acids_total_to_individual_existing
1257	Fatty acids, total trans	fatty acids total trans	2019	TFA 18:3 t	tfa 18 3 t	existing	fatty_acids_total_to_individual_existing
1257	Fatty acids, total trans	fatty acids total trans	2020	PUFA 20:3 c	pufa 20 3 c	existing	fatty_acids_total_to_individual_existing
1257	Fatty acids, total trans	fatty acids total trans	2021	PUFA 22:3	pufa 22 3	existing	fatty_acids_total_to_individual_existing
1257	Fatty acids, total trans	fatty acids total trans	2022	PUFA 20:4c	pufa 20 4c	existing	fatty_acids_total_to_individual_existing
1257	Fatty acids, total trans	fatty acids total trans	2023	PUFA 20:5c	pufa 20 5c	existing	fatty_acids_total_to_individual_existing
1257	Fatty acids, total trans	fatty acids total trans	2024	PUFA 22:5 c	pufa 22 5 c	existing	fatty_acids_total_to_individual_existing
1257	Fatty acids, total trans	fatty acids total trans	2025	PUFA 22:6 c	pufa 22 6 c	existing	fatty_acids_total_to_individual_existing
1257	Fatty acids, total trans	fatty acids total trans	2026	PUFA 20:2 c	pufa 20 2 c	existing	fatty_acids_total_to_individual_existing
1257	Fatty acids, total trans	fatty acids total trans	96718	FA 10:0	fa 10 0	existing	fatty_acids_total_to_individual_existing
1257	Fatty acids, total trans	fatty acids total trans	96719	FA 12:0	fa 12 0	existing	fatty_acids_total_to_individual_existing
1257	Fatty acids, total trans	fatty acids total trans	96720	FA 14:0	fa 14 0	existing	fatty_acids_total_to_individual_existing
1257	Fatty acids, total trans	fatty acids total trans	96721	FA 16:0	fa 16 0	existing	fatty_acids_total_to_individual_existing
1257	Fatty acids, total trans	fatty acids total trans	96722	FA 18:0	fa 18 0	existing	fatty_acids_total_to_individual_existing
1257	Fatty acids, total trans	fatty acids total trans	96723	FA 18:1 n-9 cis	fa 18 1 n 9 cis	existing	fatty_acids_total_to_individual_existing
1257	Fatty acids, total trans	fatty acids total trans	96724	FA 18:2 9c,12c (n-6)	fa 18 2 9c 12c n 6	existing	fatty_acids_total_to_individual_existing
1257	Fatty acids, total trans	fatty acids total trans	96725	FA 18:3 c9,c12,c15 (n-3)	fa 18 3 c9 c12 c15 n 3	existing	fatty_acids_total_to_individual_existing
1257	Fatty acids, total trans	fatty acids total trans	96726	FA 20:4 5c,8c,11c,14c (n-6)	fa 20 4 5c 8c 11c 14c n 6	existing	fatty_acids_total_to_individual_existing
1257	Fatty acids, total trans	fatty acids total trans	96727	FA 4:0	fa 4 0	existing	fatty_acids_total_to_individual_existing
1257	Fatty acids, total trans	fatty acids total trans	96728	FA 6:0	fa 6 0	existing	fatty_acids_total_to_individual_existing
1257	Fatty acids, total trans	fatty acids total trans	96729	FA 8:0	fa 8 0	existing	fatty_acids_total_to_individual_existing
1257	Fatty acids, total trans	fatty acids total trans	240075	5,3',4'-Trihydroxy-3-methoxy-6:7-methylenedioxyflavone 4'-O-glucuronide	5 3 4 trihydroxy 3 methoxy 6 7 methylenedioxyflavone 4 o glucuronide	existing	fatty_acids_total_to_individual_existing
1257	Fatty acids, total trans	fatty acids total trans	240076	5,4'-Dihydroxy-3,3'-dimethoxy-6:7-methylenedioxyflavone 4'-O-glucuronide	5 4 dihydroxy 3 3 dimethoxy 6 7 methylenedioxyflavone 4 o glucuronide	existing	fatty_acids_total_to_individual_existing
1257	Fatty acids, total trans	fatty acids total trans	250036	Fatty acid 10:0	fatty acid 10 0	existing	fatty_acids_total_to_individual_existing
1257	Fatty acids, total trans	fatty acids total trans	250037	Fatty acid 12:0	fatty acid 12 0	existing	fatty_acids_total_to_individual_existing
1257	Fatty acids, total trans	fatty acids total trans	250038	Fatty acid 14:0	fatty acid 14 0	existing	fatty_acids_total_to_individual_existing
1257	Fatty acids, total trans	fatty acids total trans	250039	Fatty acid 15:0	fatty acid 15 0	existing	fatty_acids_total_to_individual_existing
1257	Fatty acids, total trans	fatty acids total trans	250040	Fatty acid 16:0	fatty acid 16 0	existing	fatty_acids_total_to_individual_existing
1257	Fatty acids, total trans	fatty acids total trans	250041	Fatty acid 17:0	fatty acid 17 0	existing	fatty_acids_total_to_individual_existing
1257	Fatty acids, total trans	fatty acids total trans	250042	Fatty acid 18:0	fatty acid 18 0	existing	fatty_acids_total_to_individual_existing
1257	Fatty acids, total trans	fatty acids total trans	250043	Fatty acid 20:0	fatty acid 20 0	existing	fatty_acids_total_to_individual_existing
1257	Fatty acids, total trans	fatty acids total trans	250044	Fatty acid 22:0	fatty acid 22 0	existing	fatty_acids_total_to_individual_existing
1257	Fatty acids, total trans	fatty acids total trans	250045	Fatty acid 24:0	fatty acid 24 0	existing	fatty_acids_total_to_individual_existing
1257	Fatty acids, total trans	fatty acids total trans	250046	Fatty acid 10:1	fatty acid 10 1	existing	fatty_acids_total_to_individual_existing
1257	Fatty acids, total trans	fatty acids total trans	250047	Fatty acid 14:1	fatty acid 14 1	existing	fatty_acids_total_to_individual_existing
1257	Fatty acids, total trans	fatty acids total trans	250048	Fatty acid 15:1	fatty acid 15 1	existing	fatty_acids_total_to_individual_existing
1257	Fatty acids, total trans	fatty acids total trans	250049	Fatty acid 16:1	fatty acid 16 1	existing	fatty_acids_total_to_individual_existing
1257	Fatty acids, total trans	fatty acids total trans	250050	Fatty acid 17:1	fatty acid 17 1	existing	fatty_acids_total_to_individual_existing
1257	Fatty acids, total trans	fatty acids total trans	250051	Fatty acid 18:1 undifferentiated	fatty acid 18 1 undifferentiated	existing	fatty_acids_total_to_individual_existing
1257	Fatty acids, total trans	fatty acids total trans	250052	Fatty acid 20:1	fatty acid 20 1	existing	fatty_acids_total_to_individual_existing
1257	Fatty acids, total trans	fatty acids total trans	250053	Fatty acid 22:1	fatty acid 22 1	existing	fatty_acids_total_to_individual_existing
1257	Fatty acids, total trans	fatty acids total trans	250054	Fatty acid 24:1	fatty acid 24 1	existing	fatty_acids_total_to_individual_existing
1257	Fatty acids, total trans	fatty acids total trans	250055	Fatty acid 16:2	fatty acid 16 2	existing	fatty_acids_total_to_individual_existing
1257	Fatty acids, total trans	fatty acids total trans	250056	Fatty acid 16:3	fatty acid 16 3	existing	fatty_acids_total_to_individual_existing
1257	Fatty acids, total trans	fatty acids total trans	250057	Fatty acid 16:4	fatty acid 16 4	existing	fatty_acids_total_to_individual_existing
1257	Fatty acids, total trans	fatty acids total trans	250058	Fatty acid 18:2 n-6	fatty acid 18 2 n 6	existing	fatty_acids_total_to_individual_existing
1257	Fatty acids, total trans	fatty acids total trans	250059	Fatty acid 18:3 n-3	fatty acid 18 3 n 3	existing	fatty_acids_total_to_individual_existing
1257	Fatty acids, total trans	fatty acids total trans	250060	Fatty acid 18:3 n-6	fatty acid 18 3 n 6	existing	fatty_acids_total_to_individual_existing
1257	Fatty acids, total trans	fatty acids total trans	250061	Fatty acid 18:4 n-3	fatty acid 18 4 n 3	existing	fatty_acids_total_to_individual_existing
1257	Fatty acids, total trans	fatty acids total trans	250062	Fatty acid 20:2 n-6	fatty acid 20 2 n 6	existing	fatty_acids_total_to_individual_existing
1257	Fatty acids, total trans	fatty acids total trans	250063	Fatty acid 20:3 n-6	fatty acid 20 3 n 6	existing	fatty_acids_total_to_individual_existing
1257	Fatty acids, total trans	fatty acids total trans	250064	Fatty acid 20:4 n-3	fatty acid 20 4 n 3	existing	fatty_acids_total_to_individual_existing
1257	Fatty acids, total trans	fatty acids total trans	250065	Fatty acid 20:4 n-6	fatty acid 20 4 n 6	existing	fatty_acids_total_to_individual_existing
1257	Fatty acids, total trans	fatty acids total trans	250066	Fatty acid 20:5 n-3	fatty acid 20 5 n 3	existing	fatty_acids_total_to_individual_existing
1257	Fatty acids, total trans	fatty acids total trans	250067	Fatty acid 21:5 n-3	fatty acid 21 5 n 3	existing	fatty_acids_total_to_individual_existing
1257	Fatty acids, total trans	fatty acids total trans	250068	Fatty acid 22:2	fatty acid 22 2	existing	fatty_acids_total_to_individual_existing
1257	Fatty acids, total trans	fatty acids total trans	250069	Fatty acid 22:4 n-6	fatty acid 22 4 n 6	existing	fatty_acids_total_to_individual_existing
1257	Fatty acids, total trans	fatty acids total trans	250070	Fatty acid 22:5 n-3	fatty acid 22 5 n 3	existing	fatty_acids_total_to_individual_existing
1257	Fatty acids, total trans	fatty acids total trans	250071	Fatty acid 22:5 n-6	fatty acid 22 5 n 6	existing	fatty_acids_total_to_individual_existing
1257	Fatty acids, total trans	fatty acids total trans	250072	Fatty acid 22:6 n-3	fatty acid 22 6 n 3	existing	fatty_acids_total_to_individual_existing
1258	Fatty acids, total saturated	fatty acids total saturated	1259	SFA 4:0	sfa 4 0	existing	fatty_acids_total_to_individual_existing
1258	Fatty acids, total saturated	fatty acids total saturated	1260	SFA 6:0	sfa 6 0	existing	fatty_acids_total_to_individual_existing
1258	Fatty acids, total saturated	fatty acids total saturated	1261	SFA 8:0	sfa 8 0	existing	fatty_acids_total_to_individual_existing
1258	Fatty acids, total saturated	fatty acids total saturated	1262	SFA 10:0	sfa 10 0	existing	fatty_acids_total_to_individual_existing
1258	Fatty acids, total saturated	fatty acids total saturated	1263	SFA 12:0	sfa 12 0	existing	fatty_acids_total_to_individual_existing
1258	Fatty acids, total saturated	fatty acids total saturated	1264	SFA 14:0	sfa 14 0	existing	fatty_acids_total_to_individual_existing
1258	Fatty acids, total saturated	fatty acids total saturated	1265	SFA 16:0	sfa 16 0	existing	fatty_acids_total_to_individual_existing
1258	Fatty acids, total saturated	fatty acids total saturated	1266	SFA 18:0	sfa 18 0	existing	fatty_acids_total_to_individual_existing
1258	Fatty acids, total saturated	fatty acids total saturated	1267	SFA 20:0	sfa 20 0	existing	fatty_acids_total_to_individual_existing
1258	Fatty acids, total saturated	fatty acids total saturated	1268	MUFA 18:1	mufa 18 1	existing	fatty_acids_total_to_individual_existing
1258	Fatty acids, total saturated	fatty acids total saturated	1269	PUFA 18:2	pufa 18 2	existing	fatty_acids_total_to_individual_existing
1258	Fatty acids, total saturated	fatty acids total saturated	1270	PUFA 18:3	pufa 18 3	existing	fatty_acids_total_to_individual_existing
1258	Fatty acids, total saturated	fatty acids total saturated	1271	PUFA 20:4	pufa 20 4	existing	fatty_acids_total_to_individual_existing
1258	Fatty acids, total saturated	fatty acids total saturated	1272	PUFA 22:6 n-3 (DHA)	pufa 22 6 n 3	existing	fatty_acids_total_to_individual_existing
1258	Fatty acids, total saturated	fatty acids total saturated	1273	SFA 22:0	sfa 22 0	existing	fatty_acids_total_to_individual_existing
1258	Fatty acids, total saturated	fatty acids total saturated	1274	MUFA 14:1	mufa 14 1	existing	fatty_acids_total_to_individual_existing
1258	Fatty acids, total saturated	fatty acids total saturated	1275	MUFA 16:1	mufa 16 1	existing	fatty_acids_total_to_individual_existing
1258	Fatty acids, total saturated	fatty acids total saturated	1276	PUFA 18:4	pufa 18 4	existing	fatty_acids_total_to_individual_existing
1258	Fatty acids, total saturated	fatty acids total saturated	1277	MUFA 20:1	mufa 20 1	existing	fatty_acids_total_to_individual_existing
1258	Fatty acids, total saturated	fatty acids total saturated	1278	PUFA 20:5 n-3 (EPA)	pufa 20 5 n 3	existing	fatty_acids_total_to_individual_existing
1258	Fatty acids, total saturated	fatty acids total saturated	1279	MUFA 22:1	mufa 22 1	existing	fatty_acids_total_to_individual_existing
1258	Fatty acids, total saturated	fatty acids total saturated	1280	PUFA 22:5 n-3 (DPA)	pufa 22 5 n 3	existing	fatty_acids_total_to_individual_existing
1258	Fatty acids, total saturated	fatty acids total saturated	1281	TFA 14:1 t	tfa 14 1 t	existing	fatty_acids_total_to_individual_existing
1258	Fatty acids, total saturated	fatty acids total saturated	1299	SFA 15:0	sfa 15 0	existing	fatty_acids_total_to_individual_existing
1258	Fatty acids, total saturated	fatty acids total saturated	1300	SFA 17:0	sfa 17 0	existing	fatty_acids_total_to_individual_existing
1258	Fatty acids, total saturated	fatty acids total saturated	1301	SFA 24:0	sfa 24 0	existing	fatty_acids_total_to_individual_existing
1258	Fatty acids, total saturated	fatty acids total saturated	1303	TFA 16:1 t	tfa 16 1 t	existing	fatty_acids_total_to_individual_existing
1258	Fatty acids, total saturated	fatty acids total saturated	1304	TFA 18:1 t	tfa 18 1 t	existing	fatty_acids_total_to_individual_existing
1258	Fatty acids, total saturated	fatty acids total saturated	1305	TFA 22:1 t	tfa 22 1 t	existing	fatty_acids_total_to_individual_existing
1258	Fatty acids, total saturated	fatty acids total saturated	1306	TFA 18:2 t not further defined	tfa 18 2 t not further defined	existing	fatty_acids_total_to_individual_existing
1258	Fatty acids, total saturated	fatty acids total saturated	1307	PUFA 18:2 i	pufa 18 2 i	existing	fatty_acids_total_to_individual_existing
1258	Fatty acids, total saturated	fatty acids total saturated	1308	PUFA 18:2 t,c	pufa 18 2 t c	existing	fatty_acids_total_to_individual_existing
1258	Fatty acids, total saturated	fatty acids total saturated	1309	PUFA 18:2 c,t	pufa 18 2 c t	existing	fatty_acids_total_to_individual_existing
1258	Fatty acids, total saturated	fatty acids total saturated	1310	TFA 18:2 t,t	tfa 18 2 t t	existing	fatty_acids_total_to_individual_existing
1258	Fatty acids, total saturated	fatty acids total saturated	1311	PUFA 18:2 CLAs	pufa 18 2 clas	existing	fatty_acids_total_to_individual_existing
1258	Fatty acids, total saturated	fatty acids total saturated	1312	MUFA 24:1 c	mufa 24 1 c	existing	fatty_acids_total_to_individual_existing
1258	Fatty acids, total saturated	fatty acids total saturated	1313	PUFA 20:2 n-6 c,c	pufa 20 2 n 6 c c	existing	fatty_acids_total_to_individual_existing
1258	Fatty acids, total saturated	fatty acids total saturated	1314	MUFA 16:1 c	mufa 16 1 c	existing	fatty_acids_total_to_individual_existing
1258	Fatty acids, total saturated	fatty acids total saturated	1315	MUFA 18:1 c	mufa 18 1 c	existing	fatty_acids_total_to_individual_existing
1258	Fatty acids, total saturated	fatty acids total saturated	1316	PUFA 18:2 n-6 c,c	pufa 18 2 n 6 c c	existing	fatty_acids_total_to_individual_existing
1258	Fatty acids, total saturated	fatty acids total saturated	1317	MUFA 22:1 c	mufa 22 1 c	existing	fatty_acids_total_to_individual_existing
1258	Fatty acids, total saturated	fatty acids total saturated	1321	PUFA 18:3 n-6 c,c,c	pufa 18 3 n 6 c c c	existing	fatty_acids_total_to_individual_existing
1258	Fatty acids, total saturated	fatty acids total saturated	1322	SFA 19:0	sfa 19 0	existing	fatty_acids_total_to_individual_existing
1258	Fatty acids, total saturated	fatty acids total saturated	1323	MUFA 17:1	mufa 17 1	existing	fatty_acids_total_to_individual_existing
1258	Fatty acids, total saturated	fatty acids total saturated	1324	PUFA 16:2	pufa 16 2	existing	fatty_acids_total_to_individual_existing
1258	Fatty acids, total saturated	fatty acids total saturated	1325	PUFA 20:3	pufa 20 3	existing	fatty_acids_total_to_individual_existing
1258	Fatty acids, total saturated	fatty acids total saturated	1332	SFA 13:0	sfa 13 0	existing	fatty_acids_total_to_individual_existing
1258	Fatty acids, total saturated	fatty acids total saturated	1333	MUFA 15:1	mufa 15 1	existing	fatty_acids_total_to_individual_existing
1258	Fatty acids, total saturated	fatty acids total saturated	1334	PUFA 22:2	pufa 22 2	existing	fatty_acids_total_to_individual_existing
1258	Fatty acids, total saturated	fatty acids total saturated	1335	SFA 11:0	sfa 11 0	existing	fatty_acids_total_to_individual_existing
1258	Fatty acids, total saturated	fatty acids total saturated	1404	PUFA 18:3 n-3 c,c,c (ALA)	pufa 18 3 n 3 c c c	existing	fatty_acids_total_to_individual_existing
1258	Fatty acids, total saturated	fatty acids total saturated	1405	PUFA 20:3 n-3	pufa 20 3 n 3	existing	fatty_acids_total_to_individual_existing
1258	Fatty acids, total saturated	fatty acids total saturated	1406	PUFA 20:3 n-6	pufa 20 3 n 6	existing	fatty_acids_total_to_individual_existing
1258	Fatty acids, total saturated	fatty acids total saturated	1407	PUFA 20:4 n-3	pufa 20 4 n 3	existing	fatty_acids_total_to_individual_existing
1258	Fatty acids, total saturated	fatty acids total saturated	1408	PUFA 20:4 n-6	pufa 20 4 n 6	existing	fatty_acids_total_to_individual_existing
1258	Fatty acids, total saturated	fatty acids total saturated	1409	PUFA 18:3i	pufa 18 3i	existing	fatty_acids_total_to_individual_existing
1258	Fatty acids, total saturated	fatty acids total saturated	1410	PUFA 21:5	pufa 21 5	existing	fatty_acids_total_to_individual_existing
1258	Fatty acids, total saturated	fatty acids total saturated	1411	PUFA 22:4	pufa 22 4	existing	fatty_acids_total_to_individual_existing
1258	Fatty acids, total saturated	fatty acids total saturated	1412	MUFA 18:1-11 t (18:1t n-7)	mufa 18 1 11 t 18 1t n 7	existing	fatty_acids_total_to_individual_existing
1258	Fatty acids, total saturated	fatty acids total saturated	1413	MUFA 18:1-11 c (18:1c n-7)	mufa 18 1 11 c 18 1c n 7	existing	fatty_acids_total_to_individual_existing
1258	Fatty acids, total saturated	fatty acids total saturated	1414	PUFA 20:3 n-9	pufa 20 3 n 9	existing	fatty_acids_total_to_individual_existing
1258	Fatty acids, total saturated	fatty acids total saturated	2003	SFA 5:0	sfa 5 0	existing	fatty_acids_total_to_individual_existing
1258	Fatty acids, total saturated	fatty acids total saturated	2004	SFA 7:0	sfa 7 0	existing	fatty_acids_total_to_individual_existing
1258	Fatty acids, total saturated	fatty acids total saturated	2005	SFA 9:0	sfa 9 0	existing	fatty_acids_total_to_individual_existing
1258	Fatty acids, total saturated	fatty acids total saturated	2006	SFA 21:0	sfa 21 0	existing	fatty_acids_total_to_individual_existing
1258	Fatty acids, total saturated	fatty acids total saturated	2007	SFA 23:0	sfa 23 0	existing	fatty_acids_total_to_individual_existing
1258	Fatty acids, total saturated	fatty acids total saturated	2008	MUFA 12:1	mufa 12 1	existing	fatty_acids_total_to_individual_existing
1258	Fatty acids, total saturated	fatty acids total saturated	2009	MUFA 14:1 c	mufa 14 1 c	existing	fatty_acids_total_to_individual_existing
1258	Fatty acids, total saturated	fatty acids total saturated	2010	MUFA 17:1 c	mufa 17 1 c	existing	fatty_acids_total_to_individual_existing
1258	Fatty acids, total saturated	fatty acids total saturated	2011	TFA 17:1 t	tfa 17 1 t	existing	fatty_acids_total_to_individual_existing
1258	Fatty acids, total saturated	fatty acids total saturated	2012	MUFA 20:1 c	mufa 20 1 c	existing	fatty_acids_total_to_individual_existing
1258	Fatty acids, total saturated	fatty acids total saturated	2013	TFA 20:1 t	tfa 20 1 t	existing	fatty_acids_total_to_individual_existing
1258	Fatty acids, total saturated	fatty acids total saturated	2014	MUFA 22:1 n-9	mufa 22 1 n 9	existing	fatty_acids_total_to_individual_existing
1258	Fatty acids, total saturated	fatty acids total saturated	2015	MUFA 22:1 n-11	mufa 22 1 n 11	existing	fatty_acids_total_to_individual_existing
1258	Fatty acids, total saturated	fatty acids total saturated	2016	PUFA 18:2 c	pufa 18 2 c	existing	fatty_acids_total_to_individual_existing
1258	Fatty acids, total saturated	fatty acids total saturated	2017	TFA 18:2 t	tfa 18 2 t	existing	fatty_acids_total_to_individual_existing
1258	Fatty acids, total saturated	fatty acids total saturated	2018	PUFA 18:3 c	pufa 18 3 c	existing	fatty_acids_total_to_individual_existing
1258	Fatty acids, total saturated	fatty acids total saturated	2019	TFA 18:3 t	tfa 18 3 t	existing	fatty_acids_total_to_individual_existing
1258	Fatty acids, total saturated	fatty acids total saturated	2020	PUFA 20:3 c	pufa 20 3 c	existing	fatty_acids_total_to_individual_existing
1258	Fatty acids, total saturated	fatty acids total saturated	2021	PUFA 22:3	pufa 22 3	existing	fatty_acids_total_to_individual_existing
1258	Fatty acids, total saturated	fatty acids total saturated	2022	PUFA 20:4c	pufa 20 4c	existing	fatty_acids_total_to_individual_existing
1258	Fatty acids, total saturated	fatty acids total saturated	2023	PUFA 20:5c	pufa 20 5c	existing	fatty_acids_total_to_individual_existing
1258	Fatty acids, total saturated	fatty acids total saturated	2024	PUFA 22:5 c	pufa 22 5 c	existing	fatty_acids_total_to_individual_existing
1258	Fatty acids, total saturated	fatty acids total saturated	2025	PUFA 22:6 c	pufa 22 6 c	existing	fatty_acids_total_to_individual_existing
1258	Fatty acids, total saturated	fatty acids total saturated	2026	PUFA 20:2 c	pufa 20 2 c	existing	fatty_acids_total_to_individual_existing
1258	Fatty acids, total saturated	fatty acids total saturated	96718	FA 10:0	fa 10 0	existing	fatty_acids_total_to_individual_existing
1258	Fatty acids, total saturated	fatty acids total saturated	96719	FA 12:0	fa 12 0	existing	fatty_acids_total_to_individual_existing
1258	Fatty acids, total saturated	fatty acids total saturated	96720	FA 14:0	fa 14 0	existing	fatty_acids_total_to_individual_existing
1258	Fatty acids, total saturated	fatty acids total saturated	96721	FA 16:0	fa 16 0	existing	fatty_acids_total_to_individual_existing
1258	Fatty acids, total saturated	fatty acids total saturated	96722	FA 18:0	fa 18 0	existing	fatty_acids_total_to_individual_existing
1258	Fatty acids, total saturated	fatty acids total saturated	96723	FA 18:1 n-9 cis	fa 18 1 n 9 cis	existing	fatty_acids_total_to_individual_existing
1258	Fatty acids, total saturated	fatty acids total saturated	96724	FA 18:2 9c,12c (n-6)	fa 18 2 9c 12c n 6	existing	fatty_acids_total_to_individual_existing
1258	Fatty acids, total saturated	fatty acids total saturated	96725	FA 18:3 c9,c12,c15 (n-3)	fa 18 3 c9 c12 c15 n 3	existing	fatty_acids_total_to_individual_existing
1258	Fatty acids, total saturated	fatty acids total saturated	96726	FA 20:4 5c,8c,11c,14c (n-6)	fa 20 4 5c 8c 11c 14c n 6	existing	fatty_acids_total_to_individual_existing
1258	Fatty acids, total saturated	fatty acids total saturated	96727	FA 4:0	fa 4 0	existing	fatty_acids_total_to_individual_existing
1258	Fatty acids, total saturated	fatty acids total saturated	96728	FA 6:0	fa 6 0	existing	fatty_acids_total_to_individual_existing
1258	Fatty acids, total saturated	fatty acids total saturated	96729	FA 8:0	fa 8 0	existing	fatty_acids_total_to_individual_existing
1258	Fatty acids, total saturated	fatty acids total saturated	240075	5,3',4'-Trihydroxy-3-methoxy-6:7-methylenedioxyflavone 4'-O-glucuronide	5 3 4 trihydroxy 3 methoxy 6 7 methylenedioxyflavone 4 o glucuronide	existing	fatty_acids_total_to_individual_existing
1258	Fatty acids, total saturated	fatty acids total saturated	240076	5,4'-Dihydroxy-3,3'-dimethoxy-6:7-methylenedioxyflavone 4'-O-glucuronide	5 4 dihydroxy 3 3 dimethoxy 6 7 methylenedioxyflavone 4 o glucuronide	existing	fatty_acids_total_to_individual_existing
1258	Fatty acids, total saturated	fatty acids total saturated	250036	Fatty acid 10:0	fatty acid 10 0	existing	fatty_acids_total_to_individual_existing
1258	Fatty acids, total saturated	fatty acids total saturated	250037	Fatty acid 12:0	fatty acid 12 0	existing	fatty_acids_total_to_individual_existing
1258	Fatty acids, total saturated	fatty acids total saturated	250038	Fatty acid 14:0	fatty acid 14 0	existing	fatty_acids_total_to_individual_existing
1258	Fatty acids, total saturated	fatty acids total saturated	250039	Fatty acid 15:0	fatty acid 15 0	existing	fatty_acids_total_to_individual_existing
1258	Fatty acids, total saturated	fatty acids total saturated	250040	Fatty acid 16:0	fatty acid 16 0	existing	fatty_acids_total_to_individual_existing
1258	Fatty acids, total saturated	fatty acids total saturated	250041	Fatty acid 17:0	fatty acid 17 0	existing	fatty_acids_total_to_individual_existing
1258	Fatty acids, total saturated	fatty acids total saturated	250042	Fatty acid 18:0	fatty acid 18 0	existing	fatty_acids_total_to_individual_existing
1258	Fatty acids, total saturated	fatty acids total saturated	250043	Fatty acid 20:0	fatty acid 20 0	existing	fatty_acids_total_to_individual_existing
1258	Fatty acids, total saturated	fatty acids total saturated	250044	Fatty acid 22:0	fatty acid 22 0	existing	fatty_acids_total_to_individual_existing
1258	Fatty acids, total saturated	fatty acids total saturated	250045	Fatty acid 24:0	fatty acid 24 0	existing	fatty_acids_total_to_individual_existing
1258	Fatty acids, total saturated	fatty acids total saturated	250046	Fatty acid 10:1	fatty acid 10 1	existing	fatty_acids_total_to_individual_existing
1258	Fatty acids, total saturated	fatty acids total saturated	250047	Fatty acid 14:1	fatty acid 14 1	existing	fatty_acids_total_to_individual_existing
1258	Fatty acids, total saturated	fatty acids total saturated	250048	Fatty acid 15:1	fatty acid 15 1	existing	fatty_acids_total_to_individual_existing
1258	Fatty acids, total saturated	fatty acids total saturated	250049	Fatty acid 16:1	fatty acid 16 1	existing	fatty_acids_total_to_individual_existing
1258	Fatty acids, total saturated	fatty acids total saturated	250050	Fatty acid 17:1	fatty acid 17 1	existing	fatty_acids_total_to_individual_existing
1258	Fatty acids, total saturated	fatty acids total saturated	250051	Fatty acid 18:1 undifferentiated	fatty acid 18 1 undifferentiated	existing	fatty_acids_total_to_individual_existing
1258	Fatty acids, total saturated	fatty acids total saturated	250052	Fatty acid 20:1	fatty acid 20 1	existing	fatty_acids_total_to_individual_existing
1258	Fatty acids, total saturated	fatty acids total saturated	250053	Fatty acid 22:1	fatty acid 22 1	existing	fatty_acids_total_to_individual_existing
1258	Fatty acids, total saturated	fatty acids total saturated	250054	Fatty acid 24:1	fatty acid 24 1	existing	fatty_acids_total_to_individual_existing
1258	Fatty acids, total saturated	fatty acids total saturated	250055	Fatty acid 16:2	fatty acid 16 2	existing	fatty_acids_total_to_individual_existing
1258	Fatty acids, total saturated	fatty acids total saturated	250056	Fatty acid 16:3	fatty acid 16 3	existing	fatty_acids_total_to_individual_existing
1258	Fatty acids, total saturated	fatty acids total saturated	250057	Fatty acid 16:4	fatty acid 16 4	existing	fatty_acids_total_to_individual_existing
1258	Fatty acids, total saturated	fatty acids total saturated	250058	Fatty acid 18:2 n-6	fatty acid 18 2 n 6	existing	fatty_acids_total_to_individual_existing
1258	Fatty acids, total saturated	fatty acids total saturated	250059	Fatty acid 18:3 n-3	fatty acid 18 3 n 3	existing	fatty_acids_total_to_individual_existing
1258	Fatty acids, total saturated	fatty acids total saturated	250060	Fatty acid 18:3 n-6	fatty acid 18 3 n 6	existing	fatty_acids_total_to_individual_existing
1258	Fatty acids, total saturated	fatty acids total saturated	250061	Fatty acid 18:4 n-3	fatty acid 18 4 n 3	existing	fatty_acids_total_to_individual_existing
1258	Fatty acids, total saturated	fatty acids total saturated	250062	Fatty acid 20:2 n-6	fatty acid 20 2 n 6	existing	fatty_acids_total_to_individual_existing
1258	Fatty acids, total saturated	fatty acids total saturated	250063	Fatty acid 20:3 n-6	fatty acid 20 3 n 6	existing	fatty_acids_total_to_individual_existing
1258	Fatty acids, total saturated	fatty acids total saturated	250064	Fatty acid 20:4 n-3	fatty acid 20 4 n 3	existing	fatty_acids_total_to_individual_existing
1258	Fatty acids, total saturated	fatty acids total saturated	250065	Fatty acid 20:4 n-6	fatty acid 20 4 n 6	existing	fatty_acids_total_to_individual_existing
1258	Fatty acids, total saturated	fatty acids total saturated	250066	Fatty acid 20:5 n-3	fatty acid 20 5 n 3	existing	fatty_acids_total_to_individual_existing
1258	Fatty acids, total saturated	fatty acids total saturated	250067	Fatty acid 21:5 n-3	fatty acid 21 5 n 3	existing	fatty_acids_total_to_individual_existing
1258	Fatty acids, total saturated	fatty acids total saturated	250068	Fatty acid 22:2	fatty acid 22 2	existing	fatty_acids_total_to_individual_existing
1258	Fatty acids, total saturated	fatty acids total saturated	250069	Fatty acid 22:4 n-6	fatty acid 22 4 n 6	existing	fatty_acids_total_to_individual_existing
1258	Fatty acids, total saturated	fatty acids total saturated	250070	Fatty acid 22:5 n-3	fatty acid 22 5 n 3	existing	fatty_acids_total_to_individual_existing
1258	Fatty acids, total saturated	fatty acids total saturated	250071	Fatty acid 22:5 n-6	fatty acid 22 5 n 6	existing	fatty_acids_total_to_individual_existing
1258	Fatty acids, total saturated	fatty acids total saturated	250072	Fatty acid 22:6 n-3	fatty acid 22 6 n 3	existing	fatty_acids_total_to_individual_existing
1292	Fatty acids, total monounsaturated	fatty acids total monounsaturated	1259	SFA 4:0	sfa 4 0	existing	fatty_acids_total_to_individual_existing
1292	Fatty acids, total monounsaturated	fatty acids total monounsaturated	1260	SFA 6:0	sfa 6 0	existing	fatty_acids_total_to_individual_existing
1292	Fatty acids, total monounsaturated	fatty acids total monounsaturated	1261	SFA 8:0	sfa 8 0	existing	fatty_acids_total_to_individual_existing
1292	Fatty acids, total monounsaturated	fatty acids total monounsaturated	1262	SFA 10:0	sfa 10 0	existing	fatty_acids_total_to_individual_existing
1292	Fatty acids, total monounsaturated	fatty acids total monounsaturated	1263	SFA 12:0	sfa 12 0	existing	fatty_acids_total_to_individual_existing
1292	Fatty acids, total monounsaturated	fatty acids total monounsaturated	1264	SFA 14:0	sfa 14 0	existing	fatty_acids_total_to_individual_existing
1292	Fatty acids, total monounsaturated	fatty acids total monounsaturated	1265	SFA 16:0	sfa 16 0	existing	fatty_acids_total_to_individual_existing
1292	Fatty acids, total monounsaturated	fatty acids total monounsaturated	1266	SFA 18:0	sfa 18 0	existing	fatty_acids_total_to_individual_existing
1292	Fatty acids, total monounsaturated	fatty acids total monounsaturated	1267	SFA 20:0	sfa 20 0	existing	fatty_acids_total_to_individual_existing
1292	Fatty acids, total monounsaturated	fatty acids total monounsaturated	1268	MUFA 18:1	mufa 18 1	existing	fatty_acids_total_to_individual_existing
1292	Fatty acids, total monounsaturated	fatty acids total monounsaturated	1269	PUFA 18:2	pufa 18 2	existing	fatty_acids_total_to_individual_existing
1292	Fatty acids, total monounsaturated	fatty acids total monounsaturated	1270	PUFA 18:3	pufa 18 3	existing	fatty_acids_total_to_individual_existing
1292	Fatty acids, total monounsaturated	fatty acids total monounsaturated	1271	PUFA 20:4	pufa 20 4	existing	fatty_acids_total_to_individual_existing
1292	Fatty acids, total monounsaturated	fatty acids total monounsaturated	1272	PUFA 22:6 n-3 (DHA)	pufa 22 6 n 3	existing	fatty_acids_total_to_individual_existing
1292	Fatty acids, total monounsaturated	fatty acids total monounsaturated	1273	SFA 22:0	sfa 22 0	existing	fatty_acids_total_to_individual_existing
1292	Fatty acids, total monounsaturated	fatty acids total monounsaturated	1274	MUFA 14:1	mufa 14 1	existing	fatty_acids_total_to_individual_existing
1292	Fatty acids, total monounsaturated	fatty acids total monounsaturated	1275	MUFA 16:1	mufa 16 1	existing	fatty_acids_total_to_individual_existing
1292	Fatty acids, total monounsaturated	fatty acids total monounsaturated	1276	PUFA 18:4	pufa 18 4	existing	fatty_acids_total_to_individual_existing
1292	Fatty acids, total monounsaturated	fatty acids total monounsaturated	1277	MUFA 20:1	mufa 20 1	existing	fatty_acids_total_to_individual_existing
1292	Fatty acids, total monounsaturated	fatty acids total monounsaturated	1278	PUFA 20:5 n-3 (EPA)	pufa 20 5 n 3	existing	fatty_acids_total_to_individual_existing
1292	Fatty acids, total monounsaturated	fatty acids total monounsaturated	1279	MUFA 22:1	mufa 22 1	existing	fatty_acids_total_to_individual_existing
1292	Fatty acids, total monounsaturated	fatty acids total monounsaturated	1280	PUFA 22:5 n-3 (DPA)	pufa 22 5 n 3	existing	fatty_acids_total_to_individual_existing
1292	Fatty acids, total monounsaturated	fatty acids total monounsaturated	1281	TFA 14:1 t	tfa 14 1 t	existing	fatty_acids_total_to_individual_existing
1292	Fatty acids, total monounsaturated	fatty acids total monounsaturated	1299	SFA 15:0	sfa 15 0	existing	fatty_acids_total_to_individual_existing
1292	Fatty acids, total monounsaturated	fatty acids total monounsaturated	1300	SFA 17:0	sfa 17 0	existing	fatty_acids_total_to_individual_existing
1292	Fatty acids, total monounsaturated	fatty acids total monounsaturated	1301	SFA 24:0	sfa 24 0	existing	fatty_acids_total_to_individual_existing
1292	Fatty acids, total monounsaturated	fatty acids total monounsaturated	1303	TFA 16:1 t	tfa 16 1 t	existing	fatty_acids_total_to_individual_existing
1292	Fatty acids, total monounsaturated	fatty acids total monounsaturated	1304	TFA 18:1 t	tfa 18 1 t	existing	fatty_acids_total_to_individual_existing
1292	Fatty acids, total monounsaturated	fatty acids total monounsaturated	1305	TFA 22:1 t	tfa 22 1 t	existing	fatty_acids_total_to_individual_existing
1292	Fatty acids, total monounsaturated	fatty acids total monounsaturated	1306	TFA 18:2 t not further defined	tfa 18 2 t not further defined	existing	fatty_acids_total_to_individual_existing
1292	Fatty acids, total monounsaturated	fatty acids total monounsaturated	1307	PUFA 18:2 i	pufa 18 2 i	existing	fatty_acids_total_to_individual_existing
1292	Fatty acids, total monounsaturated	fatty acids total monounsaturated	1308	PUFA 18:2 t,c	pufa 18 2 t c	existing	fatty_acids_total_to_individual_existing
1292	Fatty acids, total monounsaturated	fatty acids total monounsaturated	1309	PUFA 18:2 c,t	pufa 18 2 c t	existing	fatty_acids_total_to_individual_existing
1292	Fatty acids, total monounsaturated	fatty acids total monounsaturated	1310	TFA 18:2 t,t	tfa 18 2 t t	existing	fatty_acids_total_to_individual_existing
1292	Fatty acids, total monounsaturated	fatty acids total monounsaturated	1311	PUFA 18:2 CLAs	pufa 18 2 clas	existing	fatty_acids_total_to_individual_existing
1292	Fatty acids, total monounsaturated	fatty acids total monounsaturated	1312	MUFA 24:1 c	mufa 24 1 c	existing	fatty_acids_total_to_individual_existing
1292	Fatty acids, total monounsaturated	fatty acids total monounsaturated	1313	PUFA 20:2 n-6 c,c	pufa 20 2 n 6 c c	existing	fatty_acids_total_to_individual_existing
1292	Fatty acids, total monounsaturated	fatty acids total monounsaturated	1314	MUFA 16:1 c	mufa 16 1 c	existing	fatty_acids_total_to_individual_existing
1292	Fatty acids, total monounsaturated	fatty acids total monounsaturated	1315	MUFA 18:1 c	mufa 18 1 c	existing	fatty_acids_total_to_individual_existing
1292	Fatty acids, total monounsaturated	fatty acids total monounsaturated	1316	PUFA 18:2 n-6 c,c	pufa 18 2 n 6 c c	existing	fatty_acids_total_to_individual_existing
1292	Fatty acids, total monounsaturated	fatty acids total monounsaturated	1317	MUFA 22:1 c	mufa 22 1 c	existing	fatty_acids_total_to_individual_existing
1292	Fatty acids, total monounsaturated	fatty acids total monounsaturated	1321	PUFA 18:3 n-6 c,c,c	pufa 18 3 n 6 c c c	existing	fatty_acids_total_to_individual_existing
1292	Fatty acids, total monounsaturated	fatty acids total monounsaturated	1322	SFA 19:0	sfa 19 0	existing	fatty_acids_total_to_individual_existing
1292	Fatty acids, total monounsaturated	fatty acids total monounsaturated	1323	MUFA 17:1	mufa 17 1	existing	fatty_acids_total_to_individual_existing
1292	Fatty acids, total monounsaturated	fatty acids total monounsaturated	1324	PUFA 16:2	pufa 16 2	existing	fatty_acids_total_to_individual_existing
1292	Fatty acids, total monounsaturated	fatty acids total monounsaturated	1325	PUFA 20:3	pufa 20 3	existing	fatty_acids_total_to_individual_existing
1292	Fatty acids, total monounsaturated	fatty acids total monounsaturated	1332	SFA 13:0	sfa 13 0	existing	fatty_acids_total_to_individual_existing
1292	Fatty acids, total monounsaturated	fatty acids total monounsaturated	1333	MUFA 15:1	mufa 15 1	existing	fatty_acids_total_to_individual_existing
1292	Fatty acids, total monounsaturated	fatty acids total monounsaturated	1334	PUFA 22:2	pufa 22 2	existing	fatty_acids_total_to_individual_existing
1292	Fatty acids, total monounsaturated	fatty acids total monounsaturated	1335	SFA 11:0	sfa 11 0	existing	fatty_acids_total_to_individual_existing
1292	Fatty acids, total monounsaturated	fatty acids total monounsaturated	1404	PUFA 18:3 n-3 c,c,c (ALA)	pufa 18 3 n 3 c c c	existing	fatty_acids_total_to_individual_existing
1292	Fatty acids, total monounsaturated	fatty acids total monounsaturated	1405	PUFA 20:3 n-3	pufa 20 3 n 3	existing	fatty_acids_total_to_individual_existing
1292	Fatty acids, total monounsaturated	fatty acids total monounsaturated	1406	PUFA 20:3 n-6	pufa 20 3 n 6	existing	fatty_acids_total_to_individual_existing
1292	Fatty acids, total monounsaturated	fatty acids total monounsaturated	1407	PUFA 20:4 n-3	pufa 20 4 n 3	existing	fatty_acids_total_to_individual_existing
1292	Fatty acids, total monounsaturated	fatty acids total monounsaturated	1408	PUFA 20:4 n-6	pufa 20 4 n 6	existing	fatty_acids_total_to_individual_existing
1292	Fatty acids, total monounsaturated	fatty acids total monounsaturated	1409	PUFA 18:3i	pufa 18 3i	existing	fatty_acids_total_to_individual_existing
1292	Fatty acids, total monounsaturated	fatty acids total monounsaturated	1410	PUFA 21:5	pufa 21 5	existing	fatty_acids_total_to_individual_existing
1292	Fatty acids, total monounsaturated	fatty acids total monounsaturated	1411	PUFA 22:4	pufa 22 4	existing	fatty_acids_total_to_individual_existing
1292	Fatty acids, total monounsaturated	fatty acids total monounsaturated	1412	MUFA 18:1-11 t (18:1t n-7)	mufa 18 1 11 t 18 1t n 7	existing	fatty_acids_total_to_individual_existing
1292	Fatty acids, total monounsaturated	fatty acids total monounsaturated	1413	MUFA 18:1-11 c (18:1c n-7)	mufa 18 1 11 c 18 1c n 7	existing	fatty_acids_total_to_individual_existing
1292	Fatty acids, total monounsaturated	fatty acids total monounsaturated	1414	PUFA 20:3 n-9	pufa 20 3 n 9	existing	fatty_acids_total_to_individual_existing
1292	Fatty acids, total monounsaturated	fatty acids total monounsaturated	2003	SFA 5:0	sfa 5 0	existing	fatty_acids_total_to_individual_existing
1292	Fatty acids, total monounsaturated	fatty acids total monounsaturated	2004	SFA 7:0	sfa 7 0	existing	fatty_acids_total_to_individual_existing
1292	Fatty acids, total monounsaturated	fatty acids total monounsaturated	2005	SFA 9:0	sfa 9 0	existing	fatty_acids_total_to_individual_existing
1292	Fatty acids, total monounsaturated	fatty acids total monounsaturated	2006	SFA 21:0	sfa 21 0	existing	fatty_acids_total_to_individual_existing
1292	Fatty acids, total monounsaturated	fatty acids total monounsaturated	2007	SFA 23:0	sfa 23 0	existing	fatty_acids_total_to_individual_existing
1292	Fatty acids, total monounsaturated	fatty acids total monounsaturated	2008	MUFA 12:1	mufa 12 1	existing	fatty_acids_total_to_individual_existing
1292	Fatty acids, total monounsaturated	fatty acids total monounsaturated	2009	MUFA 14:1 c	mufa 14 1 c	existing	fatty_acids_total_to_individual_existing
1292	Fatty acids, total monounsaturated	fatty acids total monounsaturated	2010	MUFA 17:1 c	mufa 17 1 c	existing	fatty_acids_total_to_individual_existing
1292	Fatty acids, total monounsaturated	fatty acids total monounsaturated	2011	TFA 17:1 t	tfa 17 1 t	existing	fatty_acids_total_to_individual_existing
1292	Fatty acids, total monounsaturated	fatty acids total monounsaturated	2012	MUFA 20:1 c	mufa 20 1 c	existing	fatty_acids_total_to_individual_existing
1292	Fatty acids, total monounsaturated	fatty acids total monounsaturated	2013	TFA 20:1 t	tfa 20 1 t	existing	fatty_acids_total_to_individual_existing
1292	Fatty acids, total monounsaturated	fatty acids total monounsaturated	2014	MUFA 22:1 n-9	mufa 22 1 n 9	existing	fatty_acids_total_to_individual_existing
1292	Fatty acids, total monounsaturated	fatty acids total monounsaturated	2015	MUFA 22:1 n-11	mufa 22 1 n 11	existing	fatty_acids_total_to_individual_existing
1292	Fatty acids, total monounsaturated	fatty acids total monounsaturated	2016	PUFA 18:2 c	pufa 18 2 c	existing	fatty_acids_total_to_individual_existing
1292	Fatty acids, total monounsaturated	fatty acids total monounsaturated	2017	TFA 18:2 t	tfa 18 2 t	existing	fatty_acids_total_to_individual_existing
1292	Fatty acids, total monounsaturated	fatty acids total monounsaturated	2018	PUFA 18:3 c	pufa 18 3 c	existing	fatty_acids_total_to_individual_existing
1292	Fatty acids, total monounsaturated	fatty acids total monounsaturated	2019	TFA 18:3 t	tfa 18 3 t	existing	fatty_acids_total_to_individual_existing
1292	Fatty acids, total monounsaturated	fatty acids total monounsaturated	2020	PUFA 20:3 c	pufa 20 3 c	existing	fatty_acids_total_to_individual_existing
1292	Fatty acids, total monounsaturated	fatty acids total monounsaturated	2021	PUFA 22:3	pufa 22 3	existing	fatty_acids_total_to_individual_existing
1292	Fatty acids, total monounsaturated	fatty acids total monounsaturated	2022	PUFA 20:4c	pufa 20 4c	existing	fatty_acids_total_to_individual_existing
1292	Fatty acids, total monounsaturated	fatty acids total monounsaturated	2023	PUFA 20:5c	pufa 20 5c	existing	fatty_acids_total_to_individual_existing
1292	Fatty acids, total monounsaturated	fatty acids total monounsaturated	2024	PUFA 22:5 c	pufa 22 5 c	existing	fatty_acids_total_to_individual_existing
1292	Fatty acids, total monounsaturated	fatty acids total monounsaturated	2025	PUFA 22:6 c	pufa 22 6 c	existing	fatty_acids_total_to_individual_existing
1292	Fatty acids, total monounsaturated	fatty acids total monounsaturated	2026	PUFA 20:2 c	pufa 20 2 c	existing	fatty_acids_total_to_individual_existing
1292	Fatty acids, total monounsaturated	fatty acids total monounsaturated	96718	FA 10:0	fa 10 0	existing	fatty_acids_total_to_individual_existing
1292	Fatty acids, total monounsaturated	fatty acids total monounsaturated	96719	FA 12:0	fa 12 0	existing	fatty_acids_total_to_individual_existing
1292	Fatty acids, total monounsaturated	fatty acids total monounsaturated	96720	FA 14:0	fa 14 0	existing	fatty_acids_total_to_individual_existing
1292	Fatty acids, total monounsaturated	fatty acids total monounsaturated	96721	FA 16:0	fa 16 0	existing	fatty_acids_total_to_individual_existing
1292	Fatty acids, total monounsaturated	fatty acids total monounsaturated	96722	FA 18:0	fa 18 0	existing	fatty_acids_total_to_individual_existing
1292	Fatty acids, total monounsaturated	fatty acids total monounsaturated	96723	FA 18:1 n-9 cis	fa 18 1 n 9 cis	existing	fatty_acids_total_to_individual_existing
1292	Fatty acids, total monounsaturated	fatty acids total monounsaturated	96724	FA 18:2 9c,12c (n-6)	fa 18 2 9c 12c n 6	existing	fatty_acids_total_to_individual_existing
1292	Fatty acids, total monounsaturated	fatty acids total monounsaturated	96725	FA 18:3 c9,c12,c15 (n-3)	fa 18 3 c9 c12 c15 n 3	existing	fatty_acids_total_to_individual_existing
1292	Fatty acids, total monounsaturated	fatty acids total monounsaturated	96726	FA 20:4 5c,8c,11c,14c (n-6)	fa 20 4 5c 8c 11c 14c n 6	existing	fatty_acids_total_to_individual_existing
1292	Fatty acids, total monounsaturated	fatty acids total monounsaturated	96727	FA 4:0	fa 4 0	existing	fatty_acids_total_to_individual_existing
1292	Fatty acids, total monounsaturated	fatty acids total monounsaturated	96728	FA 6:0	fa 6 0	existing	fatty_acids_total_to_individual_existing
1292	Fatty acids, total monounsaturated	fatty acids total monounsaturated	96729	FA 8:0	fa 8 0	existing	fatty_acids_total_to_individual_existing
1292	Fatty acids, total monounsaturated	fatty acids total monounsaturated	240075	5,3',4'-Trihydroxy-3-methoxy-6:7-methylenedioxyflavone 4'-O-glucuronide	5 3 4 trihydroxy 3 methoxy 6 7 methylenedioxyflavone 4 o glucuronide	existing	fatty_acids_total_to_individual_existing
1292	Fatty acids, total monounsaturated	fatty acids total monounsaturated	240076	5,4'-Dihydroxy-3,3'-dimethoxy-6:7-methylenedioxyflavone 4'-O-glucuronide	5 4 dihydroxy 3 3 dimethoxy 6 7 methylenedioxyflavone 4 o glucuronide	existing	fatty_acids_total_to_individual_existing
1292	Fatty acids, total monounsaturated	fatty acids total monounsaturated	250036	Fatty acid 10:0	fatty acid 10 0	existing	fatty_acids_total_to_individual_existing
1292	Fatty acids, total monounsaturated	fatty acids total monounsaturated	250037	Fatty acid 12:0	fatty acid 12 0	existing	fatty_acids_total_to_individual_existing
1292	Fatty acids, total monounsaturated	fatty acids total monounsaturated	250038	Fatty acid 14:0	fatty acid 14 0	existing	fatty_acids_total_to_individual_existing
1292	Fatty acids, total monounsaturated	fatty acids total monounsaturated	250039	Fatty acid 15:0	fatty acid 15 0	existing	fatty_acids_total_to_individual_existing
1292	Fatty acids, total monounsaturated	fatty acids total monounsaturated	250040	Fatty acid 16:0	fatty acid 16 0	existing	fatty_acids_total_to_individual_existing
1292	Fatty acids, total monounsaturated	fatty acids total monounsaturated	250041	Fatty acid 17:0	fatty acid 17 0	existing	fatty_acids_total_to_individual_existing
1292	Fatty acids, total monounsaturated	fatty acids total monounsaturated	250042	Fatty acid 18:0	fatty acid 18 0	existing	fatty_acids_total_to_individual_existing
1292	Fatty acids, total monounsaturated	fatty acids total monounsaturated	250043	Fatty acid 20:0	fatty acid 20 0	existing	fatty_acids_total_to_individual_existing
1292	Fatty acids, total monounsaturated	fatty acids total monounsaturated	250044	Fatty acid 22:0	fatty acid 22 0	existing	fatty_acids_total_to_individual_existing
1292	Fatty acids, total monounsaturated	fatty acids total monounsaturated	250045	Fatty acid 24:0	fatty acid 24 0	existing	fatty_acids_total_to_individual_existing
1292	Fatty acids, total monounsaturated	fatty acids total monounsaturated	250046	Fatty acid 10:1	fatty acid 10 1	existing	fatty_acids_total_to_individual_existing
1292	Fatty acids, total monounsaturated	fatty acids total monounsaturated	250047	Fatty acid 14:1	fatty acid 14 1	existing	fatty_acids_total_to_individual_existing
1292	Fatty acids, total monounsaturated	fatty acids total monounsaturated	250048	Fatty acid 15:1	fatty acid 15 1	existing	fatty_acids_total_to_individual_existing
1292	Fatty acids, total monounsaturated	fatty acids total monounsaturated	250049	Fatty acid 16:1	fatty acid 16 1	existing	fatty_acids_total_to_individual_existing
1292	Fatty acids, total monounsaturated	fatty acids total monounsaturated	250050	Fatty acid 17:1	fatty acid 17 1	existing	fatty_acids_total_to_individual_existing
1292	Fatty acids, total monounsaturated	fatty acids total monounsaturated	250051	Fatty acid 18:1 undifferentiated	fatty acid 18 1 undifferentiated	existing	fatty_acids_total_to_individual_existing
1292	Fatty acids, total monounsaturated	fatty acids total monounsaturated	250052	Fatty acid 20:1	fatty acid 20 1	existing	fatty_acids_total_to_individual_existing
1292	Fatty acids, total monounsaturated	fatty acids total monounsaturated	250053	Fatty acid 22:1	fatty acid 22 1	existing	fatty_acids_total_to_individual_existing
1292	Fatty acids, total monounsaturated	fatty acids total monounsaturated	250054	Fatty acid 24:1	fatty acid 24 1	existing	fatty_acids_total_to_individual_existing
1292	Fatty acids, total monounsaturated	fatty acids total monounsaturated	250055	Fatty acid 16:2	fatty acid 16 2	existing	fatty_acids_total_to_individual_existing
1292	Fatty acids, total monounsaturated	fatty acids total monounsaturated	250056	Fatty acid 16:3	fatty acid 16 3	existing	fatty_acids_total_to_individual_existing
1292	Fatty acids, total monounsaturated	fatty acids total monounsaturated	250057	Fatty acid 16:4	fatty acid 16 4	existing	fatty_acids_total_to_individual_existing
1292	Fatty acids, total monounsaturated	fatty acids total monounsaturated	250058	Fatty acid 18:2 n-6	fatty acid 18 2 n 6	existing	fatty_acids_total_to_individual_existing
1292	Fatty acids, total monounsaturated	fatty acids total monounsaturated	250059	Fatty acid 18:3 n-3	fatty acid 18 3 n 3	existing	fatty_acids_total_to_individual_existing
1292	Fatty acids, total monounsaturated	fatty acids total monounsaturated	250060	Fatty acid 18:3 n-6	fatty acid 18 3 n 6	existing	fatty_acids_total_to_individual_existing
1292	Fatty acids, total monounsaturated	fatty acids total monounsaturated	250061	Fatty acid 18:4 n-3	fatty acid 18 4 n 3	existing	fatty_acids_total_to_individual_existing
1292	Fatty acids, total monounsaturated	fatty acids total monounsaturated	250062	Fatty acid 20:2 n-6	fatty acid 20 2 n 6	existing	fatty_acids_total_to_individual_existing
1292	Fatty acids, total monounsaturated	fatty acids total monounsaturated	250063	Fatty acid 20:3 n-6	fatty acid 20 3 n 6	existing	fatty_acids_total_to_individual_existing
1292	Fatty acids, total monounsaturated	fatty acids total monounsaturated	250064	Fatty acid 20:4 n-3	fatty acid 20 4 n 3	existing	fatty_acids_total_to_individual_existing
1292	Fatty acids, total monounsaturated	fatty acids total monounsaturated	250065	Fatty acid 20:4 n-6	fatty acid 20 4 n 6	existing	fatty_acids_total_to_individual_existing
1292	Fatty acids, total monounsaturated	fatty acids total monounsaturated	250066	Fatty acid 20:5 n-3	fatty acid 20 5 n 3	existing	fatty_acids_total_to_individual_existing
1292	Fatty acids, total monounsaturated	fatty acids total monounsaturated	250067	Fatty acid 21:5 n-3	fatty acid 21 5 n 3	existing	fatty_acids_total_to_individual_existing
1292	Fatty acids, total monounsaturated	fatty acids total monounsaturated	250068	Fatty acid 22:2	fatty acid 22 2	existing	fatty_acids_total_to_individual_existing
1292	Fatty acids, total monounsaturated	fatty acids total monounsaturated	250069	Fatty acid 22:4 n-6	fatty acid 22 4 n 6	existing	fatty_acids_total_to_individual_existing
1292	Fatty acids, total monounsaturated	fatty acids total monounsaturated	250070	Fatty acid 22:5 n-3	fatty acid 22 5 n 3	existing	fatty_acids_total_to_individual_existing
1292	Fatty acids, total monounsaturated	fatty acids total monounsaturated	250071	Fatty acid 22:5 n-6	fatty acid 22 5 n 6	existing	fatty_acids_total_to_individual_existing
1292	Fatty acids, total monounsaturated	fatty acids total monounsaturated	250072	Fatty acid 22:6 n-3	fatty acid 22 6 n 3	existing	fatty_acids_total_to_individual_existing
1293	Fatty acids, total polyunsaturated	fatty acids total polyunsaturated	1259	SFA 4:0	sfa 4 0	existing	fatty_acids_total_to_individual_existing
1293	Fatty acids, total polyunsaturated	fatty acids total polyunsaturated	1260	SFA 6:0	sfa 6 0	existing	fatty_acids_total_to_individual_existing
1293	Fatty acids, total polyunsaturated	fatty acids total polyunsaturated	1261	SFA 8:0	sfa 8 0	existing	fatty_acids_total_to_individual_existing
1293	Fatty acids, total polyunsaturated	fatty acids total polyunsaturated	1262	SFA 10:0	sfa 10 0	existing	fatty_acids_total_to_individual_existing
1293	Fatty acids, total polyunsaturated	fatty acids total polyunsaturated	1263	SFA 12:0	sfa 12 0	existing	fatty_acids_total_to_individual_existing
1293	Fatty acids, total polyunsaturated	fatty acids total polyunsaturated	1264	SFA 14:0	sfa 14 0	existing	fatty_acids_total_to_individual_existing
1293	Fatty acids, total polyunsaturated	fatty acids total polyunsaturated	1265	SFA 16:0	sfa 16 0	existing	fatty_acids_total_to_individual_existing
1293	Fatty acids, total polyunsaturated	fatty acids total polyunsaturated	1266	SFA 18:0	sfa 18 0	existing	fatty_acids_total_to_individual_existing
1293	Fatty acids, total polyunsaturated	fatty acids total polyunsaturated	1267	SFA 20:0	sfa 20 0	existing	fatty_acids_total_to_individual_existing
1293	Fatty acids, total polyunsaturated	fatty acids total polyunsaturated	1268	MUFA 18:1	mufa 18 1	existing	fatty_acids_total_to_individual_existing
1293	Fatty acids, total polyunsaturated	fatty acids total polyunsaturated	1269	PUFA 18:2	pufa 18 2	existing	fatty_acids_total_to_individual_existing
1293	Fatty acids, total polyunsaturated	fatty acids total polyunsaturated	1270	PUFA 18:3	pufa 18 3	existing	fatty_acids_total_to_individual_existing
1293	Fatty acids, total polyunsaturated	fatty acids total polyunsaturated	1271	PUFA 20:4	pufa 20 4	existing	fatty_acids_total_to_individual_existing
1293	Fatty acids, total polyunsaturated	fatty acids total polyunsaturated	1272	PUFA 22:6 n-3 (DHA)	pufa 22 6 n 3	existing	fatty_acids_total_to_individual_existing
1293	Fatty acids, total polyunsaturated	fatty acids total polyunsaturated	1273	SFA 22:0	sfa 22 0	existing	fatty_acids_total_to_individual_existing
1293	Fatty acids, total polyunsaturated	fatty acids total polyunsaturated	1274	MUFA 14:1	mufa 14 1	existing	fatty_acids_total_to_individual_existing
1293	Fatty acids, total polyunsaturated	fatty acids total polyunsaturated	1275	MUFA 16:1	mufa 16 1	existing	fatty_acids_total_to_individual_existing
1293	Fatty acids, total polyunsaturated	fatty acids total polyunsaturated	1276	PUFA 18:4	pufa 18 4	existing	fatty_acids_total_to_individual_existing
1293	Fatty acids, total polyunsaturated	fatty acids total polyunsaturated	1277	MUFA 20:1	mufa 20 1	existing	fatty_acids_total_to_individual_existing
1293	Fatty acids, total polyunsaturated	fatty acids total polyunsaturated	1278	PUFA 20:5 n-3 (EPA)	pufa 20 5 n 3	existing	fatty_acids_total_to_individual_existing
1293	Fatty acids, total polyunsaturated	fatty acids total polyunsaturated	1279	MUFA 22:1	mufa 22 1	existing	fatty_acids_total_to_individual_existing
1293	Fatty acids, total polyunsaturated	fatty acids total polyunsaturated	1280	PUFA 22:5 n-3 (DPA)	pufa 22 5 n 3	existing	fatty_acids_total_to_individual_existing
1293	Fatty acids, total polyunsaturated	fatty acids total polyunsaturated	1281	TFA 14:1 t	tfa 14 1 t	existing	fatty_acids_total_to_individual_existing
1293	Fatty acids, total polyunsaturated	fatty acids total polyunsaturated	1299	SFA 15:0	sfa 15 0	existing	fatty_acids_total_to_individual_existing
1293	Fatty acids, total polyunsaturated	fatty acids total polyunsaturated	1300	SFA 17:0	sfa 17 0	existing	fatty_acids_total_to_individual_existing
1293	Fatty acids, total polyunsaturated	fatty acids total polyunsaturated	1301	SFA 24:0	sfa 24 0	existing	fatty_acids_total_to_individual_existing
1293	Fatty acids, total polyunsaturated	fatty acids total polyunsaturated	1303	TFA 16:1 t	tfa 16 1 t	existing	fatty_acids_total_to_individual_existing
1293	Fatty acids, total polyunsaturated	fatty acids total polyunsaturated	1304	TFA 18:1 t	tfa 18 1 t	existing	fatty_acids_total_to_individual_existing
1293	Fatty acids, total polyunsaturated	fatty acids total polyunsaturated	1305	TFA 22:1 t	tfa 22 1 t	existing	fatty_acids_total_to_individual_existing
1293	Fatty acids, total polyunsaturated	fatty acids total polyunsaturated	1306	TFA 18:2 t not further defined	tfa 18 2 t not further defined	existing	fatty_acids_total_to_individual_existing
1293	Fatty acids, total polyunsaturated	fatty acids total polyunsaturated	1307	PUFA 18:2 i	pufa 18 2 i	existing	fatty_acids_total_to_individual_existing
1293	Fatty acids, total polyunsaturated	fatty acids total polyunsaturated	1308	PUFA 18:2 t,c	pufa 18 2 t c	existing	fatty_acids_total_to_individual_existing
1293	Fatty acids, total polyunsaturated	fatty acids total polyunsaturated	1309	PUFA 18:2 c,t	pufa 18 2 c t	existing	fatty_acids_total_to_individual_existing
1293	Fatty acids, total polyunsaturated	fatty acids total polyunsaturated	1310	TFA 18:2 t,t	tfa 18 2 t t	existing	fatty_acids_total_to_individual_existing
1293	Fatty acids, total polyunsaturated	fatty acids total polyunsaturated	1311	PUFA 18:2 CLAs	pufa 18 2 clas	existing	fatty_acids_total_to_individual_existing
1293	Fatty acids, total polyunsaturated	fatty acids total polyunsaturated	1312	MUFA 24:1 c	mufa 24 1 c	existing	fatty_acids_total_to_individual_existing
1293	Fatty acids, total polyunsaturated	fatty acids total polyunsaturated	1313	PUFA 20:2 n-6 c,c	pufa 20 2 n 6 c c	existing	fatty_acids_total_to_individual_existing
1293	Fatty acids, total polyunsaturated	fatty acids total polyunsaturated	1314	MUFA 16:1 c	mufa 16 1 c	existing	fatty_acids_total_to_individual_existing
1293	Fatty acids, total polyunsaturated	fatty acids total polyunsaturated	1315	MUFA 18:1 c	mufa 18 1 c	existing	fatty_acids_total_to_individual_existing
1293	Fatty acids, total polyunsaturated	fatty acids total polyunsaturated	1316	PUFA 18:2 n-6 c,c	pufa 18 2 n 6 c c	existing	fatty_acids_total_to_individual_existing
1293	Fatty acids, total polyunsaturated	fatty acids total polyunsaturated	1317	MUFA 22:1 c	mufa 22 1 c	existing	fatty_acids_total_to_individual_existing
1293	Fatty acids, total polyunsaturated	fatty acids total polyunsaturated	1321	PUFA 18:3 n-6 c,c,c	pufa 18 3 n 6 c c c	existing	fatty_acids_total_to_individual_existing
1293	Fatty acids, total polyunsaturated	fatty acids total polyunsaturated	1322	SFA 19:0	sfa 19 0	existing	fatty_acids_total_to_individual_existing
1293	Fatty acids, total polyunsaturated	fatty acids total polyunsaturated	1323	MUFA 17:1	mufa 17 1	existing	fatty_acids_total_to_individual_existing
1293	Fatty acids, total polyunsaturated	fatty acids total polyunsaturated	1324	PUFA 16:2	pufa 16 2	existing	fatty_acids_total_to_individual_existing
1293	Fatty acids, total polyunsaturated	fatty acids total polyunsaturated	1325	PUFA 20:3	pufa 20 3	existing	fatty_acids_total_to_individual_existing
1293	Fatty acids, total polyunsaturated	fatty acids total polyunsaturated	1332	SFA 13:0	sfa 13 0	existing	fatty_acids_total_to_individual_existing
1293	Fatty acids, total polyunsaturated	fatty acids total polyunsaturated	1333	MUFA 15:1	mufa 15 1	existing	fatty_acids_total_to_individual_existing
1293	Fatty acids, total polyunsaturated	fatty acids total polyunsaturated	1334	PUFA 22:2	pufa 22 2	existing	fatty_acids_total_to_individual_existing
1293	Fatty acids, total polyunsaturated	fatty acids total polyunsaturated	1335	SFA 11:0	sfa 11 0	existing	fatty_acids_total_to_individual_existing
1293	Fatty acids, total polyunsaturated	fatty acids total polyunsaturated	1404	PUFA 18:3 n-3 c,c,c (ALA)	pufa 18 3 n 3 c c c	existing	fatty_acids_total_to_individual_existing
1293	Fatty acids, total polyunsaturated	fatty acids total polyunsaturated	1405	PUFA 20:3 n-3	pufa 20 3 n 3	existing	fatty_acids_total_to_individual_existing
1293	Fatty acids, total polyunsaturated	fatty acids total polyunsaturated	1406	PUFA 20:3 n-6	pufa 20 3 n 6	existing	fatty_acids_total_to_individual_existing
1293	Fatty acids, total polyunsaturated	fatty acids total polyunsaturated	1407	PUFA 20:4 n-3	pufa 20 4 n 3	existing	fatty_acids_total_to_individual_existing
1293	Fatty acids, total polyunsaturated	fatty acids total polyunsaturated	1408	PUFA 20:4 n-6	pufa 20 4 n 6	existing	fatty_acids_total_to_individual_existing
1293	Fatty acids, total polyunsaturated	fatty acids total polyunsaturated	1409	PUFA 18:3i	pufa 18 3i	existing	fatty_acids_total_to_individual_existing
1293	Fatty acids, total polyunsaturated	fatty acids total polyunsaturated	1410	PUFA 21:5	pufa 21 5	existing	fatty_acids_total_to_individual_existing
1293	Fatty acids, total polyunsaturated	fatty acids total polyunsaturated	1411	PUFA 22:4	pufa 22 4	existing	fatty_acids_total_to_individual_existing
1293	Fatty acids, total polyunsaturated	fatty acids total polyunsaturated	1412	MUFA 18:1-11 t (18:1t n-7)	mufa 18 1 11 t 18 1t n 7	existing	fatty_acids_total_to_individual_existing
1293	Fatty acids, total polyunsaturated	fatty acids total polyunsaturated	1413	MUFA 18:1-11 c (18:1c n-7)	mufa 18 1 11 c 18 1c n 7	existing	fatty_acids_total_to_individual_existing
1293	Fatty acids, total polyunsaturated	fatty acids total polyunsaturated	1414	PUFA 20:3 n-9	pufa 20 3 n 9	existing	fatty_acids_total_to_individual_existing
1293	Fatty acids, total polyunsaturated	fatty acids total polyunsaturated	2003	SFA 5:0	sfa 5 0	existing	fatty_acids_total_to_individual_existing
1293	Fatty acids, total polyunsaturated	fatty acids total polyunsaturated	2004	SFA 7:0	sfa 7 0	existing	fatty_acids_total_to_individual_existing
1293	Fatty acids, total polyunsaturated	fatty acids total polyunsaturated	2005	SFA 9:0	sfa 9 0	existing	fatty_acids_total_to_individual_existing
1293	Fatty acids, total polyunsaturated	fatty acids total polyunsaturated	2006	SFA 21:0	sfa 21 0	existing	fatty_acids_total_to_individual_existing
1293	Fatty acids, total polyunsaturated	fatty acids total polyunsaturated	2007	SFA 23:0	sfa 23 0	existing	fatty_acids_total_to_individual_existing
1293	Fatty acids, total polyunsaturated	fatty acids total polyunsaturated	2008	MUFA 12:1	mufa 12 1	existing	fatty_acids_total_to_individual_existing
1293	Fatty acids, total polyunsaturated	fatty acids total polyunsaturated	2009	MUFA 14:1 c	mufa 14 1 c	existing	fatty_acids_total_to_individual_existing
1293	Fatty acids, total polyunsaturated	fatty acids total polyunsaturated	2010	MUFA 17:1 c	mufa 17 1 c	existing	fatty_acids_total_to_individual_existing
1293	Fatty acids, total polyunsaturated	fatty acids total polyunsaturated	2011	TFA 17:1 t	tfa 17 1 t	existing	fatty_acids_total_to_individual_existing
1293	Fatty acids, total polyunsaturated	fatty acids total polyunsaturated	2012	MUFA 20:1 c	mufa 20 1 c	existing	fatty_acids_total_to_individual_existing
1293	Fatty acids, total polyunsaturated	fatty acids total polyunsaturated	2013	TFA 20:1 t	tfa 20 1 t	existing	fatty_acids_total_to_individual_existing
1293	Fatty acids, total polyunsaturated	fatty acids total polyunsaturated	2014	MUFA 22:1 n-9	mufa 22 1 n 9	existing	fatty_acids_total_to_individual_existing
1293	Fatty acids, total polyunsaturated	fatty acids total polyunsaturated	2015	MUFA 22:1 n-11	mufa 22 1 n 11	existing	fatty_acids_total_to_individual_existing
1293	Fatty acids, total polyunsaturated	fatty acids total polyunsaturated	2016	PUFA 18:2 c	pufa 18 2 c	existing	fatty_acids_total_to_individual_existing
1293	Fatty acids, total polyunsaturated	fatty acids total polyunsaturated	2017	TFA 18:2 t	tfa 18 2 t	existing	fatty_acids_total_to_individual_existing
1293	Fatty acids, total polyunsaturated	fatty acids total polyunsaturated	2018	PUFA 18:3 c	pufa 18 3 c	existing	fatty_acids_total_to_individual_existing
1293	Fatty acids, total polyunsaturated	fatty acids total polyunsaturated	2019	TFA 18:3 t	tfa 18 3 t	existing	fatty_acids_total_to_individual_existing
1293	Fatty acids, total polyunsaturated	fatty acids total polyunsaturated	2020	PUFA 20:3 c	pufa 20 3 c	existing	fatty_acids_total_to_individual_existing
1293	Fatty acids, total polyunsaturated	fatty acids total polyunsaturated	2021	PUFA 22:3	pufa 22 3	existing	fatty_acids_total_to_individual_existing
1293	Fatty acids, total polyunsaturated	fatty acids total polyunsaturated	2022	PUFA 20:4c	pufa 20 4c	existing	fatty_acids_total_to_individual_existing
1293	Fatty acids, total polyunsaturated	fatty acids total polyunsaturated	2023	PUFA 20:5c	pufa 20 5c	existing	fatty_acids_total_to_individual_existing
1293	Fatty acids, total polyunsaturated	fatty acids total polyunsaturated	2024	PUFA 22:5 c	pufa 22 5 c	existing	fatty_acids_total_to_individual_existing
1293	Fatty acids, total polyunsaturated	fatty acids total polyunsaturated	2025	PUFA 22:6 c	pufa 22 6 c	existing	fatty_acids_total_to_individual_existing
1293	Fatty acids, total polyunsaturated	fatty acids total polyunsaturated	2026	PUFA 20:2 c	pufa 20 2 c	existing	fatty_acids_total_to_individual_existing
1293	Fatty acids, total polyunsaturated	fatty acids total polyunsaturated	96718	FA 10:0	fa 10 0	existing	fatty_acids_total_to_individual_existing
1293	Fatty acids, total polyunsaturated	fatty acids total polyunsaturated	96719	FA 12:0	fa 12 0	existing	fatty_acids_total_to_individual_existing
1293	Fatty acids, total polyunsaturated	fatty acids total polyunsaturated	96720	FA 14:0	fa 14 0	existing	fatty_acids_total_to_individual_existing
1293	Fatty acids, total polyunsaturated	fatty acids total polyunsaturated	96721	FA 16:0	fa 16 0	existing	fatty_acids_total_to_individual_existing
1293	Fatty acids, total polyunsaturated	fatty acids total polyunsaturated	96722	FA 18:0	fa 18 0	existing	fatty_acids_total_to_individual_existing
1293	Fatty acids, total polyunsaturated	fatty acids total polyunsaturated	96723	FA 18:1 n-9 cis	fa 18 1 n 9 cis	existing	fatty_acids_total_to_individual_existing
1293	Fatty acids, total polyunsaturated	fatty acids total polyunsaturated	96724	FA 18:2 9c,12c (n-6)	fa 18 2 9c 12c n 6	existing	fatty_acids_total_to_individual_existing
1293	Fatty acids, total polyunsaturated	fatty acids total polyunsaturated	96725	FA 18:3 c9,c12,c15 (n-3)	fa 18 3 c9 c12 c15 n 3	existing	fatty_acids_total_to_individual_existing
1293	Fatty acids, total polyunsaturated	fatty acids total polyunsaturated	96726	FA 20:4 5c,8c,11c,14c (n-6)	fa 20 4 5c 8c 11c 14c n 6	existing	fatty_acids_total_to_individual_existing
1293	Fatty acids, total polyunsaturated	fatty acids total polyunsaturated	96727	FA 4:0	fa 4 0	existing	fatty_acids_total_to_individual_existing
1293	Fatty acids, total polyunsaturated	fatty acids total polyunsaturated	96728	FA 6:0	fa 6 0	existing	fatty_acids_total_to_individual_existing
1293	Fatty acids, total polyunsaturated	fatty acids total polyunsaturated	96729	FA 8:0	fa 8 0	existing	fatty_acids_total_to_individual_existing
1293	Fatty acids, total polyunsaturated	fatty acids total polyunsaturated	240075	5,3',4'-Trihydroxy-3-methoxy-6:7-methylenedioxyflavone 4'-O-glucuronide	5 3 4 trihydroxy 3 methoxy 6 7 methylenedioxyflavone 4 o glucuronide	existing	fatty_acids_total_to_individual_existing
1293	Fatty acids, total polyunsaturated	fatty acids total polyunsaturated	240076	5,4'-Dihydroxy-3,3'-dimethoxy-6:7-methylenedioxyflavone 4'-O-glucuronide	5 4 dihydroxy 3 3 dimethoxy 6 7 methylenedioxyflavone 4 o glucuronide	existing	fatty_acids_total_to_individual_existing
1293	Fatty acids, total polyunsaturated	fatty acids total polyunsaturated	250036	Fatty acid 10:0	fatty acid 10 0	existing	fatty_acids_total_to_individual_existing
1293	Fatty acids, total polyunsaturated	fatty acids total polyunsaturated	250037	Fatty acid 12:0	fatty acid 12 0	existing	fatty_acids_total_to_individual_existing
1293	Fatty acids, total polyunsaturated	fatty acids total polyunsaturated	250038	Fatty acid 14:0	fatty acid 14 0	existing	fatty_acids_total_to_individual_existing
1293	Fatty acids, total polyunsaturated	fatty acids total polyunsaturated	250039	Fatty acid 15:0	fatty acid 15 0	existing	fatty_acids_total_to_individual_existing
1293	Fatty acids, total polyunsaturated	fatty acids total polyunsaturated	250040	Fatty acid 16:0	fatty acid 16 0	existing	fatty_acids_total_to_individual_existing
1293	Fatty acids, total polyunsaturated	fatty acids total polyunsaturated	250041	Fatty acid 17:0	fatty acid 17 0	existing	fatty_acids_total_to_individual_existing
1293	Fatty acids, total polyunsaturated	fatty acids total polyunsaturated	250042	Fatty acid 18:0	fatty acid 18 0	existing	fatty_acids_total_to_individual_existing
1293	Fatty acids, total polyunsaturated	fatty acids total polyunsaturated	250043	Fatty acid 20:0	fatty acid 20 0	existing	fatty_acids_total_to_individual_existing
1293	Fatty acids, total polyunsaturated	fatty acids total polyunsaturated	250044	Fatty acid 22:0	fatty acid 22 0	existing	fatty_acids_total_to_individual_existing
1293	Fatty acids, total polyunsaturated	fatty acids total polyunsaturated	250045	Fatty acid 24:0	fatty acid 24 0	existing	fatty_acids_total_to_individual_existing
1293	Fatty acids, total polyunsaturated	fatty acids total polyunsaturated	250046	Fatty acid 10:1	fatty acid 10 1	existing	fatty_acids_total_to_individual_existing
1293	Fatty acids, total polyunsaturated	fatty acids total polyunsaturated	250047	Fatty acid 14:1	fatty acid 14 1	existing	fatty_acids_total_to_individual_existing
1293	Fatty acids, total polyunsaturated	fatty acids total polyunsaturated	250048	Fatty acid 15:1	fatty acid 15 1	existing	fatty_acids_total_to_individual_existing
1293	Fatty acids, total polyunsaturated	fatty acids total polyunsaturated	250049	Fatty acid 16:1	fatty acid 16 1	existing	fatty_acids_total_to_individual_existing
1293	Fatty acids, total polyunsaturated	fatty acids total polyunsaturated	250050	Fatty acid 17:1	fatty acid 17 1	existing	fatty_acids_total_to_individual_existing
1293	Fatty acids, total polyunsaturated	fatty acids total polyunsaturated	250051	Fatty acid 18:1 undifferentiated	fatty acid 18 1 undifferentiated	existing	fatty_acids_total_to_individual_existing
1293	Fatty acids, total polyunsaturated	fatty acids total polyunsaturated	250052	Fatty acid 20:1	fatty acid 20 1	existing	fatty_acids_total_to_individual_existing
1293	Fatty acids, total polyunsaturated	fatty acids total polyunsaturated	250053	Fatty acid 22:1	fatty acid 22 1	existing	fatty_acids_total_to_individual_existing
1293	Fatty acids, total polyunsaturated	fatty acids total polyunsaturated	250054	Fatty acid 24:1	fatty acid 24 1	existing	fatty_acids_total_to_individual_existing
1293	Fatty acids, total polyunsaturated	fatty acids total polyunsaturated	250055	Fatty acid 16:2	fatty acid 16 2	existing	fatty_acids_total_to_individual_existing
1293	Fatty acids, total polyunsaturated	fatty acids total polyunsaturated	250056	Fatty acid 16:3	fatty acid 16 3	existing	fatty_acids_total_to_individual_existing
1293	Fatty acids, total polyunsaturated	fatty acids total polyunsaturated	250057	Fatty acid 16:4	fatty acid 16 4	existing	fatty_acids_total_to_individual_existing
1293	Fatty acids, total polyunsaturated	fatty acids total polyunsaturated	250058	Fatty acid 18:2 n-6	fatty acid 18 2 n 6	existing	fatty_acids_total_to_individual_existing
1293	Fatty acids, total polyunsaturated	fatty acids total polyunsaturated	250059	Fatty acid 18:3 n-3	fatty acid 18 3 n 3	existing	fatty_acids_total_to_individual_existing
1293	Fatty acids, total polyunsaturated	fatty acids total polyunsaturated	250060	Fatty acid 18:3 n-6	fatty acid 18 3 n 6	existing	fatty_acids_total_to_individual_existing
1293	Fatty acids, total polyunsaturated	fatty acids total polyunsaturated	250061	Fatty acid 18:4 n-3	fatty acid 18 4 n 3	existing	fatty_acids_total_to_individual_existing
1293	Fatty acids, total polyunsaturated	fatty acids total polyunsaturated	250062	Fatty acid 20:2 n-6	fatty acid 20 2 n 6	existing	fatty_acids_total_to_individual_existing
1293	Fatty acids, total polyunsaturated	fatty acids total polyunsaturated	250063	Fatty acid 20:3 n-6	fatty acid 20 3 n 6	existing	fatty_acids_total_to_individual_existing
1293	Fatty acids, total polyunsaturated	fatty acids total polyunsaturated	250064	Fatty acid 20:4 n-3	fatty acid 20 4 n 3	existing	fatty_acids_total_to_individual_existing
1293	Fatty acids, total polyunsaturated	fatty acids total polyunsaturated	250065	Fatty acid 20:4 n-6	fatty acid 20 4 n 6	existing	fatty_acids_total_to_individual_existing
1293	Fatty acids, total polyunsaturated	fatty acids total polyunsaturated	250066	Fatty acid 20:5 n-3	fatty acid 20 5 n 3	existing	fatty_acids_total_to_individual_existing
1293	Fatty acids, total polyunsaturated	fatty acids total polyunsaturated	250067	Fatty acid 21:5 n-3	fatty acid 21 5 n 3	existing	fatty_acids_total_to_individual_existing
1293	Fatty acids, total polyunsaturated	fatty acids total polyunsaturated	250068	Fatty acid 22:2	fatty acid 22 2	existing	fatty_acids_total_to_individual_existing
1293	Fatty acids, total polyunsaturated	fatty acids total polyunsaturated	250069	Fatty acid 22:4 n-6	fatty acid 22 4 n 6	existing	fatty_acids_total_to_individual_existing
1293	Fatty acids, total polyunsaturated	fatty acids total polyunsaturated	250070	Fatty acid 22:5 n-3	fatty acid 22 5 n 3	existing	fatty_acids_total_to_individual_existing
1293	Fatty acids, total polyunsaturated	fatty acids total polyunsaturated	250071	Fatty acid 22:5 n-6	fatty acid 22 5 n 6	existing	fatty_acids_total_to_individual_existing
1293	Fatty acids, total polyunsaturated	fatty acids total polyunsaturated	250072	Fatty acid 22:6 n-3	fatty acid 22 6 n 3	existing	fatty_acids_total_to_individual_existing
1326	Fatty acids, total sat., NLEA	fatty acids total sat nlea	1259	SFA 4:0	sfa 4 0	existing	fatty_acids_total_to_individual_existing
1326	Fatty acids, total sat., NLEA	fatty acids total sat nlea	1260	SFA 6:0	sfa 6 0	existing	fatty_acids_total_to_individual_existing
1326	Fatty acids, total sat., NLEA	fatty acids total sat nlea	1261	SFA 8:0	sfa 8 0	existing	fatty_acids_total_to_individual_existing
1326	Fatty acids, total sat., NLEA	fatty acids total sat nlea	1262	SFA 10:0	sfa 10 0	existing	fatty_acids_total_to_individual_existing
1326	Fatty acids, total sat., NLEA	fatty acids total sat nlea	1263	SFA 12:0	sfa 12 0	existing	fatty_acids_total_to_individual_existing
1326	Fatty acids, total sat., NLEA	fatty acids total sat nlea	1264	SFA 14:0	sfa 14 0	existing	fatty_acids_total_to_individual_existing
1326	Fatty acids, total sat., NLEA	fatty acids total sat nlea	1265	SFA 16:0	sfa 16 0	existing	fatty_acids_total_to_individual_existing
1326	Fatty acids, total sat., NLEA	fatty acids total sat nlea	1266	SFA 18:0	sfa 18 0	existing	fatty_acids_total_to_individual_existing
1326	Fatty acids, total sat., NLEA	fatty acids total sat nlea	1267	SFA 20:0	sfa 20 0	existing	fatty_acids_total_to_individual_existing
1326	Fatty acids, total sat., NLEA	fatty acids total sat nlea	1268	MUFA 18:1	mufa 18 1	existing	fatty_acids_total_to_individual_existing
1326	Fatty acids, total sat., NLEA	fatty acids total sat nlea	1269	PUFA 18:2	pufa 18 2	existing	fatty_acids_total_to_individual_existing
1326	Fatty acids, total sat., NLEA	fatty acids total sat nlea	1270	PUFA 18:3	pufa 18 3	existing	fatty_acids_total_to_individual_existing
1326	Fatty acids, total sat., NLEA	fatty acids total sat nlea	1271	PUFA 20:4	pufa 20 4	existing	fatty_acids_total_to_individual_existing
1326	Fatty acids, total sat., NLEA	fatty acids total sat nlea	1272	PUFA 22:6 n-3 (DHA)	pufa 22 6 n 3	existing	fatty_acids_total_to_individual_existing
1326	Fatty acids, total sat., NLEA	fatty acids total sat nlea	1273	SFA 22:0	sfa 22 0	existing	fatty_acids_total_to_individual_existing
1326	Fatty acids, total sat., NLEA	fatty acids total sat nlea	1274	MUFA 14:1	mufa 14 1	existing	fatty_acids_total_to_individual_existing
1326	Fatty acids, total sat., NLEA	fatty acids total sat nlea	1275	MUFA 16:1	mufa 16 1	existing	fatty_acids_total_to_individual_existing
1326	Fatty acids, total sat., NLEA	fatty acids total sat nlea	1276	PUFA 18:4	pufa 18 4	existing	fatty_acids_total_to_individual_existing
1326	Fatty acids, total sat., NLEA	fatty acids total sat nlea	1277	MUFA 20:1	mufa 20 1	existing	fatty_acids_total_to_individual_existing
1326	Fatty acids, total sat., NLEA	fatty acids total sat nlea	1278	PUFA 20:5 n-3 (EPA)	pufa 20 5 n 3	existing	fatty_acids_total_to_individual_existing
1326	Fatty acids, total sat., NLEA	fatty acids total sat nlea	1279	MUFA 22:1	mufa 22 1	existing	fatty_acids_total_to_individual_existing
1326	Fatty acids, total sat., NLEA	fatty acids total sat nlea	1280	PUFA 22:5 n-3 (DPA)	pufa 22 5 n 3	existing	fatty_acids_total_to_individual_existing
1326	Fatty acids, total sat., NLEA	fatty acids total sat nlea	1281	TFA 14:1 t	tfa 14 1 t	existing	fatty_acids_total_to_individual_existing
1326	Fatty acids, total sat., NLEA	fatty acids total sat nlea	1299	SFA 15:0	sfa 15 0	existing	fatty_acids_total_to_individual_existing
1326	Fatty acids, total sat., NLEA	fatty acids total sat nlea	1300	SFA 17:0	sfa 17 0	existing	fatty_acids_total_to_individual_existing
1326	Fatty acids, total sat., NLEA	fatty acids total sat nlea	1301	SFA 24:0	sfa 24 0	existing	fatty_acids_total_to_individual_existing
1326	Fatty acids, total sat., NLEA	fatty acids total sat nlea	1303	TFA 16:1 t	tfa 16 1 t	existing	fatty_acids_total_to_individual_existing
1326	Fatty acids, total sat., NLEA	fatty acids total sat nlea	1304	TFA 18:1 t	tfa 18 1 t	existing	fatty_acids_total_to_individual_existing
1326	Fatty acids, total sat., NLEA	fatty acids total sat nlea	1305	TFA 22:1 t	tfa 22 1 t	existing	fatty_acids_total_to_individual_existing
1326	Fatty acids, total sat., NLEA	fatty acids total sat nlea	1306	TFA 18:2 t not further defined	tfa 18 2 t not further defined	existing	fatty_acids_total_to_individual_existing
1326	Fatty acids, total sat., NLEA	fatty acids total sat nlea	1307	PUFA 18:2 i	pufa 18 2 i	existing	fatty_acids_total_to_individual_existing
1326	Fatty acids, total sat., NLEA	fatty acids total sat nlea	1308	PUFA 18:2 t,c	pufa 18 2 t c	existing	fatty_acids_total_to_individual_existing
1326	Fatty acids, total sat., NLEA	fatty acids total sat nlea	1309	PUFA 18:2 c,t	pufa 18 2 c t	existing	fatty_acids_total_to_individual_existing
1326	Fatty acids, total sat., NLEA	fatty acids total sat nlea	1310	TFA 18:2 t,t	tfa 18 2 t t	existing	fatty_acids_total_to_individual_existing
1326	Fatty acids, total sat., NLEA	fatty acids total sat nlea	1311	PUFA 18:2 CLAs	pufa 18 2 clas	existing	fatty_acids_total_to_individual_existing
1326	Fatty acids, total sat., NLEA	fatty acids total sat nlea	1312	MUFA 24:1 c	mufa 24 1 c	existing	fatty_acids_total_to_individual_existing
1326	Fatty acids, total sat., NLEA	fatty acids total sat nlea	1313	PUFA 20:2 n-6 c,c	pufa 20 2 n 6 c c	existing	fatty_acids_total_to_individual_existing
1326	Fatty acids, total sat., NLEA	fatty acids total sat nlea	1314	MUFA 16:1 c	mufa 16 1 c	existing	fatty_acids_total_to_individual_existing
1326	Fatty acids, total sat., NLEA	fatty acids total sat nlea	1315	MUFA 18:1 c	mufa 18 1 c	existing	fatty_acids_total_to_individual_existing
1326	Fatty acids, total sat., NLEA	fatty acids total sat nlea	1316	PUFA 18:2 n-6 c,c	pufa 18 2 n 6 c c	existing	fatty_acids_total_to_individual_existing
1326	Fatty acids, total sat., NLEA	fatty acids total sat nlea	1317	MUFA 22:1 c	mufa 22 1 c	existing	fatty_acids_total_to_individual_existing
1326	Fatty acids, total sat., NLEA	fatty acids total sat nlea	1321	PUFA 18:3 n-6 c,c,c	pufa 18 3 n 6 c c c	existing	fatty_acids_total_to_individual_existing
1326	Fatty acids, total sat., NLEA	fatty acids total sat nlea	1322	SFA 19:0	sfa 19 0	existing	fatty_acids_total_to_individual_existing
1326	Fatty acids, total sat., NLEA	fatty acids total sat nlea	1323	MUFA 17:1	mufa 17 1	existing	fatty_acids_total_to_individual_existing
1326	Fatty acids, total sat., NLEA	fatty acids total sat nlea	1324	PUFA 16:2	pufa 16 2	existing	fatty_acids_total_to_individual_existing
1326	Fatty acids, total sat., NLEA	fatty acids total sat nlea	1325	PUFA 20:3	pufa 20 3	existing	fatty_acids_total_to_individual_existing
1326	Fatty acids, total sat., NLEA	fatty acids total sat nlea	1332	SFA 13:0	sfa 13 0	existing	fatty_acids_total_to_individual_existing
1326	Fatty acids, total sat., NLEA	fatty acids total sat nlea	1333	MUFA 15:1	mufa 15 1	existing	fatty_acids_total_to_individual_existing
1326	Fatty acids, total sat., NLEA	fatty acids total sat nlea	1334	PUFA 22:2	pufa 22 2	existing	fatty_acids_total_to_individual_existing
1326	Fatty acids, total sat., NLEA	fatty acids total sat nlea	1335	SFA 11:0	sfa 11 0	existing	fatty_acids_total_to_individual_existing
1326	Fatty acids, total sat., NLEA	fatty acids total sat nlea	1404	PUFA 18:3 n-3 c,c,c (ALA)	pufa 18 3 n 3 c c c	existing	fatty_acids_total_to_individual_existing
1326	Fatty acids, total sat., NLEA	fatty acids total sat nlea	1405	PUFA 20:3 n-3	pufa 20 3 n 3	existing	fatty_acids_total_to_individual_existing
1326	Fatty acids, total sat., NLEA	fatty acids total sat nlea	1406	PUFA 20:3 n-6	pufa 20 3 n 6	existing	fatty_acids_total_to_individual_existing
1326	Fatty acids, total sat., NLEA	fatty acids total sat nlea	1407	PUFA 20:4 n-3	pufa 20 4 n 3	existing	fatty_acids_total_to_individual_existing
1326	Fatty acids, total sat., NLEA	fatty acids total sat nlea	1408	PUFA 20:4 n-6	pufa 20 4 n 6	existing	fatty_acids_total_to_individual_existing
1326	Fatty acids, total sat., NLEA	fatty acids total sat nlea	1409	PUFA 18:3i	pufa 18 3i	existing	fatty_acids_total_to_individual_existing
1326	Fatty acids, total sat., NLEA	fatty acids total sat nlea	1410	PUFA 21:5	pufa 21 5	existing	fatty_acids_total_to_individual_existing
1326	Fatty acids, total sat., NLEA	fatty acids total sat nlea	1411	PUFA 22:4	pufa 22 4	existing	fatty_acids_total_to_individual_existing
1326	Fatty acids, total sat., NLEA	fatty acids total sat nlea	1412	MUFA 18:1-11 t (18:1t n-7)	mufa 18 1 11 t 18 1t n 7	existing	fatty_acids_total_to_individual_existing
1326	Fatty acids, total sat., NLEA	fatty acids total sat nlea	1413	MUFA 18:1-11 c (18:1c n-7)	mufa 18 1 11 c 18 1c n 7	existing	fatty_acids_total_to_individual_existing
1326	Fatty acids, total sat., NLEA	fatty acids total sat nlea	1414	PUFA 20:3 n-9	pufa 20 3 n 9	existing	fatty_acids_total_to_individual_existing
1326	Fatty acids, total sat., NLEA	fatty acids total sat nlea	2003	SFA 5:0	sfa 5 0	existing	fatty_acids_total_to_individual_existing
1326	Fatty acids, total sat., NLEA	fatty acids total sat nlea	2004	SFA 7:0	sfa 7 0	existing	fatty_acids_total_to_individual_existing
1326	Fatty acids, total sat., NLEA	fatty acids total sat nlea	2005	SFA 9:0	sfa 9 0	existing	fatty_acids_total_to_individual_existing
1326	Fatty acids, total sat., NLEA	fatty acids total sat nlea	2006	SFA 21:0	sfa 21 0	existing	fatty_acids_total_to_individual_existing
1326	Fatty acids, total sat., NLEA	fatty acids total sat nlea	2007	SFA 23:0	sfa 23 0	existing	fatty_acids_total_to_individual_existing
1326	Fatty acids, total sat., NLEA	fatty acids total sat nlea	2008	MUFA 12:1	mufa 12 1	existing	fatty_acids_total_to_individual_existing
1326	Fatty acids, total sat., NLEA	fatty acids total sat nlea	2009	MUFA 14:1 c	mufa 14 1 c	existing	fatty_acids_total_to_individual_existing
1326	Fatty acids, total sat., NLEA	fatty acids total sat nlea	2010	MUFA 17:1 c	mufa 17 1 c	existing	fatty_acids_total_to_individual_existing
1326	Fatty acids, total sat., NLEA	fatty acids total sat nlea	2011	TFA 17:1 t	tfa 17 1 t	existing	fatty_acids_total_to_individual_existing
1326	Fatty acids, total sat., NLEA	fatty acids total sat nlea	2012	MUFA 20:1 c	mufa 20 1 c	existing	fatty_acids_total_to_individual_existing
1326	Fatty acids, total sat., NLEA	fatty acids total sat nlea	2013	TFA 20:1 t	tfa 20 1 t	existing	fatty_acids_total_to_individual_existing
1326	Fatty acids, total sat., NLEA	fatty acids total sat nlea	2014	MUFA 22:1 n-9	mufa 22 1 n 9	existing	fatty_acids_total_to_individual_existing
1326	Fatty acids, total sat., NLEA	fatty acids total sat nlea	2015	MUFA 22:1 n-11	mufa 22 1 n 11	existing	fatty_acids_total_to_individual_existing
1326	Fatty acids, total sat., NLEA	fatty acids total sat nlea	2016	PUFA 18:2 c	pufa 18 2 c	existing	fatty_acids_total_to_individual_existing
1326	Fatty acids, total sat., NLEA	fatty acids total sat nlea	2017	TFA 18:2 t	tfa 18 2 t	existing	fatty_acids_total_to_individual_existing
1326	Fatty acids, total sat., NLEA	fatty acids total sat nlea	2018	PUFA 18:3 c	pufa 18 3 c	existing	fatty_acids_total_to_individual_existing
1326	Fatty acids, total sat., NLEA	fatty acids total sat nlea	2019	TFA 18:3 t	tfa 18 3 t	existing	fatty_acids_total_to_individual_existing
1326	Fatty acids, total sat., NLEA	fatty acids total sat nlea	2020	PUFA 20:3 c	pufa 20 3 c	existing	fatty_acids_total_to_individual_existing
1326	Fatty acids, total sat., NLEA	fatty acids total sat nlea	2021	PUFA 22:3	pufa 22 3	existing	fatty_acids_total_to_individual_existing
1326	Fatty acids, total sat., NLEA	fatty acids total sat nlea	2022	PUFA 20:4c	pufa 20 4c	existing	fatty_acids_total_to_individual_existing
1326	Fatty acids, total sat., NLEA	fatty acids total sat nlea	2023	PUFA 20:5c	pufa 20 5c	existing	fatty_acids_total_to_individual_existing
1326	Fatty acids, total sat., NLEA	fatty acids total sat nlea	2024	PUFA 22:5 c	pufa 22 5 c	existing	fatty_acids_total_to_individual_existing
1326	Fatty acids, total sat., NLEA	fatty acids total sat nlea	2025	PUFA 22:6 c	pufa 22 6 c	existing	fatty_acids_total_to_individual_existing
1326	Fatty acids, total sat., NLEA	fatty acids total sat nlea	2026	PUFA 20:2 c	pufa 20 2 c	existing	fatty_acids_total_to_individual_existing
1326	Fatty acids, total sat., NLEA	fatty acids total sat nlea	96718	FA 10:0	fa 10 0	existing	fatty_acids_total_to_individual_existing
1326	Fatty acids, total sat., NLEA	fatty acids total sat nlea	96719	FA 12:0	fa 12 0	existing	fatty_acids_total_to_individual_existing
1326	Fatty acids, total sat., NLEA	fatty acids total sat nlea	96720	FA 14:0	fa 14 0	existing	fatty_acids_total_to_individual_existing
1326	Fatty acids, total sat., NLEA	fatty acids total sat nlea	96721	FA 16:0	fa 16 0	existing	fatty_acids_total_to_individual_existing
1326	Fatty acids, total sat., NLEA	fatty acids total sat nlea	96722	FA 18:0	fa 18 0	existing	fatty_acids_total_to_individual_existing
1326	Fatty acids, total sat., NLEA	fatty acids total sat nlea	96723	FA 18:1 n-9 cis	fa 18 1 n 9 cis	existing	fatty_acids_total_to_individual_existing
1326	Fatty acids, total sat., NLEA	fatty acids total sat nlea	96724	FA 18:2 9c,12c (n-6)	fa 18 2 9c 12c n 6	existing	fatty_acids_total_to_individual_existing
1326	Fatty acids, total sat., NLEA	fatty acids total sat nlea	96725	FA 18:3 c9,c12,c15 (n-3)	fa 18 3 c9 c12 c15 n 3	existing	fatty_acids_total_to_individual_existing
1326	Fatty acids, total sat., NLEA	fatty acids total sat nlea	96726	FA 20:4 5c,8c,11c,14c (n-6)	fa 20 4 5c 8c 11c 14c n 6	existing	fatty_acids_total_to_individual_existing
1326	Fatty acids, total sat., NLEA	fatty acids total sat nlea	96727	FA 4:0	fa 4 0	existing	fatty_acids_total_to_individual_existing
1326	Fatty acids, total sat., NLEA	fatty acids total sat nlea	96728	FA 6:0	fa 6 0	existing	fatty_acids_total_to_individual_existing
1326	Fatty acids, total sat., NLEA	fatty acids total sat nlea	96729	FA 8:0	fa 8 0	existing	fatty_acids_total_to_individual_existing
1326	Fatty acids, total sat., NLEA	fatty acids total sat nlea	240075	5,3',4'-Trihydroxy-3-methoxy-6:7-methylenedioxyflavone 4'-O-glucuronide	5 3 4 trihydroxy 3 methoxy 6 7 methylenedioxyflavone 4 o glucuronide	existing	fatty_acids_total_to_individual_existing
1326	Fatty acids, total sat., NLEA	fatty acids total sat nlea	240076	5,4'-Dihydroxy-3,3'-dimethoxy-6:7-methylenedioxyflavone 4'-O-glucuronide	5 4 dihydroxy 3 3 dimethoxy 6 7 methylenedioxyflavone 4 o glucuronide	existing	fatty_acids_total_to_individual_existing
1326	Fatty acids, total sat., NLEA	fatty acids total sat nlea	250036	Fatty acid 10:0	fatty acid 10 0	existing	fatty_acids_total_to_individual_existing
1326	Fatty acids, total sat., NLEA	fatty acids total sat nlea	250037	Fatty acid 12:0	fatty acid 12 0	existing	fatty_acids_total_to_individual_existing
1326	Fatty acids, total sat., NLEA	fatty acids total sat nlea	250038	Fatty acid 14:0	fatty acid 14 0	existing	fatty_acids_total_to_individual_existing
1326	Fatty acids, total sat., NLEA	fatty acids total sat nlea	250039	Fatty acid 15:0	fatty acid 15 0	existing	fatty_acids_total_to_individual_existing
1326	Fatty acids, total sat., NLEA	fatty acids total sat nlea	250040	Fatty acid 16:0	fatty acid 16 0	existing	fatty_acids_total_to_individual_existing
1326	Fatty acids, total sat., NLEA	fatty acids total sat nlea	250041	Fatty acid 17:0	fatty acid 17 0	existing	fatty_acids_total_to_individual_existing
1326	Fatty acids, total sat., NLEA	fatty acids total sat nlea	250042	Fatty acid 18:0	fatty acid 18 0	existing	fatty_acids_total_to_individual_existing
1326	Fatty acids, total sat., NLEA	fatty acids total sat nlea	250043	Fatty acid 20:0	fatty acid 20 0	existing	fatty_acids_total_to_individual_existing
1326	Fatty acids, total sat., NLEA	fatty acids total sat nlea	250044	Fatty acid 22:0	fatty acid 22 0	existing	fatty_acids_total_to_individual_existing
1326	Fatty acids, total sat., NLEA	fatty acids total sat nlea	250045	Fatty acid 24:0	fatty acid 24 0	existing	fatty_acids_total_to_individual_existing
1326	Fatty acids, total sat., NLEA	fatty acids total sat nlea	250046	Fatty acid 10:1	fatty acid 10 1	existing	fatty_acids_total_to_individual_existing
1326	Fatty acids, total sat., NLEA	fatty acids total sat nlea	250047	Fatty acid 14:1	fatty acid 14 1	existing	fatty_acids_total_to_individual_existing
1326	Fatty acids, total sat., NLEA	fatty acids total sat nlea	250048	Fatty acid 15:1	fatty acid 15 1	existing	fatty_acids_total_to_individual_existing
1326	Fatty acids, total sat., NLEA	fatty acids total sat nlea	250049	Fatty acid 16:1	fatty acid 16 1	existing	fatty_acids_total_to_individual_existing
1326	Fatty acids, total sat., NLEA	fatty acids total sat nlea	250050	Fatty acid 17:1	fatty acid 17 1	existing	fatty_acids_total_to_individual_existing
1326	Fatty acids, total sat., NLEA	fatty acids total sat nlea	250051	Fatty acid 18:1 undifferentiated	fatty acid 18 1 undifferentiated	existing	fatty_acids_total_to_individual_existing
1326	Fatty acids, total sat., NLEA	fatty acids total sat nlea	250052	Fatty acid 20:1	fatty acid 20 1	existing	fatty_acids_total_to_individual_existing
1326	Fatty acids, total sat., NLEA	fatty acids total sat nlea	250053	Fatty acid 22:1	fatty acid 22 1	existing	fatty_acids_total_to_individual_existing
1326	Fatty acids, total sat., NLEA	fatty acids total sat nlea	250054	Fatty acid 24:1	fatty acid 24 1	existing	fatty_acids_total_to_individual_existing
1326	Fatty acids, total sat., NLEA	fatty acids total sat nlea	250055	Fatty acid 16:2	fatty acid 16 2	existing	fatty_acids_total_to_individual_existing
1326	Fatty acids, total sat., NLEA	fatty acids total sat nlea	250056	Fatty acid 16:3	fatty acid 16 3	existing	fatty_acids_total_to_individual_existing
1326	Fatty acids, total sat., NLEA	fatty acids total sat nlea	250057	Fatty acid 16:4	fatty acid 16 4	existing	fatty_acids_total_to_individual_existing
1326	Fatty acids, total sat., NLEA	fatty acids total sat nlea	250058	Fatty acid 18:2 n-6	fatty acid 18 2 n 6	existing	fatty_acids_total_to_individual_existing
1326	Fatty acids, total sat., NLEA	fatty acids total sat nlea	250059	Fatty acid 18:3 n-3	fatty acid 18 3 n 3	existing	fatty_acids_total_to_individual_existing
1326	Fatty acids, total sat., NLEA	fatty acids total sat nlea	250060	Fatty acid 18:3 n-6	fatty acid 18 3 n 6	existing	fatty_acids_total_to_individual_existing
1326	Fatty acids, total sat., NLEA	fatty acids total sat nlea	250061	Fatty acid 18:4 n-3	fatty acid 18 4 n 3	existing	fatty_acids_total_to_individual_existing
1326	Fatty acids, total sat., NLEA	fatty acids total sat nlea	250062	Fatty acid 20:2 n-6	fatty acid 20 2 n 6	existing	fatty_acids_total_to_individual_existing
1326	Fatty acids, total sat., NLEA	fatty acids total sat nlea	250063	Fatty acid 20:3 n-6	fatty acid 20 3 n 6	existing	fatty_acids_total_to_individual_existing
1326	Fatty acids, total sat., NLEA	fatty acids total sat nlea	250064	Fatty acid 20:4 n-3	fatty acid 20 4 n 3	existing	fatty_acids_total_to_individual_existing
1326	Fatty acids, total sat., NLEA	fatty acids total sat nlea	250065	Fatty acid 20:4 n-6	fatty acid 20 4 n 6	existing	fatty_acids_total_to_individual_existing
1326	Fatty acids, total sat., NLEA	fatty acids total sat nlea	250066	Fatty acid 20:5 n-3	fatty acid 20 5 n 3	existing	fatty_acids_total_to_individual_existing
1326	Fatty acids, total sat., NLEA	fatty acids total sat nlea	250067	Fatty acid 21:5 n-3	fatty acid 21 5 n 3	existing	fatty_acids_total_to_individual_existing
1326	Fatty acids, total sat., NLEA	fatty acids total sat nlea	250068	Fatty acid 22:2	fatty acid 22 2	existing	fatty_acids_total_to_individual_existing
1326	Fatty acids, total sat., NLEA	fatty acids total sat nlea	250069	Fatty acid 22:4 n-6	fatty acid 22 4 n 6	existing	fatty_acids_total_to_individual_existing
1326	Fatty acids, total sat., NLEA	fatty acids total sat nlea	250070	Fatty acid 22:5 n-3	fatty acid 22 5 n 3	existing	fatty_acids_total_to_individual_existing
1326	Fatty acids, total sat., NLEA	fatty acids total sat nlea	250071	Fatty acid 22:5 n-6	fatty acid 22 5 n 6	existing	fatty_acids_total_to_individual_existing
1326	Fatty acids, total sat., NLEA	fatty acids total sat nlea	250072	Fatty acid 22:6 n-3	fatty acid 22 6 n 3	existing	fatty_acids_total_to_individual_existing
1327	Fatty acids, total monounsat., NLEA	fatty acids total monounsat nlea	1259	SFA 4:0	sfa 4 0	existing	fatty_acids_total_to_individual_existing
1327	Fatty acids, total monounsat., NLEA	fatty acids total monounsat nlea	1260	SFA 6:0	sfa 6 0	existing	fatty_acids_total_to_individual_existing
1327	Fatty acids, total monounsat., NLEA	fatty acids total monounsat nlea	1261	SFA 8:0	sfa 8 0	existing	fatty_acids_total_to_individual_existing
1327	Fatty acids, total monounsat., NLEA	fatty acids total monounsat nlea	1262	SFA 10:0	sfa 10 0	existing	fatty_acids_total_to_individual_existing
1327	Fatty acids, total monounsat., NLEA	fatty acids total monounsat nlea	1263	SFA 12:0	sfa 12 0	existing	fatty_acids_total_to_individual_existing
1327	Fatty acids, total monounsat., NLEA	fatty acids total monounsat nlea	1264	SFA 14:0	sfa 14 0	existing	fatty_acids_total_to_individual_existing
1327	Fatty acids, total monounsat., NLEA	fatty acids total monounsat nlea	1265	SFA 16:0	sfa 16 0	existing	fatty_acids_total_to_individual_existing
1327	Fatty acids, total monounsat., NLEA	fatty acids total monounsat nlea	1266	SFA 18:0	sfa 18 0	existing	fatty_acids_total_to_individual_existing
1327	Fatty acids, total monounsat., NLEA	fatty acids total monounsat nlea	1267	SFA 20:0	sfa 20 0	existing	fatty_acids_total_to_individual_existing
1327	Fatty acids, total monounsat., NLEA	fatty acids total monounsat nlea	1268	MUFA 18:1	mufa 18 1	existing	fatty_acids_total_to_individual_existing
1327	Fatty acids, total monounsat., NLEA	fatty acids total monounsat nlea	1269	PUFA 18:2	pufa 18 2	existing	fatty_acids_total_to_individual_existing
1327	Fatty acids, total monounsat., NLEA	fatty acids total monounsat nlea	1270	PUFA 18:3	pufa 18 3	existing	fatty_acids_total_to_individual_existing
1327	Fatty acids, total monounsat., NLEA	fatty acids total monounsat nlea	1271	PUFA 20:4	pufa 20 4	existing	fatty_acids_total_to_individual_existing
1327	Fatty acids, total monounsat., NLEA	fatty acids total monounsat nlea	1272	PUFA 22:6 n-3 (DHA)	pufa 22 6 n 3	existing	fatty_acids_total_to_individual_existing
1327	Fatty acids, total monounsat., NLEA	fatty acids total monounsat nlea	1273	SFA 22:0	sfa 22 0	existing	fatty_acids_total_to_individual_existing
1327	Fatty acids, total monounsat., NLEA	fatty acids total monounsat nlea	1274	MUFA 14:1	mufa 14 1	existing	fatty_acids_total_to_individual_existing
1327	Fatty acids, total monounsat., NLEA	fatty acids total monounsat nlea	1275	MUFA 16:1	mufa 16 1	existing	fatty_acids_total_to_individual_existing
1327	Fatty acids, total monounsat., NLEA	fatty acids total monounsat nlea	1276	PUFA 18:4	pufa 18 4	existing	fatty_acids_total_to_individual_existing
1327	Fatty acids, total monounsat., NLEA	fatty acids total monounsat nlea	1277	MUFA 20:1	mufa 20 1	existing	fatty_acids_total_to_individual_existing
1327	Fatty acids, total monounsat., NLEA	fatty acids total monounsat nlea	1278	PUFA 20:5 n-3 (EPA)	pufa 20 5 n 3	existing	fatty_acids_total_to_individual_existing
1327	Fatty acids, total monounsat., NLEA	fatty acids total monounsat nlea	1279	MUFA 22:1	mufa 22 1	existing	fatty_acids_total_to_individual_existing
1327	Fatty acids, total monounsat., NLEA	fatty acids total monounsat nlea	1280	PUFA 22:5 n-3 (DPA)	pufa 22 5 n 3	existing	fatty_acids_total_to_individual_existing
1327	Fatty acids, total monounsat., NLEA	fatty acids total monounsat nlea	1281	TFA 14:1 t	tfa 14 1 t	existing	fatty_acids_total_to_individual_existing
1327	Fatty acids, total monounsat., NLEA	fatty acids total monounsat nlea	1299	SFA 15:0	sfa 15 0	existing	fatty_acids_total_to_individual_existing
1327	Fatty acids, total monounsat., NLEA	fatty acids total monounsat nlea	1300	SFA 17:0	sfa 17 0	existing	fatty_acids_total_to_individual_existing
1327	Fatty acids, total monounsat., NLEA	fatty acids total monounsat nlea	1301	SFA 24:0	sfa 24 0	existing	fatty_acids_total_to_individual_existing
1327	Fatty acids, total monounsat., NLEA	fatty acids total monounsat nlea	1303	TFA 16:1 t	tfa 16 1 t	existing	fatty_acids_total_to_individual_existing
1327	Fatty acids, total monounsat., NLEA	fatty acids total monounsat nlea	1304	TFA 18:1 t	tfa 18 1 t	existing	fatty_acids_total_to_individual_existing
1327	Fatty acids, total monounsat., NLEA	fatty acids total monounsat nlea	1305	TFA 22:1 t	tfa 22 1 t	existing	fatty_acids_total_to_individual_existing
1327	Fatty acids, total monounsat., NLEA	fatty acids total monounsat nlea	1306	TFA 18:2 t not further defined	tfa 18 2 t not further defined	existing	fatty_acids_total_to_individual_existing
1327	Fatty acids, total monounsat., NLEA	fatty acids total monounsat nlea	1307	PUFA 18:2 i	pufa 18 2 i	existing	fatty_acids_total_to_individual_existing
1327	Fatty acids, total monounsat., NLEA	fatty acids total monounsat nlea	1308	PUFA 18:2 t,c	pufa 18 2 t c	existing	fatty_acids_total_to_individual_existing
1327	Fatty acids, total monounsat., NLEA	fatty acids total monounsat nlea	1309	PUFA 18:2 c,t	pufa 18 2 c t	existing	fatty_acids_total_to_individual_existing
1327	Fatty acids, total monounsat., NLEA	fatty acids total monounsat nlea	1310	TFA 18:2 t,t	tfa 18 2 t t	existing	fatty_acids_total_to_individual_existing
1327	Fatty acids, total monounsat., NLEA	fatty acids total monounsat nlea	1311	PUFA 18:2 CLAs	pufa 18 2 clas	existing	fatty_acids_total_to_individual_existing
1327	Fatty acids, total monounsat., NLEA	fatty acids total monounsat nlea	1312	MUFA 24:1 c	mufa 24 1 c	existing	fatty_acids_total_to_individual_existing
1327	Fatty acids, total monounsat., NLEA	fatty acids total monounsat nlea	1313	PUFA 20:2 n-6 c,c	pufa 20 2 n 6 c c	existing	fatty_acids_total_to_individual_existing
1327	Fatty acids, total monounsat., NLEA	fatty acids total monounsat nlea	1314	MUFA 16:1 c	mufa 16 1 c	existing	fatty_acids_total_to_individual_existing
1327	Fatty acids, total monounsat., NLEA	fatty acids total monounsat nlea	1315	MUFA 18:1 c	mufa 18 1 c	existing	fatty_acids_total_to_individual_existing
1327	Fatty acids, total monounsat., NLEA	fatty acids total monounsat nlea	1316	PUFA 18:2 n-6 c,c	pufa 18 2 n 6 c c	existing	fatty_acids_total_to_individual_existing
1327	Fatty acids, total monounsat., NLEA	fatty acids total monounsat nlea	1317	MUFA 22:1 c	mufa 22 1 c	existing	fatty_acids_total_to_individual_existing
1327	Fatty acids, total monounsat., NLEA	fatty acids total monounsat nlea	1321	PUFA 18:3 n-6 c,c,c	pufa 18 3 n 6 c c c	existing	fatty_acids_total_to_individual_existing
1327	Fatty acids, total monounsat., NLEA	fatty acids total monounsat nlea	1322	SFA 19:0	sfa 19 0	existing	fatty_acids_total_to_individual_existing
1327	Fatty acids, total monounsat., NLEA	fatty acids total monounsat nlea	1323	MUFA 17:1	mufa 17 1	existing	fatty_acids_total_to_individual_existing
1327	Fatty acids, total monounsat., NLEA	fatty acids total monounsat nlea	1324	PUFA 16:2	pufa 16 2	existing	fatty_acids_total_to_individual_existing
1327	Fatty acids, total monounsat., NLEA	fatty acids total monounsat nlea	1325	PUFA 20:3	pufa 20 3	existing	fatty_acids_total_to_individual_existing
1327	Fatty acids, total monounsat., NLEA	fatty acids total monounsat nlea	1332	SFA 13:0	sfa 13 0	existing	fatty_acids_total_to_individual_existing
1327	Fatty acids, total monounsat., NLEA	fatty acids total monounsat nlea	1333	MUFA 15:1	mufa 15 1	existing	fatty_acids_total_to_individual_existing
1327	Fatty acids, total monounsat., NLEA	fatty acids total monounsat nlea	1334	PUFA 22:2	pufa 22 2	existing	fatty_acids_total_to_individual_existing
1327	Fatty acids, total monounsat., NLEA	fatty acids total monounsat nlea	1335	SFA 11:0	sfa 11 0	existing	fatty_acids_total_to_individual_existing
1327	Fatty acids, total monounsat., NLEA	fatty acids total monounsat nlea	1404	PUFA 18:3 n-3 c,c,c (ALA)	pufa 18 3 n 3 c c c	existing	fatty_acids_total_to_individual_existing
1327	Fatty acids, total monounsat., NLEA	fatty acids total monounsat nlea	1405	PUFA 20:3 n-3	pufa 20 3 n 3	existing	fatty_acids_total_to_individual_existing
1327	Fatty acids, total monounsat., NLEA	fatty acids total monounsat nlea	1406	PUFA 20:3 n-6	pufa 20 3 n 6	existing	fatty_acids_total_to_individual_existing
1327	Fatty acids, total monounsat., NLEA	fatty acids total monounsat nlea	1407	PUFA 20:4 n-3	pufa 20 4 n 3	existing	fatty_acids_total_to_individual_existing
1327	Fatty acids, total monounsat., NLEA	fatty acids total monounsat nlea	1408	PUFA 20:4 n-6	pufa 20 4 n 6	existing	fatty_acids_total_to_individual_existing
1327	Fatty acids, total monounsat., NLEA	fatty acids total monounsat nlea	1409	PUFA 18:3i	pufa 18 3i	existing	fatty_acids_total_to_individual_existing
1327	Fatty acids, total monounsat., NLEA	fatty acids total monounsat nlea	1410	PUFA 21:5	pufa 21 5	existing	fatty_acids_total_to_individual_existing
1327	Fatty acids, total monounsat., NLEA	fatty acids total monounsat nlea	1411	PUFA 22:4	pufa 22 4	existing	fatty_acids_total_to_individual_existing
1327	Fatty acids, total monounsat., NLEA	fatty acids total monounsat nlea	1412	MUFA 18:1-11 t (18:1t n-7)	mufa 18 1 11 t 18 1t n 7	existing	fatty_acids_total_to_individual_existing
1327	Fatty acids, total monounsat., NLEA	fatty acids total monounsat nlea	1413	MUFA 18:1-11 c (18:1c n-7)	mufa 18 1 11 c 18 1c n 7	existing	fatty_acids_total_to_individual_existing
1327	Fatty acids, total monounsat., NLEA	fatty acids total monounsat nlea	1414	PUFA 20:3 n-9	pufa 20 3 n 9	existing	fatty_acids_total_to_individual_existing
1327	Fatty acids, total monounsat., NLEA	fatty acids total monounsat nlea	2003	SFA 5:0	sfa 5 0	existing	fatty_acids_total_to_individual_existing
1327	Fatty acids, total monounsat., NLEA	fatty acids total monounsat nlea	2004	SFA 7:0	sfa 7 0	existing	fatty_acids_total_to_individual_existing
1327	Fatty acids, total monounsat., NLEA	fatty acids total monounsat nlea	2005	SFA 9:0	sfa 9 0	existing	fatty_acids_total_to_individual_existing
1327	Fatty acids, total monounsat., NLEA	fatty acids total monounsat nlea	2006	SFA 21:0	sfa 21 0	existing	fatty_acids_total_to_individual_existing
1327	Fatty acids, total monounsat., NLEA	fatty acids total monounsat nlea	2007	SFA 23:0	sfa 23 0	existing	fatty_acids_total_to_individual_existing
1327	Fatty acids, total monounsat., NLEA	fatty acids total monounsat nlea	2008	MUFA 12:1	mufa 12 1	existing	fatty_acids_total_to_individual_existing
1327	Fatty acids, total monounsat., NLEA	fatty acids total monounsat nlea	2009	MUFA 14:1 c	mufa 14 1 c	existing	fatty_acids_total_to_individual_existing
1327	Fatty acids, total monounsat., NLEA	fatty acids total monounsat nlea	2010	MUFA 17:1 c	mufa 17 1 c	existing	fatty_acids_total_to_individual_existing
1327	Fatty acids, total monounsat., NLEA	fatty acids total monounsat nlea	2011	TFA 17:1 t	tfa 17 1 t	existing	fatty_acids_total_to_individual_existing
1327	Fatty acids, total monounsat., NLEA	fatty acids total monounsat nlea	2012	MUFA 20:1 c	mufa 20 1 c	existing	fatty_acids_total_to_individual_existing
1327	Fatty acids, total monounsat., NLEA	fatty acids total monounsat nlea	2013	TFA 20:1 t	tfa 20 1 t	existing	fatty_acids_total_to_individual_existing
1327	Fatty acids, total monounsat., NLEA	fatty acids total monounsat nlea	2014	MUFA 22:1 n-9	mufa 22 1 n 9	existing	fatty_acids_total_to_individual_existing
1327	Fatty acids, total monounsat., NLEA	fatty acids total monounsat nlea	2015	MUFA 22:1 n-11	mufa 22 1 n 11	existing	fatty_acids_total_to_individual_existing
1327	Fatty acids, total monounsat., NLEA	fatty acids total monounsat nlea	2016	PUFA 18:2 c	pufa 18 2 c	existing	fatty_acids_total_to_individual_existing
1327	Fatty acids, total monounsat., NLEA	fatty acids total monounsat nlea	2017	TFA 18:2 t	tfa 18 2 t	existing	fatty_acids_total_to_individual_existing
1327	Fatty acids, total monounsat., NLEA	fatty acids total monounsat nlea	2018	PUFA 18:3 c	pufa 18 3 c	existing	fatty_acids_total_to_individual_existing
1327	Fatty acids, total monounsat., NLEA	fatty acids total monounsat nlea	2019	TFA 18:3 t	tfa 18 3 t	existing	fatty_acids_total_to_individual_existing
1327	Fatty acids, total monounsat., NLEA	fatty acids total monounsat nlea	2020	PUFA 20:3 c	pufa 20 3 c	existing	fatty_acids_total_to_individual_existing
1327	Fatty acids, total monounsat., NLEA	fatty acids total monounsat nlea	2021	PUFA 22:3	pufa 22 3	existing	fatty_acids_total_to_individual_existing
1327	Fatty acids, total monounsat., NLEA	fatty acids total monounsat nlea	2022	PUFA 20:4c	pufa 20 4c	existing	fatty_acids_total_to_individual_existing
1327	Fatty acids, total monounsat., NLEA	fatty acids total monounsat nlea	2023	PUFA 20:5c	pufa 20 5c	existing	fatty_acids_total_to_individual_existing
1327	Fatty acids, total monounsat., NLEA	fatty acids total monounsat nlea	2024	PUFA 22:5 c	pufa 22 5 c	existing	fatty_acids_total_to_individual_existing
1327	Fatty acids, total monounsat., NLEA	fatty acids total monounsat nlea	2025	PUFA 22:6 c	pufa 22 6 c	existing	fatty_acids_total_to_individual_existing
1327	Fatty acids, total monounsat., NLEA	fatty acids total monounsat nlea	2026	PUFA 20:2 c	pufa 20 2 c	existing	fatty_acids_total_to_individual_existing
1327	Fatty acids, total monounsat., NLEA	fatty acids total monounsat nlea	96718	FA 10:0	fa 10 0	existing	fatty_acids_total_to_individual_existing
1327	Fatty acids, total monounsat., NLEA	fatty acids total monounsat nlea	96719	FA 12:0	fa 12 0	existing	fatty_acids_total_to_individual_existing
1327	Fatty acids, total monounsat., NLEA	fatty acids total monounsat nlea	96720	FA 14:0	fa 14 0	existing	fatty_acids_total_to_individual_existing
1327	Fatty acids, total monounsat., NLEA	fatty acids total monounsat nlea	96721	FA 16:0	fa 16 0	existing	fatty_acids_total_to_individual_existing
1327	Fatty acids, total monounsat., NLEA	fatty acids total monounsat nlea	96722	FA 18:0	fa 18 0	existing	fatty_acids_total_to_individual_existing
1327	Fatty acids, total monounsat., NLEA	fatty acids total monounsat nlea	96723	FA 18:1 n-9 cis	fa 18 1 n 9 cis	existing	fatty_acids_total_to_individual_existing
1327	Fatty acids, total monounsat., NLEA	fatty acids total monounsat nlea	96724	FA 18:2 9c,12c (n-6)	fa 18 2 9c 12c n 6	existing	fatty_acids_total_to_individual_existing
1327	Fatty acids, total monounsat., NLEA	fatty acids total monounsat nlea	96725	FA 18:3 c9,c12,c15 (n-3)	fa 18 3 c9 c12 c15 n 3	existing	fatty_acids_total_to_individual_existing
1327	Fatty acids, total monounsat., NLEA	fatty acids total monounsat nlea	96726	FA 20:4 5c,8c,11c,14c (n-6)	fa 20 4 5c 8c 11c 14c n 6	existing	fatty_acids_total_to_individual_existing
1327	Fatty acids, total monounsat., NLEA	fatty acids total monounsat nlea	96727	FA 4:0	fa 4 0	existing	fatty_acids_total_to_individual_existing
1327	Fatty acids, total monounsat., NLEA	fatty acids total monounsat nlea	96728	FA 6:0	fa 6 0	existing	fatty_acids_total_to_individual_existing
1327	Fatty acids, total monounsat., NLEA	fatty acids total monounsat nlea	96729	FA 8:0	fa 8 0	existing	fatty_acids_total_to_individual_existing
1327	Fatty acids, total monounsat., NLEA	fatty acids total monounsat nlea	240075	5,3',4'-Trihydroxy-3-methoxy-6:7-methylenedioxyflavone 4'-O-glucuronide	5 3 4 trihydroxy 3 methoxy 6 7 methylenedioxyflavone 4 o glucuronide	existing	fatty_acids_total_to_individual_existing
1327	Fatty acids, total monounsat., NLEA	fatty acids total monounsat nlea	240076	5,4'-Dihydroxy-3,3'-dimethoxy-6:7-methylenedioxyflavone 4'-O-glucuronide	5 4 dihydroxy 3 3 dimethoxy 6 7 methylenedioxyflavone 4 o glucuronide	existing	fatty_acids_total_to_individual_existing
1327	Fatty acids, total monounsat., NLEA	fatty acids total monounsat nlea	250036	Fatty acid 10:0	fatty acid 10 0	existing	fatty_acids_total_to_individual_existing
1327	Fatty acids, total monounsat., NLEA	fatty acids total monounsat nlea	250037	Fatty acid 12:0	fatty acid 12 0	existing	fatty_acids_total_to_individual_existing
1327	Fatty acids, total monounsat., NLEA	fatty acids total monounsat nlea	250038	Fatty acid 14:0	fatty acid 14 0	existing	fatty_acids_total_to_individual_existing
1327	Fatty acids, total monounsat., NLEA	fatty acids total monounsat nlea	250039	Fatty acid 15:0	fatty acid 15 0	existing	fatty_acids_total_to_individual_existing
1327	Fatty acids, total monounsat., NLEA	fatty acids total monounsat nlea	250040	Fatty acid 16:0	fatty acid 16 0	existing	fatty_acids_total_to_individual_existing
1327	Fatty acids, total monounsat., NLEA	fatty acids total monounsat nlea	250041	Fatty acid 17:0	fatty acid 17 0	existing	fatty_acids_total_to_individual_existing
1327	Fatty acids, total monounsat., NLEA	fatty acids total monounsat nlea	250042	Fatty acid 18:0	fatty acid 18 0	existing	fatty_acids_total_to_individual_existing
1327	Fatty acids, total monounsat., NLEA	fatty acids total monounsat nlea	250043	Fatty acid 20:0	fatty acid 20 0	existing	fatty_acids_total_to_individual_existing
1327	Fatty acids, total monounsat., NLEA	fatty acids total monounsat nlea	250044	Fatty acid 22:0	fatty acid 22 0	existing	fatty_acids_total_to_individual_existing
1327	Fatty acids, total monounsat., NLEA	fatty acids total monounsat nlea	250045	Fatty acid 24:0	fatty acid 24 0	existing	fatty_acids_total_to_individual_existing
1327	Fatty acids, total monounsat., NLEA	fatty acids total monounsat nlea	250046	Fatty acid 10:1	fatty acid 10 1	existing	fatty_acids_total_to_individual_existing
1327	Fatty acids, total monounsat., NLEA	fatty acids total monounsat nlea	250047	Fatty acid 14:1	fatty acid 14 1	existing	fatty_acids_total_to_individual_existing
1327	Fatty acids, total monounsat., NLEA	fatty acids total monounsat nlea	250048	Fatty acid 15:1	fatty acid 15 1	existing	fatty_acids_total_to_individual_existing
1327	Fatty acids, total monounsat., NLEA	fatty acids total monounsat nlea	250049	Fatty acid 16:1	fatty acid 16 1	existing	fatty_acids_total_to_individual_existing
1327	Fatty acids, total monounsat., NLEA	fatty acids total monounsat nlea	250050	Fatty acid 17:1	fatty acid 17 1	existing	fatty_acids_total_to_individual_existing
1327	Fatty acids, total monounsat., NLEA	fatty acids total monounsat nlea	250051	Fatty acid 18:1 undifferentiated	fatty acid 18 1 undifferentiated	existing	fatty_acids_total_to_individual_existing
1327	Fatty acids, total monounsat., NLEA	fatty acids total monounsat nlea	250052	Fatty acid 20:1	fatty acid 20 1	existing	fatty_acids_total_to_individual_existing
1327	Fatty acids, total monounsat., NLEA	fatty acids total monounsat nlea	250053	Fatty acid 22:1	fatty acid 22 1	existing	fatty_acids_total_to_individual_existing
1327	Fatty acids, total monounsat., NLEA	fatty acids total monounsat nlea	250054	Fatty acid 24:1	fatty acid 24 1	existing	fatty_acids_total_to_individual_existing
1327	Fatty acids, total monounsat., NLEA	fatty acids total monounsat nlea	250055	Fatty acid 16:2	fatty acid 16 2	existing	fatty_acids_total_to_individual_existing
1327	Fatty acids, total monounsat., NLEA	fatty acids total monounsat nlea	250056	Fatty acid 16:3	fatty acid 16 3	existing	fatty_acids_total_to_individual_existing
1327	Fatty acids, total monounsat., NLEA	fatty acids total monounsat nlea	250057	Fatty acid 16:4	fatty acid 16 4	existing	fatty_acids_total_to_individual_existing
1327	Fatty acids, total monounsat., NLEA	fatty acids total monounsat nlea	250058	Fatty acid 18:2 n-6	fatty acid 18 2 n 6	existing	fatty_acids_total_to_individual_existing
1327	Fatty acids, total monounsat., NLEA	fatty acids total monounsat nlea	250059	Fatty acid 18:3 n-3	fatty acid 18 3 n 3	existing	fatty_acids_total_to_individual_existing
1327	Fatty acids, total monounsat., NLEA	fatty acids total monounsat nlea	250060	Fatty acid 18:3 n-6	fatty acid 18 3 n 6	existing	fatty_acids_total_to_individual_existing
1327	Fatty acids, total monounsat., NLEA	fatty acids total monounsat nlea	250061	Fatty acid 18:4 n-3	fatty acid 18 4 n 3	existing	fatty_acids_total_to_individual_existing
1327	Fatty acids, total monounsat., NLEA	fatty acids total monounsat nlea	250062	Fatty acid 20:2 n-6	fatty acid 20 2 n 6	existing	fatty_acids_total_to_individual_existing
1327	Fatty acids, total monounsat., NLEA	fatty acids total monounsat nlea	250063	Fatty acid 20:3 n-6	fatty acid 20 3 n 6	existing	fatty_acids_total_to_individual_existing
1327	Fatty acids, total monounsat., NLEA	fatty acids total monounsat nlea	250064	Fatty acid 20:4 n-3	fatty acid 20 4 n 3	existing	fatty_acids_total_to_individual_existing
1327	Fatty acids, total monounsat., NLEA	fatty acids total monounsat nlea	250065	Fatty acid 20:4 n-6	fatty acid 20 4 n 6	existing	fatty_acids_total_to_individual_existing
1327	Fatty acids, total monounsat., NLEA	fatty acids total monounsat nlea	250066	Fatty acid 20:5 n-3	fatty acid 20 5 n 3	existing	fatty_acids_total_to_individual_existing
1327	Fatty acids, total monounsat., NLEA	fatty acids total monounsat nlea	250067	Fatty acid 21:5 n-3	fatty acid 21 5 n 3	existing	fatty_acids_total_to_individual_existing
1327	Fatty acids, total monounsat., NLEA	fatty acids total monounsat nlea	250068	Fatty acid 22:2	fatty acid 22 2	existing	fatty_acids_total_to_individual_existing
1327	Fatty acids, total monounsat., NLEA	fatty acids total monounsat nlea	250069	Fatty acid 22:4 n-6	fatty acid 22 4 n 6	existing	fatty_acids_total_to_individual_existing
1327	Fatty acids, total monounsat., NLEA	fatty acids total monounsat nlea	250070	Fatty acid 22:5 n-3	fatty acid 22 5 n 3	existing	fatty_acids_total_to_individual_existing
1327	Fatty acids, total monounsat., NLEA	fatty acids total monounsat nlea	250071	Fatty acid 22:5 n-6	fatty acid 22 5 n 6	existing	fatty_acids_total_to_individual_existing
1327	Fatty acids, total monounsat., NLEA	fatty acids total monounsat nlea	250072	Fatty acid 22:6 n-3	fatty acid 22 6 n 3	existing	fatty_acids_total_to_individual_existing
1328	Fatty acids, total polyunsat., NLEA	fatty acids total polyunsat nlea	1259	SFA 4:0	sfa 4 0	existing	fatty_acids_total_to_individual_existing
1328	Fatty acids, total polyunsat., NLEA	fatty acids total polyunsat nlea	1260	SFA 6:0	sfa 6 0	existing	fatty_acids_total_to_individual_existing
1328	Fatty acids, total polyunsat., NLEA	fatty acids total polyunsat nlea	1261	SFA 8:0	sfa 8 0	existing	fatty_acids_total_to_individual_existing
1328	Fatty acids, total polyunsat., NLEA	fatty acids total polyunsat nlea	1262	SFA 10:0	sfa 10 0	existing	fatty_acids_total_to_individual_existing
1328	Fatty acids, total polyunsat., NLEA	fatty acids total polyunsat nlea	1263	SFA 12:0	sfa 12 0	existing	fatty_acids_total_to_individual_existing
1328	Fatty acids, total polyunsat., NLEA	fatty acids total polyunsat nlea	1264	SFA 14:0	sfa 14 0	existing	fatty_acids_total_to_individual_existing
1328	Fatty acids, total polyunsat., NLEA	fatty acids total polyunsat nlea	1265	SFA 16:0	sfa 16 0	existing	fatty_acids_total_to_individual_existing
1328	Fatty acids, total polyunsat., NLEA	fatty acids total polyunsat nlea	1266	SFA 18:0	sfa 18 0	existing	fatty_acids_total_to_individual_existing
1328	Fatty acids, total polyunsat., NLEA	fatty acids total polyunsat nlea	1267	SFA 20:0	sfa 20 0	existing	fatty_acids_total_to_individual_existing
1328	Fatty acids, total polyunsat., NLEA	fatty acids total polyunsat nlea	1268	MUFA 18:1	mufa 18 1	existing	fatty_acids_total_to_individual_existing
1328	Fatty acids, total polyunsat., NLEA	fatty acids total polyunsat nlea	1269	PUFA 18:2	pufa 18 2	existing	fatty_acids_total_to_individual_existing
1328	Fatty acids, total polyunsat., NLEA	fatty acids total polyunsat nlea	1270	PUFA 18:3	pufa 18 3	existing	fatty_acids_total_to_individual_existing
1328	Fatty acids, total polyunsat., NLEA	fatty acids total polyunsat nlea	1271	PUFA 20:4	pufa 20 4	existing	fatty_acids_total_to_individual_existing
1328	Fatty acids, total polyunsat., NLEA	fatty acids total polyunsat nlea	1272	PUFA 22:6 n-3 (DHA)	pufa 22 6 n 3	existing	fatty_acids_total_to_individual_existing
1328	Fatty acids, total polyunsat., NLEA	fatty acids total polyunsat nlea	1273	SFA 22:0	sfa 22 0	existing	fatty_acids_total_to_individual_existing
1328	Fatty acids, total polyunsat., NLEA	fatty acids total polyunsat nlea	1274	MUFA 14:1	mufa 14 1	existing	fatty_acids_total_to_individual_existing
1328	Fatty acids, total polyunsat., NLEA	fatty acids total polyunsat nlea	1275	MUFA 16:1	mufa 16 1	existing	fatty_acids_total_to_individual_existing
1328	Fatty acids, total polyunsat., NLEA	fatty acids total polyunsat nlea	1276	PUFA 18:4	pufa 18 4	existing	fatty_acids_total_to_individual_existing
1328	Fatty acids, total polyunsat., NLEA	fatty acids total polyunsat nlea	1277	MUFA 20:1	mufa 20 1	existing	fatty_acids_total_to_individual_existing
1328	Fatty acids, total polyunsat., NLEA	fatty acids total polyunsat nlea	1278	PUFA 20:5 n-3 (EPA)	pufa 20 5 n 3	existing	fatty_acids_total_to_individual_existing
1328	Fatty acids, total polyunsat., NLEA	fatty acids total polyunsat nlea	1279	MUFA 22:1	mufa 22 1	existing	fatty_acids_total_to_individual_existing
1328	Fatty acids, total polyunsat., NLEA	fatty acids total polyunsat nlea	1280	PUFA 22:5 n-3 (DPA)	pufa 22 5 n 3	existing	fatty_acids_total_to_individual_existing
1328	Fatty acids, total polyunsat., NLEA	fatty acids total polyunsat nlea	1281	TFA 14:1 t	tfa 14 1 t	existing	fatty_acids_total_to_individual_existing
1328	Fatty acids, total polyunsat., NLEA	fatty acids total polyunsat nlea	1299	SFA 15:0	sfa 15 0	existing	fatty_acids_total_to_individual_existing
1328	Fatty acids, total polyunsat., NLEA	fatty acids total polyunsat nlea	1300	SFA 17:0	sfa 17 0	existing	fatty_acids_total_to_individual_existing
1328	Fatty acids, total polyunsat., NLEA	fatty acids total polyunsat nlea	1301	SFA 24:0	sfa 24 0	existing	fatty_acids_total_to_individual_existing
1328	Fatty acids, total polyunsat., NLEA	fatty acids total polyunsat nlea	1303	TFA 16:1 t	tfa 16 1 t	existing	fatty_acids_total_to_individual_existing
1328	Fatty acids, total polyunsat., NLEA	fatty acids total polyunsat nlea	1304	TFA 18:1 t	tfa 18 1 t	existing	fatty_acids_total_to_individual_existing
1328	Fatty acids, total polyunsat., NLEA	fatty acids total polyunsat nlea	1305	TFA 22:1 t	tfa 22 1 t	existing	fatty_acids_total_to_individual_existing
1328	Fatty acids, total polyunsat., NLEA	fatty acids total polyunsat nlea	1306	TFA 18:2 t not further defined	tfa 18 2 t not further defined	existing	fatty_acids_total_to_individual_existing
1328	Fatty acids, total polyunsat., NLEA	fatty acids total polyunsat nlea	1307	PUFA 18:2 i	pufa 18 2 i	existing	fatty_acids_total_to_individual_existing
1328	Fatty acids, total polyunsat., NLEA	fatty acids total polyunsat nlea	1308	PUFA 18:2 t,c	pufa 18 2 t c	existing	fatty_acids_total_to_individual_existing
1328	Fatty acids, total polyunsat., NLEA	fatty acids total polyunsat nlea	1309	PUFA 18:2 c,t	pufa 18 2 c t	existing	fatty_acids_total_to_individual_existing
1328	Fatty acids, total polyunsat., NLEA	fatty acids total polyunsat nlea	1310	TFA 18:2 t,t	tfa 18 2 t t	existing	fatty_acids_total_to_individual_existing
1328	Fatty acids, total polyunsat., NLEA	fatty acids total polyunsat nlea	1311	PUFA 18:2 CLAs	pufa 18 2 clas	existing	fatty_acids_total_to_individual_existing
1328	Fatty acids, total polyunsat., NLEA	fatty acids total polyunsat nlea	1312	MUFA 24:1 c	mufa 24 1 c	existing	fatty_acids_total_to_individual_existing
1328	Fatty acids, total polyunsat., NLEA	fatty acids total polyunsat nlea	1313	PUFA 20:2 n-6 c,c	pufa 20 2 n 6 c c	existing	fatty_acids_total_to_individual_existing
1328	Fatty acids, total polyunsat., NLEA	fatty acids total polyunsat nlea	1314	MUFA 16:1 c	mufa 16 1 c	existing	fatty_acids_total_to_individual_existing
1328	Fatty acids, total polyunsat., NLEA	fatty acids total polyunsat nlea	1315	MUFA 18:1 c	mufa 18 1 c	existing	fatty_acids_total_to_individual_existing
1328	Fatty acids, total polyunsat., NLEA	fatty acids total polyunsat nlea	1316	PUFA 18:2 n-6 c,c	pufa 18 2 n 6 c c	existing	fatty_acids_total_to_individual_existing
1328	Fatty acids, total polyunsat., NLEA	fatty acids total polyunsat nlea	1317	MUFA 22:1 c	mufa 22 1 c	existing	fatty_acids_total_to_individual_existing
1328	Fatty acids, total polyunsat., NLEA	fatty acids total polyunsat nlea	1321	PUFA 18:3 n-6 c,c,c	pufa 18 3 n 6 c c c	existing	fatty_acids_total_to_individual_existing
1328	Fatty acids, total polyunsat., NLEA	fatty acids total polyunsat nlea	1322	SFA 19:0	sfa 19 0	existing	fatty_acids_total_to_individual_existing
1328	Fatty acids, total polyunsat., NLEA	fatty acids total polyunsat nlea	1323	MUFA 17:1	mufa 17 1	existing	fatty_acids_total_to_individual_existing
1328	Fatty acids, total polyunsat., NLEA	fatty acids total polyunsat nlea	1324	PUFA 16:2	pufa 16 2	existing	fatty_acids_total_to_individual_existing
1328	Fatty acids, total polyunsat., NLEA	fatty acids total polyunsat nlea	1325	PUFA 20:3	pufa 20 3	existing	fatty_acids_total_to_individual_existing
1328	Fatty acids, total polyunsat., NLEA	fatty acids total polyunsat nlea	1332	SFA 13:0	sfa 13 0	existing	fatty_acids_total_to_individual_existing
1328	Fatty acids, total polyunsat., NLEA	fatty acids total polyunsat nlea	1333	MUFA 15:1	mufa 15 1	existing	fatty_acids_total_to_individual_existing
1328	Fatty acids, total polyunsat., NLEA	fatty acids total polyunsat nlea	1334	PUFA 22:2	pufa 22 2	existing	fatty_acids_total_to_individual_existing
1328	Fatty acids, total polyunsat., NLEA	fatty acids total polyunsat nlea	1335	SFA 11:0	sfa 11 0	existing	fatty_acids_total_to_individual_existing
1328	Fatty acids, total polyunsat., NLEA	fatty acids total polyunsat nlea	1404	PUFA 18:3 n-3 c,c,c (ALA)	pufa 18 3 n 3 c c c	existing	fatty_acids_total_to_individual_existing
1328	Fatty acids, total polyunsat., NLEA	fatty acids total polyunsat nlea	1405	PUFA 20:3 n-3	pufa 20 3 n 3	existing	fatty_acids_total_to_individual_existing
1328	Fatty acids, total polyunsat., NLEA	fatty acids total polyunsat nlea	1406	PUFA 20:3 n-6	pufa 20 3 n 6	existing	fatty_acids_total_to_individual_existing
1328	Fatty acids, total polyunsat., NLEA	fatty acids total polyunsat nlea	1407	PUFA 20:4 n-3	pufa 20 4 n 3	existing	fatty_acids_total_to_individual_existing
1328	Fatty acids, total polyunsat., NLEA	fatty acids total polyunsat nlea	1408	PUFA 20:4 n-6	pufa 20 4 n 6	existing	fatty_acids_total_to_individual_existing
1328	Fatty acids, total polyunsat., NLEA	fatty acids total polyunsat nlea	1409	PUFA 18:3i	pufa 18 3i	existing	fatty_acids_total_to_individual_existing
1328	Fatty acids, total polyunsat., NLEA	fatty acids total polyunsat nlea	1410	PUFA 21:5	pufa 21 5	existing	fatty_acids_total_to_individual_existing
1328	Fatty acids, total polyunsat., NLEA	fatty acids total polyunsat nlea	1411	PUFA 22:4	pufa 22 4	existing	fatty_acids_total_to_individual_existing
1328	Fatty acids, total polyunsat., NLEA	fatty acids total polyunsat nlea	1412	MUFA 18:1-11 t (18:1t n-7)	mufa 18 1 11 t 18 1t n 7	existing	fatty_acids_total_to_individual_existing
1328	Fatty acids, total polyunsat., NLEA	fatty acids total polyunsat nlea	1413	MUFA 18:1-11 c (18:1c n-7)	mufa 18 1 11 c 18 1c n 7	existing	fatty_acids_total_to_individual_existing
1328	Fatty acids, total polyunsat., NLEA	fatty acids total polyunsat nlea	1414	PUFA 20:3 n-9	pufa 20 3 n 9	existing	fatty_acids_total_to_individual_existing
1328	Fatty acids, total polyunsat., NLEA	fatty acids total polyunsat nlea	2003	SFA 5:0	sfa 5 0	existing	fatty_acids_total_to_individual_existing
1328	Fatty acids, total polyunsat., NLEA	fatty acids total polyunsat nlea	2004	SFA 7:0	sfa 7 0	existing	fatty_acids_total_to_individual_existing
1328	Fatty acids, total polyunsat., NLEA	fatty acids total polyunsat nlea	2005	SFA 9:0	sfa 9 0	existing	fatty_acids_total_to_individual_existing
1328	Fatty acids, total polyunsat., NLEA	fatty acids total polyunsat nlea	2006	SFA 21:0	sfa 21 0	existing	fatty_acids_total_to_individual_existing
1328	Fatty acids, total polyunsat., NLEA	fatty acids total polyunsat nlea	2007	SFA 23:0	sfa 23 0	existing	fatty_acids_total_to_individual_existing
1328	Fatty acids, total polyunsat., NLEA	fatty acids total polyunsat nlea	2008	MUFA 12:1	mufa 12 1	existing	fatty_acids_total_to_individual_existing
1328	Fatty acids, total polyunsat., NLEA	fatty acids total polyunsat nlea	2009	MUFA 14:1 c	mufa 14 1 c	existing	fatty_acids_total_to_individual_existing
1328	Fatty acids, total polyunsat., NLEA	fatty acids total polyunsat nlea	2010	MUFA 17:1 c	mufa 17 1 c	existing	fatty_acids_total_to_individual_existing
1328	Fatty acids, total polyunsat., NLEA	fatty acids total polyunsat nlea	2011	TFA 17:1 t	tfa 17 1 t	existing	fatty_acids_total_to_individual_existing
1328	Fatty acids, total polyunsat., NLEA	fatty acids total polyunsat nlea	2012	MUFA 20:1 c	mufa 20 1 c	existing	fatty_acids_total_to_individual_existing
1328	Fatty acids, total polyunsat., NLEA	fatty acids total polyunsat nlea	2013	TFA 20:1 t	tfa 20 1 t	existing	fatty_acids_total_to_individual_existing
1328	Fatty acids, total polyunsat., NLEA	fatty acids total polyunsat nlea	2014	MUFA 22:1 n-9	mufa 22 1 n 9	existing	fatty_acids_total_to_individual_existing
1328	Fatty acids, total polyunsat., NLEA	fatty acids total polyunsat nlea	2015	MUFA 22:1 n-11	mufa 22 1 n 11	existing	fatty_acids_total_to_individual_existing
1328	Fatty acids, total polyunsat., NLEA	fatty acids total polyunsat nlea	2016	PUFA 18:2 c	pufa 18 2 c	existing	fatty_acids_total_to_individual_existing
1328	Fatty acids, total polyunsat., NLEA	fatty acids total polyunsat nlea	2017	TFA 18:2 t	tfa 18 2 t	existing	fatty_acids_total_to_individual_existing
1328	Fatty acids, total polyunsat., NLEA	fatty acids total polyunsat nlea	2018	PUFA 18:3 c	pufa 18 3 c	existing	fatty_acids_total_to_individual_existing
1328	Fatty acids, total polyunsat., NLEA	fatty acids total polyunsat nlea	2019	TFA 18:3 t	tfa 18 3 t	existing	fatty_acids_total_to_individual_existing
1328	Fatty acids, total polyunsat., NLEA	fatty acids total polyunsat nlea	2020	PUFA 20:3 c	pufa 20 3 c	existing	fatty_acids_total_to_individual_existing
1328	Fatty acids, total polyunsat., NLEA	fatty acids total polyunsat nlea	2021	PUFA 22:3	pufa 22 3	existing	fatty_acids_total_to_individual_existing
1328	Fatty acids, total polyunsat., NLEA	fatty acids total polyunsat nlea	2022	PUFA 20:4c	pufa 20 4c	existing	fatty_acids_total_to_individual_existing
1328	Fatty acids, total polyunsat., NLEA	fatty acids total polyunsat nlea	2023	PUFA 20:5c	pufa 20 5c	existing	fatty_acids_total_to_individual_existing
1328	Fatty acids, total polyunsat., NLEA	fatty acids total polyunsat nlea	2024	PUFA 22:5 c	pufa 22 5 c	existing	fatty_acids_total_to_individual_existing
1328	Fatty acids, total polyunsat., NLEA	fatty acids total polyunsat nlea	2025	PUFA 22:6 c	pufa 22 6 c	existing	fatty_acids_total_to_individual_existing
1328	Fatty acids, total polyunsat., NLEA	fatty acids total polyunsat nlea	2026	PUFA 20:2 c	pufa 20 2 c	existing	fatty_acids_total_to_individual_existing
1328	Fatty acids, total polyunsat., NLEA	fatty acids total polyunsat nlea	96718	FA 10:0	fa 10 0	existing	fatty_acids_total_to_individual_existing
1328	Fatty acids, total polyunsat., NLEA	fatty acids total polyunsat nlea	96719	FA 12:0	fa 12 0	existing	fatty_acids_total_to_individual_existing
1328	Fatty acids, total polyunsat., NLEA	fatty acids total polyunsat nlea	96720	FA 14:0	fa 14 0	existing	fatty_acids_total_to_individual_existing
1328	Fatty acids, total polyunsat., NLEA	fatty acids total polyunsat nlea	96721	FA 16:0	fa 16 0	existing	fatty_acids_total_to_individual_existing
1328	Fatty acids, total polyunsat., NLEA	fatty acids total polyunsat nlea	96722	FA 18:0	fa 18 0	existing	fatty_acids_total_to_individual_existing
1328	Fatty acids, total polyunsat., NLEA	fatty acids total polyunsat nlea	96723	FA 18:1 n-9 cis	fa 18 1 n 9 cis	existing	fatty_acids_total_to_individual_existing
1328	Fatty acids, total polyunsat., NLEA	fatty acids total polyunsat nlea	96724	FA 18:2 9c,12c (n-6)	fa 18 2 9c 12c n 6	existing	fatty_acids_total_to_individual_existing
1328	Fatty acids, total polyunsat., NLEA	fatty acids total polyunsat nlea	96725	FA 18:3 c9,c12,c15 (n-3)	fa 18 3 c9 c12 c15 n 3	existing	fatty_acids_total_to_individual_existing
1328	Fatty acids, total polyunsat., NLEA	fatty acids total polyunsat nlea	96726	FA 20:4 5c,8c,11c,14c (n-6)	fa 20 4 5c 8c 11c 14c n 6	existing	fatty_acids_total_to_individual_existing
1328	Fatty acids, total polyunsat., NLEA	fatty acids total polyunsat nlea	96727	FA 4:0	fa 4 0	existing	fatty_acids_total_to_individual_existing
1328	Fatty acids, total polyunsat., NLEA	fatty acids total polyunsat nlea	96728	FA 6:0	fa 6 0	existing	fatty_acids_total_to_individual_existing
1328	Fatty acids, total polyunsat., NLEA	fatty acids total polyunsat nlea	96729	FA 8:0	fa 8 0	existing	fatty_acids_total_to_individual_existing
1328	Fatty acids, total polyunsat., NLEA	fatty acids total polyunsat nlea	240075	5,3',4'-Trihydroxy-3-methoxy-6:7-methylenedioxyflavone 4'-O-glucuronide	5 3 4 trihydroxy 3 methoxy 6 7 methylenedioxyflavone 4 o glucuronide	existing	fatty_acids_total_to_individual_existing
1328	Fatty acids, total polyunsat., NLEA	fatty acids total polyunsat nlea	240076	5,4'-Dihydroxy-3,3'-dimethoxy-6:7-methylenedioxyflavone 4'-O-glucuronide	5 4 dihydroxy 3 3 dimethoxy 6 7 methylenedioxyflavone 4 o glucuronide	existing	fatty_acids_total_to_individual_existing
1328	Fatty acids, total polyunsat., NLEA	fatty acids total polyunsat nlea	250036	Fatty acid 10:0	fatty acid 10 0	existing	fatty_acids_total_to_individual_existing
1328	Fatty acids, total polyunsat., NLEA	fatty acids total polyunsat nlea	250037	Fatty acid 12:0	fatty acid 12 0	existing	fatty_acids_total_to_individual_existing
1328	Fatty acids, total polyunsat., NLEA	fatty acids total polyunsat nlea	250038	Fatty acid 14:0	fatty acid 14 0	existing	fatty_acids_total_to_individual_existing
1328	Fatty acids, total polyunsat., NLEA	fatty acids total polyunsat nlea	250039	Fatty acid 15:0	fatty acid 15 0	existing	fatty_acids_total_to_individual_existing
1328	Fatty acids, total polyunsat., NLEA	fatty acids total polyunsat nlea	250040	Fatty acid 16:0	fatty acid 16 0	existing	fatty_acids_total_to_individual_existing
1328	Fatty acids, total polyunsat., NLEA	fatty acids total polyunsat nlea	250041	Fatty acid 17:0	fatty acid 17 0	existing	fatty_acids_total_to_individual_existing
1328	Fatty acids, total polyunsat., NLEA	fatty acids total polyunsat nlea	250042	Fatty acid 18:0	fatty acid 18 0	existing	fatty_acids_total_to_individual_existing
1328	Fatty acids, total polyunsat., NLEA	fatty acids total polyunsat nlea	250043	Fatty acid 20:0	fatty acid 20 0	existing	fatty_acids_total_to_individual_existing
1328	Fatty acids, total polyunsat., NLEA	fatty acids total polyunsat nlea	250044	Fatty acid 22:0	fatty acid 22 0	existing	fatty_acids_total_to_individual_existing
1328	Fatty acids, total polyunsat., NLEA	fatty acids total polyunsat nlea	250045	Fatty acid 24:0	fatty acid 24 0	existing	fatty_acids_total_to_individual_existing
1328	Fatty acids, total polyunsat., NLEA	fatty acids total polyunsat nlea	250046	Fatty acid 10:1	fatty acid 10 1	existing	fatty_acids_total_to_individual_existing
1328	Fatty acids, total polyunsat., NLEA	fatty acids total polyunsat nlea	250047	Fatty acid 14:1	fatty acid 14 1	existing	fatty_acids_total_to_individual_existing
1328	Fatty acids, total polyunsat., NLEA	fatty acids total polyunsat nlea	250048	Fatty acid 15:1	fatty acid 15 1	existing	fatty_acids_total_to_individual_existing
1328	Fatty acids, total polyunsat., NLEA	fatty acids total polyunsat nlea	250049	Fatty acid 16:1	fatty acid 16 1	existing	fatty_acids_total_to_individual_existing
1328	Fatty acids, total polyunsat., NLEA	fatty acids total polyunsat nlea	250050	Fatty acid 17:1	fatty acid 17 1	existing	fatty_acids_total_to_individual_existing
1328	Fatty acids, total polyunsat., NLEA	fatty acids total polyunsat nlea	250051	Fatty acid 18:1 undifferentiated	fatty acid 18 1 undifferentiated	existing	fatty_acids_total_to_individual_existing
1328	Fatty acids, total polyunsat., NLEA	fatty acids total polyunsat nlea	250052	Fatty acid 20:1	fatty acid 20 1	existing	fatty_acids_total_to_individual_existing
1328	Fatty acids, total polyunsat., NLEA	fatty acids total polyunsat nlea	250053	Fatty acid 22:1	fatty acid 22 1	existing	fatty_acids_total_to_individual_existing
1328	Fatty acids, total polyunsat., NLEA	fatty acids total polyunsat nlea	250054	Fatty acid 24:1	fatty acid 24 1	existing	fatty_acids_total_to_individual_existing
1328	Fatty acids, total polyunsat., NLEA	fatty acids total polyunsat nlea	250055	Fatty acid 16:2	fatty acid 16 2	existing	fatty_acids_total_to_individual_existing
1328	Fatty acids, total polyunsat., NLEA	fatty acids total polyunsat nlea	250056	Fatty acid 16:3	fatty acid 16 3	existing	fatty_acids_total_to_individual_existing
1328	Fatty acids, total polyunsat., NLEA	fatty acids total polyunsat nlea	250057	Fatty acid 16:4	fatty acid 16 4	existing	fatty_acids_total_to_individual_existing
1328	Fatty acids, total polyunsat., NLEA	fatty acids total polyunsat nlea	250058	Fatty acid 18:2 n-6	fatty acid 18 2 n 6	existing	fatty_acids_total_to_individual_existing
1328	Fatty acids, total polyunsat., NLEA	fatty acids total polyunsat nlea	250059	Fatty acid 18:3 n-3	fatty acid 18 3 n 3	existing	fatty_acids_total_to_individual_existing
1328	Fatty acids, total polyunsat., NLEA	fatty acids total polyunsat nlea	250060	Fatty acid 18:3 n-6	fatty acid 18 3 n 6	existing	fatty_acids_total_to_individual_existing
1328	Fatty acids, total polyunsat., NLEA	fatty acids total polyunsat nlea	250061	Fatty acid 18:4 n-3	fatty acid 18 4 n 3	existing	fatty_acids_total_to_individual_existing
1328	Fatty acids, total polyunsat., NLEA	fatty acids total polyunsat nlea	250062	Fatty acid 20:2 n-6	fatty acid 20 2 n 6	existing	fatty_acids_total_to_individual_existing
1328	Fatty acids, total polyunsat., NLEA	fatty acids total polyunsat nlea	250063	Fatty acid 20:3 n-6	fatty acid 20 3 n 6	existing	fatty_acids_total_to_individual_existing
1328	Fatty acids, total polyunsat., NLEA	fatty acids total polyunsat nlea	250064	Fatty acid 20:4 n-3	fatty acid 20 4 n 3	existing	fatty_acids_total_to_individual_existing
1328	Fatty acids, total polyunsat., NLEA	fatty acids total polyunsat nlea	250065	Fatty acid 20:4 n-6	fatty acid 20 4 n 6	existing	fatty_acids_total_to_individual_existing
1328	Fatty acids, total polyunsat., NLEA	fatty acids total polyunsat nlea	250066	Fatty acid 20:5 n-3	fatty acid 20 5 n 3	existing	fatty_acids_total_to_individual_existing
1328	Fatty acids, total polyunsat., NLEA	fatty acids total polyunsat nlea	250067	Fatty acid 21:5 n-3	fatty acid 21 5 n 3	existing	fatty_acids_total_to_individual_existing
1328	Fatty acids, total polyunsat., NLEA	fatty acids total polyunsat nlea	250068	Fatty acid 22:2	fatty acid 22 2	existing	fatty_acids_total_to_individual_existing
1328	Fatty acids, total polyunsat., NLEA	fatty acids total polyunsat nlea	250069	Fatty acid 22:4 n-6	fatty acid 22 4 n 6	existing	fatty_acids_total_to_individual_existing
1328	Fatty acids, total polyunsat., NLEA	fatty acids total polyunsat nlea	250070	Fatty acid 22:5 n-3	fatty acid 22 5 n 3	existing	fatty_acids_total_to_individual_existing
1328	Fatty acids, total polyunsat., NLEA	fatty acids total polyunsat nlea	250071	Fatty acid 22:5 n-6	fatty acid 22 5 n 6	existing	fatty_acids_total_to_individual_existing
1328	Fatty acids, total polyunsat., NLEA	fatty acids total polyunsat nlea	250072	Fatty acid 22:6 n-3	fatty acid 22 6 n 3	existing	fatty_acids_total_to_individual_existing
1329	Fatty acids, total trans-monoenoic	fatty acids total trans monoenoic	1259	SFA 4:0	sfa 4 0	existing	fatty_acids_total_to_individual_existing
1329	Fatty acids, total trans-monoenoic	fatty acids total trans monoenoic	1260	SFA 6:0	sfa 6 0	existing	fatty_acids_total_to_individual_existing
1329	Fatty acids, total trans-monoenoic	fatty acids total trans monoenoic	1261	SFA 8:0	sfa 8 0	existing	fatty_acids_total_to_individual_existing
1329	Fatty acids, total trans-monoenoic	fatty acids total trans monoenoic	1262	SFA 10:0	sfa 10 0	existing	fatty_acids_total_to_individual_existing
1329	Fatty acids, total trans-monoenoic	fatty acids total trans monoenoic	1263	SFA 12:0	sfa 12 0	existing	fatty_acids_total_to_individual_existing
1329	Fatty acids, total trans-monoenoic	fatty acids total trans monoenoic	1264	SFA 14:0	sfa 14 0	existing	fatty_acids_total_to_individual_existing
1329	Fatty acids, total trans-monoenoic	fatty acids total trans monoenoic	1265	SFA 16:0	sfa 16 0	existing	fatty_acids_total_to_individual_existing
1329	Fatty acids, total trans-monoenoic	fatty acids total trans monoenoic	1266	SFA 18:0	sfa 18 0	existing	fatty_acids_total_to_individual_existing
1329	Fatty acids, total trans-monoenoic	fatty acids total trans monoenoic	1267	SFA 20:0	sfa 20 0	existing	fatty_acids_total_to_individual_existing
1329	Fatty acids, total trans-monoenoic	fatty acids total trans monoenoic	1268	MUFA 18:1	mufa 18 1	existing	fatty_acids_total_to_individual_existing
1329	Fatty acids, total trans-monoenoic	fatty acids total trans monoenoic	1269	PUFA 18:2	pufa 18 2	existing	fatty_acids_total_to_individual_existing
1329	Fatty acids, total trans-monoenoic	fatty acids total trans monoenoic	1270	PUFA 18:3	pufa 18 3	existing	fatty_acids_total_to_individual_existing
1329	Fatty acids, total trans-monoenoic	fatty acids total trans monoenoic	1271	PUFA 20:4	pufa 20 4	existing	fatty_acids_total_to_individual_existing
1329	Fatty acids, total trans-monoenoic	fatty acids total trans monoenoic	1272	PUFA 22:6 n-3 (DHA)	pufa 22 6 n 3	existing	fatty_acids_total_to_individual_existing
1329	Fatty acids, total trans-monoenoic	fatty acids total trans monoenoic	1273	SFA 22:0	sfa 22 0	existing	fatty_acids_total_to_individual_existing
1329	Fatty acids, total trans-monoenoic	fatty acids total trans monoenoic	1274	MUFA 14:1	mufa 14 1	existing	fatty_acids_total_to_individual_existing
1329	Fatty acids, total trans-monoenoic	fatty acids total trans monoenoic	1275	MUFA 16:1	mufa 16 1	existing	fatty_acids_total_to_individual_existing
1329	Fatty acids, total trans-monoenoic	fatty acids total trans monoenoic	1276	PUFA 18:4	pufa 18 4	existing	fatty_acids_total_to_individual_existing
1329	Fatty acids, total trans-monoenoic	fatty acids total trans monoenoic	1277	MUFA 20:1	mufa 20 1	existing	fatty_acids_total_to_individual_existing
1329	Fatty acids, total trans-monoenoic	fatty acids total trans monoenoic	1278	PUFA 20:5 n-3 (EPA)	pufa 20 5 n 3	existing	fatty_acids_total_to_individual_existing
1329	Fatty acids, total trans-monoenoic	fatty acids total trans monoenoic	1279	MUFA 22:1	mufa 22 1	existing	fatty_acids_total_to_individual_existing
1329	Fatty acids, total trans-monoenoic	fatty acids total trans monoenoic	1280	PUFA 22:5 n-3 (DPA)	pufa 22 5 n 3	existing	fatty_acids_total_to_individual_existing
1329	Fatty acids, total trans-monoenoic	fatty acids total trans monoenoic	1281	TFA 14:1 t	tfa 14 1 t	existing	fatty_acids_total_to_individual_existing
1329	Fatty acids, total trans-monoenoic	fatty acids total trans monoenoic	1299	SFA 15:0	sfa 15 0	existing	fatty_acids_total_to_individual_existing
1329	Fatty acids, total trans-monoenoic	fatty acids total trans monoenoic	1300	SFA 17:0	sfa 17 0	existing	fatty_acids_total_to_individual_existing
1329	Fatty acids, total trans-monoenoic	fatty acids total trans monoenoic	1301	SFA 24:0	sfa 24 0	existing	fatty_acids_total_to_individual_existing
1329	Fatty acids, total trans-monoenoic	fatty acids total trans monoenoic	1303	TFA 16:1 t	tfa 16 1 t	existing	fatty_acids_total_to_individual_existing
1329	Fatty acids, total trans-monoenoic	fatty acids total trans monoenoic	1304	TFA 18:1 t	tfa 18 1 t	existing	fatty_acids_total_to_individual_existing
1329	Fatty acids, total trans-monoenoic	fatty acids total trans monoenoic	1305	TFA 22:1 t	tfa 22 1 t	existing	fatty_acids_total_to_individual_existing
1329	Fatty acids, total trans-monoenoic	fatty acids total trans monoenoic	1306	TFA 18:2 t not further defined	tfa 18 2 t not further defined	existing	fatty_acids_total_to_individual_existing
1329	Fatty acids, total trans-monoenoic	fatty acids total trans monoenoic	1307	PUFA 18:2 i	pufa 18 2 i	existing	fatty_acids_total_to_individual_existing
1329	Fatty acids, total trans-monoenoic	fatty acids total trans monoenoic	1308	PUFA 18:2 t,c	pufa 18 2 t c	existing	fatty_acids_total_to_individual_existing
1329	Fatty acids, total trans-monoenoic	fatty acids total trans monoenoic	1309	PUFA 18:2 c,t	pufa 18 2 c t	existing	fatty_acids_total_to_individual_existing
1329	Fatty acids, total trans-monoenoic	fatty acids total trans monoenoic	1310	TFA 18:2 t,t	tfa 18 2 t t	existing	fatty_acids_total_to_individual_existing
1329	Fatty acids, total trans-monoenoic	fatty acids total trans monoenoic	1311	PUFA 18:2 CLAs	pufa 18 2 clas	existing	fatty_acids_total_to_individual_existing
1329	Fatty acids, total trans-monoenoic	fatty acids total trans monoenoic	1312	MUFA 24:1 c	mufa 24 1 c	existing	fatty_acids_total_to_individual_existing
1329	Fatty acids, total trans-monoenoic	fatty acids total trans monoenoic	1313	PUFA 20:2 n-6 c,c	pufa 20 2 n 6 c c	existing	fatty_acids_total_to_individual_existing
1329	Fatty acids, total trans-monoenoic	fatty acids total trans monoenoic	1314	MUFA 16:1 c	mufa 16 1 c	existing	fatty_acids_total_to_individual_existing
1329	Fatty acids, total trans-monoenoic	fatty acids total trans monoenoic	1315	MUFA 18:1 c	mufa 18 1 c	existing	fatty_acids_total_to_individual_existing
1329	Fatty acids, total trans-monoenoic	fatty acids total trans monoenoic	1316	PUFA 18:2 n-6 c,c	pufa 18 2 n 6 c c	existing	fatty_acids_total_to_individual_existing
1329	Fatty acids, total trans-monoenoic	fatty acids total trans monoenoic	1317	MUFA 22:1 c	mufa 22 1 c	existing	fatty_acids_total_to_individual_existing
1329	Fatty acids, total trans-monoenoic	fatty acids total trans monoenoic	1321	PUFA 18:3 n-6 c,c,c	pufa 18 3 n 6 c c c	existing	fatty_acids_total_to_individual_existing
1329	Fatty acids, total trans-monoenoic	fatty acids total trans monoenoic	1322	SFA 19:0	sfa 19 0	existing	fatty_acids_total_to_individual_existing
1329	Fatty acids, total trans-monoenoic	fatty acids total trans monoenoic	1323	MUFA 17:1	mufa 17 1	existing	fatty_acids_total_to_individual_existing
1329	Fatty acids, total trans-monoenoic	fatty acids total trans monoenoic	1324	PUFA 16:2	pufa 16 2	existing	fatty_acids_total_to_individual_existing
1329	Fatty acids, total trans-monoenoic	fatty acids total trans monoenoic	1325	PUFA 20:3	pufa 20 3	existing	fatty_acids_total_to_individual_existing
1329	Fatty acids, total trans-monoenoic	fatty acids total trans monoenoic	1332	SFA 13:0	sfa 13 0	existing	fatty_acids_total_to_individual_existing
1329	Fatty acids, total trans-monoenoic	fatty acids total trans monoenoic	1333	MUFA 15:1	mufa 15 1	existing	fatty_acids_total_to_individual_existing
1329	Fatty acids, total trans-monoenoic	fatty acids total trans monoenoic	1334	PUFA 22:2	pufa 22 2	existing	fatty_acids_total_to_individual_existing
1329	Fatty acids, total trans-monoenoic	fatty acids total trans monoenoic	1335	SFA 11:0	sfa 11 0	existing	fatty_acids_total_to_individual_existing
1329	Fatty acids, total trans-monoenoic	fatty acids total trans monoenoic	1404	PUFA 18:3 n-3 c,c,c (ALA)	pufa 18 3 n 3 c c c	existing	fatty_acids_total_to_individual_existing
1329	Fatty acids, total trans-monoenoic	fatty acids total trans monoenoic	1405	PUFA 20:3 n-3	pufa 20 3 n 3	existing	fatty_acids_total_to_individual_existing
1329	Fatty acids, total trans-monoenoic	fatty acids total trans monoenoic	1406	PUFA 20:3 n-6	pufa 20 3 n 6	existing	fatty_acids_total_to_individual_existing
1329	Fatty acids, total trans-monoenoic	fatty acids total trans monoenoic	1407	PUFA 20:4 n-3	pufa 20 4 n 3	existing	fatty_acids_total_to_individual_existing
1329	Fatty acids, total trans-monoenoic	fatty acids total trans monoenoic	1408	PUFA 20:4 n-6	pufa 20 4 n 6	existing	fatty_acids_total_to_individual_existing
1329	Fatty acids, total trans-monoenoic	fatty acids total trans monoenoic	1409	PUFA 18:3i	pufa 18 3i	existing	fatty_acids_total_to_individual_existing
1329	Fatty acids, total trans-monoenoic	fatty acids total trans monoenoic	1410	PUFA 21:5	pufa 21 5	existing	fatty_acids_total_to_individual_existing
1329	Fatty acids, total trans-monoenoic	fatty acids total trans monoenoic	1411	PUFA 22:4	pufa 22 4	existing	fatty_acids_total_to_individual_existing
1329	Fatty acids, total trans-monoenoic	fatty acids total trans monoenoic	1412	MUFA 18:1-11 t (18:1t n-7)	mufa 18 1 11 t 18 1t n 7	existing	fatty_acids_total_to_individual_existing
1329	Fatty acids, total trans-monoenoic	fatty acids total trans monoenoic	1413	MUFA 18:1-11 c (18:1c n-7)	mufa 18 1 11 c 18 1c n 7	existing	fatty_acids_total_to_individual_existing
1329	Fatty acids, total trans-monoenoic	fatty acids total trans monoenoic	1414	PUFA 20:3 n-9	pufa 20 3 n 9	existing	fatty_acids_total_to_individual_existing
1329	Fatty acids, total trans-monoenoic	fatty acids total trans monoenoic	2003	SFA 5:0	sfa 5 0	existing	fatty_acids_total_to_individual_existing
1329	Fatty acids, total trans-monoenoic	fatty acids total trans monoenoic	2004	SFA 7:0	sfa 7 0	existing	fatty_acids_total_to_individual_existing
1329	Fatty acids, total trans-monoenoic	fatty acids total trans monoenoic	2005	SFA 9:0	sfa 9 0	existing	fatty_acids_total_to_individual_existing
1329	Fatty acids, total trans-monoenoic	fatty acids total trans monoenoic	2006	SFA 21:0	sfa 21 0	existing	fatty_acids_total_to_individual_existing
1329	Fatty acids, total trans-monoenoic	fatty acids total trans monoenoic	2007	SFA 23:0	sfa 23 0	existing	fatty_acids_total_to_individual_existing
1329	Fatty acids, total trans-monoenoic	fatty acids total trans monoenoic	2008	MUFA 12:1	mufa 12 1	existing	fatty_acids_total_to_individual_existing
1329	Fatty acids, total trans-monoenoic	fatty acids total trans monoenoic	2009	MUFA 14:1 c	mufa 14 1 c	existing	fatty_acids_total_to_individual_existing
1329	Fatty acids, total trans-monoenoic	fatty acids total trans monoenoic	2010	MUFA 17:1 c	mufa 17 1 c	existing	fatty_acids_total_to_individual_existing
1329	Fatty acids, total trans-monoenoic	fatty acids total trans monoenoic	2011	TFA 17:1 t	tfa 17 1 t	existing	fatty_acids_total_to_individual_existing
1329	Fatty acids, total trans-monoenoic	fatty acids total trans monoenoic	2012	MUFA 20:1 c	mufa 20 1 c	existing	fatty_acids_total_to_individual_existing
1329	Fatty acids, total trans-monoenoic	fatty acids total trans monoenoic	2013	TFA 20:1 t	tfa 20 1 t	existing	fatty_acids_total_to_individual_existing
1329	Fatty acids, total trans-monoenoic	fatty acids total trans monoenoic	2014	MUFA 22:1 n-9	mufa 22 1 n 9	existing	fatty_acids_total_to_individual_existing
1329	Fatty acids, total trans-monoenoic	fatty acids total trans monoenoic	2015	MUFA 22:1 n-11	mufa 22 1 n 11	existing	fatty_acids_total_to_individual_existing
1329	Fatty acids, total trans-monoenoic	fatty acids total trans monoenoic	2016	PUFA 18:2 c	pufa 18 2 c	existing	fatty_acids_total_to_individual_existing
1329	Fatty acids, total trans-monoenoic	fatty acids total trans monoenoic	2017	TFA 18:2 t	tfa 18 2 t	existing	fatty_acids_total_to_individual_existing
1329	Fatty acids, total trans-monoenoic	fatty acids total trans monoenoic	2018	PUFA 18:3 c	pufa 18 3 c	existing	fatty_acids_total_to_individual_existing
1329	Fatty acids, total trans-monoenoic	fatty acids total trans monoenoic	2019	TFA 18:3 t	tfa 18 3 t	existing	fatty_acids_total_to_individual_existing
1329	Fatty acids, total trans-monoenoic	fatty acids total trans monoenoic	2020	PUFA 20:3 c	pufa 20 3 c	existing	fatty_acids_total_to_individual_existing
1329	Fatty acids, total trans-monoenoic	fatty acids total trans monoenoic	2021	PUFA 22:3	pufa 22 3	existing	fatty_acids_total_to_individual_existing
1329	Fatty acids, total trans-monoenoic	fatty acids total trans monoenoic	2022	PUFA 20:4c	pufa 20 4c	existing	fatty_acids_total_to_individual_existing
1329	Fatty acids, total trans-monoenoic	fatty acids total trans monoenoic	2023	PUFA 20:5c	pufa 20 5c	existing	fatty_acids_total_to_individual_existing
1329	Fatty acids, total trans-monoenoic	fatty acids total trans monoenoic	2024	PUFA 22:5 c	pufa 22 5 c	existing	fatty_acids_total_to_individual_existing
1329	Fatty acids, total trans-monoenoic	fatty acids total trans monoenoic	2025	PUFA 22:6 c	pufa 22 6 c	existing	fatty_acids_total_to_individual_existing
1329	Fatty acids, total trans-monoenoic	fatty acids total trans monoenoic	2026	PUFA 20:2 c	pufa 20 2 c	existing	fatty_acids_total_to_individual_existing
1329	Fatty acids, total trans-monoenoic	fatty acids total trans monoenoic	96718	FA 10:0	fa 10 0	existing	fatty_acids_total_to_individual_existing
1329	Fatty acids, total trans-monoenoic	fatty acids total trans monoenoic	96719	FA 12:0	fa 12 0	existing	fatty_acids_total_to_individual_existing
1329	Fatty acids, total trans-monoenoic	fatty acids total trans monoenoic	96720	FA 14:0	fa 14 0	existing	fatty_acids_total_to_individual_existing
1329	Fatty acids, total trans-monoenoic	fatty acids total trans monoenoic	96721	FA 16:0	fa 16 0	existing	fatty_acids_total_to_individual_existing
1329	Fatty acids, total trans-monoenoic	fatty acids total trans monoenoic	96722	FA 18:0	fa 18 0	existing	fatty_acids_total_to_individual_existing
1329	Fatty acids, total trans-monoenoic	fatty acids total trans monoenoic	96723	FA 18:1 n-9 cis	fa 18 1 n 9 cis	existing	fatty_acids_total_to_individual_existing
1329	Fatty acids, total trans-monoenoic	fatty acids total trans monoenoic	96724	FA 18:2 9c,12c (n-6)	fa 18 2 9c 12c n 6	existing	fatty_acids_total_to_individual_existing
1329	Fatty acids, total trans-monoenoic	fatty acids total trans monoenoic	96725	FA 18:3 c9,c12,c15 (n-3)	fa 18 3 c9 c12 c15 n 3	existing	fatty_acids_total_to_individual_existing
1329	Fatty acids, total trans-monoenoic	fatty acids total trans monoenoic	96726	FA 20:4 5c,8c,11c,14c (n-6)	fa 20 4 5c 8c 11c 14c n 6	existing	fatty_acids_total_to_individual_existing
1329	Fatty acids, total trans-monoenoic	fatty acids total trans monoenoic	96727	FA 4:0	fa 4 0	existing	fatty_acids_total_to_individual_existing
1329	Fatty acids, total trans-monoenoic	fatty acids total trans monoenoic	96728	FA 6:0	fa 6 0	existing	fatty_acids_total_to_individual_existing
1329	Fatty acids, total trans-monoenoic	fatty acids total trans monoenoic	96729	FA 8:0	fa 8 0	existing	fatty_acids_total_to_individual_existing
1329	Fatty acids, total trans-monoenoic	fatty acids total trans monoenoic	240075	5,3',4'-Trihydroxy-3-methoxy-6:7-methylenedioxyflavone 4'-O-glucuronide	5 3 4 trihydroxy 3 methoxy 6 7 methylenedioxyflavone 4 o glucuronide	existing	fatty_acids_total_to_individual_existing
1329	Fatty acids, total trans-monoenoic	fatty acids total trans monoenoic	240076	5,4'-Dihydroxy-3,3'-dimethoxy-6:7-methylenedioxyflavone 4'-O-glucuronide	5 4 dihydroxy 3 3 dimethoxy 6 7 methylenedioxyflavone 4 o glucuronide	existing	fatty_acids_total_to_individual_existing
1329	Fatty acids, total trans-monoenoic	fatty acids total trans monoenoic	250036	Fatty acid 10:0	fatty acid 10 0	existing	fatty_acids_total_to_individual_existing
1329	Fatty acids, total trans-monoenoic	fatty acids total trans monoenoic	250037	Fatty acid 12:0	fatty acid 12 0	existing	fatty_acids_total_to_individual_existing
1329	Fatty acids, total trans-monoenoic	fatty acids total trans monoenoic	250038	Fatty acid 14:0	fatty acid 14 0	existing	fatty_acids_total_to_individual_existing
1329	Fatty acids, total trans-monoenoic	fatty acids total trans monoenoic	250039	Fatty acid 15:0	fatty acid 15 0	existing	fatty_acids_total_to_individual_existing
1329	Fatty acids, total trans-monoenoic	fatty acids total trans monoenoic	250040	Fatty acid 16:0	fatty acid 16 0	existing	fatty_acids_total_to_individual_existing
1329	Fatty acids, total trans-monoenoic	fatty acids total trans monoenoic	250041	Fatty acid 17:0	fatty acid 17 0	existing	fatty_acids_total_to_individual_existing
1329	Fatty acids, total trans-monoenoic	fatty acids total trans monoenoic	250042	Fatty acid 18:0	fatty acid 18 0	existing	fatty_acids_total_to_individual_existing
1329	Fatty acids, total trans-monoenoic	fatty acids total trans monoenoic	250043	Fatty acid 20:0	fatty acid 20 0	existing	fatty_acids_total_to_individual_existing
1329	Fatty acids, total trans-monoenoic	fatty acids total trans monoenoic	250044	Fatty acid 22:0	fatty acid 22 0	existing	fatty_acids_total_to_individual_existing
1329	Fatty acids, total trans-monoenoic	fatty acids total trans monoenoic	250045	Fatty acid 24:0	fatty acid 24 0	existing	fatty_acids_total_to_individual_existing
1329	Fatty acids, total trans-monoenoic	fatty acids total trans monoenoic	250046	Fatty acid 10:1	fatty acid 10 1	existing	fatty_acids_total_to_individual_existing
1329	Fatty acids, total trans-monoenoic	fatty acids total trans monoenoic	250047	Fatty acid 14:1	fatty acid 14 1	existing	fatty_acids_total_to_individual_existing
1329	Fatty acids, total trans-monoenoic	fatty acids total trans monoenoic	250048	Fatty acid 15:1	fatty acid 15 1	existing	fatty_acids_total_to_individual_existing
1329	Fatty acids, total trans-monoenoic	fatty acids total trans monoenoic	250049	Fatty acid 16:1	fatty acid 16 1	existing	fatty_acids_total_to_individual_existing
1329	Fatty acids, total trans-monoenoic	fatty acids total trans monoenoic	250050	Fatty acid 17:1	fatty acid 17 1	existing	fatty_acids_total_to_individual_existing
1329	Fatty acids, total trans-monoenoic	fatty acids total trans monoenoic	250051	Fatty acid 18:1 undifferentiated	fatty acid 18 1 undifferentiated	existing	fatty_acids_total_to_individual_existing
1329	Fatty acids, total trans-monoenoic	fatty acids total trans monoenoic	250052	Fatty acid 20:1	fatty acid 20 1	existing	fatty_acids_total_to_individual_existing
1329	Fatty acids, total trans-monoenoic	fatty acids total trans monoenoic	250053	Fatty acid 22:1	fatty acid 22 1	existing	fatty_acids_total_to_individual_existing
1329	Fatty acids, total trans-monoenoic	fatty acids total trans monoenoic	250054	Fatty acid 24:1	fatty acid 24 1	existing	fatty_acids_total_to_individual_existing
1329	Fatty acids, total trans-monoenoic	fatty acids total trans monoenoic	250055	Fatty acid 16:2	fatty acid 16 2	existing	fatty_acids_total_to_individual_existing
1329	Fatty acids, total trans-monoenoic	fatty acids total trans monoenoic	250056	Fatty acid 16:3	fatty acid 16 3	existing	fatty_acids_total_to_individual_existing
1329	Fatty acids, total trans-monoenoic	fatty acids total trans monoenoic	250057	Fatty acid 16:4	fatty acid 16 4	existing	fatty_acids_total_to_individual_existing
1329	Fatty acids, total trans-monoenoic	fatty acids total trans monoenoic	250058	Fatty acid 18:2 n-6	fatty acid 18 2 n 6	existing	fatty_acids_total_to_individual_existing
1329	Fatty acids, total trans-monoenoic	fatty acids total trans monoenoic	250059	Fatty acid 18:3 n-3	fatty acid 18 3 n 3	existing	fatty_acids_total_to_individual_existing
1329	Fatty acids, total trans-monoenoic	fatty acids total trans monoenoic	250060	Fatty acid 18:3 n-6	fatty acid 18 3 n 6	existing	fatty_acids_total_to_individual_existing
1329	Fatty acids, total trans-monoenoic	fatty acids total trans monoenoic	250061	Fatty acid 18:4 n-3	fatty acid 18 4 n 3	existing	fatty_acids_total_to_individual_existing
1329	Fatty acids, total trans-monoenoic	fatty acids total trans monoenoic	250062	Fatty acid 20:2 n-6	fatty acid 20 2 n 6	existing	fatty_acids_total_to_individual_existing
1329	Fatty acids, total trans-monoenoic	fatty acids total trans monoenoic	250063	Fatty acid 20:3 n-6	fatty acid 20 3 n 6	existing	fatty_acids_total_to_individual_existing
1329	Fatty acids, total trans-monoenoic	fatty acids total trans monoenoic	250064	Fatty acid 20:4 n-3	fatty acid 20 4 n 3	existing	fatty_acids_total_to_individual_existing
1329	Fatty acids, total trans-monoenoic	fatty acids total trans monoenoic	250065	Fatty acid 20:4 n-6	fatty acid 20 4 n 6	existing	fatty_acids_total_to_individual_existing
1329	Fatty acids, total trans-monoenoic	fatty acids total trans monoenoic	250066	Fatty acid 20:5 n-3	fatty acid 20 5 n 3	existing	fatty_acids_total_to_individual_existing
1329	Fatty acids, total trans-monoenoic	fatty acids total trans monoenoic	250067	Fatty acid 21:5 n-3	fatty acid 21 5 n 3	existing	fatty_acids_total_to_individual_existing
1329	Fatty acids, total trans-monoenoic	fatty acids total trans monoenoic	250068	Fatty acid 22:2	fatty acid 22 2	existing	fatty_acids_total_to_individual_existing
1329	Fatty acids, total trans-monoenoic	fatty acids total trans monoenoic	250069	Fatty acid 22:4 n-6	fatty acid 22 4 n 6	existing	fatty_acids_total_to_individual_existing
1329	Fatty acids, total trans-monoenoic	fatty acids total trans monoenoic	250070	Fatty acid 22:5 n-3	fatty acid 22 5 n 3	existing	fatty_acids_total_to_individual_existing
1329	Fatty acids, total trans-monoenoic	fatty acids total trans monoenoic	250071	Fatty acid 22:5 n-6	fatty acid 22 5 n 6	existing	fatty_acids_total_to_individual_existing
1329	Fatty acids, total trans-monoenoic	fatty acids total trans monoenoic	250072	Fatty acid 22:6 n-3	fatty acid 22 6 n 3	existing	fatty_acids_total_to_individual_existing
1330	Fatty acids, total trans-dienoic	fatty acids total trans dienoic	1259	SFA 4:0	sfa 4 0	existing	fatty_acids_total_to_individual_existing
1330	Fatty acids, total trans-dienoic	fatty acids total trans dienoic	1260	SFA 6:0	sfa 6 0	existing	fatty_acids_total_to_individual_existing
1330	Fatty acids, total trans-dienoic	fatty acids total trans dienoic	1261	SFA 8:0	sfa 8 0	existing	fatty_acids_total_to_individual_existing
1330	Fatty acids, total trans-dienoic	fatty acids total trans dienoic	1262	SFA 10:0	sfa 10 0	existing	fatty_acids_total_to_individual_existing
1330	Fatty acids, total trans-dienoic	fatty acids total trans dienoic	1263	SFA 12:0	sfa 12 0	existing	fatty_acids_total_to_individual_existing
1330	Fatty acids, total trans-dienoic	fatty acids total trans dienoic	1264	SFA 14:0	sfa 14 0	existing	fatty_acids_total_to_individual_existing
1330	Fatty acids, total trans-dienoic	fatty acids total trans dienoic	1265	SFA 16:0	sfa 16 0	existing	fatty_acids_total_to_individual_existing
1330	Fatty acids, total trans-dienoic	fatty acids total trans dienoic	1266	SFA 18:0	sfa 18 0	existing	fatty_acids_total_to_individual_existing
1330	Fatty acids, total trans-dienoic	fatty acids total trans dienoic	1267	SFA 20:0	sfa 20 0	existing	fatty_acids_total_to_individual_existing
1330	Fatty acids, total trans-dienoic	fatty acids total trans dienoic	1268	MUFA 18:1	mufa 18 1	existing	fatty_acids_total_to_individual_existing
1330	Fatty acids, total trans-dienoic	fatty acids total trans dienoic	1269	PUFA 18:2	pufa 18 2	existing	fatty_acids_total_to_individual_existing
1330	Fatty acids, total trans-dienoic	fatty acids total trans dienoic	1270	PUFA 18:3	pufa 18 3	existing	fatty_acids_total_to_individual_existing
1330	Fatty acids, total trans-dienoic	fatty acids total trans dienoic	1271	PUFA 20:4	pufa 20 4	existing	fatty_acids_total_to_individual_existing
1330	Fatty acids, total trans-dienoic	fatty acids total trans dienoic	1272	PUFA 22:6 n-3 (DHA)	pufa 22 6 n 3	existing	fatty_acids_total_to_individual_existing
1330	Fatty acids, total trans-dienoic	fatty acids total trans dienoic	1273	SFA 22:0	sfa 22 0	existing	fatty_acids_total_to_individual_existing
1330	Fatty acids, total trans-dienoic	fatty acids total trans dienoic	1274	MUFA 14:1	mufa 14 1	existing	fatty_acids_total_to_individual_existing
1330	Fatty acids, total trans-dienoic	fatty acids total trans dienoic	1275	MUFA 16:1	mufa 16 1	existing	fatty_acids_total_to_individual_existing
1330	Fatty acids, total trans-dienoic	fatty acids total trans dienoic	1276	PUFA 18:4	pufa 18 4	existing	fatty_acids_total_to_individual_existing
1330	Fatty acids, total trans-dienoic	fatty acids total trans dienoic	1277	MUFA 20:1	mufa 20 1	existing	fatty_acids_total_to_individual_existing
1330	Fatty acids, total trans-dienoic	fatty acids total trans dienoic	1278	PUFA 20:5 n-3 (EPA)	pufa 20 5 n 3	existing	fatty_acids_total_to_individual_existing
1330	Fatty acids, total trans-dienoic	fatty acids total trans dienoic	1279	MUFA 22:1	mufa 22 1	existing	fatty_acids_total_to_individual_existing
1330	Fatty acids, total trans-dienoic	fatty acids total trans dienoic	1280	PUFA 22:5 n-3 (DPA)	pufa 22 5 n 3	existing	fatty_acids_total_to_individual_existing
1330	Fatty acids, total trans-dienoic	fatty acids total trans dienoic	1281	TFA 14:1 t	tfa 14 1 t	existing	fatty_acids_total_to_individual_existing
1330	Fatty acids, total trans-dienoic	fatty acids total trans dienoic	1299	SFA 15:0	sfa 15 0	existing	fatty_acids_total_to_individual_existing
1330	Fatty acids, total trans-dienoic	fatty acids total trans dienoic	1300	SFA 17:0	sfa 17 0	existing	fatty_acids_total_to_individual_existing
1330	Fatty acids, total trans-dienoic	fatty acids total trans dienoic	1301	SFA 24:0	sfa 24 0	existing	fatty_acids_total_to_individual_existing
1330	Fatty acids, total trans-dienoic	fatty acids total trans dienoic	1303	TFA 16:1 t	tfa 16 1 t	existing	fatty_acids_total_to_individual_existing
1330	Fatty acids, total trans-dienoic	fatty acids total trans dienoic	1304	TFA 18:1 t	tfa 18 1 t	existing	fatty_acids_total_to_individual_existing
1330	Fatty acids, total trans-dienoic	fatty acids total trans dienoic	1305	TFA 22:1 t	tfa 22 1 t	existing	fatty_acids_total_to_individual_existing
1330	Fatty acids, total trans-dienoic	fatty acids total trans dienoic	1306	TFA 18:2 t not further defined	tfa 18 2 t not further defined	existing	fatty_acids_total_to_individual_existing
1330	Fatty acids, total trans-dienoic	fatty acids total trans dienoic	1307	PUFA 18:2 i	pufa 18 2 i	existing	fatty_acids_total_to_individual_existing
1330	Fatty acids, total trans-dienoic	fatty acids total trans dienoic	1308	PUFA 18:2 t,c	pufa 18 2 t c	existing	fatty_acids_total_to_individual_existing
1330	Fatty acids, total trans-dienoic	fatty acids total trans dienoic	1309	PUFA 18:2 c,t	pufa 18 2 c t	existing	fatty_acids_total_to_individual_existing
1330	Fatty acids, total trans-dienoic	fatty acids total trans dienoic	1310	TFA 18:2 t,t	tfa 18 2 t t	existing	fatty_acids_total_to_individual_existing
1330	Fatty acids, total trans-dienoic	fatty acids total trans dienoic	1311	PUFA 18:2 CLAs	pufa 18 2 clas	existing	fatty_acids_total_to_individual_existing
1330	Fatty acids, total trans-dienoic	fatty acids total trans dienoic	1312	MUFA 24:1 c	mufa 24 1 c	existing	fatty_acids_total_to_individual_existing
1330	Fatty acids, total trans-dienoic	fatty acids total trans dienoic	1313	PUFA 20:2 n-6 c,c	pufa 20 2 n 6 c c	existing	fatty_acids_total_to_individual_existing
1330	Fatty acids, total trans-dienoic	fatty acids total trans dienoic	1314	MUFA 16:1 c	mufa 16 1 c	existing	fatty_acids_total_to_individual_existing
1330	Fatty acids, total trans-dienoic	fatty acids total trans dienoic	1315	MUFA 18:1 c	mufa 18 1 c	existing	fatty_acids_total_to_individual_existing
1330	Fatty acids, total trans-dienoic	fatty acids total trans dienoic	1316	PUFA 18:2 n-6 c,c	pufa 18 2 n 6 c c	existing	fatty_acids_total_to_individual_existing
1330	Fatty acids, total trans-dienoic	fatty acids total trans dienoic	1317	MUFA 22:1 c	mufa 22 1 c	existing	fatty_acids_total_to_individual_existing
1330	Fatty acids, total trans-dienoic	fatty acids total trans dienoic	1321	PUFA 18:3 n-6 c,c,c	pufa 18 3 n 6 c c c	existing	fatty_acids_total_to_individual_existing
1330	Fatty acids, total trans-dienoic	fatty acids total trans dienoic	1322	SFA 19:0	sfa 19 0	existing	fatty_acids_total_to_individual_existing
1330	Fatty acids, total trans-dienoic	fatty acids total trans dienoic	1323	MUFA 17:1	mufa 17 1	existing	fatty_acids_total_to_individual_existing
1330	Fatty acids, total trans-dienoic	fatty acids total trans dienoic	1324	PUFA 16:2	pufa 16 2	existing	fatty_acids_total_to_individual_existing
1330	Fatty acids, total trans-dienoic	fatty acids total trans dienoic	1325	PUFA 20:3	pufa 20 3	existing	fatty_acids_total_to_individual_existing
1330	Fatty acids, total trans-dienoic	fatty acids total trans dienoic	1332	SFA 13:0	sfa 13 0	existing	fatty_acids_total_to_individual_existing
1330	Fatty acids, total trans-dienoic	fatty acids total trans dienoic	1333	MUFA 15:1	mufa 15 1	existing	fatty_acids_total_to_individual_existing
1330	Fatty acids, total trans-dienoic	fatty acids total trans dienoic	1334	PUFA 22:2	pufa 22 2	existing	fatty_acids_total_to_individual_existing
1330	Fatty acids, total trans-dienoic	fatty acids total trans dienoic	1335	SFA 11:0	sfa 11 0	existing	fatty_acids_total_to_individual_existing
1330	Fatty acids, total trans-dienoic	fatty acids total trans dienoic	1404	PUFA 18:3 n-3 c,c,c (ALA)	pufa 18 3 n 3 c c c	existing	fatty_acids_total_to_individual_existing
1330	Fatty acids, total trans-dienoic	fatty acids total trans dienoic	1405	PUFA 20:3 n-3	pufa 20 3 n 3	existing	fatty_acids_total_to_individual_existing
1330	Fatty acids, total trans-dienoic	fatty acids total trans dienoic	1406	PUFA 20:3 n-6	pufa 20 3 n 6	existing	fatty_acids_total_to_individual_existing
1330	Fatty acids, total trans-dienoic	fatty acids total trans dienoic	1407	PUFA 20:4 n-3	pufa 20 4 n 3	existing	fatty_acids_total_to_individual_existing
1330	Fatty acids, total trans-dienoic	fatty acids total trans dienoic	1408	PUFA 20:4 n-6	pufa 20 4 n 6	existing	fatty_acids_total_to_individual_existing
1330	Fatty acids, total trans-dienoic	fatty acids total trans dienoic	1409	PUFA 18:3i	pufa 18 3i	existing	fatty_acids_total_to_individual_existing
1330	Fatty acids, total trans-dienoic	fatty acids total trans dienoic	1410	PUFA 21:5	pufa 21 5	existing	fatty_acids_total_to_individual_existing
1330	Fatty acids, total trans-dienoic	fatty acids total trans dienoic	1411	PUFA 22:4	pufa 22 4	existing	fatty_acids_total_to_individual_existing
1330	Fatty acids, total trans-dienoic	fatty acids total trans dienoic	1412	MUFA 18:1-11 t (18:1t n-7)	mufa 18 1 11 t 18 1t n 7	existing	fatty_acids_total_to_individual_existing
1330	Fatty acids, total trans-dienoic	fatty acids total trans dienoic	1413	MUFA 18:1-11 c (18:1c n-7)	mufa 18 1 11 c 18 1c n 7	existing	fatty_acids_total_to_individual_existing
1330	Fatty acids, total trans-dienoic	fatty acids total trans dienoic	1414	PUFA 20:3 n-9	pufa 20 3 n 9	existing	fatty_acids_total_to_individual_existing
1330	Fatty acids, total trans-dienoic	fatty acids total trans dienoic	2003	SFA 5:0	sfa 5 0	existing	fatty_acids_total_to_individual_existing
1330	Fatty acids, total trans-dienoic	fatty acids total trans dienoic	2004	SFA 7:0	sfa 7 0	existing	fatty_acids_total_to_individual_existing
1330	Fatty acids, total trans-dienoic	fatty acids total trans dienoic	2005	SFA 9:0	sfa 9 0	existing	fatty_acids_total_to_individual_existing
1330	Fatty acids, total trans-dienoic	fatty acids total trans dienoic	2006	SFA 21:0	sfa 21 0	existing	fatty_acids_total_to_individual_existing
1330	Fatty acids, total trans-dienoic	fatty acids total trans dienoic	2007	SFA 23:0	sfa 23 0	existing	fatty_acids_total_to_individual_existing
1330	Fatty acids, total trans-dienoic	fatty acids total trans dienoic	2008	MUFA 12:1	mufa 12 1	existing	fatty_acids_total_to_individual_existing
1330	Fatty acids, total trans-dienoic	fatty acids total trans dienoic	2009	MUFA 14:1 c	mufa 14 1 c	existing	fatty_acids_total_to_individual_existing
1330	Fatty acids, total trans-dienoic	fatty acids total trans dienoic	2010	MUFA 17:1 c	mufa 17 1 c	existing	fatty_acids_total_to_individual_existing
1330	Fatty acids, total trans-dienoic	fatty acids total trans dienoic	2011	TFA 17:1 t	tfa 17 1 t	existing	fatty_acids_total_to_individual_existing
1330	Fatty acids, total trans-dienoic	fatty acids total trans dienoic	2012	MUFA 20:1 c	mufa 20 1 c	existing	fatty_acids_total_to_individual_existing
1330	Fatty acids, total trans-dienoic	fatty acids total trans dienoic	2013	TFA 20:1 t	tfa 20 1 t	existing	fatty_acids_total_to_individual_existing
1330	Fatty acids, total trans-dienoic	fatty acids total trans dienoic	2014	MUFA 22:1 n-9	mufa 22 1 n 9	existing	fatty_acids_total_to_individual_existing
1330	Fatty acids, total trans-dienoic	fatty acids total trans dienoic	2015	MUFA 22:1 n-11	mufa 22 1 n 11	existing	fatty_acids_total_to_individual_existing
1330	Fatty acids, total trans-dienoic	fatty acids total trans dienoic	2016	PUFA 18:2 c	pufa 18 2 c	existing	fatty_acids_total_to_individual_existing
1330	Fatty acids, total trans-dienoic	fatty acids total trans dienoic	2017	TFA 18:2 t	tfa 18 2 t	existing	fatty_acids_total_to_individual_existing
1330	Fatty acids, total trans-dienoic	fatty acids total trans dienoic	2018	PUFA 18:3 c	pufa 18 3 c	existing	fatty_acids_total_to_individual_existing
1330	Fatty acids, total trans-dienoic	fatty acids total trans dienoic	2019	TFA 18:3 t	tfa 18 3 t	existing	fatty_acids_total_to_individual_existing
1330	Fatty acids, total trans-dienoic	fatty acids total trans dienoic	2020	PUFA 20:3 c	pufa 20 3 c	existing	fatty_acids_total_to_individual_existing
1330	Fatty acids, total trans-dienoic	fatty acids total trans dienoic	2021	PUFA 22:3	pufa 22 3	existing	fatty_acids_total_to_individual_existing
1330	Fatty acids, total trans-dienoic	fatty acids total trans dienoic	2022	PUFA 20:4c	pufa 20 4c	existing	fatty_acids_total_to_individual_existing
1330	Fatty acids, total trans-dienoic	fatty acids total trans dienoic	2023	PUFA 20:5c	pufa 20 5c	existing	fatty_acids_total_to_individual_existing
1330	Fatty acids, total trans-dienoic	fatty acids total trans dienoic	2024	PUFA 22:5 c	pufa 22 5 c	existing	fatty_acids_total_to_individual_existing
1330	Fatty acids, total trans-dienoic	fatty acids total trans dienoic	2025	PUFA 22:6 c	pufa 22 6 c	existing	fatty_acids_total_to_individual_existing
1330	Fatty acids, total trans-dienoic	fatty acids total trans dienoic	2026	PUFA 20:2 c	pufa 20 2 c	existing	fatty_acids_total_to_individual_existing
1330	Fatty acids, total trans-dienoic	fatty acids total trans dienoic	96718	FA 10:0	fa 10 0	existing	fatty_acids_total_to_individual_existing
1330	Fatty acids, total trans-dienoic	fatty acids total trans dienoic	96719	FA 12:0	fa 12 0	existing	fatty_acids_total_to_individual_existing
1330	Fatty acids, total trans-dienoic	fatty acids total trans dienoic	96720	FA 14:0	fa 14 0	existing	fatty_acids_total_to_individual_existing
1330	Fatty acids, total trans-dienoic	fatty acids total trans dienoic	96721	FA 16:0	fa 16 0	existing	fatty_acids_total_to_individual_existing
1330	Fatty acids, total trans-dienoic	fatty acids total trans dienoic	96722	FA 18:0	fa 18 0	existing	fatty_acids_total_to_individual_existing
1330	Fatty acids, total trans-dienoic	fatty acids total trans dienoic	96723	FA 18:1 n-9 cis	fa 18 1 n 9 cis	existing	fatty_acids_total_to_individual_existing
1330	Fatty acids, total trans-dienoic	fatty acids total trans dienoic	96724	FA 18:2 9c,12c (n-6)	fa 18 2 9c 12c n 6	existing	fatty_acids_total_to_individual_existing
1330	Fatty acids, total trans-dienoic	fatty acids total trans dienoic	96725	FA 18:3 c9,c12,c15 (n-3)	fa 18 3 c9 c12 c15 n 3	existing	fatty_acids_total_to_individual_existing
1330	Fatty acids, total trans-dienoic	fatty acids total trans dienoic	96726	FA 20:4 5c,8c,11c,14c (n-6)	fa 20 4 5c 8c 11c 14c n 6	existing	fatty_acids_total_to_individual_existing
1330	Fatty acids, total trans-dienoic	fatty acids total trans dienoic	96727	FA 4:0	fa 4 0	existing	fatty_acids_total_to_individual_existing
1330	Fatty acids, total trans-dienoic	fatty acids total trans dienoic	96728	FA 6:0	fa 6 0	existing	fatty_acids_total_to_individual_existing
1330	Fatty acids, total trans-dienoic	fatty acids total trans dienoic	96729	FA 8:0	fa 8 0	existing	fatty_acids_total_to_individual_existing
1330	Fatty acids, total trans-dienoic	fatty acids total trans dienoic	240075	5,3',4'-Trihydroxy-3-methoxy-6:7-methylenedioxyflavone 4'-O-glucuronide	5 3 4 trihydroxy 3 methoxy 6 7 methylenedioxyflavone 4 o glucuronide	existing	fatty_acids_total_to_individual_existing
1330	Fatty acids, total trans-dienoic	fatty acids total trans dienoic	240076	5,4'-Dihydroxy-3,3'-dimethoxy-6:7-methylenedioxyflavone 4'-O-glucuronide	5 4 dihydroxy 3 3 dimethoxy 6 7 methylenedioxyflavone 4 o glucuronide	existing	fatty_acids_total_to_individual_existing
1330	Fatty acids, total trans-dienoic	fatty acids total trans dienoic	250036	Fatty acid 10:0	fatty acid 10 0	existing	fatty_acids_total_to_individual_existing
1330	Fatty acids, total trans-dienoic	fatty acids total trans dienoic	250037	Fatty acid 12:0	fatty acid 12 0	existing	fatty_acids_total_to_individual_existing
1330	Fatty acids, total trans-dienoic	fatty acids total trans dienoic	250038	Fatty acid 14:0	fatty acid 14 0	existing	fatty_acids_total_to_individual_existing
1330	Fatty acids, total trans-dienoic	fatty acids total trans dienoic	250039	Fatty acid 15:0	fatty acid 15 0	existing	fatty_acids_total_to_individual_existing
1330	Fatty acids, total trans-dienoic	fatty acids total trans dienoic	250040	Fatty acid 16:0	fatty acid 16 0	existing	fatty_acids_total_to_individual_existing
1330	Fatty acids, total trans-dienoic	fatty acids total trans dienoic	250041	Fatty acid 17:0	fatty acid 17 0	existing	fatty_acids_total_to_individual_existing
1330	Fatty acids, total trans-dienoic	fatty acids total trans dienoic	250042	Fatty acid 18:0	fatty acid 18 0	existing	fatty_acids_total_to_individual_existing
1330	Fatty acids, total trans-dienoic	fatty acids total trans dienoic	250043	Fatty acid 20:0	fatty acid 20 0	existing	fatty_acids_total_to_individual_existing
1330	Fatty acids, total trans-dienoic	fatty acids total trans dienoic	250044	Fatty acid 22:0	fatty acid 22 0	existing	fatty_acids_total_to_individual_existing
1330	Fatty acids, total trans-dienoic	fatty acids total trans dienoic	250045	Fatty acid 24:0	fatty acid 24 0	existing	fatty_acids_total_to_individual_existing
1330	Fatty acids, total trans-dienoic	fatty acids total trans dienoic	250046	Fatty acid 10:1	fatty acid 10 1	existing	fatty_acids_total_to_individual_existing
1330	Fatty acids, total trans-dienoic	fatty acids total trans dienoic	250047	Fatty acid 14:1	fatty acid 14 1	existing	fatty_acids_total_to_individual_existing
1330	Fatty acids, total trans-dienoic	fatty acids total trans dienoic	250048	Fatty acid 15:1	fatty acid 15 1	existing	fatty_acids_total_to_individual_existing
1330	Fatty acids, total trans-dienoic	fatty acids total trans dienoic	250049	Fatty acid 16:1	fatty acid 16 1	existing	fatty_acids_total_to_individual_existing
1330	Fatty acids, total trans-dienoic	fatty acids total trans dienoic	250050	Fatty acid 17:1	fatty acid 17 1	existing	fatty_acids_total_to_individual_existing
1330	Fatty acids, total trans-dienoic	fatty acids total trans dienoic	250051	Fatty acid 18:1 undifferentiated	fatty acid 18 1 undifferentiated	existing	fatty_acids_total_to_individual_existing
1330	Fatty acids, total trans-dienoic	fatty acids total trans dienoic	250052	Fatty acid 20:1	fatty acid 20 1	existing	fatty_acids_total_to_individual_existing
1330	Fatty acids, total trans-dienoic	fatty acids total trans dienoic	250053	Fatty acid 22:1	fatty acid 22 1	existing	fatty_acids_total_to_individual_existing
1330	Fatty acids, total trans-dienoic	fatty acids total trans dienoic	250054	Fatty acid 24:1	fatty acid 24 1	existing	fatty_acids_total_to_individual_existing
1330	Fatty acids, total trans-dienoic	fatty acids total trans dienoic	250055	Fatty acid 16:2	fatty acid 16 2	existing	fatty_acids_total_to_individual_existing
1330	Fatty acids, total trans-dienoic	fatty acids total trans dienoic	250056	Fatty acid 16:3	fatty acid 16 3	existing	fatty_acids_total_to_individual_existing
1330	Fatty acids, total trans-dienoic	fatty acids total trans dienoic	250057	Fatty acid 16:4	fatty acid 16 4	existing	fatty_acids_total_to_individual_existing
1330	Fatty acids, total trans-dienoic	fatty acids total trans dienoic	250058	Fatty acid 18:2 n-6	fatty acid 18 2 n 6	existing	fatty_acids_total_to_individual_existing
1330	Fatty acids, total trans-dienoic	fatty acids total trans dienoic	250059	Fatty acid 18:3 n-3	fatty acid 18 3 n 3	existing	fatty_acids_total_to_individual_existing
1330	Fatty acids, total trans-dienoic	fatty acids total trans dienoic	250060	Fatty acid 18:3 n-6	fatty acid 18 3 n 6	existing	fatty_acids_total_to_individual_existing
1330	Fatty acids, total trans-dienoic	fatty acids total trans dienoic	250061	Fatty acid 18:4 n-3	fatty acid 18 4 n 3	existing	fatty_acids_total_to_individual_existing
1330	Fatty acids, total trans-dienoic	fatty acids total trans dienoic	250062	Fatty acid 20:2 n-6	fatty acid 20 2 n 6	existing	fatty_acids_total_to_individual_existing
1330	Fatty acids, total trans-dienoic	fatty acids total trans dienoic	250063	Fatty acid 20:3 n-6	fatty acid 20 3 n 6	existing	fatty_acids_total_to_individual_existing
1330	Fatty acids, total trans-dienoic	fatty acids total trans dienoic	250064	Fatty acid 20:4 n-3	fatty acid 20 4 n 3	existing	fatty_acids_total_to_individual_existing
1330	Fatty acids, total trans-dienoic	fatty acids total trans dienoic	250065	Fatty acid 20:4 n-6	fatty acid 20 4 n 6	existing	fatty_acids_total_to_individual_existing
1330	Fatty acids, total trans-dienoic	fatty acids total trans dienoic	250066	Fatty acid 20:5 n-3	fatty acid 20 5 n 3	existing	fatty_acids_total_to_individual_existing
1330	Fatty acids, total trans-dienoic	fatty acids total trans dienoic	250067	Fatty acid 21:5 n-3	fatty acid 21 5 n 3	existing	fatty_acids_total_to_individual_existing
1330	Fatty acids, total trans-dienoic	fatty acids total trans dienoic	250068	Fatty acid 22:2	fatty acid 22 2	existing	fatty_acids_total_to_individual_existing
1330	Fatty acids, total trans-dienoic	fatty acids total trans dienoic	250069	Fatty acid 22:4 n-6	fatty acid 22 4 n 6	existing	fatty_acids_total_to_individual_existing
1330	Fatty acids, total trans-dienoic	fatty acids total trans dienoic	250070	Fatty acid 22:5 n-3	fatty acid 22 5 n 3	existing	fatty_acids_total_to_individual_existing
1330	Fatty acids, total trans-dienoic	fatty acids total trans dienoic	250071	Fatty acid 22:5 n-6	fatty acid 22 5 n 6	existing	fatty_acids_total_to_individual_existing
1330	Fatty acids, total trans-dienoic	fatty acids total trans dienoic	250072	Fatty acid 22:6 n-3	fatty acid 22 6 n 3	existing	fatty_acids_total_to_individual_existing
1331	Fatty acids, total trans-polyenoic	fatty acids total trans polyenoic	1259	SFA 4:0	sfa 4 0	existing	fatty_acids_total_to_individual_existing
1331	Fatty acids, total trans-polyenoic	fatty acids total trans polyenoic	1260	SFA 6:0	sfa 6 0	existing	fatty_acids_total_to_individual_existing
1331	Fatty acids, total trans-polyenoic	fatty acids total trans polyenoic	1261	SFA 8:0	sfa 8 0	existing	fatty_acids_total_to_individual_existing
1331	Fatty acids, total trans-polyenoic	fatty acids total trans polyenoic	1262	SFA 10:0	sfa 10 0	existing	fatty_acids_total_to_individual_existing
1331	Fatty acids, total trans-polyenoic	fatty acids total trans polyenoic	1263	SFA 12:0	sfa 12 0	existing	fatty_acids_total_to_individual_existing
1331	Fatty acids, total trans-polyenoic	fatty acids total trans polyenoic	1264	SFA 14:0	sfa 14 0	existing	fatty_acids_total_to_individual_existing
1331	Fatty acids, total trans-polyenoic	fatty acids total trans polyenoic	1265	SFA 16:0	sfa 16 0	existing	fatty_acids_total_to_individual_existing
1331	Fatty acids, total trans-polyenoic	fatty acids total trans polyenoic	1266	SFA 18:0	sfa 18 0	existing	fatty_acids_total_to_individual_existing
1331	Fatty acids, total trans-polyenoic	fatty acids total trans polyenoic	1267	SFA 20:0	sfa 20 0	existing	fatty_acids_total_to_individual_existing
1331	Fatty acids, total trans-polyenoic	fatty acids total trans polyenoic	1268	MUFA 18:1	mufa 18 1	existing	fatty_acids_total_to_individual_existing
1331	Fatty acids, total trans-polyenoic	fatty acids total trans polyenoic	1269	PUFA 18:2	pufa 18 2	existing	fatty_acids_total_to_individual_existing
1331	Fatty acids, total trans-polyenoic	fatty acids total trans polyenoic	1270	PUFA 18:3	pufa 18 3	existing	fatty_acids_total_to_individual_existing
1331	Fatty acids, total trans-polyenoic	fatty acids total trans polyenoic	1271	PUFA 20:4	pufa 20 4	existing	fatty_acids_total_to_individual_existing
1331	Fatty acids, total trans-polyenoic	fatty acids total trans polyenoic	1272	PUFA 22:6 n-3 (DHA)	pufa 22 6 n 3	existing	fatty_acids_total_to_individual_existing
1331	Fatty acids, total trans-polyenoic	fatty acids total trans polyenoic	1273	SFA 22:0	sfa 22 0	existing	fatty_acids_total_to_individual_existing
1331	Fatty acids, total trans-polyenoic	fatty acids total trans polyenoic	1274	MUFA 14:1	mufa 14 1	existing	fatty_acids_total_to_individual_existing
1331	Fatty acids, total trans-polyenoic	fatty acids total trans polyenoic	1275	MUFA 16:1	mufa 16 1	existing	fatty_acids_total_to_individual_existing
1331	Fatty acids, total trans-polyenoic	fatty acids total trans polyenoic	1276	PUFA 18:4	pufa 18 4	existing	fatty_acids_total_to_individual_existing
1331	Fatty acids, total trans-polyenoic	fatty acids total trans polyenoic	1277	MUFA 20:1	mufa 20 1	existing	fatty_acids_total_to_individual_existing
1331	Fatty acids, total trans-polyenoic	fatty acids total trans polyenoic	1278	PUFA 20:5 n-3 (EPA)	pufa 20 5 n 3	existing	fatty_acids_total_to_individual_existing
1331	Fatty acids, total trans-polyenoic	fatty acids total trans polyenoic	1279	MUFA 22:1	mufa 22 1	existing	fatty_acids_total_to_individual_existing
1331	Fatty acids, total trans-polyenoic	fatty acids total trans polyenoic	1280	PUFA 22:5 n-3 (DPA)	pufa 22 5 n 3	existing	fatty_acids_total_to_individual_existing
1331	Fatty acids, total trans-polyenoic	fatty acids total trans polyenoic	1281	TFA 14:1 t	tfa 14 1 t	existing	fatty_acids_total_to_individual_existing
1331	Fatty acids, total trans-polyenoic	fatty acids total trans polyenoic	1299	SFA 15:0	sfa 15 0	existing	fatty_acids_total_to_individual_existing
1331	Fatty acids, total trans-polyenoic	fatty acids total trans polyenoic	1300	SFA 17:0	sfa 17 0	existing	fatty_acids_total_to_individual_existing
1331	Fatty acids, total trans-polyenoic	fatty acids total trans polyenoic	1301	SFA 24:0	sfa 24 0	existing	fatty_acids_total_to_individual_existing
1331	Fatty acids, total trans-polyenoic	fatty acids total trans polyenoic	1303	TFA 16:1 t	tfa 16 1 t	existing	fatty_acids_total_to_individual_existing
1331	Fatty acids, total trans-polyenoic	fatty acids total trans polyenoic	1304	TFA 18:1 t	tfa 18 1 t	existing	fatty_acids_total_to_individual_existing
1331	Fatty acids, total trans-polyenoic	fatty acids total trans polyenoic	1305	TFA 22:1 t	tfa 22 1 t	existing	fatty_acids_total_to_individual_existing
1331	Fatty acids, total trans-polyenoic	fatty acids total trans polyenoic	1306	TFA 18:2 t not further defined	tfa 18 2 t not further defined	existing	fatty_acids_total_to_individual_existing
1331	Fatty acids, total trans-polyenoic	fatty acids total trans polyenoic	1307	PUFA 18:2 i	pufa 18 2 i	existing	fatty_acids_total_to_individual_existing
1331	Fatty acids, total trans-polyenoic	fatty acids total trans polyenoic	1308	PUFA 18:2 t,c	pufa 18 2 t c	existing	fatty_acids_total_to_individual_existing
1331	Fatty acids, total trans-polyenoic	fatty acids total trans polyenoic	1309	PUFA 18:2 c,t	pufa 18 2 c t	existing	fatty_acids_total_to_individual_existing
1331	Fatty acids, total trans-polyenoic	fatty acids total trans polyenoic	1310	TFA 18:2 t,t	tfa 18 2 t t	existing	fatty_acids_total_to_individual_existing
1331	Fatty acids, total trans-polyenoic	fatty acids total trans polyenoic	1311	PUFA 18:2 CLAs	pufa 18 2 clas	existing	fatty_acids_total_to_individual_existing
1331	Fatty acids, total trans-polyenoic	fatty acids total trans polyenoic	1312	MUFA 24:1 c	mufa 24 1 c	existing	fatty_acids_total_to_individual_existing
1331	Fatty acids, total trans-polyenoic	fatty acids total trans polyenoic	1313	PUFA 20:2 n-6 c,c	pufa 20 2 n 6 c c	existing	fatty_acids_total_to_individual_existing
1331	Fatty acids, total trans-polyenoic	fatty acids total trans polyenoic	1314	MUFA 16:1 c	mufa 16 1 c	existing	fatty_acids_total_to_individual_existing
1331	Fatty acids, total trans-polyenoic	fatty acids total trans polyenoic	1315	MUFA 18:1 c	mufa 18 1 c	existing	fatty_acids_total_to_individual_existing
1331	Fatty acids, total trans-polyenoic	fatty acids total trans polyenoic	1316	PUFA 18:2 n-6 c,c	pufa 18 2 n 6 c c	existing	fatty_acids_total_to_individual_existing
1331	Fatty acids, total trans-polyenoic	fatty acids total trans polyenoic	1317	MUFA 22:1 c	mufa 22 1 c	existing	fatty_acids_total_to_individual_existing
1331	Fatty acids, total trans-polyenoic	fatty acids total trans polyenoic	1321	PUFA 18:3 n-6 c,c,c	pufa 18 3 n 6 c c c	existing	fatty_acids_total_to_individual_existing
1331	Fatty acids, total trans-polyenoic	fatty acids total trans polyenoic	1322	SFA 19:0	sfa 19 0	existing	fatty_acids_total_to_individual_existing
1331	Fatty acids, total trans-polyenoic	fatty acids total trans polyenoic	1323	MUFA 17:1	mufa 17 1	existing	fatty_acids_total_to_individual_existing
1331	Fatty acids, total trans-polyenoic	fatty acids total trans polyenoic	1324	PUFA 16:2	pufa 16 2	existing	fatty_acids_total_to_individual_existing
1331	Fatty acids, total trans-polyenoic	fatty acids total trans polyenoic	1325	PUFA 20:3	pufa 20 3	existing	fatty_acids_total_to_individual_existing
1331	Fatty acids, total trans-polyenoic	fatty acids total trans polyenoic	1332	SFA 13:0	sfa 13 0	existing	fatty_acids_total_to_individual_existing
1331	Fatty acids, total trans-polyenoic	fatty acids total trans polyenoic	1333	MUFA 15:1	mufa 15 1	existing	fatty_acids_total_to_individual_existing
1331	Fatty acids, total trans-polyenoic	fatty acids total trans polyenoic	1334	PUFA 22:2	pufa 22 2	existing	fatty_acids_total_to_individual_existing
1331	Fatty acids, total trans-polyenoic	fatty acids total trans polyenoic	1335	SFA 11:0	sfa 11 0	existing	fatty_acids_total_to_individual_existing
1331	Fatty acids, total trans-polyenoic	fatty acids total trans polyenoic	1404	PUFA 18:3 n-3 c,c,c (ALA)	pufa 18 3 n 3 c c c	existing	fatty_acids_total_to_individual_existing
1331	Fatty acids, total trans-polyenoic	fatty acids total trans polyenoic	1405	PUFA 20:3 n-3	pufa 20 3 n 3	existing	fatty_acids_total_to_individual_existing
1331	Fatty acids, total trans-polyenoic	fatty acids total trans polyenoic	1406	PUFA 20:3 n-6	pufa 20 3 n 6	existing	fatty_acids_total_to_individual_existing
1331	Fatty acids, total trans-polyenoic	fatty acids total trans polyenoic	1407	PUFA 20:4 n-3	pufa 20 4 n 3	existing	fatty_acids_total_to_individual_existing
1331	Fatty acids, total trans-polyenoic	fatty acids total trans polyenoic	1408	PUFA 20:4 n-6	pufa 20 4 n 6	existing	fatty_acids_total_to_individual_existing
1331	Fatty acids, total trans-polyenoic	fatty acids total trans polyenoic	1409	PUFA 18:3i	pufa 18 3i	existing	fatty_acids_total_to_individual_existing
1331	Fatty acids, total trans-polyenoic	fatty acids total trans polyenoic	1410	PUFA 21:5	pufa 21 5	existing	fatty_acids_total_to_individual_existing
1331	Fatty acids, total trans-polyenoic	fatty acids total trans polyenoic	1411	PUFA 22:4	pufa 22 4	existing	fatty_acids_total_to_individual_existing
1331	Fatty acids, total trans-polyenoic	fatty acids total trans polyenoic	1412	MUFA 18:1-11 t (18:1t n-7)	mufa 18 1 11 t 18 1t n 7	existing	fatty_acids_total_to_individual_existing
1331	Fatty acids, total trans-polyenoic	fatty acids total trans polyenoic	1413	MUFA 18:1-11 c (18:1c n-7)	mufa 18 1 11 c 18 1c n 7	existing	fatty_acids_total_to_individual_existing
1331	Fatty acids, total trans-polyenoic	fatty acids total trans polyenoic	1414	PUFA 20:3 n-9	pufa 20 3 n 9	existing	fatty_acids_total_to_individual_existing
1331	Fatty acids, total trans-polyenoic	fatty acids total trans polyenoic	2003	SFA 5:0	sfa 5 0	existing	fatty_acids_total_to_individual_existing
1331	Fatty acids, total trans-polyenoic	fatty acids total trans polyenoic	2004	SFA 7:0	sfa 7 0	existing	fatty_acids_total_to_individual_existing
1331	Fatty acids, total trans-polyenoic	fatty acids total trans polyenoic	2005	SFA 9:0	sfa 9 0	existing	fatty_acids_total_to_individual_existing
1331	Fatty acids, total trans-polyenoic	fatty acids total trans polyenoic	2006	SFA 21:0	sfa 21 0	existing	fatty_acids_total_to_individual_existing
1331	Fatty acids, total trans-polyenoic	fatty acids total trans polyenoic	2007	SFA 23:0	sfa 23 0	existing	fatty_acids_total_to_individual_existing
1331	Fatty acids, total trans-polyenoic	fatty acids total trans polyenoic	2008	MUFA 12:1	mufa 12 1	existing	fatty_acids_total_to_individual_existing
1331	Fatty acids, total trans-polyenoic	fatty acids total trans polyenoic	2009	MUFA 14:1 c	mufa 14 1 c	existing	fatty_acids_total_to_individual_existing
1331	Fatty acids, total trans-polyenoic	fatty acids total trans polyenoic	2010	MUFA 17:1 c	mufa 17 1 c	existing	fatty_acids_total_to_individual_existing
1331	Fatty acids, total trans-polyenoic	fatty acids total trans polyenoic	2011	TFA 17:1 t	tfa 17 1 t	existing	fatty_acids_total_to_individual_existing
1331	Fatty acids, total trans-polyenoic	fatty acids total trans polyenoic	2012	MUFA 20:1 c	mufa 20 1 c	existing	fatty_acids_total_to_individual_existing
1331	Fatty acids, total trans-polyenoic	fatty acids total trans polyenoic	2013	TFA 20:1 t	tfa 20 1 t	existing	fatty_acids_total_to_individual_existing
1331	Fatty acids, total trans-polyenoic	fatty acids total trans polyenoic	2014	MUFA 22:1 n-9	mufa 22 1 n 9	existing	fatty_acids_total_to_individual_existing
1331	Fatty acids, total trans-polyenoic	fatty acids total trans polyenoic	2015	MUFA 22:1 n-11	mufa 22 1 n 11	existing	fatty_acids_total_to_individual_existing
1331	Fatty acids, total trans-polyenoic	fatty acids total trans polyenoic	2016	PUFA 18:2 c	pufa 18 2 c	existing	fatty_acids_total_to_individual_existing
1331	Fatty acids, total trans-polyenoic	fatty acids total trans polyenoic	2017	TFA 18:2 t	tfa 18 2 t	existing	fatty_acids_total_to_individual_existing
1331	Fatty acids, total trans-polyenoic	fatty acids total trans polyenoic	2018	PUFA 18:3 c	pufa 18 3 c	existing	fatty_acids_total_to_individual_existing
1331	Fatty acids, total trans-polyenoic	fatty acids total trans polyenoic	2019	TFA 18:3 t	tfa 18 3 t	existing	fatty_acids_total_to_individual_existing
1331	Fatty acids, total trans-polyenoic	fatty acids total trans polyenoic	2020	PUFA 20:3 c	pufa 20 3 c	existing	fatty_acids_total_to_individual_existing
1331	Fatty acids, total trans-polyenoic	fatty acids total trans polyenoic	2021	PUFA 22:3	pufa 22 3	existing	fatty_acids_total_to_individual_existing
1331	Fatty acids, total trans-polyenoic	fatty acids total trans polyenoic	2022	PUFA 20:4c	pufa 20 4c	existing	fatty_acids_total_to_individual_existing
1331	Fatty acids, total trans-polyenoic	fatty acids total trans polyenoic	2023	PUFA 20:5c	pufa 20 5c	existing	fatty_acids_total_to_individual_existing
1331	Fatty acids, total trans-polyenoic	fatty acids total trans polyenoic	2024	PUFA 22:5 c	pufa 22 5 c	existing	fatty_acids_total_to_individual_existing
1331	Fatty acids, total trans-polyenoic	fatty acids total trans polyenoic	2025	PUFA 22:6 c	pufa 22 6 c	existing	fatty_acids_total_to_individual_existing
1331	Fatty acids, total trans-polyenoic	fatty acids total trans polyenoic	2026	PUFA 20:2 c	pufa 20 2 c	existing	fatty_acids_total_to_individual_existing
1331	Fatty acids, total trans-polyenoic	fatty acids total trans polyenoic	96718	FA 10:0	fa 10 0	existing	fatty_acids_total_to_individual_existing
1331	Fatty acids, total trans-polyenoic	fatty acids total trans polyenoic	96719	FA 12:0	fa 12 0	existing	fatty_acids_total_to_individual_existing
1331	Fatty acids, total trans-polyenoic	fatty acids total trans polyenoic	96720	FA 14:0	fa 14 0	existing	fatty_acids_total_to_individual_existing
1331	Fatty acids, total trans-polyenoic	fatty acids total trans polyenoic	96721	FA 16:0	fa 16 0	existing	fatty_acids_total_to_individual_existing
1331	Fatty acids, total trans-polyenoic	fatty acids total trans polyenoic	96722	FA 18:0	fa 18 0	existing	fatty_acids_total_to_individual_existing
1331	Fatty acids, total trans-polyenoic	fatty acids total trans polyenoic	96723	FA 18:1 n-9 cis	fa 18 1 n 9 cis	existing	fatty_acids_total_to_individual_existing
1331	Fatty acids, total trans-polyenoic	fatty acids total trans polyenoic	96724	FA 18:2 9c,12c (n-6)	fa 18 2 9c 12c n 6	existing	fatty_acids_total_to_individual_existing
1331	Fatty acids, total trans-polyenoic	fatty acids total trans polyenoic	96725	FA 18:3 c9,c12,c15 (n-3)	fa 18 3 c9 c12 c15 n 3	existing	fatty_acids_total_to_individual_existing
1331	Fatty acids, total trans-polyenoic	fatty acids total trans polyenoic	96726	FA 20:4 5c,8c,11c,14c (n-6)	fa 20 4 5c 8c 11c 14c n 6	existing	fatty_acids_total_to_individual_existing
1331	Fatty acids, total trans-polyenoic	fatty acids total trans polyenoic	96727	FA 4:0	fa 4 0	existing	fatty_acids_total_to_individual_existing
1331	Fatty acids, total trans-polyenoic	fatty acids total trans polyenoic	96728	FA 6:0	fa 6 0	existing	fatty_acids_total_to_individual_existing
1331	Fatty acids, total trans-polyenoic	fatty acids total trans polyenoic	96729	FA 8:0	fa 8 0	existing	fatty_acids_total_to_individual_existing
1331	Fatty acids, total trans-polyenoic	fatty acids total trans polyenoic	240075	5,3',4'-Trihydroxy-3-methoxy-6:7-methylenedioxyflavone 4'-O-glucuronide	5 3 4 trihydroxy 3 methoxy 6 7 methylenedioxyflavone 4 o glucuronide	existing	fatty_acids_total_to_individual_existing
1331	Fatty acids, total trans-polyenoic	fatty acids total trans polyenoic	240076	5,4'-Dihydroxy-3,3'-dimethoxy-6:7-methylenedioxyflavone 4'-O-glucuronide	5 4 dihydroxy 3 3 dimethoxy 6 7 methylenedioxyflavone 4 o glucuronide	existing	fatty_acids_total_to_individual_existing
1331	Fatty acids, total trans-polyenoic	fatty acids total trans polyenoic	250036	Fatty acid 10:0	fatty acid 10 0	existing	fatty_acids_total_to_individual_existing
1331	Fatty acids, total trans-polyenoic	fatty acids total trans polyenoic	250037	Fatty acid 12:0	fatty acid 12 0	existing	fatty_acids_total_to_individual_existing
1331	Fatty acids, total trans-polyenoic	fatty acids total trans polyenoic	250038	Fatty acid 14:0	fatty acid 14 0	existing	fatty_acids_total_to_individual_existing
1331	Fatty acids, total trans-polyenoic	fatty acids total trans polyenoic	250039	Fatty acid 15:0	fatty acid 15 0	existing	fatty_acids_total_to_individual_existing
1331	Fatty acids, total trans-polyenoic	fatty acids total trans polyenoic	250040	Fatty acid 16:0	fatty acid 16 0	existing	fatty_acids_total_to_individual_existing
1331	Fatty acids, total trans-polyenoic	fatty acids total trans polyenoic	250041	Fatty acid 17:0	fatty acid 17 0	existing	fatty_acids_total_to_individual_existing
1331	Fatty acids, total trans-polyenoic	fatty acids total trans polyenoic	250042	Fatty acid 18:0	fatty acid 18 0	existing	fatty_acids_total_to_individual_existing
1331	Fatty acids, total trans-polyenoic	fatty acids total trans polyenoic	250043	Fatty acid 20:0	fatty acid 20 0	existing	fatty_acids_total_to_individual_existing
1331	Fatty acids, total trans-polyenoic	fatty acids total trans polyenoic	250044	Fatty acid 22:0	fatty acid 22 0	existing	fatty_acids_total_to_individual_existing
1331	Fatty acids, total trans-polyenoic	fatty acids total trans polyenoic	250045	Fatty acid 24:0	fatty acid 24 0	existing	fatty_acids_total_to_individual_existing
1331	Fatty acids, total trans-polyenoic	fatty acids total trans polyenoic	250046	Fatty acid 10:1	fatty acid 10 1	existing	fatty_acids_total_to_individual_existing
1331	Fatty acids, total trans-polyenoic	fatty acids total trans polyenoic	250047	Fatty acid 14:1	fatty acid 14 1	existing	fatty_acids_total_to_individual_existing
1331	Fatty acids, total trans-polyenoic	fatty acids total trans polyenoic	250048	Fatty acid 15:1	fatty acid 15 1	existing	fatty_acids_total_to_individual_existing
1331	Fatty acids, total trans-polyenoic	fatty acids total trans polyenoic	250049	Fatty acid 16:1	fatty acid 16 1	existing	fatty_acids_total_to_individual_existing
1331	Fatty acids, total trans-polyenoic	fatty acids total trans polyenoic	250050	Fatty acid 17:1	fatty acid 17 1	existing	fatty_acids_total_to_individual_existing
1331	Fatty acids, total trans-polyenoic	fatty acids total trans polyenoic	250051	Fatty acid 18:1 undifferentiated	fatty acid 18 1 undifferentiated	existing	fatty_acids_total_to_individual_existing
1331	Fatty acids, total trans-polyenoic	fatty acids total trans polyenoic	250052	Fatty acid 20:1	fatty acid 20 1	existing	fatty_acids_total_to_individual_existing
1331	Fatty acids, total trans-polyenoic	fatty acids total trans polyenoic	250053	Fatty acid 22:1	fatty acid 22 1	existing	fatty_acids_total_to_individual_existing
1331	Fatty acids, total trans-polyenoic	fatty acids total trans polyenoic	250054	Fatty acid 24:1	fatty acid 24 1	existing	fatty_acids_total_to_individual_existing
1331	Fatty acids, total trans-polyenoic	fatty acids total trans polyenoic	250055	Fatty acid 16:2	fatty acid 16 2	existing	fatty_acids_total_to_individual_existing
1331	Fatty acids, total trans-polyenoic	fatty acids total trans polyenoic	250056	Fatty acid 16:3	fatty acid 16 3	existing	fatty_acids_total_to_individual_existing
1331	Fatty acids, total trans-polyenoic	fatty acids total trans polyenoic	250057	Fatty acid 16:4	fatty acid 16 4	existing	fatty_acids_total_to_individual_existing
1331	Fatty acids, total trans-polyenoic	fatty acids total trans polyenoic	250058	Fatty acid 18:2 n-6	fatty acid 18 2 n 6	existing	fatty_acids_total_to_individual_existing
1331	Fatty acids, total trans-polyenoic	fatty acids total trans polyenoic	250059	Fatty acid 18:3 n-3	fatty acid 18 3 n 3	existing	fatty_acids_total_to_individual_existing
1331	Fatty acids, total trans-polyenoic	fatty acids total trans polyenoic	250060	Fatty acid 18:3 n-6	fatty acid 18 3 n 6	existing	fatty_acids_total_to_individual_existing
1331	Fatty acids, total trans-polyenoic	fatty acids total trans polyenoic	250061	Fatty acid 18:4 n-3	fatty acid 18 4 n 3	existing	fatty_acids_total_to_individual_existing
1331	Fatty acids, total trans-polyenoic	fatty acids total trans polyenoic	250062	Fatty acid 20:2 n-6	fatty acid 20 2 n 6	existing	fatty_acids_total_to_individual_existing
1331	Fatty acids, total trans-polyenoic	fatty acids total trans polyenoic	250063	Fatty acid 20:3 n-6	fatty acid 20 3 n 6	existing	fatty_acids_total_to_individual_existing
1331	Fatty acids, total trans-polyenoic	fatty acids total trans polyenoic	250064	Fatty acid 20:4 n-3	fatty acid 20 4 n 3	existing	fatty_acids_total_to_individual_existing
1331	Fatty acids, total trans-polyenoic	fatty acids total trans polyenoic	250065	Fatty acid 20:4 n-6	fatty acid 20 4 n 6	existing	fatty_acids_total_to_individual_existing
1331	Fatty acids, total trans-polyenoic	fatty acids total trans polyenoic	250066	Fatty acid 20:5 n-3	fatty acid 20 5 n 3	existing	fatty_acids_total_to_individual_existing
1331	Fatty acids, total trans-polyenoic	fatty acids total trans polyenoic	250067	Fatty acid 21:5 n-3	fatty acid 21 5 n 3	existing	fatty_acids_total_to_individual_existing
1331	Fatty acids, total trans-polyenoic	fatty acids total trans polyenoic	250068	Fatty acid 22:2	fatty acid 22 2	existing	fatty_acids_total_to_individual_existing
1331	Fatty acids, total trans-polyenoic	fatty acids total trans polyenoic	250069	Fatty acid 22:4 n-6	fatty acid 22 4 n 6	existing	fatty_acids_total_to_individual_existing
1331	Fatty acids, total trans-polyenoic	fatty acids total trans polyenoic	250070	Fatty acid 22:5 n-3	fatty acid 22 5 n 3	existing	fatty_acids_total_to_individual_existing
1331	Fatty acids, total trans-polyenoic	fatty acids total trans polyenoic	250071	Fatty acid 22:5 n-6	fatty acid 22 5 n 6	existing	fatty_acids_total_to_individual_existing
1331	Fatty acids, total trans-polyenoic	fatty acids total trans polyenoic	250072	Fatty acid 22:6 n-3	fatty acid 22 6 n 3	existing	fatty_acids_total_to_individual_existing
1402	Other Saccharides	other saccharides	260230	Carbohydrate, by difference	carbohydrate by difference	existing	carb_alias
260230	Carbohydrate, by difference	carbohydrate by difference	1009	Starch	starch	existing	carb_to_complex_carbs
260230	Carbohydrate, by difference	carbohydrate by difference	1010	Sucrose	sucrose	existing	carb_to_sugars
260230	Carbohydrate, by difference	carbohydrate by difference	1011	Glucose	glucose	existing	carb_to_sugars
260230	Carbohydrate, by difference	carbohydrate by difference	1012	Fructose	fructose	existing	carb_to_sugars
260230	Carbohydrate, by difference	carbohydrate by difference	1013	Lactose	lactose	existing	carb_to_sugars
260230	Carbohydrate, by difference	carbohydrate by difference	1014	Maltose	maltose	existing	carb_to_sugars
260230	Carbohydrate, by difference	carbohydrate by difference	1015	Amylose	amylose	existing	carb_to_complex_carbs
260230	Carbohydrate, by difference	carbohydrate by difference	1016	Amylopectin	amylopectin	existing	carb_to_complex_carbs
260230	Carbohydrate, by difference	carbohydrate by difference	1017	Pectin	pectin	existing	carb_to_complex_carbs
260230	Carbohydrate, by difference	carbohydrate by difference	1019	Pentosan	pentosan	existing	carb_to_complex_carbs
260230	Carbohydrate, by difference	carbohydrate by difference	1020	Pentoses	pentoses	existing	carb_to_complex_carbs
260230	Carbohydrate, by difference	carbohydrate by difference	1021	Hemicellulose	hemicellulose	existing	carb_to_complex_carbs
260230	Carbohydrate, by difference	carbohydrate by difference	1022	Cellulose	cellulose	existing	carb_to_complex_carbs
260230	Carbohydrate, by difference	carbohydrate by difference	1055	Mannitol	mannitol	existing	carb_to_sugars
260230	Carbohydrate, by difference	carbohydrate by difference	1056	Sorbitol	sorbitol	existing	carb_to_sugars
260230	Carbohydrate, by difference	carbohydrate by difference	1065	Glycogen	glycogen	existing	carb_to_complex_carbs
260230	Carbohydrate, by difference	carbohydrate by difference	1071	Resistant starch	resistant starch	existing	carb_to_complex_carbs
260230	Carbohydrate, by difference	carbohydrate by difference	1073	Arabinose	arabinose	existing	carb_to_complex_carbs
260230	Carbohydrate, by difference	carbohydrate by difference	1074	Xylose	xylose	existing	carb_to_complex_carbs
260230	Carbohydrate, by difference	carbohydrate by difference	1075	Galactose	galactose	existing	carb_to_sugars
260230	Carbohydrate, by difference	carbohydrate by difference	1076	Raffinose	raffinose	existing	carb_to_complex_carbs
260230	Carbohydrate, by difference	carbohydrate by difference	1077	Stachyose	stachyose	existing	carb_to_complex_carbs
260230	Carbohydrate, by difference	carbohydrate by difference	1078	Xylitol	xylitol	existing	carb_to_sugars
260230	Carbohydrate, by difference	carbohydrate by difference	1081	Ribose	ribose	existing	carb_to_complex_carbs
260230	Carbohydrate, by difference	carbohydrate by difference	1399	Mannose	mannose	existing	carb_to_complex_carbs
260230	Carbohydrate, by difference	carbohydrate by difference	1400	Triose	triose	existing	carb_to_complex_carbs
260230	Carbohydrate, by difference	carbohydrate by difference	1401	Tetrose	tetrose	existing	carb_to_complex_carbs
260230	Carbohydrate, by difference	carbohydrate by difference	1403	Inulin	inulin	existing	carb_to_complex_carbs
260230	Carbohydrate, by difference	carbohydrate by difference	2063	Verbascose	verbascose	existing	carb_to_complex_carbs
260230	Carbohydrate, by difference	carbohydrate by difference	96415	Dietary fibre and starch	dietary fibre and starch	existing	carb_to_complex_carbs
260230	Carbohydrate, by difference	carbohydrate by difference	97211	STARCH-	starch	existing	carb_to_complex_carbs
260230	Carbohydrate, by difference	carbohydrate by difference	97212	Starch/Glycogen	starch glycogen	existing	carb_to_complex_carbs
260230	Carbohydrate, by difference	carbohydrate by difference	220013	STARCH-(g)	starch	existing	carb_to_complex_carbs
260230	Carbohydrate, by difference	carbohydrate by difference	220107	STARCH-(g)	starch	existing	carb_to_complex_carbs
260230	Carbohydrate, by difference	carbohydrate by difference	240003	(+)-Catechin 3-O-glucose	catechin 3 o glucose	existing	carb_to_sugars
260230	Carbohydrate, by difference	carbohydrate by difference	240144	Caffeoyl glucose	caffeoyl glucose	existing	carb_to_sugars
260230	Carbohydrate, by difference	carbohydrate by difference	240157	Cinnamoyl glucose	cinnamoyl glucose	existing	carb_to_sugars
260230	Carbohydrate, by difference	carbohydrate by difference	240229	Feruloyl glucose	feruloyl glucose	existing	carb_to_sugars
260230	Carbohydrate, by difference	carbohydrate by difference	240238	Galloyl glucose	galloyl glucose	existing	carb_to_sugars
260230	Carbohydrate, by difference	carbohydrate by difference	240499	p-Coumaroyl glucose	p coumaroyl glucose	existing	carb_to_sugars
2000	Total Sugars	sugars	260230	Carbohydrate, by difference	carbohydrate by difference	existing	alias_to_canonical
2027	Proximate	proximate	1003	Protein	protein	existing	proximates_to_macros
2027	Proximate	proximate	260234	Total lipid (fat)	total lipid fat	new	proximates_to_macros
2027	Proximate	proximate	260230	Carbohydrate, by difference	carbohydrate by difference	existing	proximates_to_macros
2027	Proximate	proximate	1007	Ash	ash	existing	proximates_to_macros
2027	Proximate	proximate	1079	Fiber, total dietary	fiber total dietary	existing	proximates_to_macros
2028	trans-beta-Carotene	trans beta carotene	1107	Carotene, beta	carotene beta	existing	alias_to_canonical
2029	trans-Lycopene	trans lycopene	1122	Lycopene	lycopene	existing	alias_to_canonical
2033	Total dietary fiber (AOAC 2011.25)	dietary fiber aoac 2011 25	1079	Fiber, total dietary	fiber total dietary	existing	alias_to_canonical
2034	Insoluble dietary fiber (IDF)	insoluble dietary fiber	1079	Fiber, total dietary	fiber total dietary	existing	alias_to_canonical
2035	Soluble dietary fiber (SDFP+SDFS)	soluble dietary fiber sdfp sdfs	1079	Fiber, total dietary	fiber total dietary	existing	alias_to_canonical
2036	Soluble dietary fiber (SDFP)	soluble dietary fiber	1079	Fiber, total dietary	fiber total dietary	existing	alias_to_canonical
2037	Soluble dietary fiber (SDFS)	soluble dietary fiber	1079	Fiber, total dietary	fiber total dietary	existing	alias_to_canonical
2038	High Molecular Weight Dietary Fiber (HMWDF)	high molecular weight dietary fiber	1079	Fiber, total dietary	fiber total dietary	existing	alias_to_canonical
2039	Carbohydrates	carbohydrates	260230	Carbohydrate, by difference	carbohydrate by difference	existing	carb_alias
260230	Carbohydrate, by difference	carbohydrate by difference	1009	Starch	starch	existing	carb_to_complex_carbs
260230	Carbohydrate, by difference	carbohydrate by difference	1010	Sucrose	sucrose	existing	carb_to_sugars
260230	Carbohydrate, by difference	carbohydrate by difference	1011	Glucose	glucose	existing	carb_to_sugars
260230	Carbohydrate, by difference	carbohydrate by difference	1012	Fructose	fructose	existing	carb_to_sugars
260230	Carbohydrate, by difference	carbohydrate by difference	1013	Lactose	lactose	existing	carb_to_sugars
260230	Carbohydrate, by difference	carbohydrate by difference	1014	Maltose	maltose	existing	carb_to_sugars
260230	Carbohydrate, by difference	carbohydrate by difference	1015	Amylose	amylose	existing	carb_to_complex_carbs
260230	Carbohydrate, by difference	carbohydrate by difference	1016	Amylopectin	amylopectin	existing	carb_to_complex_carbs
260230	Carbohydrate, by difference	carbohydrate by difference	1017	Pectin	pectin	existing	carb_to_complex_carbs
260230	Carbohydrate, by difference	carbohydrate by difference	1019	Pentosan	pentosan	existing	carb_to_complex_carbs
260230	Carbohydrate, by difference	carbohydrate by difference	1020	Pentoses	pentoses	existing	carb_to_complex_carbs
260230	Carbohydrate, by difference	carbohydrate by difference	1021	Hemicellulose	hemicellulose	existing	carb_to_complex_carbs
260230	Carbohydrate, by difference	carbohydrate by difference	1022	Cellulose	cellulose	existing	carb_to_complex_carbs
260230	Carbohydrate, by difference	carbohydrate by difference	1055	Mannitol	mannitol	existing	carb_to_sugars
260230	Carbohydrate, by difference	carbohydrate by difference	1056	Sorbitol	sorbitol	existing	carb_to_sugars
260230	Carbohydrate, by difference	carbohydrate by difference	1065	Glycogen	glycogen	existing	carb_to_complex_carbs
260230	Carbohydrate, by difference	carbohydrate by difference	1071	Resistant starch	resistant starch	existing	carb_to_complex_carbs
260230	Carbohydrate, by difference	carbohydrate by difference	1073	Arabinose	arabinose	existing	carb_to_complex_carbs
260230	Carbohydrate, by difference	carbohydrate by difference	1074	Xylose	xylose	existing	carb_to_complex_carbs
260230	Carbohydrate, by difference	carbohydrate by difference	1075	Galactose	galactose	existing	carb_to_sugars
260230	Carbohydrate, by difference	carbohydrate by difference	1076	Raffinose	raffinose	existing	carb_to_complex_carbs
260230	Carbohydrate, by difference	carbohydrate by difference	1077	Stachyose	stachyose	existing	carb_to_complex_carbs
260230	Carbohydrate, by difference	carbohydrate by difference	1078	Xylitol	xylitol	existing	carb_to_sugars
260230	Carbohydrate, by difference	carbohydrate by difference	1081	Ribose	ribose	existing	carb_to_complex_carbs
260230	Carbohydrate, by difference	carbohydrate by difference	1399	Mannose	mannose	existing	carb_to_complex_carbs
260230	Carbohydrate, by difference	carbohydrate by difference	1400	Triose	triose	existing	carb_to_complex_carbs
260230	Carbohydrate, by difference	carbohydrate by difference	1401	Tetrose	tetrose	existing	carb_to_complex_carbs
260230	Carbohydrate, by difference	carbohydrate by difference	1403	Inulin	inulin	existing	carb_to_complex_carbs
260230	Carbohydrate, by difference	carbohydrate by difference	2063	Verbascose	verbascose	existing	carb_to_complex_carbs
260230	Carbohydrate, by difference	carbohydrate by difference	96415	Dietary fibre and starch	dietary fibre and starch	existing	carb_to_complex_carbs
260230	Carbohydrate, by difference	carbohydrate by difference	97211	STARCH-	starch	existing	carb_to_complex_carbs
260230	Carbohydrate, by difference	carbohydrate by difference	97212	Starch/Glycogen	starch glycogen	existing	carb_to_complex_carbs
260230	Carbohydrate, by difference	carbohydrate by difference	220013	STARCH-(g)	starch	existing	carb_to_complex_carbs
260230	Carbohydrate, by difference	carbohydrate by difference	220107	STARCH-(g)	starch	existing	carb_to_complex_carbs
260230	Carbohydrate, by difference	carbohydrate by difference	240003	(+)-Catechin 3-O-glucose	catechin 3 o glucose	existing	carb_to_sugars
260230	Carbohydrate, by difference	carbohydrate by difference	240144	Caffeoyl glucose	caffeoyl glucose	existing	carb_to_sugars
260230	Carbohydrate, by difference	carbohydrate by difference	240157	Cinnamoyl glucose	cinnamoyl glucose	existing	carb_to_sugars
260230	Carbohydrate, by difference	carbohydrate by difference	240229	Feruloyl glucose	feruloyl glucose	existing	carb_to_sugars
260230	Carbohydrate, by difference	carbohydrate by difference	240238	Galloyl glucose	galloyl glucose	existing	carb_to_sugars
260230	Carbohydrate, by difference	carbohydrate by difference	240499	p-Coumaroyl glucose	p coumaroyl glucose	existing	carb_to_sugars
2040	Other carotenoids	other carotenoids	1107	Carotene, beta	carotene beta	existing	other_carotenoids_to_components_existing
2040	Other carotenoids	other carotenoids	1108	Carotene, alpha	carotene alpha	existing	other_carotenoids_to_components_existing
2040	Other carotenoids	other carotenoids	1116	Phytoene	phytoene	existing	other_carotenoids_to_components_existing
2040	Other carotenoids	other carotenoids	1117	Phytofluene	phytofluene	existing	other_carotenoids_to_components_existing
2040	Other carotenoids	other carotenoids	1118	Carotene, gamma	carotene gamma	existing	other_carotenoids_to_components_existing
2040	Other carotenoids	other carotenoids	1119	Zeaxanthin	zeaxanthin	existing	other_carotenoids_to_components_existing
2040	Other carotenoids	other carotenoids	1120	Cryptoxanthin, beta	cryptoxanthin beta	existing	other_carotenoids_to_components_existing
2040	Other carotenoids	other carotenoids	1121	Lutein	lutein	existing	other_carotenoids_to_components_existing
2040	Other carotenoids	other carotenoids	1122	Lycopene	lycopene	existing	other_carotenoids_to_components_existing
2040	Other carotenoids	other carotenoids	1157	Carotene	carotene	existing	other_carotenoids_to_components_existing
2040	Other carotenoids	other carotenoids	1159	cis-beta-Carotene	cis beta carotene	existing	other_carotenoids_to_components_existing
2040	Other carotenoids	other carotenoids	1160	cis-Lycopene	cis lycopene	existing	other_carotenoids_to_components_existing
2040	Other carotenoids	other carotenoids	2028	trans-beta-Carotene	trans beta carotene	existing	other_carotenoids_to_components_existing
2040	Other carotenoids	other carotenoids	2029	trans-Lycopene	trans lycopene	existing	other_carotenoids_to_components_existing
2040	Other carotenoids	other carotenoids	2032	Cryptoxanthin, alpha	cryptoxanthin alpha	existing	other_carotenoids_to_components_existing
2040	Other carotenoids	other carotenoids	96064	Alfa-carotene	alfa carotene	existing	other_carotenoids_to_components_existing
2040	Other carotenoids	other carotenoids	96076	Alpha-carotene	alpha carotene	existing	other_carotenoids_to_components_existing
2040	Other carotenoids	other carotenoids	96113	Beta-carotene	beta carotene	existing	other_carotenoids_to_components_existing
2040	Other carotenoids	other carotenoids	96114	Beta-cryptoxanthin	beta cryptoxanthin	existing	other_carotenoids_to_components_existing
2040	Other carotenoids	other carotenoids	97360	Equivalent beta-carotene ou	equivalent beta carotene ou	existing	other_carotenoids_to_components_existing
2040	Other carotenoids	other carotenoids	230018	Cryptoxanthin  (ug)	cryptoxanthin	existing	other_carotenoids_to_components_existing
2040	Other carotenoids	other carotenoids	230019	Beta-carotene equivalents (provitamin A)  (ug)	beta carotene	existing	other_carotenoids_to_components_existing
2040	Other carotenoids	other carotenoids	250015	alpha-Carotene	alpha carotene	existing	other_carotenoids_to_components_existing
2040	Other carotenoids	other carotenoids	250016	beta-Carotene	beta carotene	existing	other_carotenoids_to_components_existing
2040	Other carotenoids	other carotenoids	250017	beta- Cryptoxanthin	beta cryptoxanthin	existing	other_carotenoids_to_components_existing
2040	Other carotenoids	other carotenoids	250018	beta- Carotene equivalents	beta carotene	existing	other_carotenoids_to_components_existing
2040	Other carotenoids	other carotenoids	260005	Alpha-carotene (µg)	alpha carotene g	existing	other_carotenoids_to_components_existing
2040	Other carotenoids	other carotenoids	260008	Beta-carotene (µg)	beta carotene g	existing	other_carotenoids_to_components_existing
2040	Other carotenoids	other carotenoids	260194	Lutein (µg)	lutein g	existing	other_carotenoids_to_components_existing
2040	Other carotenoids	other carotenoids	260195	Lycopene (µg)	lycopene g	existing	other_carotenoids_to_components_existing
2041	Tocopherols and tocotrienols	tocopherols and tocotrienols	260235	Tocopherol, alpha	tocopherol alpha	new	tocopherols_tocotrienols_to_isoforms
2041	Tocopherols and tocotrienols	tocopherols and tocotrienols	1125	Tocopherol, beta	tocopherol beta	existing	tocopherols_tocotrienols_to_isoforms
2041	Tocopherols and tocotrienols	tocopherols and tocotrienols	1126	Tocopherol, gamma	tocopherol gamma	existing	tocopherols_tocotrienols_to_isoforms
2041	Tocopherols and tocotrienols	tocopherols and tocotrienols	1127	Tocopherol, delta	tocopherol delta	existing	tocopherols_tocotrienols_to_isoforms
2041	Tocopherols and tocotrienols	tocopherols and tocotrienols	1128	Tocotrienol, alpha	tocotrienol alpha	existing	tocopherols_tocotrienols_to_isoforms
2041	Tocopherols and tocotrienols	tocopherols and tocotrienols	1129	Tocotrienol, beta	tocotrienol beta	existing	tocopherols_tocotrienols_to_isoforms
2041	Tocopherols and tocotrienols	tocopherols and tocotrienols	1130	Tocotrienol, gamma	tocotrienol gamma	existing	tocopherols_tocotrienols_to_isoforms
2041	Tocopherols and tocotrienols	tocopherols and tocotrienols	1131	Tocotrienol, delta	tocotrienol delta	existing	tocopherols_tocotrienols_to_isoforms
2042	Amino acids	amino acids	1222	Alanine	alanine	existing	amino_acids_to_components
2042	Amino acids	amino acids	1220	Arginine	arginine	existing	amino_acids_to_components
2042	Amino acids	amino acids	1231	Asparagine	asparagine	existing	amino_acids_to_components
2042	Amino acids	amino acids	1223	Aspartic acid	aspartic acid	existing	amino_acids_to_components
2042	Amino acids	amino acids	1232	Cysteine	cysteine	existing	amino_acids_to_components
2042	Amino acids	amino acids	1216	Cystine	cystine	existing	amino_acids_to_components
2042	Amino acids	amino acids	1224	Glutamic acid	glutamic acid	existing	amino_acids_to_components
2042	Amino acids	amino acids	1233	Glutamine	glutamine	existing	amino_acids_to_components
2042	Amino acids	amino acids	1225	Glycine	glycine	existing	amino_acids_to_components
2042	Amino acids	amino acids	1221	Histidine	histidine	existing	amino_acids_to_components
2042	Amino acids	amino acids	1212	Isoleucine	isoleucine	existing	amino_acids_to_components
2042	Amino acids	amino acids	1213	Leucine	leucine	existing	amino_acids_to_components
2042	Amino acids	amino acids	1214	Lysine	lysine	existing	amino_acids_to_components
2042	Amino acids	amino acids	1215	Methionine	methionine	existing	amino_acids_to_components
2042	Amino acids	amino acids	1217	Phenylalanine	phenylalanine	existing	amino_acids_to_components
2042	Amino acids	amino acids	1226	Proline	proline	existing	amino_acids_to_components
2042	Amino acids	amino acids	1227	Serine	serine	existing	amino_acids_to_components
2042	Amino acids	amino acids	1211	Threonine	threonine	existing	amino_acids_to_components
2042	Amino acids	amino acids	1210	Tryptophan	tryptophan	existing	amino_acids_to_components
2042	Amino acids	amino acids	1218	Tyrosine	tyrosine	existing	amino_acids_to_components
2042	Amino acids	amino acids	1219	Valine	valine	existing	amino_acids_to_components
2043	Minerals	minerals	1087	Calcium, Ca	calcium	existing	minerals_total_to_specific
2043	Minerals	minerals	1088	Chlorine, Cl	chlorine	existing	minerals_total_to_specific
2043	Minerals	minerals	1089	Iron, Fe	iron	existing	minerals_total_to_specific
2043	Minerals	minerals	1090	Magnesium, Mg	magnesium	existing	minerals_total_to_specific
2043	Minerals	minerals	1091	Phosphorus, P	phosphorus	existing	minerals_total_to_specific
2043	Minerals	minerals	1092	Potassium, K	potassium	existing	minerals_total_to_specific
2043	Minerals	minerals	1093	Sodium, Na	sodium	existing	minerals_total_to_specific
2043	Minerals	minerals	1094	Sulfur, S	sulfur	existing	minerals_total_to_specific
2043	Minerals	minerals	1095	Zinc, Zn	zinc	existing	minerals_total_to_specific
2043	Minerals	minerals	1096	Chromium, Cr	chromium	existing	minerals_total_to_specific
2043	Minerals	minerals	1097	Cobalt, Co	cobalt	existing	minerals_total_to_specific
2043	Minerals	minerals	1098	Copper, Cu	copper	existing	minerals_total_to_specific
2043	Minerals	minerals	1099	Fluoride, F	fluoride	existing	minerals_total_to_specific
2043	Minerals	minerals	1100	Iodine, I	iodine	existing	minerals_total_to_specific
2043	Minerals	minerals	1101	Manganese, Mn	manganese	existing	minerals_total_to_specific
2043	Minerals	minerals	1102	Molybdenum, Mo	molybdenum	existing	minerals_total_to_specific
2043	Minerals	minerals	1103	Selenium, Se	selenium	existing	minerals_total_to_specific
2043	Minerals	minerals	1132	Aluminum, Al	aluminum	existing	minerals_total_to_specific
2043	Minerals	minerals	1133	Antimony, Sb	antimony	existing	minerals_total_to_specific
2043	Minerals	minerals	1134	Arsenic, As	arsenic	existing	minerals_total_to_specific
2043	Minerals	minerals	1135	Barium, Ba	barium	existing	minerals_total_to_specific
2043	Minerals	minerals	1136	Beryllium, Be	beryllium	existing	minerals_total_to_specific
2043	Minerals	minerals	1137	Boron, B	boron	existing	minerals_total_to_specific
2043	Minerals	minerals	1138	Bromine, Br	bromine	existing	minerals_total_to_specific
2043	Minerals	minerals	1139	Cadmium, Cd	cadmium	existing	minerals_total_to_specific
2043	Minerals	minerals	1140	Gold, Au	gold	existing	minerals_total_to_specific
2043	Minerals	minerals	1141	Iron, heme	iron heme	existing	minerals_total_to_specific
2043	Minerals	minerals	1142	Iron, non-heme	iron non heme	existing	minerals_total_to_specific
2043	Minerals	minerals	1143	Lead, Pb	lead	existing	minerals_total_to_specific
2043	Minerals	minerals	1144	Lithium, Li	lithium	existing	minerals_total_to_specific
2043	Minerals	minerals	1145	Mercury, Hg	mercury	existing	minerals_total_to_specific
2043	Minerals	minerals	1146	Nickel, Ni	nickel	existing	minerals_total_to_specific
2043	Minerals	minerals	1147	Rubidium, Rb	rubidium	existing	minerals_total_to_specific
2043	Minerals	minerals	1148	Fluoride - DO NOT USE; use 313	fluoride do not use use 313	existing	minerals_total_to_specific
2043	Minerals	minerals	1150	Silicon, Si	silicon	existing	minerals_total_to_specific
2043	Minerals	minerals	1151	Silver, Ag	silver	existing	minerals_total_to_specific
2043	Minerals	minerals	1152	Strontium, Sr	strontium	existing	minerals_total_to_specific
2043	Minerals	minerals	1153	Tin, Sn	tin	existing	minerals_total_to_specific
2043	Minerals	minerals	1154	Titanium, Ti	titanium	existing	minerals_total_to_specific
2043	Minerals	minerals	1155	Vanadium, V	vanadium	existing	minerals_total_to_specific
2043	Minerals	minerals	1237	Calcium, added	calcium added	existing	minerals_total_to_specific
2043	Minerals	minerals	1238	Iron, added	iron added	existing	minerals_total_to_specific
2043	Minerals	minerals	1239	Calcium, intrinsic	calcium intrinsic	existing	minerals_total_to_specific
2043	Minerals	minerals	1240	Iron, intrinsic	iron intrinsic	existing	minerals_total_to_specific
2043	Minerals	minerals	96885	Iron haem	iron haem	existing	minerals_total_to_specific
2043	Minerals	minerals	96886	Iron non-haem	iron non haem	existing	minerals_total_to_specific
2044	Lipids	lipids	1105	Retinol	retinol	existing	fat_to_fatty_acids
2044	Lipids	lipids	1107	Carotene, beta	carotene beta	existing	fat_to_fatty_acids
2044	Lipids	lipids	1108	Carotene, alpha	carotene alpha	existing	fat_to_fatty_acids
2044	Lipids	lipids	1116	Phytoene	phytoene	existing	fat_to_fatty_acids
2044	Lipids	lipids	1117	Phytofluene	phytofluene	existing	fat_to_fatty_acids
2044	Lipids	lipids	1118	Carotene, gamma	carotene gamma	existing	fat_to_fatty_acids
2044	Lipids	lipids	1119	Zeaxanthin	zeaxanthin	existing	fat_to_fatty_acids
2044	Lipids	lipids	1121	Lutein	lutein	existing	fat_to_fatty_acids
2044	Lipids	lipids	1122	Lycopene	lycopene	existing	fat_to_fatty_acids
2044	Lipids	lipids	1157	Carotene	carotene	existing	fat_to_fatty_acids
2044	Lipids	lipids	1159	cis-beta-Carotene	cis beta carotene	existing	fat_to_fatty_acids
2044	Lipids	lipids	1160	cis-Lycopene	cis lycopene	existing	fat_to_fatty_acids
2044	Lipids	lipids	1253	Cholesterol	cholesterol	existing	fat_to_fatty_acids
2044	Lipids	lipids	1272	PUFA 22:6 n-3 (DHA)	pufa 22 6 n 3	existing	fat_to_fatty_acids
2044	Lipids	lipids	1278	PUFA 20:5 n-3 (EPA)	pufa 20 5 n 3	existing	fat_to_fatty_acids
2044	Lipids	lipids	1284	Ergosterol	ergosterol	existing	fat_to_fatty_acids
2044	Lipids	lipids	1285	Stigmasterol	stigmasterol	existing	fat_to_fatty_acids
2044	Lipids	lipids	1286	Campesterol	campesterol	existing	fat_to_fatty_acids
2044	Lipids	lipids	2028	trans-beta-Carotene	trans beta carotene	existing	fat_to_fatty_acids
2044	Lipids	lipids	2029	trans-Lycopene	trans lycopene	existing	fat_to_fatty_acids
2044	Lipids	lipids	96011	13-cis-retinol	13 cis retinol	existing	fat_to_fatty_acids
2044	Lipids	lipids	96064	Alfa-carotene	alfa carotene	existing	fat_to_fatty_acids
2044	Lipids	lipids	96075	All-trans-retinol	all trans retinol	existing	fat_to_fatty_acids
2044	Lipids	lipids	96076	Alpha-carotene	alpha carotene	existing	fat_to_fatty_acids
2044	Lipids	lipids	96113	Beta-carotene	beta carotene	existing	fat_to_fatty_acids
2044	Lipids	lipids	96236	C20:5 n-3 cis (EPA)	c20 5 n 3 cis	existing	fat_to_fatty_acids
2044	Lipids	lipids	96266	C22:6 n-3 cis (DHA)	c22 6 n 3 cis	existing	fat_to_fatty_acids
2044	Lipids	lipids	97048	Other Cholesterol and Phytosterols	other cholesterol and phytosterols	existing	fat_to_fatty_acids
2044	Lipids	lipids	97099	Phytosterol	phytosterol	existing	fat_to_fatty_acids
2044	Lipids	lipids	97154	Retinol activity equialents (RAE)	retinol activity equialents	existing	fat_to_fatty_acids
2044	Lipids	lipids	97309	Vitamin A, retinol	vitamin a retinol	existing	fat_to_fatty_acids
2044	Lipids	lipids	97360	Equivalent beta-carotene ou	equivalent beta carotene ou	existing	fat_to_fatty_acids
2044	Lipids	lipids	230017	Retinol (preformed vitamin A)  (ug)	retinol preformed vitamin a	existing	fat_to_fatty_acids
2044	Lipids	lipids	230019	Beta-carotene equivalents (provitamin A)  (ug)	beta carotene	existing	fat_to_fatty_acids
2044	Lipids	lipids	230020	Vitamin A retinol equivalents  (ug)	vitamin a retinol	existing	fat_to_fatty_acids
2044	Lipids	lipids	230098	Total long chain omega 3 fatty acids, equated  (%T)	long chain omega 3 fatty acids equated t	existing	fat_to_fatty_acids
2044	Lipids	lipids	250006	Fatty acid, triacyl-glycerol equivalents	fatty acid triacyl glycerol	existing	fat_to_fatty_acids
2044	Lipids	lipids	250007	Fatty acid, saturated	fatty acid saturated	existing	fat_to_fatty_acids
2044	Lipids	lipids	250008	Fatty acid, mono-unsaturated	fatty acid mono unsaturated	existing	fat_to_fatty_acids
2044	Lipids	lipids	250009	Fatty acid, poly-unsaturated	fatty acid poly unsaturated	existing	fat_to_fatty_acids
2044	Lipids	lipids	250015	alpha-Carotene	alpha carotene	existing	fat_to_fatty_acids
2044	Lipids	lipids	250016	beta-Carotene	beta carotene	existing	fat_to_fatty_acids
2044	Lipids	lipids	250018	beta- Carotene equivalents	beta carotene	existing	fat_to_fatty_acids
2044	Lipids	lipids	250019	Retinol activity equivalents	retinol activity	existing	fat_to_fatty_acids
2044	Lipids	lipids	250036	Fatty acid 10:0	fatty acid 10 0	existing	fat_to_fatty_acids
2044	Lipids	lipids	250037	Fatty acid 12:0	fatty acid 12 0	existing	fat_to_fatty_acids
2044	Lipids	lipids	250038	Fatty acid 14:0	fatty acid 14 0	existing	fat_to_fatty_acids
2044	Lipids	lipids	250039	Fatty acid 15:0	fatty acid 15 0	existing	fat_to_fatty_acids
2044	Lipids	lipids	250040	Fatty acid 16:0	fatty acid 16 0	existing	fat_to_fatty_acids
2044	Lipids	lipids	250041	Fatty acid 17:0	fatty acid 17 0	existing	fat_to_fatty_acids
2044	Lipids	lipids	250042	Fatty acid 18:0	fatty acid 18 0	existing	fat_to_fatty_acids
2044	Lipids	lipids	250043	Fatty acid 20:0	fatty acid 20 0	existing	fat_to_fatty_acids
2044	Lipids	lipids	250044	Fatty acid 22:0	fatty acid 22 0	existing	fat_to_fatty_acids
2044	Lipids	lipids	250045	Fatty acid 24:0	fatty acid 24 0	existing	fat_to_fatty_acids
2044	Lipids	lipids	250046	Fatty acid 10:1	fatty acid 10 1	existing	fat_to_fatty_acids
2044	Lipids	lipids	250047	Fatty acid 14:1	fatty acid 14 1	existing	fat_to_fatty_acids
2044	Lipids	lipids	250048	Fatty acid 15:1	fatty acid 15 1	existing	fat_to_fatty_acids
2044	Lipids	lipids	250049	Fatty acid 16:1	fatty acid 16 1	existing	fat_to_fatty_acids
2044	Lipids	lipids	250050	Fatty acid 17:1	fatty acid 17 1	existing	fat_to_fatty_acids
2044	Lipids	lipids	250051	Fatty acid 18:1 undifferentiated	fatty acid 18 1 undifferentiated	existing	fat_to_fatty_acids
2044	Lipids	lipids	250052	Fatty acid 20:1	fatty acid 20 1	existing	fat_to_fatty_acids
2044	Lipids	lipids	250053	Fatty acid 22:1	fatty acid 22 1	existing	fat_to_fatty_acids
2044	Lipids	lipids	250054	Fatty acid 24:1	fatty acid 24 1	existing	fat_to_fatty_acids
2044	Lipids	lipids	250055	Fatty acid 16:2	fatty acid 16 2	existing	fat_to_fatty_acids
2044	Lipids	lipids	250056	Fatty acid 16:3	fatty acid 16 3	existing	fat_to_fatty_acids
2044	Lipids	lipids	250057	Fatty acid 16:4	fatty acid 16 4	existing	fat_to_fatty_acids
2044	Lipids	lipids	250058	Fatty acid 18:2 n-6	fatty acid 18 2 n 6	existing	fat_to_fatty_acids
2044	Lipids	lipids	250059	Fatty acid 18:3 n-3	fatty acid 18 3 n 3	existing	fat_to_fatty_acids
2044	Lipids	lipids	250060	Fatty acid 18:3 n-6	fatty acid 18 3 n 6	existing	fat_to_fatty_acids
2044	Lipids	lipids	250061	Fatty acid 18:4 n-3	fatty acid 18 4 n 3	existing	fat_to_fatty_acids
2044	Lipids	lipids	250062	Fatty acid 20:2 n-6	fatty acid 20 2 n 6	existing	fat_to_fatty_acids
2044	Lipids	lipids	250063	Fatty acid 20:3 n-6	fatty acid 20 3 n 6	existing	fat_to_fatty_acids
2044	Lipids	lipids	250064	Fatty acid 20:4 n-3	fatty acid 20 4 n 3	existing	fat_to_fatty_acids
2044	Lipids	lipids	250065	Fatty acid 20:4 n-6	fatty acid 20 4 n 6	existing	fat_to_fatty_acids
2044	Lipids	lipids	250066	Fatty acid 20:5 n-3	fatty acid 20 5 n 3	existing	fat_to_fatty_acids
2044	Lipids	lipids	250067	Fatty acid 21:5 n-3	fatty acid 21 5 n 3	existing	fat_to_fatty_acids
2044	Lipids	lipids	250068	Fatty acid 22:2	fatty acid 22 2	existing	fat_to_fatty_acids
2044	Lipids	lipids	250069	Fatty acid 22:4 n-6	fatty acid 22 4 n 6	existing	fat_to_fatty_acids
2044	Lipids	lipids	250070	Fatty acid 22:5 n-3	fatty acid 22 5 n 3	existing	fat_to_fatty_acids
2044	Lipids	lipids	250071	Fatty acid 22:5 n-6	fatty acid 22 5 n 6	existing	fat_to_fatty_acids
2044	Lipids	lipids	250072	Fatty acid 22:6 n-3	fatty acid 22 6 n 3	existing	fat_to_fatty_acids
2044	Lipids	lipids	260001	13-cis-retinol (µg)	13 cis retinol g	existing	fat_to_fatty_acids
2044	Lipids	lipids	260004	All-trans-retinol (µg)	all trans retinol g	existing	fat_to_fatty_acids
2044	Lipids	lipids	260005	Alpha-carotene (µg)	alpha carotene g	existing	fat_to_fatty_acids
2044	Lipids	lipids	260008	Beta-carotene (µg)	beta carotene g	existing	fat_to_fatty_acids
2044	Lipids	lipids	260194	Lutein (µg)	lutein g	existing	fat_to_fatty_acids
2044	Lipids	lipids	260195	Lycopene (µg)	lycopene g	existing	fat_to_fatty_acids
2044	Lipids	lipids	260204	Other Cholesterol and Phytosterols (mg)	other cholesterol and phytosterols	existing	fat_to_fatty_acids
2044	Lipids	lipids	260205	Phytosterol (mg)	phytosterol	existing	fat_to_fatty_acids
2044	Lipids	lipids	260209	Retinol Equivalent (µg)	retinol equivalent g	existing	fat_to_fatty_acids
2044	Lipids	lipids	260232	Triglyceride	triglyceride	existing	fat_to_fatty_acids
2045	Proximates	proximates	1003	Protein	protein	existing	proximates_to_macros
2045	Proximates	proximates	260234	Total lipid (fat)	total lipid fat	existing	proximates_to_macros
2045	Proximates	proximates	260230	Carbohydrate, by difference	carbohydrate by difference	existing	proximates_to_macros
2045	Proximates	proximates	1007	Ash	ash	existing	proximates_to_macros
2045	Proximates	proximates	1079	Fiber, total dietary	fiber total dietary	existing	proximates_to_macros
2046	Vitamins and Other Components	vitamins and other components	2067	Vitamin A	vitamin a	existing	vitamins_and_other_components_to_vitamin_parents
2046	Vitamins and Other Components	vitamins and other components	97315	Vitamin C	vitamin c	existing	vitamins_and_other_components_to_vitamin_parents
2046	Vitamins and Other Components	vitamins and other components	1114	Vitamin D (D2 + D3)	vitamin d d2 d3	existing	vitamins_and_other_components_to_vitamin_parents
2046	Vitamins and Other Components	vitamins and other components	1158	Vitamin E	vitamin e	existing	vitamins_and_other_components_to_vitamin_parents
2046	Vitamins and Other Components	vitamins and other components	97319	Vitamin K	vitamin k	existing	vitamins_and_other_components_to_vitamin_parents
2046	Vitamins and Other Components	vitamins and other components	1175	Vitamin B-6	vitamin b 6	existing	vitamins_and_other_components_to_vitamin_parents
2046	Vitamins and Other Components	vitamins and other components	1178	Vitamin B-12	vitamin b 12	existing	vitamins_and_other_components_to_vitamin_parents
2054	Total Tocotrienols	tocotrienols	1128	Tocotrienol, alpha	tocotrienol alpha	existing	tocotrienols_total_to_isoforms
2054	Total Tocotrienols	tocotrienols	1129	Tocotrienol, beta	tocotrienol beta	existing	tocotrienols_total_to_isoforms
2054	Total Tocotrienols	tocotrienols	1130	Tocotrienol, gamma	tocotrienol gamma	existing	tocotrienols_total_to_isoforms
2054	Total Tocotrienols	tocotrienols	1131	Tocotrienol, delta	tocotrienol delta	existing	tocotrienols_total_to_isoforms
2055	Total Tocopherols	tocopherols	260235	Tocopherol, alpha	tocopherol alpha	existing	tocopherols_total_to_isoforms
2055	Total Tocopherols	tocopherols	1125	Tocopherol, beta	tocopherol beta	existing	tocopherols_total_to_isoforms
2055	Total Tocopherols	tocopherols	1126	Tocopherol, gamma	tocopherol gamma	existing	tocopherols_total_to_isoforms
2055	Total Tocopherols	tocopherols	1127	Tocopherol, delta	tocopherol delta	existing	tocopherols_total_to_isoforms
2064	Oligosaccharides	oligosaccharides	260230	Carbohydrate, by difference	carbohydrate by difference	existing	alias_to_canonical
2065	Low Molecular Weight Dietary Fiber (LMWDF)	low molecular weight dietary fiber	1079	Fiber, total dietary	fiber total dietary	existing	alias_to_canonical
2067	Vitamin A	vitamin a	1105	Retinol	retinol	existing	vitamin_a_to_vit_a_forms_existing
2067	Vitamin A	vitamin a	1107	Carotene, beta	carotene beta	existing	vitamin_a_to_vit_a_forms_existing
2067	Vitamin A	vitamin a	1108	Carotene, alpha	carotene alpha	existing	vitamin_a_to_vit_a_forms_existing
2067	Vitamin A	vitamin a	1118	Carotene, gamma	carotene gamma	existing	vitamin_a_to_vit_a_forms_existing
2067	Vitamin A	vitamin a	1120	Cryptoxanthin, beta	cryptoxanthin beta	existing	vitamin_a_to_vit_a_forms_existing
2067	Vitamin A	vitamin a	1157	Carotene	carotene	existing	vitamin_a_to_vit_a_forms_existing
2067	Vitamin A	vitamin a	1159	cis-beta-Carotene	cis beta carotene	existing	vitamin_a_to_vit_a_forms_existing
2067	Vitamin A	vitamin a	2028	trans-beta-Carotene	trans beta carotene	existing	vitamin_a_to_vit_a_forms_existing
2067	Vitamin A	vitamin a	2032	Cryptoxanthin, alpha	cryptoxanthin alpha	existing	vitamin_a_to_vit_a_forms_existing
2067	Vitamin A	vitamin a	96011	13-cis-retinol	13 cis retinol	existing	vitamin_a_to_vit_a_forms_existing
2067	Vitamin A	vitamin a	96064	Alfa-carotene	alfa carotene	existing	vitamin_a_to_vit_a_forms_existing
2067	Vitamin A	vitamin a	96075	All-trans-retinol	all trans retinol	existing	vitamin_a_to_vit_a_forms_existing
2067	Vitamin A	vitamin a	96076	Alpha-carotene	alpha carotene	existing	vitamin_a_to_vit_a_forms_existing
2067	Vitamin A	vitamin a	96113	Beta-carotene	beta carotene	existing	vitamin_a_to_vit_a_forms_existing
2067	Vitamin A	vitamin a	96114	Beta-cryptoxanthin	beta cryptoxanthin	existing	vitamin_a_to_vit_a_forms_existing
2067	Vitamin A	vitamin a	97154	Retinol activity equialents (RAE)	retinol activity equialents	existing	vitamin_a_to_vit_a_forms_existing
2067	Vitamin A	vitamin a	97309	Vitamin A, retinol	vitamin a retinol	existing	vitamin_a_to_vit_a_forms_existing
2067	Vitamin A	vitamin a	97360	Equivalent beta-carotene ou	equivalent beta carotene ou	existing	vitamin_a_to_vit_a_forms_existing
2067	Vitamin A	vitamin a	230017	Retinol (preformed vitamin A)  (ug)	retinol preformed vitamin a	existing	vitamin_a_to_vit_a_forms_existing
2067	Vitamin A	vitamin a	230018	Cryptoxanthin  (ug)	cryptoxanthin	existing	vitamin_a_to_vit_a_forms_existing
2067	Vitamin A	vitamin a	230019	Beta-carotene equivalents (provitamin A)  (ug)	beta carotene	existing	vitamin_a_to_vit_a_forms_existing
2067	Vitamin A	vitamin a	230020	Vitamin A retinol equivalents  (ug)	vitamin a retinol	existing	vitamin_a_to_vit_a_forms_existing
2067	Vitamin A	vitamin a	250015	alpha-Carotene	alpha carotene	existing	vitamin_a_to_vit_a_forms_existing
2067	Vitamin A	vitamin a	250016	beta-Carotene	beta carotene	existing	vitamin_a_to_vit_a_forms_existing
2067	Vitamin A	vitamin a	250017	beta- Cryptoxanthin	beta cryptoxanthin	existing	vitamin_a_to_vit_a_forms_existing
2067	Vitamin A	vitamin a	250018	beta- Carotene equivalents	beta carotene	existing	vitamin_a_to_vit_a_forms_existing
2067	Vitamin A	vitamin a	250019	Retinol activity equivalents	retinol activity	existing	vitamin_a_to_vit_a_forms_existing
2067	Vitamin A	vitamin a	260001	13-cis-retinol (µg)	13 cis retinol g	existing	vitamin_a_to_vit_a_forms_existing
2067	Vitamin A	vitamin a	260004	All-trans-retinol (µg)	all trans retinol g	existing	vitamin_a_to_vit_a_forms_existing
2067	Vitamin A	vitamin a	260005	Alpha-carotene (µg)	alpha carotene g	existing	vitamin_a_to_vit_a_forms_existing
2067	Vitamin A	vitamin a	260008	Beta-carotene (µg)	beta carotene g	existing	vitamin_a_to_vit_a_forms_existing
2067	Vitamin A	vitamin a	260209	Retinol Equivalent (µg)	retinol equivalent g	existing	vitamin_a_to_vit_a_forms_existing
2068	Vitamin E	vitamin e	1109	Vitamin E (alpha-tocopherol)	vitamin e alpha tocopherol	existing	vitamin_e_to_vit_e_forms_existing
2068	Vitamin E	vitamin e	1125	Tocopherol, beta	tocopherol beta	existing	vitamin_e_to_vit_e_forms_existing
2068	Vitamin E	vitamin e	1126	Tocopherol, gamma	tocopherol gamma	existing	vitamin_e_to_vit_e_forms_existing
2068	Vitamin E	vitamin e	1127	Tocopherol, delta	tocopherol delta	existing	vitamin_e_to_vit_e_forms_existing
2068	Vitamin E	vitamin e	1128	Tocotrienol, alpha	tocotrienol alpha	existing	vitamin_e_to_vit_e_forms_existing
2068	Vitamin E	vitamin e	1129	Tocotrienol, beta	tocotrienol beta	existing	vitamin_e_to_vit_e_forms_existing
2068	Vitamin E	vitamin e	1130	Tocotrienol, gamma	tocotrienol gamma	existing	vitamin_e_to_vit_e_forms_existing
2068	Vitamin E	vitamin e	1131	Tocotrienol, delta	tocotrienol delta	existing	vitamin_e_to_vit_e_forms_existing
2068	Vitamin E	vitamin e	96078	Alpha-tocopherol	alpha tocopherol	existing	vitamin_e_to_vit_e_forms_existing
2068	Vitamin E	vitamin e	96079	Alpha-tocopherol (vitamine E)	alpha tocopherol	existing	vitamin_e_to_vit_e_forms_existing
2068	Vitamin E	vitamin e	96081	Alpha-tocotrienol	alpha tocotrienol	existing	vitamin_e_to_vit_e_forms_existing
2068	Vitamin E	vitamin e	96115	Beta-tocopherol	beta tocopherol	existing	vitamin_e_to_vit_e_forms_existing
2068	Vitamin E	vitamin e	96406	Delta-tocopherol	delta tocopherol	existing	vitamin_e_to_vit_e_forms_existing
2068	Vitamin E	vitamin e	96824	Gamma-tocopherol	gamma tocopherol	existing	vitamin_e_to_vit_e_forms_existing
2068	Vitamin E	vitamin e	96826	Gamma-tocotrienol	gamma tocotrienol	existing	vitamin_e_to_vit_e_forms_existing
2068	Vitamin E	vitamin e	230039	Beta tocotrienol  (mg)	beta tocotrienol	existing	vitamin_e_to_vit_e_forms_existing
2068	Vitamin E	vitamin e	230040	Delta tocotrienol  (mg)	delta tocotrienol	existing	vitamin_e_to_vit_e_forms_existing
2068	Vitamin E	vitamin e	250020	alpha-Tocopherol	alpha tocopherol	existing	vitamin_e_to_vit_e_forms_existing
2068	Vitamin E	vitamin e	250021	beta-Tocopherol	beta tocopherol	existing	vitamin_e_to_vit_e_forms_existing
2068	Vitamin E	vitamin e	250022	gamma-Tocopherol	gamma tocopherol	existing	vitamin_e_to_vit_e_forms_existing
2068	Vitamin E	vitamin e	250023	delta-Tocopherol	delta tocopherol	existing	vitamin_e_to_vit_e_forms_existing
2068	Vitamin E	vitamin e	260006	Alpha-tocopherol (mg)	alpha tocopherol	existing	vitamin_e_to_vit_e_forms_existing
2068	Vitamin E	vitamin e	260007	Alpha-tocotrienol (mg)	alpha tocotrienol	existing	vitamin_e_to_vit_e_forms_existing
2068	Vitamin E	vitamin e	260009	Beta-tocopherol (mg)	beta tocopherol	existing	vitamin_e_to_vit_e_forms_existing
2068	Vitamin E	vitamin e	260187	Delta-tocopherol (mg)	delta tocopherol	existing	vitamin_e_to_vit_e_forms_existing
2068	Vitamin E	vitamin e	260191	Gamma-tocopherol (mg)	gamma tocopherol	existing	vitamin_e_to_vit_e_forms_existing
2068	Vitamin E	vitamin e	260192	Gamma-tocotrienol (mg)	gamma tocotrienol	existing	vitamin_e_to_vit_e_forms_existing
2068	Vitamin E	vitamin e	260235	Tocopherol, alpha	tocopherol alpha	existing	vitamin_e_to_vit_e_forms_existing
96017	25-hydroxycholecalciferol (25OHVitD3)	25 hydroxycholecalciferol 25ohvitd3	1112	Vitamin D3 (cholecalciferol)	vitamin d3 cholecalciferol	existing	alias_to_canonical
96056	Added Sugar	added sugar	260230	Carbohydrate, by difference	carbohydrate by difference	existing	carb_alias
260230	Carbohydrate, by difference	carbohydrate by difference	1009	Starch	starch	existing	carb_to_complex_carbs
260230	Carbohydrate, by difference	carbohydrate by difference	1010	Sucrose	sucrose	existing	carb_to_sugars
260230	Carbohydrate, by difference	carbohydrate by difference	1011	Glucose	glucose	existing	carb_to_sugars
260230	Carbohydrate, by difference	carbohydrate by difference	1012	Fructose	fructose	existing	carb_to_sugars
260230	Carbohydrate, by difference	carbohydrate by difference	1013	Lactose	lactose	existing	carb_to_sugars
260230	Carbohydrate, by difference	carbohydrate by difference	1014	Maltose	maltose	existing	carb_to_sugars
260230	Carbohydrate, by difference	carbohydrate by difference	1015	Amylose	amylose	existing	carb_to_complex_carbs
260230	Carbohydrate, by difference	carbohydrate by difference	1016	Amylopectin	amylopectin	existing	carb_to_complex_carbs
260230	Carbohydrate, by difference	carbohydrate by difference	1017	Pectin	pectin	existing	carb_to_complex_carbs
260230	Carbohydrate, by difference	carbohydrate by difference	1019	Pentosan	pentosan	existing	carb_to_complex_carbs
260230	Carbohydrate, by difference	carbohydrate by difference	1020	Pentoses	pentoses	existing	carb_to_complex_carbs
260230	Carbohydrate, by difference	carbohydrate by difference	1021	Hemicellulose	hemicellulose	existing	carb_to_complex_carbs
260230	Carbohydrate, by difference	carbohydrate by difference	1022	Cellulose	cellulose	existing	carb_to_complex_carbs
260230	Carbohydrate, by difference	carbohydrate by difference	1055	Mannitol	mannitol	existing	carb_to_sugars
260230	Carbohydrate, by difference	carbohydrate by difference	1056	Sorbitol	sorbitol	existing	carb_to_sugars
260230	Carbohydrate, by difference	carbohydrate by difference	1065	Glycogen	glycogen	existing	carb_to_complex_carbs
260230	Carbohydrate, by difference	carbohydrate by difference	1071	Resistant starch	resistant starch	existing	carb_to_complex_carbs
260230	Carbohydrate, by difference	carbohydrate by difference	1073	Arabinose	arabinose	existing	carb_to_complex_carbs
260230	Carbohydrate, by difference	carbohydrate by difference	1074	Xylose	xylose	existing	carb_to_complex_carbs
260230	Carbohydrate, by difference	carbohydrate by difference	1075	Galactose	galactose	existing	carb_to_sugars
260230	Carbohydrate, by difference	carbohydrate by difference	1076	Raffinose	raffinose	existing	carb_to_complex_carbs
260230	Carbohydrate, by difference	carbohydrate by difference	1077	Stachyose	stachyose	existing	carb_to_complex_carbs
260230	Carbohydrate, by difference	carbohydrate by difference	1078	Xylitol	xylitol	existing	carb_to_sugars
260230	Carbohydrate, by difference	carbohydrate by difference	1081	Ribose	ribose	existing	carb_to_complex_carbs
260230	Carbohydrate, by difference	carbohydrate by difference	1399	Mannose	mannose	existing	carb_to_complex_carbs
260230	Carbohydrate, by difference	carbohydrate by difference	1400	Triose	triose	existing	carb_to_complex_carbs
260230	Carbohydrate, by difference	carbohydrate by difference	1401	Tetrose	tetrose	existing	carb_to_complex_carbs
260230	Carbohydrate, by difference	carbohydrate by difference	1403	Inulin	inulin	existing	carb_to_complex_carbs
260230	Carbohydrate, by difference	carbohydrate by difference	2063	Verbascose	verbascose	existing	carb_to_complex_carbs
260230	Carbohydrate, by difference	carbohydrate by difference	96415	Dietary fibre and starch	dietary fibre and starch	existing	carb_to_complex_carbs
260230	Carbohydrate, by difference	carbohydrate by difference	97211	STARCH-	starch	existing	carb_to_complex_carbs
260230	Carbohydrate, by difference	carbohydrate by difference	97212	Starch/Glycogen	starch glycogen	existing	carb_to_complex_carbs
260230	Carbohydrate, by difference	carbohydrate by difference	220013	STARCH-(g)	starch	existing	carb_to_complex_carbs
260230	Carbohydrate, by difference	carbohydrate by difference	220107	STARCH-(g)	starch	existing	carb_to_complex_carbs
260230	Carbohydrate, by difference	carbohydrate by difference	240003	(+)-Catechin 3-O-glucose	catechin 3 o glucose	existing	carb_to_sugars
260230	Carbohydrate, by difference	carbohydrate by difference	240144	Caffeoyl glucose	caffeoyl glucose	existing	carb_to_sugars
260230	Carbohydrate, by difference	carbohydrate by difference	240157	Cinnamoyl glucose	cinnamoyl glucose	existing	carb_to_sugars
260230	Carbohydrate, by difference	carbohydrate by difference	240229	Feruloyl glucose	feruloyl glucose	existing	carb_to_sugars
260230	Carbohydrate, by difference	carbohydrate by difference	240238	Galloyl glucose	galloyl glucose	existing	carb_to_sugars
260230	Carbohydrate, by difference	carbohydrate by difference	240499	p-Coumaroyl glucose	p coumaroyl glucose	existing	carb_to_sugars
96092	AOAC fibre	aoac fibre	1079	Fiber, total dietary	fiber total dietary	existing	alias_to_canonical
96364	cis-beta-Caroten	cis beta caroten	96112	beta-Caroten	beta caroten	existing	alias_to_canonical
96365	cis-Mono FA /100g FA	cis mono fa 100g fa	96991	Mono FA/ 100g FA	mono fa 100g fa	existing	alias_to_canonical
96366	cis-Polyu FA /100g FA	cis polyu fa 100g fa	260236	Polyu FA /100g FA	polyu fa 100g fa	new	alias_to_canonical
96387	Crude fibre	crude fibre	1079	Fiber, total dietary	fiber total dietary	existing	alias_to_canonical
96414	Dietary fibre	dietary fibre	1079	Fiber, total dietary	fiber total dietary	existing	alias_to_canonical
96803	Free Sugars	free sugars	260230	Carbohydrate, by difference	carbohydrate by difference	existing	carb_alias
260230	Carbohydrate, by difference	carbohydrate by difference	1009	Starch	starch	existing	carb_to_complex_carbs
260230	Carbohydrate, by difference	carbohydrate by difference	1010	Sucrose	sucrose	existing	carb_to_sugars
260230	Carbohydrate, by difference	carbohydrate by difference	1011	Glucose	glucose	existing	carb_to_sugars
260230	Carbohydrate, by difference	carbohydrate by difference	1012	Fructose	fructose	existing	carb_to_sugars
260230	Carbohydrate, by difference	carbohydrate by difference	1013	Lactose	lactose	existing	carb_to_sugars
260230	Carbohydrate, by difference	carbohydrate by difference	1014	Maltose	maltose	existing	carb_to_sugars
260230	Carbohydrate, by difference	carbohydrate by difference	1015	Amylose	amylose	existing	carb_to_complex_carbs
260230	Carbohydrate, by difference	carbohydrate by difference	1016	Amylopectin	amylopectin	existing	carb_to_complex_carbs
260230	Carbohydrate, by difference	carbohydrate by difference	1017	Pectin	pectin	existing	carb_to_complex_carbs
260230	Carbohydrate, by difference	carbohydrate by difference	1019	Pentosan	pentosan	existing	carb_to_complex_carbs
260230	Carbohydrate, by difference	carbohydrate by difference	1020	Pentoses	pentoses	existing	carb_to_complex_carbs
260230	Carbohydrate, by difference	carbohydrate by difference	1021	Hemicellulose	hemicellulose	existing	carb_to_complex_carbs
260230	Carbohydrate, by difference	carbohydrate by difference	1022	Cellulose	cellulose	existing	carb_to_complex_carbs
260230	Carbohydrate, by difference	carbohydrate by difference	1055	Mannitol	mannitol	existing	carb_to_sugars
260230	Carbohydrate, by difference	carbohydrate by difference	1056	Sorbitol	sorbitol	existing	carb_to_sugars
260230	Carbohydrate, by difference	carbohydrate by difference	1065	Glycogen	glycogen	existing	carb_to_complex_carbs
260230	Carbohydrate, by difference	carbohydrate by difference	1071	Resistant starch	resistant starch	existing	carb_to_complex_carbs
260230	Carbohydrate, by difference	carbohydrate by difference	1073	Arabinose	arabinose	existing	carb_to_complex_carbs
260230	Carbohydrate, by difference	carbohydrate by difference	1074	Xylose	xylose	existing	carb_to_complex_carbs
260230	Carbohydrate, by difference	carbohydrate by difference	1075	Galactose	galactose	existing	carb_to_sugars
260230	Carbohydrate, by difference	carbohydrate by difference	1076	Raffinose	raffinose	existing	carb_to_complex_carbs
260230	Carbohydrate, by difference	carbohydrate by difference	1077	Stachyose	stachyose	existing	carb_to_complex_carbs
260230	Carbohydrate, by difference	carbohydrate by difference	1078	Xylitol	xylitol	existing	carb_to_sugars
260230	Carbohydrate, by difference	carbohydrate by difference	1081	Ribose	ribose	existing	carb_to_complex_carbs
260230	Carbohydrate, by difference	carbohydrate by difference	1399	Mannose	mannose	existing	carb_to_complex_carbs
260230	Carbohydrate, by difference	carbohydrate by difference	1400	Triose	triose	existing	carb_to_complex_carbs
260230	Carbohydrate, by difference	carbohydrate by difference	1401	Tetrose	tetrose	existing	carb_to_complex_carbs
260230	Carbohydrate, by difference	carbohydrate by difference	1403	Inulin	inulin	existing	carb_to_complex_carbs
260230	Carbohydrate, by difference	carbohydrate by difference	2063	Verbascose	verbascose	existing	carb_to_complex_carbs
260230	Carbohydrate, by difference	carbohydrate by difference	96415	Dietary fibre and starch	dietary fibre and starch	existing	carb_to_complex_carbs
260230	Carbohydrate, by difference	carbohydrate by difference	97211	STARCH-	starch	existing	carb_to_complex_carbs
260230	Carbohydrate, by difference	carbohydrate by difference	97212	Starch/Glycogen	starch glycogen	existing	carb_to_complex_carbs
260230	Carbohydrate, by difference	carbohydrate by difference	220013	STARCH-(g)	starch	existing	carb_to_complex_carbs
260230	Carbohydrate, by difference	carbohydrate by difference	220107	STARCH-(g)	starch	existing	carb_to_complex_carbs
260230	Carbohydrate, by difference	carbohydrate by difference	240003	(+)-Catechin 3-O-glucose	catechin 3 o glucose	existing	carb_to_sugars
260230	Carbohydrate, by difference	carbohydrate by difference	240144	Caffeoyl glucose	caffeoyl glucose	existing	carb_to_sugars
260230	Carbohydrate, by difference	carbohydrate by difference	240157	Cinnamoyl glucose	cinnamoyl glucose	existing	carb_to_sugars
260230	Carbohydrate, by difference	carbohydrate by difference	240229	Feruloyl glucose	feruloyl glucose	existing	carb_to_sugars
260230	Carbohydrate, by difference	carbohydrate by difference	240238	Galloyl glucose	galloyl glucose	existing	carb_to_sugars
260230	Carbohydrate, by difference	carbohydrate by difference	240499	p-Coumaroyl glucose	p coumaroyl glucose	existing	carb_to_sugars
96876	Insoluble dietary fibers	insoluble dietary fibers	1079	Fiber, total dietary	fiber total dietary	existing	alias_to_canonical
97010	Neutral detergent fibre	neutral detergent fibre	1079	Fiber, total dietary	fiber total dietary	existing	alias_to_canonical
97229	SUGAR	sugar	260230	Carbohydrate, by difference	carbohydrate by difference	existing	carb_alias
260230	Carbohydrate, by difference	carbohydrate by difference	1009	Starch	starch	existing	carb_to_complex_carbs
260230	Carbohydrate, by difference	carbohydrate by difference	1010	Sucrose	sucrose	existing	carb_to_sugars
260230	Carbohydrate, by difference	carbohydrate by difference	1011	Glucose	glucose	existing	carb_to_sugars
260230	Carbohydrate, by difference	carbohydrate by difference	1012	Fructose	fructose	existing	carb_to_sugars
260230	Carbohydrate, by difference	carbohydrate by difference	1013	Lactose	lactose	existing	carb_to_sugars
260230	Carbohydrate, by difference	carbohydrate by difference	1014	Maltose	maltose	existing	carb_to_sugars
260230	Carbohydrate, by difference	carbohydrate by difference	1015	Amylose	amylose	existing	carb_to_complex_carbs
260230	Carbohydrate, by difference	carbohydrate by difference	1016	Amylopectin	amylopectin	existing	carb_to_complex_carbs
260230	Carbohydrate, by difference	carbohydrate by difference	1017	Pectin	pectin	existing	carb_to_complex_carbs
260230	Carbohydrate, by difference	carbohydrate by difference	1019	Pentosan	pentosan	existing	carb_to_complex_carbs
260230	Carbohydrate, by difference	carbohydrate by difference	1020	Pentoses	pentoses	existing	carb_to_complex_carbs
260230	Carbohydrate, by difference	carbohydrate by difference	1021	Hemicellulose	hemicellulose	existing	carb_to_complex_carbs
260230	Carbohydrate, by difference	carbohydrate by difference	1022	Cellulose	cellulose	existing	carb_to_complex_carbs
260230	Carbohydrate, by difference	carbohydrate by difference	1055	Mannitol	mannitol	existing	carb_to_sugars
260230	Carbohydrate, by difference	carbohydrate by difference	1056	Sorbitol	sorbitol	existing	carb_to_sugars
260230	Carbohydrate, by difference	carbohydrate by difference	1065	Glycogen	glycogen	existing	carb_to_complex_carbs
260230	Carbohydrate, by difference	carbohydrate by difference	1071	Resistant starch	resistant starch	existing	carb_to_complex_carbs
260230	Carbohydrate, by difference	carbohydrate by difference	1073	Arabinose	arabinose	existing	carb_to_complex_carbs
260230	Carbohydrate, by difference	carbohydrate by difference	1074	Xylose	xylose	existing	carb_to_complex_carbs
260230	Carbohydrate, by difference	carbohydrate by difference	1075	Galactose	galactose	existing	carb_to_sugars
260230	Carbohydrate, by difference	carbohydrate by difference	1076	Raffinose	raffinose	existing	carb_to_complex_carbs
260230	Carbohydrate, by difference	carbohydrate by difference	1077	Stachyose	stachyose	existing	carb_to_complex_carbs
260230	Carbohydrate, by difference	carbohydrate by difference	1078	Xylitol	xylitol	existing	carb_to_sugars
260230	Carbohydrate, by difference	carbohydrate by difference	1081	Ribose	ribose	existing	carb_to_complex_carbs
260230	Carbohydrate, by difference	carbohydrate by difference	1399	Mannose	mannose	existing	carb_to_complex_carbs
260230	Carbohydrate, by difference	carbohydrate by difference	1400	Triose	triose	existing	carb_to_complex_carbs
260230	Carbohydrate, by difference	carbohydrate by difference	1401	Tetrose	tetrose	existing	carb_to_complex_carbs
260230	Carbohydrate, by difference	carbohydrate by difference	1403	Inulin	inulin	existing	carb_to_complex_carbs
260230	Carbohydrate, by difference	carbohydrate by difference	2063	Verbascose	verbascose	existing	carb_to_complex_carbs
260230	Carbohydrate, by difference	carbohydrate by difference	96415	Dietary fibre and starch	dietary fibre and starch	existing	carb_to_complex_carbs
260230	Carbohydrate, by difference	carbohydrate by difference	97211	STARCH-	starch	existing	carb_to_complex_carbs
260230	Carbohydrate, by difference	carbohydrate by difference	97212	Starch/Glycogen	starch glycogen	existing	carb_to_complex_carbs
260230	Carbohydrate, by difference	carbohydrate by difference	220013	STARCH-(g)	starch	existing	carb_to_complex_carbs
260230	Carbohydrate, by difference	carbohydrate by difference	220107	STARCH-(g)	starch	existing	carb_to_complex_carbs
260230	Carbohydrate, by difference	carbohydrate by difference	240003	(+)-Catechin 3-O-glucose	catechin 3 o glucose	existing	carb_to_sugars
260230	Carbohydrate, by difference	carbohydrate by difference	240144	Caffeoyl glucose	caffeoyl glucose	existing	carb_to_sugars
260230	Carbohydrate, by difference	carbohydrate by difference	240157	Cinnamoyl glucose	cinnamoyl glucose	existing	carb_to_sugars
260230	Carbohydrate, by difference	carbohydrate by difference	240229	Feruloyl glucose	feruloyl glucose	existing	carb_to_sugars
260230	Carbohydrate, by difference	carbohydrate by difference	240238	Galloyl glucose	galloyl glucose	existing	carb_to_sugars
260230	Carbohydrate, by difference	carbohydrate by difference	240499	p-Coumaroyl glucose	p coumaroyl glucose	existing	carb_to_sugars
97230	SUGAR-	sugar	260230	Carbohydrate, by difference	carbohydrate by difference	existing	carb_alias
260230	Carbohydrate, by difference	carbohydrate by difference	1009	Starch	starch	existing	carb_to_complex_carbs
260230	Carbohydrate, by difference	carbohydrate by difference	1010	Sucrose	sucrose	existing	carb_to_sugars
260230	Carbohydrate, by difference	carbohydrate by difference	1011	Glucose	glucose	existing	carb_to_sugars
260230	Carbohydrate, by difference	carbohydrate by difference	1012	Fructose	fructose	existing	carb_to_sugars
260230	Carbohydrate, by difference	carbohydrate by difference	1013	Lactose	lactose	existing	carb_to_sugars
260230	Carbohydrate, by difference	carbohydrate by difference	1014	Maltose	maltose	existing	carb_to_sugars
260230	Carbohydrate, by difference	carbohydrate by difference	1015	Amylose	amylose	existing	carb_to_complex_carbs
260230	Carbohydrate, by difference	carbohydrate by difference	1016	Amylopectin	amylopectin	existing	carb_to_complex_carbs
260230	Carbohydrate, by difference	carbohydrate by difference	1017	Pectin	pectin	existing	carb_to_complex_carbs
260230	Carbohydrate, by difference	carbohydrate by difference	1019	Pentosan	pentosan	existing	carb_to_complex_carbs
260230	Carbohydrate, by difference	carbohydrate by difference	1020	Pentoses	pentoses	existing	carb_to_complex_carbs
260230	Carbohydrate, by difference	carbohydrate by difference	1021	Hemicellulose	hemicellulose	existing	carb_to_complex_carbs
260230	Carbohydrate, by difference	carbohydrate by difference	1022	Cellulose	cellulose	existing	carb_to_complex_carbs
260230	Carbohydrate, by difference	carbohydrate by difference	1055	Mannitol	mannitol	existing	carb_to_sugars
260230	Carbohydrate, by difference	carbohydrate by difference	1056	Sorbitol	sorbitol	existing	carb_to_sugars
260230	Carbohydrate, by difference	carbohydrate by difference	1065	Glycogen	glycogen	existing	carb_to_complex_carbs
260230	Carbohydrate, by difference	carbohydrate by difference	1071	Resistant starch	resistant starch	existing	carb_to_complex_carbs
260230	Carbohydrate, by difference	carbohydrate by difference	1073	Arabinose	arabinose	existing	carb_to_complex_carbs
260230	Carbohydrate, by difference	carbohydrate by difference	1074	Xylose	xylose	existing	carb_to_complex_carbs
260230	Carbohydrate, by difference	carbohydrate by difference	1075	Galactose	galactose	existing	carb_to_sugars
260230	Carbohydrate, by difference	carbohydrate by difference	1076	Raffinose	raffinose	existing	carb_to_complex_carbs
260230	Carbohydrate, by difference	carbohydrate by difference	1077	Stachyose	stachyose	existing	carb_to_complex_carbs
260230	Carbohydrate, by difference	carbohydrate by difference	1078	Xylitol	xylitol	existing	carb_to_sugars
260230	Carbohydrate, by difference	carbohydrate by difference	1081	Ribose	ribose	existing	carb_to_complex_carbs
260230	Carbohydrate, by difference	carbohydrate by difference	1399	Mannose	mannose	existing	carb_to_complex_carbs
260230	Carbohydrate, by difference	carbohydrate by difference	1400	Triose	triose	existing	carb_to_complex_carbs
260230	Carbohydrate, by difference	carbohydrate by difference	1401	Tetrose	tetrose	existing	carb_to_complex_carbs
260230	Carbohydrate, by difference	carbohydrate by difference	1403	Inulin	inulin	existing	carb_to_complex_carbs
260230	Carbohydrate, by difference	carbohydrate by difference	2063	Verbascose	verbascose	existing	carb_to_complex_carbs
260230	Carbohydrate, by difference	carbohydrate by difference	96415	Dietary fibre and starch	dietary fibre and starch	existing	carb_to_complex_carbs
260230	Carbohydrate, by difference	carbohydrate by difference	97211	STARCH-	starch	existing	carb_to_complex_carbs
260230	Carbohydrate, by difference	carbohydrate by difference	97212	Starch/Glycogen	starch glycogen	existing	carb_to_complex_carbs
260230	Carbohydrate, by difference	carbohydrate by difference	220013	STARCH-(g)	starch	existing	carb_to_complex_carbs
260230	Carbohydrate, by difference	carbohydrate by difference	220107	STARCH-(g)	starch	existing	carb_to_complex_carbs
260230	Carbohydrate, by difference	carbohydrate by difference	240003	(+)-Catechin 3-O-glucose	catechin 3 o glucose	existing	carb_to_sugars
260230	Carbohydrate, by difference	carbohydrate by difference	240144	Caffeoyl glucose	caffeoyl glucose	existing	carb_to_sugars
260230	Carbohydrate, by difference	carbohydrate by difference	240157	Cinnamoyl glucose	cinnamoyl glucose	existing	carb_to_sugars
260230	Carbohydrate, by difference	carbohydrate by difference	240229	Feruloyl glucose	feruloyl glucose	existing	carb_to_sugars
260230	Carbohydrate, by difference	carbohydrate by difference	240238	Galloyl glucose	galloyl glucose	existing	carb_to_sugars
260230	Carbohydrate, by difference	carbohydrate by difference	240499	p-Coumaroyl glucose	p coumaroyl glucose	existing	carb_to_sugars
220012	SUGAR-(g)	sugar	260230	Carbohydrate, by difference	carbohydrate by difference	existing	carb_alias
260230	Carbohydrate, by difference	carbohydrate by difference	1009	Starch	starch	existing	carb_to_complex_carbs
260230	Carbohydrate, by difference	carbohydrate by difference	1010	Sucrose	sucrose	existing	carb_to_sugars
260230	Carbohydrate, by difference	carbohydrate by difference	1011	Glucose	glucose	existing	carb_to_sugars
260230	Carbohydrate, by difference	carbohydrate by difference	1012	Fructose	fructose	existing	carb_to_sugars
260230	Carbohydrate, by difference	carbohydrate by difference	1013	Lactose	lactose	existing	carb_to_sugars
260230	Carbohydrate, by difference	carbohydrate by difference	1014	Maltose	maltose	existing	carb_to_sugars
260230	Carbohydrate, by difference	carbohydrate by difference	1015	Amylose	amylose	existing	carb_to_complex_carbs
260230	Carbohydrate, by difference	carbohydrate by difference	1016	Amylopectin	amylopectin	existing	carb_to_complex_carbs
260230	Carbohydrate, by difference	carbohydrate by difference	1017	Pectin	pectin	existing	carb_to_complex_carbs
260230	Carbohydrate, by difference	carbohydrate by difference	1019	Pentosan	pentosan	existing	carb_to_complex_carbs
260230	Carbohydrate, by difference	carbohydrate by difference	1020	Pentoses	pentoses	existing	carb_to_complex_carbs
260230	Carbohydrate, by difference	carbohydrate by difference	1021	Hemicellulose	hemicellulose	existing	carb_to_complex_carbs
260230	Carbohydrate, by difference	carbohydrate by difference	1022	Cellulose	cellulose	existing	carb_to_complex_carbs
260230	Carbohydrate, by difference	carbohydrate by difference	1055	Mannitol	mannitol	existing	carb_to_sugars
260230	Carbohydrate, by difference	carbohydrate by difference	1056	Sorbitol	sorbitol	existing	carb_to_sugars
260230	Carbohydrate, by difference	carbohydrate by difference	1065	Glycogen	glycogen	existing	carb_to_complex_carbs
260230	Carbohydrate, by difference	carbohydrate by difference	1071	Resistant starch	resistant starch	existing	carb_to_complex_carbs
260230	Carbohydrate, by difference	carbohydrate by difference	1073	Arabinose	arabinose	existing	carb_to_complex_carbs
260230	Carbohydrate, by difference	carbohydrate by difference	1074	Xylose	xylose	existing	carb_to_complex_carbs
260230	Carbohydrate, by difference	carbohydrate by difference	1075	Galactose	galactose	existing	carb_to_sugars
260230	Carbohydrate, by difference	carbohydrate by difference	1076	Raffinose	raffinose	existing	carb_to_complex_carbs
260230	Carbohydrate, by difference	carbohydrate by difference	1077	Stachyose	stachyose	existing	carb_to_complex_carbs
260230	Carbohydrate, by difference	carbohydrate by difference	1078	Xylitol	xylitol	existing	carb_to_sugars
260230	Carbohydrate, by difference	carbohydrate by difference	1081	Ribose	ribose	existing	carb_to_complex_carbs
260230	Carbohydrate, by difference	carbohydrate by difference	1399	Mannose	mannose	existing	carb_to_complex_carbs
260230	Carbohydrate, by difference	carbohydrate by difference	1400	Triose	triose	existing	carb_to_complex_carbs
260230	Carbohydrate, by difference	carbohydrate by difference	1401	Tetrose	tetrose	existing	carb_to_complex_carbs
260230	Carbohydrate, by difference	carbohydrate by difference	1403	Inulin	inulin	existing	carb_to_complex_carbs
260230	Carbohydrate, by difference	carbohydrate by difference	2063	Verbascose	verbascose	existing	carb_to_complex_carbs
260230	Carbohydrate, by difference	carbohydrate by difference	96415	Dietary fibre and starch	dietary fibre and starch	existing	carb_to_complex_carbs
260230	Carbohydrate, by difference	carbohydrate by difference	97211	STARCH-	starch	existing	carb_to_complex_carbs
260230	Carbohydrate, by difference	carbohydrate by difference	97212	Starch/Glycogen	starch glycogen	existing	carb_to_complex_carbs
260230	Carbohydrate, by difference	carbohydrate by difference	220013	STARCH-(g)	starch	existing	carb_to_complex_carbs
260230	Carbohydrate, by difference	carbohydrate by difference	220107	STARCH-(g)	starch	existing	carb_to_complex_carbs
260230	Carbohydrate, by difference	carbohydrate by difference	240003	(+)-Catechin 3-O-glucose	catechin 3 o glucose	existing	carb_to_sugars
260230	Carbohydrate, by difference	carbohydrate by difference	240144	Caffeoyl glucose	caffeoyl glucose	existing	carb_to_sugars
260230	Carbohydrate, by difference	carbohydrate by difference	240157	Cinnamoyl glucose	cinnamoyl glucose	existing	carb_to_sugars
260230	Carbohydrate, by difference	carbohydrate by difference	240229	Feruloyl glucose	feruloyl glucose	existing	carb_to_sugars
260230	Carbohydrate, by difference	carbohydrate by difference	240238	Galloyl glucose	galloyl glucose	existing	carb_to_sugars
260230	Carbohydrate, by difference	carbohydrate by difference	240499	p-Coumaroyl glucose	p coumaroyl glucose	existing	carb_to_sugars
220113	SUGAR(g)	sugar	260230	Carbohydrate, by difference	carbohydrate by difference	existing	carb_alias
260230	Carbohydrate, by difference	carbohydrate by difference	1009	Starch	starch	existing	carb_to_complex_carbs
260230	Carbohydrate, by difference	carbohydrate by difference	1010	Sucrose	sucrose	existing	carb_to_sugars
260230	Carbohydrate, by difference	carbohydrate by difference	1011	Glucose	glucose	existing	carb_to_sugars
260230	Carbohydrate, by difference	carbohydrate by difference	1012	Fructose	fructose	existing	carb_to_sugars
260230	Carbohydrate, by difference	carbohydrate by difference	1013	Lactose	lactose	existing	carb_to_sugars
260230	Carbohydrate, by difference	carbohydrate by difference	1014	Maltose	maltose	existing	carb_to_sugars
260230	Carbohydrate, by difference	carbohydrate by difference	1015	Amylose	amylose	existing	carb_to_complex_carbs
260230	Carbohydrate, by difference	carbohydrate by difference	1016	Amylopectin	amylopectin	existing	carb_to_complex_carbs
260230	Carbohydrate, by difference	carbohydrate by difference	1017	Pectin	pectin	existing	carb_to_complex_carbs
260230	Carbohydrate, by difference	carbohydrate by difference	1019	Pentosan	pentosan	existing	carb_to_complex_carbs
260230	Carbohydrate, by difference	carbohydrate by difference	1020	Pentoses	pentoses	existing	carb_to_complex_carbs
260230	Carbohydrate, by difference	carbohydrate by difference	1021	Hemicellulose	hemicellulose	existing	carb_to_complex_carbs
260230	Carbohydrate, by difference	carbohydrate by difference	1022	Cellulose	cellulose	existing	carb_to_complex_carbs
260230	Carbohydrate, by difference	carbohydrate by difference	1055	Mannitol	mannitol	existing	carb_to_sugars
260230	Carbohydrate, by difference	carbohydrate by difference	1056	Sorbitol	sorbitol	existing	carb_to_sugars
260230	Carbohydrate, by difference	carbohydrate by difference	1065	Glycogen	glycogen	existing	carb_to_complex_carbs
260230	Carbohydrate, by difference	carbohydrate by difference	1071	Resistant starch	resistant starch	existing	carb_to_complex_carbs
260230	Carbohydrate, by difference	carbohydrate by difference	1073	Arabinose	arabinose	existing	carb_to_complex_carbs
260230	Carbohydrate, by difference	carbohydrate by difference	1074	Xylose	xylose	existing	carb_to_complex_carbs
260230	Carbohydrate, by difference	carbohydrate by difference	1075	Galactose	galactose	existing	carb_to_sugars
260230	Carbohydrate, by difference	carbohydrate by difference	1076	Raffinose	raffinose	existing	carb_to_complex_carbs
260230	Carbohydrate, by difference	carbohydrate by difference	1077	Stachyose	stachyose	existing	carb_to_complex_carbs
260230	Carbohydrate, by difference	carbohydrate by difference	1078	Xylitol	xylitol	existing	carb_to_sugars
260230	Carbohydrate, by difference	carbohydrate by difference	1081	Ribose	ribose	existing	carb_to_complex_carbs
260230	Carbohydrate, by difference	carbohydrate by difference	1399	Mannose	mannose	existing	carb_to_complex_carbs
260230	Carbohydrate, by difference	carbohydrate by difference	1400	Triose	triose	existing	carb_to_complex_carbs
260230	Carbohydrate, by difference	carbohydrate by difference	1401	Tetrose	tetrose	existing	carb_to_complex_carbs
260230	Carbohydrate, by difference	carbohydrate by difference	1403	Inulin	inulin	existing	carb_to_complex_carbs
260230	Carbohydrate, by difference	carbohydrate by difference	2063	Verbascose	verbascose	existing	carb_to_complex_carbs
260230	Carbohydrate, by difference	carbohydrate by difference	96415	Dietary fibre and starch	dietary fibre and starch	existing	carb_to_complex_carbs
260230	Carbohydrate, by difference	carbohydrate by difference	97211	STARCH-	starch	existing	carb_to_complex_carbs
260230	Carbohydrate, by difference	carbohydrate by difference	97212	Starch/Glycogen	starch glycogen	existing	carb_to_complex_carbs
260230	Carbohydrate, by difference	carbohydrate by difference	220013	STARCH-(g)	starch	existing	carb_to_complex_carbs
260230	Carbohydrate, by difference	carbohydrate by difference	220107	STARCH-(g)	starch	existing	carb_to_complex_carbs
260230	Carbohydrate, by difference	carbohydrate by difference	240003	(+)-Catechin 3-O-glucose	catechin 3 o glucose	existing	carb_to_sugars
260230	Carbohydrate, by difference	carbohydrate by difference	240144	Caffeoyl glucose	caffeoyl glucose	existing	carb_to_sugars
260230	Carbohydrate, by difference	carbohydrate by difference	240157	Cinnamoyl glucose	cinnamoyl glucose	existing	carb_to_sugars
260230	Carbohydrate, by difference	carbohydrate by difference	240229	Feruloyl glucose	feruloyl glucose	existing	carb_to_sugars
260230	Carbohydrate, by difference	carbohydrate by difference	240238	Galloyl glucose	galloyl glucose	existing	carb_to_sugars
260230	Carbohydrate, by difference	carbohydrate by difference	240499	p-Coumaroyl glucose	p coumaroyl glucose	existing	carb_to_sugars
230004	Added sugars (g)	added sugars	260230	Carbohydrate, by difference	carbohydrate by difference	existing	carb_alias
260230	Carbohydrate, by difference	carbohydrate by difference	1009	Starch	starch	existing	carb_to_complex_carbs
260230	Carbohydrate, by difference	carbohydrate by difference	1010	Sucrose	sucrose	existing	carb_to_sugars
260230	Carbohydrate, by difference	carbohydrate by difference	1011	Glucose	glucose	existing	carb_to_sugars
260230	Carbohydrate, by difference	carbohydrate by difference	1012	Fructose	fructose	existing	carb_to_sugars
260230	Carbohydrate, by difference	carbohydrate by difference	1013	Lactose	lactose	existing	carb_to_sugars
260230	Carbohydrate, by difference	carbohydrate by difference	1014	Maltose	maltose	existing	carb_to_sugars
260230	Carbohydrate, by difference	carbohydrate by difference	1015	Amylose	amylose	existing	carb_to_complex_carbs
260230	Carbohydrate, by difference	carbohydrate by difference	1016	Amylopectin	amylopectin	existing	carb_to_complex_carbs
260230	Carbohydrate, by difference	carbohydrate by difference	1017	Pectin	pectin	existing	carb_to_complex_carbs
260230	Carbohydrate, by difference	carbohydrate by difference	1019	Pentosan	pentosan	existing	carb_to_complex_carbs
260230	Carbohydrate, by difference	carbohydrate by difference	1020	Pentoses	pentoses	existing	carb_to_complex_carbs
260230	Carbohydrate, by difference	carbohydrate by difference	1021	Hemicellulose	hemicellulose	existing	carb_to_complex_carbs
260230	Carbohydrate, by difference	carbohydrate by difference	1022	Cellulose	cellulose	existing	carb_to_complex_carbs
260230	Carbohydrate, by difference	carbohydrate by difference	1055	Mannitol	mannitol	existing	carb_to_sugars
260230	Carbohydrate, by difference	carbohydrate by difference	1056	Sorbitol	sorbitol	existing	carb_to_sugars
260230	Carbohydrate, by difference	carbohydrate by difference	1065	Glycogen	glycogen	existing	carb_to_complex_carbs
260230	Carbohydrate, by difference	carbohydrate by difference	1071	Resistant starch	resistant starch	existing	carb_to_complex_carbs
260230	Carbohydrate, by difference	carbohydrate by difference	1073	Arabinose	arabinose	existing	carb_to_complex_carbs
260230	Carbohydrate, by difference	carbohydrate by difference	1074	Xylose	xylose	existing	carb_to_complex_carbs
260230	Carbohydrate, by difference	carbohydrate by difference	1075	Galactose	galactose	existing	carb_to_sugars
260230	Carbohydrate, by difference	carbohydrate by difference	1076	Raffinose	raffinose	existing	carb_to_complex_carbs
260230	Carbohydrate, by difference	carbohydrate by difference	1077	Stachyose	stachyose	existing	carb_to_complex_carbs
260230	Carbohydrate, by difference	carbohydrate by difference	1078	Xylitol	xylitol	existing	carb_to_sugars
260230	Carbohydrate, by difference	carbohydrate by difference	1081	Ribose	ribose	existing	carb_to_complex_carbs
260230	Carbohydrate, by difference	carbohydrate by difference	1399	Mannose	mannose	existing	carb_to_complex_carbs
260230	Carbohydrate, by difference	carbohydrate by difference	1400	Triose	triose	existing	carb_to_complex_carbs
260230	Carbohydrate, by difference	carbohydrate by difference	1401	Tetrose	tetrose	existing	carb_to_complex_carbs
260230	Carbohydrate, by difference	carbohydrate by difference	1403	Inulin	inulin	existing	carb_to_complex_carbs
260230	Carbohydrate, by difference	carbohydrate by difference	2063	Verbascose	verbascose	existing	carb_to_complex_carbs
260230	Carbohydrate, by difference	carbohydrate by difference	96415	Dietary fibre and starch	dietary fibre and starch	existing	carb_to_complex_carbs
260230	Carbohydrate, by difference	carbohydrate by difference	97211	STARCH-	starch	existing	carb_to_complex_carbs
260230	Carbohydrate, by difference	carbohydrate by difference	97212	Starch/Glycogen	starch glycogen	existing	carb_to_complex_carbs
260230	Carbohydrate, by difference	carbohydrate by difference	220013	STARCH-(g)	starch	existing	carb_to_complex_carbs
260230	Carbohydrate, by difference	carbohydrate by difference	220107	STARCH-(g)	starch	existing	carb_to_complex_carbs
260230	Carbohydrate, by difference	carbohydrate by difference	240003	(+)-Catechin 3-O-glucose	catechin 3 o glucose	existing	carb_to_sugars
260230	Carbohydrate, by difference	carbohydrate by difference	240144	Caffeoyl glucose	caffeoyl glucose	existing	carb_to_sugars
260230	Carbohydrate, by difference	carbohydrate by difference	240157	Cinnamoyl glucose	cinnamoyl glucose	existing	carb_to_sugars
260230	Carbohydrate, by difference	carbohydrate by difference	240229	Feruloyl glucose	feruloyl glucose	existing	carb_to_sugars
260230	Carbohydrate, by difference	carbohydrate by difference	240238	Galloyl glucose	galloyl glucose	existing	carb_to_sugars
260230	Carbohydrate, by difference	carbohydrate by difference	240499	p-Coumaroyl glucose	p coumaroyl glucose	existing	carb_to_sugars
230010	Available carbohydrate, without sugar alcohols  (g)	available carbohydrate without sugar alcohols	260230	Carbohydrate, by difference	carbohydrate by difference	existing	carb_alias
260230	Carbohydrate, by difference	carbohydrate by difference	1009	Starch	starch	existing	carb_to_complex_carbs
260230	Carbohydrate, by difference	carbohydrate by difference	1010	Sucrose	sucrose	existing	carb_to_sugars
260230	Carbohydrate, by difference	carbohydrate by difference	1011	Glucose	glucose	existing	carb_to_sugars
260230	Carbohydrate, by difference	carbohydrate by difference	1012	Fructose	fructose	existing	carb_to_sugars
260230	Carbohydrate, by difference	carbohydrate by difference	1013	Lactose	lactose	existing	carb_to_sugars
260230	Carbohydrate, by difference	carbohydrate by difference	1014	Maltose	maltose	existing	carb_to_sugars
260230	Carbohydrate, by difference	carbohydrate by difference	1015	Amylose	amylose	existing	carb_to_complex_carbs
260230	Carbohydrate, by difference	carbohydrate by difference	1016	Amylopectin	amylopectin	existing	carb_to_complex_carbs
260230	Carbohydrate, by difference	carbohydrate by difference	1017	Pectin	pectin	existing	carb_to_complex_carbs
260230	Carbohydrate, by difference	carbohydrate by difference	1019	Pentosan	pentosan	existing	carb_to_complex_carbs
260230	Carbohydrate, by difference	carbohydrate by difference	1020	Pentoses	pentoses	existing	carb_to_complex_carbs
260230	Carbohydrate, by difference	carbohydrate by difference	1021	Hemicellulose	hemicellulose	existing	carb_to_complex_carbs
260230	Carbohydrate, by difference	carbohydrate by difference	1022	Cellulose	cellulose	existing	carb_to_complex_carbs
260230	Carbohydrate, by difference	carbohydrate by difference	1055	Mannitol	mannitol	existing	carb_to_sugars
260230	Carbohydrate, by difference	carbohydrate by difference	1056	Sorbitol	sorbitol	existing	carb_to_sugars
260230	Carbohydrate, by difference	carbohydrate by difference	1065	Glycogen	glycogen	existing	carb_to_complex_carbs
260230	Carbohydrate, by difference	carbohydrate by difference	1071	Resistant starch	resistant starch	existing	carb_to_complex_carbs
260230	Carbohydrate, by difference	carbohydrate by difference	1073	Arabinose	arabinose	existing	carb_to_complex_carbs
260230	Carbohydrate, by difference	carbohydrate by difference	1074	Xylose	xylose	existing	carb_to_complex_carbs
260230	Carbohydrate, by difference	carbohydrate by difference	1075	Galactose	galactose	existing	carb_to_sugars
260230	Carbohydrate, by difference	carbohydrate by difference	1076	Raffinose	raffinose	existing	carb_to_complex_carbs
260230	Carbohydrate, by difference	carbohydrate by difference	1077	Stachyose	stachyose	existing	carb_to_complex_carbs
260230	Carbohydrate, by difference	carbohydrate by difference	1078	Xylitol	xylitol	existing	carb_to_sugars
260230	Carbohydrate, by difference	carbohydrate by difference	1081	Ribose	ribose	existing	carb_to_complex_carbs
260230	Carbohydrate, by difference	carbohydrate by difference	1399	Mannose	mannose	existing	carb_to_complex_carbs
260230	Carbohydrate, by difference	carbohydrate by difference	1400	Triose	triose	existing	carb_to_complex_carbs
260230	Carbohydrate, by difference	carbohydrate by difference	1401	Tetrose	tetrose	existing	carb_to_complex_carbs
260230	Carbohydrate, by difference	carbohydrate by difference	1403	Inulin	inulin	existing	carb_to_complex_carbs
260230	Carbohydrate, by difference	carbohydrate by difference	2063	Verbascose	verbascose	existing	carb_to_complex_carbs
260230	Carbohydrate, by difference	carbohydrate by difference	96415	Dietary fibre and starch	dietary fibre and starch	existing	carb_to_complex_carbs
260230	Carbohydrate, by difference	carbohydrate by difference	97211	STARCH-	starch	existing	carb_to_complex_carbs
260230	Carbohydrate, by difference	carbohydrate by difference	97212	Starch/Glycogen	starch glycogen	existing	carb_to_complex_carbs
260230	Carbohydrate, by difference	carbohydrate by difference	220013	STARCH-(g)	starch	existing	carb_to_complex_carbs
260230	Carbohydrate, by difference	carbohydrate by difference	220107	STARCH-(g)	starch	existing	carb_to_complex_carbs
260230	Carbohydrate, by difference	carbohydrate by difference	240003	(+)-Catechin 3-O-glucose	catechin 3 o glucose	existing	carb_to_sugars
260230	Carbohydrate, by difference	carbohydrate by difference	240144	Caffeoyl glucose	caffeoyl glucose	existing	carb_to_sugars
260230	Carbohydrate, by difference	carbohydrate by difference	240157	Cinnamoyl glucose	cinnamoyl glucose	existing	carb_to_sugars
260230	Carbohydrate, by difference	carbohydrate by difference	240229	Feruloyl glucose	feruloyl glucose	existing	carb_to_sugars
260230	Carbohydrate, by difference	carbohydrate by difference	240238	Galloyl glucose	galloyl glucose	existing	carb_to_sugars
260230	Carbohydrate, by difference	carbohydrate by difference	240499	p-Coumaroyl glucose	p coumaroyl glucose	existing	carb_to_sugars
230011	Available carbohydrate, with sugar alcohols  (g)	available carbohydrate with sugar alcohols	260230	Carbohydrate, by difference	carbohydrate by difference	existing	carb_alias
260230	Carbohydrate, by difference	carbohydrate by difference	1009	Starch	starch	existing	carb_to_complex_carbs
260230	Carbohydrate, by difference	carbohydrate by difference	1010	Sucrose	sucrose	existing	carb_to_sugars
260230	Carbohydrate, by difference	carbohydrate by difference	1011	Glucose	glucose	existing	carb_to_sugars
260230	Carbohydrate, by difference	carbohydrate by difference	1012	Fructose	fructose	existing	carb_to_sugars
260230	Carbohydrate, by difference	carbohydrate by difference	1013	Lactose	lactose	existing	carb_to_sugars
260230	Carbohydrate, by difference	carbohydrate by difference	1014	Maltose	maltose	existing	carb_to_sugars
260230	Carbohydrate, by difference	carbohydrate by difference	1015	Amylose	amylose	existing	carb_to_complex_carbs
260230	Carbohydrate, by difference	carbohydrate by difference	1016	Amylopectin	amylopectin	existing	carb_to_complex_carbs
260230	Carbohydrate, by difference	carbohydrate by difference	1017	Pectin	pectin	existing	carb_to_complex_carbs
260230	Carbohydrate, by difference	carbohydrate by difference	1019	Pentosan	pentosan	existing	carb_to_complex_carbs
260230	Carbohydrate, by difference	carbohydrate by difference	1020	Pentoses	pentoses	existing	carb_to_complex_carbs
260230	Carbohydrate, by difference	carbohydrate by difference	1021	Hemicellulose	hemicellulose	existing	carb_to_complex_carbs
260230	Carbohydrate, by difference	carbohydrate by difference	1022	Cellulose	cellulose	existing	carb_to_complex_carbs
260230	Carbohydrate, by difference	carbohydrate by difference	1055	Mannitol	mannitol	existing	carb_to_sugars
260230	Carbohydrate, by difference	carbohydrate by difference	1056	Sorbitol	sorbitol	existing	carb_to_sugars
260230	Carbohydrate, by difference	carbohydrate by difference	1065	Glycogen	glycogen	existing	carb_to_complex_carbs
260230	Carbohydrate, by difference	carbohydrate by difference	1071	Resistant starch	resistant starch	existing	carb_to_complex_carbs
260230	Carbohydrate, by difference	carbohydrate by difference	1073	Arabinose	arabinose	existing	carb_to_complex_carbs
260230	Carbohydrate, by difference	carbohydrate by difference	1074	Xylose	xylose	existing	carb_to_complex_carbs
260230	Carbohydrate, by difference	carbohydrate by difference	1075	Galactose	galactose	existing	carb_to_sugars
260230	Carbohydrate, by difference	carbohydrate by difference	1076	Raffinose	raffinose	existing	carb_to_complex_carbs
260230	Carbohydrate, by difference	carbohydrate by difference	1077	Stachyose	stachyose	existing	carb_to_complex_carbs
260230	Carbohydrate, by difference	carbohydrate by difference	1078	Xylitol	xylitol	existing	carb_to_sugars
260230	Carbohydrate, by difference	carbohydrate by difference	1081	Ribose	ribose	existing	carb_to_complex_carbs
260230	Carbohydrate, by difference	carbohydrate by difference	1399	Mannose	mannose	existing	carb_to_complex_carbs
260230	Carbohydrate, by difference	carbohydrate by difference	1400	Triose	triose	existing	carb_to_complex_carbs
260230	Carbohydrate, by difference	carbohydrate by difference	1401	Tetrose	tetrose	existing	carb_to_complex_carbs
260230	Carbohydrate, by difference	carbohydrate by difference	1403	Inulin	inulin	existing	carb_to_complex_carbs
260230	Carbohydrate, by difference	carbohydrate by difference	2063	Verbascose	verbascose	existing	carb_to_complex_carbs
260230	Carbohydrate, by difference	carbohydrate by difference	96415	Dietary fibre and starch	dietary fibre and starch	existing	carb_to_complex_carbs
260230	Carbohydrate, by difference	carbohydrate by difference	97211	STARCH-	starch	existing	carb_to_complex_carbs
260230	Carbohydrate, by difference	carbohydrate by difference	97212	Starch/Glycogen	starch glycogen	existing	carb_to_complex_carbs
260230	Carbohydrate, by difference	carbohydrate by difference	220013	STARCH-(g)	starch	existing	carb_to_complex_carbs
260230	Carbohydrate, by difference	carbohydrate by difference	220107	STARCH-(g)	starch	existing	carb_to_complex_carbs
260230	Carbohydrate, by difference	carbohydrate by difference	240003	(+)-Catechin 3-O-glucose	catechin 3 o glucose	existing	carb_to_sugars
260230	Carbohydrate, by difference	carbohydrate by difference	240144	Caffeoyl glucose	caffeoyl glucose	existing	carb_to_sugars
260230	Carbohydrate, by difference	carbohydrate by difference	240157	Cinnamoyl glucose	cinnamoyl glucose	existing	carb_to_sugars
260230	Carbohydrate, by difference	carbohydrate by difference	240229	Feruloyl glucose	feruloyl glucose	existing	carb_to_sugars
260230	Carbohydrate, by difference	carbohydrate by difference	240238	Galloyl glucose	galloyl glucose	existing	carb_to_sugars
260230	Carbohydrate, by difference	carbohydrate by difference	240499	p-Coumaroyl glucose	p coumaroyl glucose	existing	carb_to_sugars
230059	Total saturated fatty acids, equated (%T)	saturated fatty acids equated t	1259	SFA 4:0	sfa 4 0	existing	fatty_acids_total_to_individual_existing
230059	Total saturated fatty acids, equated (%T)	saturated fatty acids equated t	1260	SFA 6:0	sfa 6 0	existing	fatty_acids_total_to_individual_existing
230059	Total saturated fatty acids, equated (%T)	saturated fatty acids equated t	1261	SFA 8:0	sfa 8 0	existing	fatty_acids_total_to_individual_existing
230059	Total saturated fatty acids, equated (%T)	saturated fatty acids equated t	1262	SFA 10:0	sfa 10 0	existing	fatty_acids_total_to_individual_existing
230059	Total saturated fatty acids, equated (%T)	saturated fatty acids equated t	1263	SFA 12:0	sfa 12 0	existing	fatty_acids_total_to_individual_existing
230059	Total saturated fatty acids, equated (%T)	saturated fatty acids equated t	1264	SFA 14:0	sfa 14 0	existing	fatty_acids_total_to_individual_existing
230059	Total saturated fatty acids, equated (%T)	saturated fatty acids equated t	1265	SFA 16:0	sfa 16 0	existing	fatty_acids_total_to_individual_existing
230059	Total saturated fatty acids, equated (%T)	saturated fatty acids equated t	1266	SFA 18:0	sfa 18 0	existing	fatty_acids_total_to_individual_existing
230059	Total saturated fatty acids, equated (%T)	saturated fatty acids equated t	1267	SFA 20:0	sfa 20 0	existing	fatty_acids_total_to_individual_existing
230059	Total saturated fatty acids, equated (%T)	saturated fatty acids equated t	1268	MUFA 18:1	mufa 18 1	existing	fatty_acids_total_to_individual_existing
230059	Total saturated fatty acids, equated (%T)	saturated fatty acids equated t	1269	PUFA 18:2	pufa 18 2	existing	fatty_acids_total_to_individual_existing
230059	Total saturated fatty acids, equated (%T)	saturated fatty acids equated t	1270	PUFA 18:3	pufa 18 3	existing	fatty_acids_total_to_individual_existing
230059	Total saturated fatty acids, equated (%T)	saturated fatty acids equated t	1271	PUFA 20:4	pufa 20 4	existing	fatty_acids_total_to_individual_existing
230059	Total saturated fatty acids, equated (%T)	saturated fatty acids equated t	1272	PUFA 22:6 n-3 (DHA)	pufa 22 6 n 3	existing	fatty_acids_total_to_individual_existing
230059	Total saturated fatty acids, equated (%T)	saturated fatty acids equated t	1273	SFA 22:0	sfa 22 0	existing	fatty_acids_total_to_individual_existing
230059	Total saturated fatty acids, equated (%T)	saturated fatty acids equated t	1274	MUFA 14:1	mufa 14 1	existing	fatty_acids_total_to_individual_existing
230059	Total saturated fatty acids, equated (%T)	saturated fatty acids equated t	1275	MUFA 16:1	mufa 16 1	existing	fatty_acids_total_to_individual_existing
230059	Total saturated fatty acids, equated (%T)	saturated fatty acids equated t	1276	PUFA 18:4	pufa 18 4	existing	fatty_acids_total_to_individual_existing
230059	Total saturated fatty acids, equated (%T)	saturated fatty acids equated t	1277	MUFA 20:1	mufa 20 1	existing	fatty_acids_total_to_individual_existing
230059	Total saturated fatty acids, equated (%T)	saturated fatty acids equated t	1278	PUFA 20:5 n-3 (EPA)	pufa 20 5 n 3	existing	fatty_acids_total_to_individual_existing
230059	Total saturated fatty acids, equated (%T)	saturated fatty acids equated t	1279	MUFA 22:1	mufa 22 1	existing	fatty_acids_total_to_individual_existing
230059	Total saturated fatty acids, equated (%T)	saturated fatty acids equated t	1280	PUFA 22:5 n-3 (DPA)	pufa 22 5 n 3	existing	fatty_acids_total_to_individual_existing
230059	Total saturated fatty acids, equated (%T)	saturated fatty acids equated t	1281	TFA 14:1 t	tfa 14 1 t	existing	fatty_acids_total_to_individual_existing
230059	Total saturated fatty acids, equated (%T)	saturated fatty acids equated t	1299	SFA 15:0	sfa 15 0	existing	fatty_acids_total_to_individual_existing
230059	Total saturated fatty acids, equated (%T)	saturated fatty acids equated t	1300	SFA 17:0	sfa 17 0	existing	fatty_acids_total_to_individual_existing
230059	Total saturated fatty acids, equated (%T)	saturated fatty acids equated t	1301	SFA 24:0	sfa 24 0	existing	fatty_acids_total_to_individual_existing
230059	Total saturated fatty acids, equated (%T)	saturated fatty acids equated t	1303	TFA 16:1 t	tfa 16 1 t	existing	fatty_acids_total_to_individual_existing
230059	Total saturated fatty acids, equated (%T)	saturated fatty acids equated t	1304	TFA 18:1 t	tfa 18 1 t	existing	fatty_acids_total_to_individual_existing
230059	Total saturated fatty acids, equated (%T)	saturated fatty acids equated t	1305	TFA 22:1 t	tfa 22 1 t	existing	fatty_acids_total_to_individual_existing
230059	Total saturated fatty acids, equated (%T)	saturated fatty acids equated t	1306	TFA 18:2 t not further defined	tfa 18 2 t not further defined	existing	fatty_acids_total_to_individual_existing
230059	Total saturated fatty acids, equated (%T)	saturated fatty acids equated t	1307	PUFA 18:2 i	pufa 18 2 i	existing	fatty_acids_total_to_individual_existing
230059	Total saturated fatty acids, equated (%T)	saturated fatty acids equated t	1308	PUFA 18:2 t,c	pufa 18 2 t c	existing	fatty_acids_total_to_individual_existing
230059	Total saturated fatty acids, equated (%T)	saturated fatty acids equated t	1309	PUFA 18:2 c,t	pufa 18 2 c t	existing	fatty_acids_total_to_individual_existing
230059	Total saturated fatty acids, equated (%T)	saturated fatty acids equated t	1310	TFA 18:2 t,t	tfa 18 2 t t	existing	fatty_acids_total_to_individual_existing
230059	Total saturated fatty acids, equated (%T)	saturated fatty acids equated t	1311	PUFA 18:2 CLAs	pufa 18 2 clas	existing	fatty_acids_total_to_individual_existing
230059	Total saturated fatty acids, equated (%T)	saturated fatty acids equated t	1312	MUFA 24:1 c	mufa 24 1 c	existing	fatty_acids_total_to_individual_existing
230059	Total saturated fatty acids, equated (%T)	saturated fatty acids equated t	1313	PUFA 20:2 n-6 c,c	pufa 20 2 n 6 c c	existing	fatty_acids_total_to_individual_existing
230059	Total saturated fatty acids, equated (%T)	saturated fatty acids equated t	1314	MUFA 16:1 c	mufa 16 1 c	existing	fatty_acids_total_to_individual_existing
230059	Total saturated fatty acids, equated (%T)	saturated fatty acids equated t	1315	MUFA 18:1 c	mufa 18 1 c	existing	fatty_acids_total_to_individual_existing
230059	Total saturated fatty acids, equated (%T)	saturated fatty acids equated t	1316	PUFA 18:2 n-6 c,c	pufa 18 2 n 6 c c	existing	fatty_acids_total_to_individual_existing
230059	Total saturated fatty acids, equated (%T)	saturated fatty acids equated t	1317	MUFA 22:1 c	mufa 22 1 c	existing	fatty_acids_total_to_individual_existing
230059	Total saturated fatty acids, equated (%T)	saturated fatty acids equated t	1321	PUFA 18:3 n-6 c,c,c	pufa 18 3 n 6 c c c	existing	fatty_acids_total_to_individual_existing
230059	Total saturated fatty acids, equated (%T)	saturated fatty acids equated t	1322	SFA 19:0	sfa 19 0	existing	fatty_acids_total_to_individual_existing
230059	Total saturated fatty acids, equated (%T)	saturated fatty acids equated t	1323	MUFA 17:1	mufa 17 1	existing	fatty_acids_total_to_individual_existing
230059	Total saturated fatty acids, equated (%T)	saturated fatty acids equated t	1324	PUFA 16:2	pufa 16 2	existing	fatty_acids_total_to_individual_existing
230059	Total saturated fatty acids, equated (%T)	saturated fatty acids equated t	1325	PUFA 20:3	pufa 20 3	existing	fatty_acids_total_to_individual_existing
230059	Total saturated fatty acids, equated (%T)	saturated fatty acids equated t	1332	SFA 13:0	sfa 13 0	existing	fatty_acids_total_to_individual_existing
230059	Total saturated fatty acids, equated (%T)	saturated fatty acids equated t	1333	MUFA 15:1	mufa 15 1	existing	fatty_acids_total_to_individual_existing
230059	Total saturated fatty acids, equated (%T)	saturated fatty acids equated t	1334	PUFA 22:2	pufa 22 2	existing	fatty_acids_total_to_individual_existing
230059	Total saturated fatty acids, equated (%T)	saturated fatty acids equated t	1335	SFA 11:0	sfa 11 0	existing	fatty_acids_total_to_individual_existing
230059	Total saturated fatty acids, equated (%T)	saturated fatty acids equated t	1404	PUFA 18:3 n-3 c,c,c (ALA)	pufa 18 3 n 3 c c c	existing	fatty_acids_total_to_individual_existing
230059	Total saturated fatty acids, equated (%T)	saturated fatty acids equated t	1405	PUFA 20:3 n-3	pufa 20 3 n 3	existing	fatty_acids_total_to_individual_existing
230059	Total saturated fatty acids, equated (%T)	saturated fatty acids equated t	1406	PUFA 20:3 n-6	pufa 20 3 n 6	existing	fatty_acids_total_to_individual_existing
230059	Total saturated fatty acids, equated (%T)	saturated fatty acids equated t	1407	PUFA 20:4 n-3	pufa 20 4 n 3	existing	fatty_acids_total_to_individual_existing
230059	Total saturated fatty acids, equated (%T)	saturated fatty acids equated t	1408	PUFA 20:4 n-6	pufa 20 4 n 6	existing	fatty_acids_total_to_individual_existing
230059	Total saturated fatty acids, equated (%T)	saturated fatty acids equated t	1409	PUFA 18:3i	pufa 18 3i	existing	fatty_acids_total_to_individual_existing
230059	Total saturated fatty acids, equated (%T)	saturated fatty acids equated t	1410	PUFA 21:5	pufa 21 5	existing	fatty_acids_total_to_individual_existing
230059	Total saturated fatty acids, equated (%T)	saturated fatty acids equated t	1411	PUFA 22:4	pufa 22 4	existing	fatty_acids_total_to_individual_existing
230059	Total saturated fatty acids, equated (%T)	saturated fatty acids equated t	1412	MUFA 18:1-11 t (18:1t n-7)	mufa 18 1 11 t 18 1t n 7	existing	fatty_acids_total_to_individual_existing
230059	Total saturated fatty acids, equated (%T)	saturated fatty acids equated t	1413	MUFA 18:1-11 c (18:1c n-7)	mufa 18 1 11 c 18 1c n 7	existing	fatty_acids_total_to_individual_existing
230059	Total saturated fatty acids, equated (%T)	saturated fatty acids equated t	1414	PUFA 20:3 n-9	pufa 20 3 n 9	existing	fatty_acids_total_to_individual_existing
230059	Total saturated fatty acids, equated (%T)	saturated fatty acids equated t	2003	SFA 5:0	sfa 5 0	existing	fatty_acids_total_to_individual_existing
230059	Total saturated fatty acids, equated (%T)	saturated fatty acids equated t	2004	SFA 7:0	sfa 7 0	existing	fatty_acids_total_to_individual_existing
230059	Total saturated fatty acids, equated (%T)	saturated fatty acids equated t	2005	SFA 9:0	sfa 9 0	existing	fatty_acids_total_to_individual_existing
230059	Total saturated fatty acids, equated (%T)	saturated fatty acids equated t	2006	SFA 21:0	sfa 21 0	existing	fatty_acids_total_to_individual_existing
230059	Total saturated fatty acids, equated (%T)	saturated fatty acids equated t	2007	SFA 23:0	sfa 23 0	existing	fatty_acids_total_to_individual_existing
230059	Total saturated fatty acids, equated (%T)	saturated fatty acids equated t	2008	MUFA 12:1	mufa 12 1	existing	fatty_acids_total_to_individual_existing
230059	Total saturated fatty acids, equated (%T)	saturated fatty acids equated t	2009	MUFA 14:1 c	mufa 14 1 c	existing	fatty_acids_total_to_individual_existing
230059	Total saturated fatty acids, equated (%T)	saturated fatty acids equated t	2010	MUFA 17:1 c	mufa 17 1 c	existing	fatty_acids_total_to_individual_existing
230059	Total saturated fatty acids, equated (%T)	saturated fatty acids equated t	2011	TFA 17:1 t	tfa 17 1 t	existing	fatty_acids_total_to_individual_existing
230059	Total saturated fatty acids, equated (%T)	saturated fatty acids equated t	2012	MUFA 20:1 c	mufa 20 1 c	existing	fatty_acids_total_to_individual_existing
230059	Total saturated fatty acids, equated (%T)	saturated fatty acids equated t	2013	TFA 20:1 t	tfa 20 1 t	existing	fatty_acids_total_to_individual_existing
230059	Total saturated fatty acids, equated (%T)	saturated fatty acids equated t	2014	MUFA 22:1 n-9	mufa 22 1 n 9	existing	fatty_acids_total_to_individual_existing
230059	Total saturated fatty acids, equated (%T)	saturated fatty acids equated t	2015	MUFA 22:1 n-11	mufa 22 1 n 11	existing	fatty_acids_total_to_individual_existing
230059	Total saturated fatty acids, equated (%T)	saturated fatty acids equated t	2016	PUFA 18:2 c	pufa 18 2 c	existing	fatty_acids_total_to_individual_existing
230059	Total saturated fatty acids, equated (%T)	saturated fatty acids equated t	2017	TFA 18:2 t	tfa 18 2 t	existing	fatty_acids_total_to_individual_existing
230059	Total saturated fatty acids, equated (%T)	saturated fatty acids equated t	2018	PUFA 18:3 c	pufa 18 3 c	existing	fatty_acids_total_to_individual_existing
230059	Total saturated fatty acids, equated (%T)	saturated fatty acids equated t	2019	TFA 18:3 t	tfa 18 3 t	existing	fatty_acids_total_to_individual_existing
230059	Total saturated fatty acids, equated (%T)	saturated fatty acids equated t	2020	PUFA 20:3 c	pufa 20 3 c	existing	fatty_acids_total_to_individual_existing
230059	Total saturated fatty acids, equated (%T)	saturated fatty acids equated t	2021	PUFA 22:3	pufa 22 3	existing	fatty_acids_total_to_individual_existing
230059	Total saturated fatty acids, equated (%T)	saturated fatty acids equated t	2022	PUFA 20:4c	pufa 20 4c	existing	fatty_acids_total_to_individual_existing
230059	Total saturated fatty acids, equated (%T)	saturated fatty acids equated t	2023	PUFA 20:5c	pufa 20 5c	existing	fatty_acids_total_to_individual_existing
230059	Total saturated fatty acids, equated (%T)	saturated fatty acids equated t	2024	PUFA 22:5 c	pufa 22 5 c	existing	fatty_acids_total_to_individual_existing
230059	Total saturated fatty acids, equated (%T)	saturated fatty acids equated t	2025	PUFA 22:6 c	pufa 22 6 c	existing	fatty_acids_total_to_individual_existing
230059	Total saturated fatty acids, equated (%T)	saturated fatty acids equated t	2026	PUFA 20:2 c	pufa 20 2 c	existing	fatty_acids_total_to_individual_existing
230059	Total saturated fatty acids, equated (%T)	saturated fatty acids equated t	96718	FA 10:0	fa 10 0	existing	fatty_acids_total_to_individual_existing
230059	Total saturated fatty acids, equated (%T)	saturated fatty acids equated t	96719	FA 12:0	fa 12 0	existing	fatty_acids_total_to_individual_existing
230059	Total saturated fatty acids, equated (%T)	saturated fatty acids equated t	96720	FA 14:0	fa 14 0	existing	fatty_acids_total_to_individual_existing
230059	Total saturated fatty acids, equated (%T)	saturated fatty acids equated t	96721	FA 16:0	fa 16 0	existing	fatty_acids_total_to_individual_existing
230059	Total saturated fatty acids, equated (%T)	saturated fatty acids equated t	96722	FA 18:0	fa 18 0	existing	fatty_acids_total_to_individual_existing
230059	Total saturated fatty acids, equated (%T)	saturated fatty acids equated t	96723	FA 18:1 n-9 cis	fa 18 1 n 9 cis	existing	fatty_acids_total_to_individual_existing
230059	Total saturated fatty acids, equated (%T)	saturated fatty acids equated t	96724	FA 18:2 9c,12c (n-6)	fa 18 2 9c 12c n 6	existing	fatty_acids_total_to_individual_existing
230059	Total saturated fatty acids, equated (%T)	saturated fatty acids equated t	96725	FA 18:3 c9,c12,c15 (n-3)	fa 18 3 c9 c12 c15 n 3	existing	fatty_acids_total_to_individual_existing
230059	Total saturated fatty acids, equated (%T)	saturated fatty acids equated t	96726	FA 20:4 5c,8c,11c,14c (n-6)	fa 20 4 5c 8c 11c 14c n 6	existing	fatty_acids_total_to_individual_existing
230059	Total saturated fatty acids, equated (%T)	saturated fatty acids equated t	96727	FA 4:0	fa 4 0	existing	fatty_acids_total_to_individual_existing
230059	Total saturated fatty acids, equated (%T)	saturated fatty acids equated t	96728	FA 6:0	fa 6 0	existing	fatty_acids_total_to_individual_existing
230059	Total saturated fatty acids, equated (%T)	saturated fatty acids equated t	96729	FA 8:0	fa 8 0	existing	fatty_acids_total_to_individual_existing
230059	Total saturated fatty acids, equated (%T)	saturated fatty acids equated t	240075	5,3',4'-Trihydroxy-3-methoxy-6:7-methylenedioxyflavone 4'-O-glucuronide	5 3 4 trihydroxy 3 methoxy 6 7 methylenedioxyflavone 4 o glucuronide	existing	fatty_acids_total_to_individual_existing
230059	Total saturated fatty acids, equated (%T)	saturated fatty acids equated t	240076	5,4'-Dihydroxy-3,3'-dimethoxy-6:7-methylenedioxyflavone 4'-O-glucuronide	5 4 dihydroxy 3 3 dimethoxy 6 7 methylenedioxyflavone 4 o glucuronide	existing	fatty_acids_total_to_individual_existing
230059	Total saturated fatty acids, equated (%T)	saturated fatty acids equated t	250036	Fatty acid 10:0	fatty acid 10 0	existing	fatty_acids_total_to_individual_existing
230059	Total saturated fatty acids, equated (%T)	saturated fatty acids equated t	250037	Fatty acid 12:0	fatty acid 12 0	existing	fatty_acids_total_to_individual_existing
230059	Total saturated fatty acids, equated (%T)	saturated fatty acids equated t	250038	Fatty acid 14:0	fatty acid 14 0	existing	fatty_acids_total_to_individual_existing
230059	Total saturated fatty acids, equated (%T)	saturated fatty acids equated t	250039	Fatty acid 15:0	fatty acid 15 0	existing	fatty_acids_total_to_individual_existing
230059	Total saturated fatty acids, equated (%T)	saturated fatty acids equated t	250040	Fatty acid 16:0	fatty acid 16 0	existing	fatty_acids_total_to_individual_existing
230059	Total saturated fatty acids, equated (%T)	saturated fatty acids equated t	250041	Fatty acid 17:0	fatty acid 17 0	existing	fatty_acids_total_to_individual_existing
230059	Total saturated fatty acids, equated (%T)	saturated fatty acids equated t	250042	Fatty acid 18:0	fatty acid 18 0	existing	fatty_acids_total_to_individual_existing
230059	Total saturated fatty acids, equated (%T)	saturated fatty acids equated t	250043	Fatty acid 20:0	fatty acid 20 0	existing	fatty_acids_total_to_individual_existing
230059	Total saturated fatty acids, equated (%T)	saturated fatty acids equated t	250044	Fatty acid 22:0	fatty acid 22 0	existing	fatty_acids_total_to_individual_existing
230059	Total saturated fatty acids, equated (%T)	saturated fatty acids equated t	250045	Fatty acid 24:0	fatty acid 24 0	existing	fatty_acids_total_to_individual_existing
230059	Total saturated fatty acids, equated (%T)	saturated fatty acids equated t	250046	Fatty acid 10:1	fatty acid 10 1	existing	fatty_acids_total_to_individual_existing
230059	Total saturated fatty acids, equated (%T)	saturated fatty acids equated t	250047	Fatty acid 14:1	fatty acid 14 1	existing	fatty_acids_total_to_individual_existing
230059	Total saturated fatty acids, equated (%T)	saturated fatty acids equated t	250048	Fatty acid 15:1	fatty acid 15 1	existing	fatty_acids_total_to_individual_existing
230059	Total saturated fatty acids, equated (%T)	saturated fatty acids equated t	250049	Fatty acid 16:1	fatty acid 16 1	existing	fatty_acids_total_to_individual_existing
230059	Total saturated fatty acids, equated (%T)	saturated fatty acids equated t	250050	Fatty acid 17:1	fatty acid 17 1	existing	fatty_acids_total_to_individual_existing
230059	Total saturated fatty acids, equated (%T)	saturated fatty acids equated t	250051	Fatty acid 18:1 undifferentiated	fatty acid 18 1 undifferentiated	existing	fatty_acids_total_to_individual_existing
230059	Total saturated fatty acids, equated (%T)	saturated fatty acids equated t	250052	Fatty acid 20:1	fatty acid 20 1	existing	fatty_acids_total_to_individual_existing
230059	Total saturated fatty acids, equated (%T)	saturated fatty acids equated t	250053	Fatty acid 22:1	fatty acid 22 1	existing	fatty_acids_total_to_individual_existing
230059	Total saturated fatty acids, equated (%T)	saturated fatty acids equated t	250054	Fatty acid 24:1	fatty acid 24 1	existing	fatty_acids_total_to_individual_existing
230059	Total saturated fatty acids, equated (%T)	saturated fatty acids equated t	250055	Fatty acid 16:2	fatty acid 16 2	existing	fatty_acids_total_to_individual_existing
230059	Total saturated fatty acids, equated (%T)	saturated fatty acids equated t	250056	Fatty acid 16:3	fatty acid 16 3	existing	fatty_acids_total_to_individual_existing
230059	Total saturated fatty acids, equated (%T)	saturated fatty acids equated t	250057	Fatty acid 16:4	fatty acid 16 4	existing	fatty_acids_total_to_individual_existing
230059	Total saturated fatty acids, equated (%T)	saturated fatty acids equated t	250058	Fatty acid 18:2 n-6	fatty acid 18 2 n 6	existing	fatty_acids_total_to_individual_existing
230059	Total saturated fatty acids, equated (%T)	saturated fatty acids equated t	250059	Fatty acid 18:3 n-3	fatty acid 18 3 n 3	existing	fatty_acids_total_to_individual_existing
230059	Total saturated fatty acids, equated (%T)	saturated fatty acids equated t	250060	Fatty acid 18:3 n-6	fatty acid 18 3 n 6	existing	fatty_acids_total_to_individual_existing
230059	Total saturated fatty acids, equated (%T)	saturated fatty acids equated t	250061	Fatty acid 18:4 n-3	fatty acid 18 4 n 3	existing	fatty_acids_total_to_individual_existing
230059	Total saturated fatty acids, equated (%T)	saturated fatty acids equated t	250062	Fatty acid 20:2 n-6	fatty acid 20 2 n 6	existing	fatty_acids_total_to_individual_existing
230059	Total saturated fatty acids, equated (%T)	saturated fatty acids equated t	250063	Fatty acid 20:3 n-6	fatty acid 20 3 n 6	existing	fatty_acids_total_to_individual_existing
230059	Total saturated fatty acids, equated (%T)	saturated fatty acids equated t	250064	Fatty acid 20:4 n-3	fatty acid 20 4 n 3	existing	fatty_acids_total_to_individual_existing
230059	Total saturated fatty acids, equated (%T)	saturated fatty acids equated t	250065	Fatty acid 20:4 n-6	fatty acid 20 4 n 6	existing	fatty_acids_total_to_individual_existing
230059	Total saturated fatty acids, equated (%T)	saturated fatty acids equated t	250066	Fatty acid 20:5 n-3	fatty acid 20 5 n 3	existing	fatty_acids_total_to_individual_existing
230059	Total saturated fatty acids, equated (%T)	saturated fatty acids equated t	250067	Fatty acid 21:5 n-3	fatty acid 21 5 n 3	existing	fatty_acids_total_to_individual_existing
230059	Total saturated fatty acids, equated (%T)	saturated fatty acids equated t	250068	Fatty acid 22:2	fatty acid 22 2	existing	fatty_acids_total_to_individual_existing
230059	Total saturated fatty acids, equated (%T)	saturated fatty acids equated t	250069	Fatty acid 22:4 n-6	fatty acid 22 4 n 6	existing	fatty_acids_total_to_individual_existing
230059	Total saturated fatty acids, equated (%T)	saturated fatty acids equated t	250070	Fatty acid 22:5 n-3	fatty acid 22 5 n 3	existing	fatty_acids_total_to_individual_existing
230059	Total saturated fatty acids, equated (%T)	saturated fatty acids equated t	250071	Fatty acid 22:5 n-6	fatty acid 22 5 n 6	existing	fatty_acids_total_to_individual_existing
230059	Total saturated fatty acids, equated (%T)	saturated fatty acids equated t	250072	Fatty acid 22:6 n-3	fatty acid 22 6 n 3	existing	fatty_acids_total_to_individual_existing
230072	Total monounsaturated fatty acids, equated (%T)	monounsaturated fatty acids equated t	1259	SFA 4:0	sfa 4 0	existing	fatty_acids_total_to_individual_existing
230072	Total monounsaturated fatty acids, equated (%T)	monounsaturated fatty acids equated t	1260	SFA 6:0	sfa 6 0	existing	fatty_acids_total_to_individual_existing
230072	Total monounsaturated fatty acids, equated (%T)	monounsaturated fatty acids equated t	1261	SFA 8:0	sfa 8 0	existing	fatty_acids_total_to_individual_existing
230072	Total monounsaturated fatty acids, equated (%T)	monounsaturated fatty acids equated t	1262	SFA 10:0	sfa 10 0	existing	fatty_acids_total_to_individual_existing
230072	Total monounsaturated fatty acids, equated (%T)	monounsaturated fatty acids equated t	1263	SFA 12:0	sfa 12 0	existing	fatty_acids_total_to_individual_existing
230072	Total monounsaturated fatty acids, equated (%T)	monounsaturated fatty acids equated t	1264	SFA 14:0	sfa 14 0	existing	fatty_acids_total_to_individual_existing
230072	Total monounsaturated fatty acids, equated (%T)	monounsaturated fatty acids equated t	1265	SFA 16:0	sfa 16 0	existing	fatty_acids_total_to_individual_existing
230072	Total monounsaturated fatty acids, equated (%T)	monounsaturated fatty acids equated t	1266	SFA 18:0	sfa 18 0	existing	fatty_acids_total_to_individual_existing
230072	Total monounsaturated fatty acids, equated (%T)	monounsaturated fatty acids equated t	1267	SFA 20:0	sfa 20 0	existing	fatty_acids_total_to_individual_existing
230072	Total monounsaturated fatty acids, equated (%T)	monounsaturated fatty acids equated t	1268	MUFA 18:1	mufa 18 1	existing	fatty_acids_total_to_individual_existing
230072	Total monounsaturated fatty acids, equated (%T)	monounsaturated fatty acids equated t	1269	PUFA 18:2	pufa 18 2	existing	fatty_acids_total_to_individual_existing
230072	Total monounsaturated fatty acids, equated (%T)	monounsaturated fatty acids equated t	1270	PUFA 18:3	pufa 18 3	existing	fatty_acids_total_to_individual_existing
230072	Total monounsaturated fatty acids, equated (%T)	monounsaturated fatty acids equated t	1271	PUFA 20:4	pufa 20 4	existing	fatty_acids_total_to_individual_existing
230072	Total monounsaturated fatty acids, equated (%T)	monounsaturated fatty acids equated t	1272	PUFA 22:6 n-3 (DHA)	pufa 22 6 n 3	existing	fatty_acids_total_to_individual_existing
230072	Total monounsaturated fatty acids, equated (%T)	monounsaturated fatty acids equated t	1273	SFA 22:0	sfa 22 0	existing	fatty_acids_total_to_individual_existing
230072	Total monounsaturated fatty acids, equated (%T)	monounsaturated fatty acids equated t	1274	MUFA 14:1	mufa 14 1	existing	fatty_acids_total_to_individual_existing
230072	Total monounsaturated fatty acids, equated (%T)	monounsaturated fatty acids equated t	1275	MUFA 16:1	mufa 16 1	existing	fatty_acids_total_to_individual_existing
230072	Total monounsaturated fatty acids, equated (%T)	monounsaturated fatty acids equated t	1276	PUFA 18:4	pufa 18 4	existing	fatty_acids_total_to_individual_existing
230072	Total monounsaturated fatty acids, equated (%T)	monounsaturated fatty acids equated t	1277	MUFA 20:1	mufa 20 1	existing	fatty_acids_total_to_individual_existing
230072	Total monounsaturated fatty acids, equated (%T)	monounsaturated fatty acids equated t	1278	PUFA 20:5 n-3 (EPA)	pufa 20 5 n 3	existing	fatty_acids_total_to_individual_existing
230072	Total monounsaturated fatty acids, equated (%T)	monounsaturated fatty acids equated t	1279	MUFA 22:1	mufa 22 1	existing	fatty_acids_total_to_individual_existing
230072	Total monounsaturated fatty acids, equated (%T)	monounsaturated fatty acids equated t	1280	PUFA 22:5 n-3 (DPA)	pufa 22 5 n 3	existing	fatty_acids_total_to_individual_existing
230072	Total monounsaturated fatty acids, equated (%T)	monounsaturated fatty acids equated t	1281	TFA 14:1 t	tfa 14 1 t	existing	fatty_acids_total_to_individual_existing
230072	Total monounsaturated fatty acids, equated (%T)	monounsaturated fatty acids equated t	1299	SFA 15:0	sfa 15 0	existing	fatty_acids_total_to_individual_existing
230072	Total monounsaturated fatty acids, equated (%T)	monounsaturated fatty acids equated t	1300	SFA 17:0	sfa 17 0	existing	fatty_acids_total_to_individual_existing
230072	Total monounsaturated fatty acids, equated (%T)	monounsaturated fatty acids equated t	1301	SFA 24:0	sfa 24 0	existing	fatty_acids_total_to_individual_existing
230072	Total monounsaturated fatty acids, equated (%T)	monounsaturated fatty acids equated t	1303	TFA 16:1 t	tfa 16 1 t	existing	fatty_acids_total_to_individual_existing
230072	Total monounsaturated fatty acids, equated (%T)	monounsaturated fatty acids equated t	1304	TFA 18:1 t	tfa 18 1 t	existing	fatty_acids_total_to_individual_existing
230072	Total monounsaturated fatty acids, equated (%T)	monounsaturated fatty acids equated t	1305	TFA 22:1 t	tfa 22 1 t	existing	fatty_acids_total_to_individual_existing
230072	Total monounsaturated fatty acids, equated (%T)	monounsaturated fatty acids equated t	1306	TFA 18:2 t not further defined	tfa 18 2 t not further defined	existing	fatty_acids_total_to_individual_existing
230072	Total monounsaturated fatty acids, equated (%T)	monounsaturated fatty acids equated t	1307	PUFA 18:2 i	pufa 18 2 i	existing	fatty_acids_total_to_individual_existing
230072	Total monounsaturated fatty acids, equated (%T)	monounsaturated fatty acids equated t	1308	PUFA 18:2 t,c	pufa 18 2 t c	existing	fatty_acids_total_to_individual_existing
230072	Total monounsaturated fatty acids, equated (%T)	monounsaturated fatty acids equated t	1309	PUFA 18:2 c,t	pufa 18 2 c t	existing	fatty_acids_total_to_individual_existing
230072	Total monounsaturated fatty acids, equated (%T)	monounsaturated fatty acids equated t	1310	TFA 18:2 t,t	tfa 18 2 t t	existing	fatty_acids_total_to_individual_existing
230072	Total monounsaturated fatty acids, equated (%T)	monounsaturated fatty acids equated t	1311	PUFA 18:2 CLAs	pufa 18 2 clas	existing	fatty_acids_total_to_individual_existing
230072	Total monounsaturated fatty acids, equated (%T)	monounsaturated fatty acids equated t	1312	MUFA 24:1 c	mufa 24 1 c	existing	fatty_acids_total_to_individual_existing
230072	Total monounsaturated fatty acids, equated (%T)	monounsaturated fatty acids equated t	1313	PUFA 20:2 n-6 c,c	pufa 20 2 n 6 c c	existing	fatty_acids_total_to_individual_existing
230072	Total monounsaturated fatty acids, equated (%T)	monounsaturated fatty acids equated t	1314	MUFA 16:1 c	mufa 16 1 c	existing	fatty_acids_total_to_individual_existing
230072	Total monounsaturated fatty acids, equated (%T)	monounsaturated fatty acids equated t	1315	MUFA 18:1 c	mufa 18 1 c	existing	fatty_acids_total_to_individual_existing
230072	Total monounsaturated fatty acids, equated (%T)	monounsaturated fatty acids equated t	1316	PUFA 18:2 n-6 c,c	pufa 18 2 n 6 c c	existing	fatty_acids_total_to_individual_existing
230072	Total monounsaturated fatty acids, equated (%T)	monounsaturated fatty acids equated t	1317	MUFA 22:1 c	mufa 22 1 c	existing	fatty_acids_total_to_individual_existing
230072	Total monounsaturated fatty acids, equated (%T)	monounsaturated fatty acids equated t	1321	PUFA 18:3 n-6 c,c,c	pufa 18 3 n 6 c c c	existing	fatty_acids_total_to_individual_existing
230072	Total monounsaturated fatty acids, equated (%T)	monounsaturated fatty acids equated t	1322	SFA 19:0	sfa 19 0	existing	fatty_acids_total_to_individual_existing
230072	Total monounsaturated fatty acids, equated (%T)	monounsaturated fatty acids equated t	1323	MUFA 17:1	mufa 17 1	existing	fatty_acids_total_to_individual_existing
230072	Total monounsaturated fatty acids, equated (%T)	monounsaturated fatty acids equated t	1324	PUFA 16:2	pufa 16 2	existing	fatty_acids_total_to_individual_existing
230072	Total monounsaturated fatty acids, equated (%T)	monounsaturated fatty acids equated t	1325	PUFA 20:3	pufa 20 3	existing	fatty_acids_total_to_individual_existing
230072	Total monounsaturated fatty acids, equated (%T)	monounsaturated fatty acids equated t	1332	SFA 13:0	sfa 13 0	existing	fatty_acids_total_to_individual_existing
230072	Total monounsaturated fatty acids, equated (%T)	monounsaturated fatty acids equated t	1333	MUFA 15:1	mufa 15 1	existing	fatty_acids_total_to_individual_existing
230072	Total monounsaturated fatty acids, equated (%T)	monounsaturated fatty acids equated t	1334	PUFA 22:2	pufa 22 2	existing	fatty_acids_total_to_individual_existing
230072	Total monounsaturated fatty acids, equated (%T)	monounsaturated fatty acids equated t	1335	SFA 11:0	sfa 11 0	existing	fatty_acids_total_to_individual_existing
230072	Total monounsaturated fatty acids, equated (%T)	monounsaturated fatty acids equated t	1404	PUFA 18:3 n-3 c,c,c (ALA)	pufa 18 3 n 3 c c c	existing	fatty_acids_total_to_individual_existing
230072	Total monounsaturated fatty acids, equated (%T)	monounsaturated fatty acids equated t	1405	PUFA 20:3 n-3	pufa 20 3 n 3	existing	fatty_acids_total_to_individual_existing
230072	Total monounsaturated fatty acids, equated (%T)	monounsaturated fatty acids equated t	1406	PUFA 20:3 n-6	pufa 20 3 n 6	existing	fatty_acids_total_to_individual_existing
230072	Total monounsaturated fatty acids, equated (%T)	monounsaturated fatty acids equated t	1407	PUFA 20:4 n-3	pufa 20 4 n 3	existing	fatty_acids_total_to_individual_existing
230072	Total monounsaturated fatty acids, equated (%T)	monounsaturated fatty acids equated t	1408	PUFA 20:4 n-6	pufa 20 4 n 6	existing	fatty_acids_total_to_individual_existing
230072	Total monounsaturated fatty acids, equated (%T)	monounsaturated fatty acids equated t	1409	PUFA 18:3i	pufa 18 3i	existing	fatty_acids_total_to_individual_existing
230072	Total monounsaturated fatty acids, equated (%T)	monounsaturated fatty acids equated t	1410	PUFA 21:5	pufa 21 5	existing	fatty_acids_total_to_individual_existing
230072	Total monounsaturated fatty acids, equated (%T)	monounsaturated fatty acids equated t	1411	PUFA 22:4	pufa 22 4	existing	fatty_acids_total_to_individual_existing
230072	Total monounsaturated fatty acids, equated (%T)	monounsaturated fatty acids equated t	1412	MUFA 18:1-11 t (18:1t n-7)	mufa 18 1 11 t 18 1t n 7	existing	fatty_acids_total_to_individual_existing
230072	Total monounsaturated fatty acids, equated (%T)	monounsaturated fatty acids equated t	1413	MUFA 18:1-11 c (18:1c n-7)	mufa 18 1 11 c 18 1c n 7	existing	fatty_acids_total_to_individual_existing
230072	Total monounsaturated fatty acids, equated (%T)	monounsaturated fatty acids equated t	1414	PUFA 20:3 n-9	pufa 20 3 n 9	existing	fatty_acids_total_to_individual_existing
230072	Total monounsaturated fatty acids, equated (%T)	monounsaturated fatty acids equated t	2003	SFA 5:0	sfa 5 0	existing	fatty_acids_total_to_individual_existing
230072	Total monounsaturated fatty acids, equated (%T)	monounsaturated fatty acids equated t	2004	SFA 7:0	sfa 7 0	existing	fatty_acids_total_to_individual_existing
230072	Total monounsaturated fatty acids, equated (%T)	monounsaturated fatty acids equated t	2005	SFA 9:0	sfa 9 0	existing	fatty_acids_total_to_individual_existing
230072	Total monounsaturated fatty acids, equated (%T)	monounsaturated fatty acids equated t	2006	SFA 21:0	sfa 21 0	existing	fatty_acids_total_to_individual_existing
230072	Total monounsaturated fatty acids, equated (%T)	monounsaturated fatty acids equated t	2007	SFA 23:0	sfa 23 0	existing	fatty_acids_total_to_individual_existing
230072	Total monounsaturated fatty acids, equated (%T)	monounsaturated fatty acids equated t	2008	MUFA 12:1	mufa 12 1	existing	fatty_acids_total_to_individual_existing
230072	Total monounsaturated fatty acids, equated (%T)	monounsaturated fatty acids equated t	2009	MUFA 14:1 c	mufa 14 1 c	existing	fatty_acids_total_to_individual_existing
230072	Total monounsaturated fatty acids, equated (%T)	monounsaturated fatty acids equated t	2010	MUFA 17:1 c	mufa 17 1 c	existing	fatty_acids_total_to_individual_existing
230072	Total monounsaturated fatty acids, equated (%T)	monounsaturated fatty acids equated t	2011	TFA 17:1 t	tfa 17 1 t	existing	fatty_acids_total_to_individual_existing
230072	Total monounsaturated fatty acids, equated (%T)	monounsaturated fatty acids equated t	2012	MUFA 20:1 c	mufa 20 1 c	existing	fatty_acids_total_to_individual_existing
230072	Total monounsaturated fatty acids, equated (%T)	monounsaturated fatty acids equated t	2013	TFA 20:1 t	tfa 20 1 t	existing	fatty_acids_total_to_individual_existing
230072	Total monounsaturated fatty acids, equated (%T)	monounsaturated fatty acids equated t	2014	MUFA 22:1 n-9	mufa 22 1 n 9	existing	fatty_acids_total_to_individual_existing
230072	Total monounsaturated fatty acids, equated (%T)	monounsaturated fatty acids equated t	2015	MUFA 22:1 n-11	mufa 22 1 n 11	existing	fatty_acids_total_to_individual_existing
230072	Total monounsaturated fatty acids, equated (%T)	monounsaturated fatty acids equated t	2016	PUFA 18:2 c	pufa 18 2 c	existing	fatty_acids_total_to_individual_existing
230072	Total monounsaturated fatty acids, equated (%T)	monounsaturated fatty acids equated t	2017	TFA 18:2 t	tfa 18 2 t	existing	fatty_acids_total_to_individual_existing
230072	Total monounsaturated fatty acids, equated (%T)	monounsaturated fatty acids equated t	2018	PUFA 18:3 c	pufa 18 3 c	existing	fatty_acids_total_to_individual_existing
230072	Total monounsaturated fatty acids, equated (%T)	monounsaturated fatty acids equated t	2019	TFA 18:3 t	tfa 18 3 t	existing	fatty_acids_total_to_individual_existing
230072	Total monounsaturated fatty acids, equated (%T)	monounsaturated fatty acids equated t	2020	PUFA 20:3 c	pufa 20 3 c	existing	fatty_acids_total_to_individual_existing
230072	Total monounsaturated fatty acids, equated (%T)	monounsaturated fatty acids equated t	2021	PUFA 22:3	pufa 22 3	existing	fatty_acids_total_to_individual_existing
230072	Total monounsaturated fatty acids, equated (%T)	monounsaturated fatty acids equated t	2022	PUFA 20:4c	pufa 20 4c	existing	fatty_acids_total_to_individual_existing
230072	Total monounsaturated fatty acids, equated (%T)	monounsaturated fatty acids equated t	2023	PUFA 20:5c	pufa 20 5c	existing	fatty_acids_total_to_individual_existing
230072	Total monounsaturated fatty acids, equated (%T)	monounsaturated fatty acids equated t	2024	PUFA 22:5 c	pufa 22 5 c	existing	fatty_acids_total_to_individual_existing
230072	Total monounsaturated fatty acids, equated (%T)	monounsaturated fatty acids equated t	2025	PUFA 22:6 c	pufa 22 6 c	existing	fatty_acids_total_to_individual_existing
230072	Total monounsaturated fatty acids, equated (%T)	monounsaturated fatty acids equated t	2026	PUFA 20:2 c	pufa 20 2 c	existing	fatty_acids_total_to_individual_existing
230072	Total monounsaturated fatty acids, equated (%T)	monounsaturated fatty acids equated t	96718	FA 10:0	fa 10 0	existing	fatty_acids_total_to_individual_existing
230072	Total monounsaturated fatty acids, equated (%T)	monounsaturated fatty acids equated t	96719	FA 12:0	fa 12 0	existing	fatty_acids_total_to_individual_existing
230072	Total monounsaturated fatty acids, equated (%T)	monounsaturated fatty acids equated t	96720	FA 14:0	fa 14 0	existing	fatty_acids_total_to_individual_existing
230072	Total monounsaturated fatty acids, equated (%T)	monounsaturated fatty acids equated t	96721	FA 16:0	fa 16 0	existing	fatty_acids_total_to_individual_existing
230072	Total monounsaturated fatty acids, equated (%T)	monounsaturated fatty acids equated t	96722	FA 18:0	fa 18 0	existing	fatty_acids_total_to_individual_existing
230072	Total monounsaturated fatty acids, equated (%T)	monounsaturated fatty acids equated t	96723	FA 18:1 n-9 cis	fa 18 1 n 9 cis	existing	fatty_acids_total_to_individual_existing
230072	Total monounsaturated fatty acids, equated (%T)	monounsaturated fatty acids equated t	96724	FA 18:2 9c,12c (n-6)	fa 18 2 9c 12c n 6	existing	fatty_acids_total_to_individual_existing
230072	Total monounsaturated fatty acids, equated (%T)	monounsaturated fatty acids equated t	96725	FA 18:3 c9,c12,c15 (n-3)	fa 18 3 c9 c12 c15 n 3	existing	fatty_acids_total_to_individual_existing
230072	Total monounsaturated fatty acids, equated (%T)	monounsaturated fatty acids equated t	96726	FA 20:4 5c,8c,11c,14c (n-6)	fa 20 4 5c 8c 11c 14c n 6	existing	fatty_acids_total_to_individual_existing
230072	Total monounsaturated fatty acids, equated (%T)	monounsaturated fatty acids equated t	96727	FA 4:0	fa 4 0	existing	fatty_acids_total_to_individual_existing
230072	Total monounsaturated fatty acids, equated (%T)	monounsaturated fatty acids equated t	96728	FA 6:0	fa 6 0	existing	fatty_acids_total_to_individual_existing
230072	Total monounsaturated fatty acids, equated (%T)	monounsaturated fatty acids equated t	96729	FA 8:0	fa 8 0	existing	fatty_acids_total_to_individual_existing
230072	Total monounsaturated fatty acids, equated (%T)	monounsaturated fatty acids equated t	240075	5,3',4'-Trihydroxy-3-methoxy-6:7-methylenedioxyflavone 4'-O-glucuronide	5 3 4 trihydroxy 3 methoxy 6 7 methylenedioxyflavone 4 o glucuronide	existing	fatty_acids_total_to_individual_existing
230072	Total monounsaturated fatty acids, equated (%T)	monounsaturated fatty acids equated t	240076	5,4'-Dihydroxy-3,3'-dimethoxy-6:7-methylenedioxyflavone 4'-O-glucuronide	5 4 dihydroxy 3 3 dimethoxy 6 7 methylenedioxyflavone 4 o glucuronide	existing	fatty_acids_total_to_individual_existing
230072	Total monounsaturated fatty acids, equated (%T)	monounsaturated fatty acids equated t	250036	Fatty acid 10:0	fatty acid 10 0	existing	fatty_acids_total_to_individual_existing
230072	Total monounsaturated fatty acids, equated (%T)	monounsaturated fatty acids equated t	250037	Fatty acid 12:0	fatty acid 12 0	existing	fatty_acids_total_to_individual_existing
230072	Total monounsaturated fatty acids, equated (%T)	monounsaturated fatty acids equated t	250038	Fatty acid 14:0	fatty acid 14 0	existing	fatty_acids_total_to_individual_existing
230072	Total monounsaturated fatty acids, equated (%T)	monounsaturated fatty acids equated t	250039	Fatty acid 15:0	fatty acid 15 0	existing	fatty_acids_total_to_individual_existing
230072	Total monounsaturated fatty acids, equated (%T)	monounsaturated fatty acids equated t	250040	Fatty acid 16:0	fatty acid 16 0	existing	fatty_acids_total_to_individual_existing
230072	Total monounsaturated fatty acids, equated (%T)	monounsaturated fatty acids equated t	250041	Fatty acid 17:0	fatty acid 17 0	existing	fatty_acids_total_to_individual_existing
230072	Total monounsaturated fatty acids, equated (%T)	monounsaturated fatty acids equated t	250042	Fatty acid 18:0	fatty acid 18 0	existing	fatty_acids_total_to_individual_existing
230072	Total monounsaturated fatty acids, equated (%T)	monounsaturated fatty acids equated t	250043	Fatty acid 20:0	fatty acid 20 0	existing	fatty_acids_total_to_individual_existing
230072	Total monounsaturated fatty acids, equated (%T)	monounsaturated fatty acids equated t	250044	Fatty acid 22:0	fatty acid 22 0	existing	fatty_acids_total_to_individual_existing
230072	Total monounsaturated fatty acids, equated (%T)	monounsaturated fatty acids equated t	250045	Fatty acid 24:0	fatty acid 24 0	existing	fatty_acids_total_to_individual_existing
230072	Total monounsaturated fatty acids, equated (%T)	monounsaturated fatty acids equated t	250046	Fatty acid 10:1	fatty acid 10 1	existing	fatty_acids_total_to_individual_existing
230072	Total monounsaturated fatty acids, equated (%T)	monounsaturated fatty acids equated t	250047	Fatty acid 14:1	fatty acid 14 1	existing	fatty_acids_total_to_individual_existing
230072	Total monounsaturated fatty acids, equated (%T)	monounsaturated fatty acids equated t	250048	Fatty acid 15:1	fatty acid 15 1	existing	fatty_acids_total_to_individual_existing
230072	Total monounsaturated fatty acids, equated (%T)	monounsaturated fatty acids equated t	250049	Fatty acid 16:1	fatty acid 16 1	existing	fatty_acids_total_to_individual_existing
230072	Total monounsaturated fatty acids, equated (%T)	monounsaturated fatty acids equated t	250050	Fatty acid 17:1	fatty acid 17 1	existing	fatty_acids_total_to_individual_existing
230072	Total monounsaturated fatty acids, equated (%T)	monounsaturated fatty acids equated t	250051	Fatty acid 18:1 undifferentiated	fatty acid 18 1 undifferentiated	existing	fatty_acids_total_to_individual_existing
230072	Total monounsaturated fatty acids, equated (%T)	monounsaturated fatty acids equated t	250052	Fatty acid 20:1	fatty acid 20 1	existing	fatty_acids_total_to_individual_existing
230072	Total monounsaturated fatty acids, equated (%T)	monounsaturated fatty acids equated t	250053	Fatty acid 22:1	fatty acid 22 1	existing	fatty_acids_total_to_individual_existing
230072	Total monounsaturated fatty acids, equated (%T)	monounsaturated fatty acids equated t	250054	Fatty acid 24:1	fatty acid 24 1	existing	fatty_acids_total_to_individual_existing
230072	Total monounsaturated fatty acids, equated (%T)	monounsaturated fatty acids equated t	250055	Fatty acid 16:2	fatty acid 16 2	existing	fatty_acids_total_to_individual_existing
230072	Total monounsaturated fatty acids, equated (%T)	monounsaturated fatty acids equated t	250056	Fatty acid 16:3	fatty acid 16 3	existing	fatty_acids_total_to_individual_existing
230072	Total monounsaturated fatty acids, equated (%T)	monounsaturated fatty acids equated t	250057	Fatty acid 16:4	fatty acid 16 4	existing	fatty_acids_total_to_individual_existing
230072	Total monounsaturated fatty acids, equated (%T)	monounsaturated fatty acids equated t	250058	Fatty acid 18:2 n-6	fatty acid 18 2 n 6	existing	fatty_acids_total_to_individual_existing
230072	Total monounsaturated fatty acids, equated (%T)	monounsaturated fatty acids equated t	250059	Fatty acid 18:3 n-3	fatty acid 18 3 n 3	existing	fatty_acids_total_to_individual_existing
230072	Total monounsaturated fatty acids, equated (%T)	monounsaturated fatty acids equated t	250060	Fatty acid 18:3 n-6	fatty acid 18 3 n 6	existing	fatty_acids_total_to_individual_existing
230072	Total monounsaturated fatty acids, equated (%T)	monounsaturated fatty acids equated t	250061	Fatty acid 18:4 n-3	fatty acid 18 4 n 3	existing	fatty_acids_total_to_individual_existing
230072	Total monounsaturated fatty acids, equated (%T)	monounsaturated fatty acids equated t	250062	Fatty acid 20:2 n-6	fatty acid 20 2 n 6	existing	fatty_acids_total_to_individual_existing
230072	Total monounsaturated fatty acids, equated (%T)	monounsaturated fatty acids equated t	250063	Fatty acid 20:3 n-6	fatty acid 20 3 n 6	existing	fatty_acids_total_to_individual_existing
230072	Total monounsaturated fatty acids, equated (%T)	monounsaturated fatty acids equated t	250064	Fatty acid 20:4 n-3	fatty acid 20 4 n 3	existing	fatty_acids_total_to_individual_existing
230072	Total monounsaturated fatty acids, equated (%T)	monounsaturated fatty acids equated t	250065	Fatty acid 20:4 n-6	fatty acid 20 4 n 6	existing	fatty_acids_total_to_individual_existing
230072	Total monounsaturated fatty acids, equated (%T)	monounsaturated fatty acids equated t	250066	Fatty acid 20:5 n-3	fatty acid 20 5 n 3	existing	fatty_acids_total_to_individual_existing
230072	Total monounsaturated fatty acids, equated (%T)	monounsaturated fatty acids equated t	250067	Fatty acid 21:5 n-3	fatty acid 21 5 n 3	existing	fatty_acids_total_to_individual_existing
230072	Total monounsaturated fatty acids, equated (%T)	monounsaturated fatty acids equated t	250068	Fatty acid 22:2	fatty acid 22 2	existing	fatty_acids_total_to_individual_existing
230072	Total monounsaturated fatty acids, equated (%T)	monounsaturated fatty acids equated t	250069	Fatty acid 22:4 n-6	fatty acid 22 4 n 6	existing	fatty_acids_total_to_individual_existing
230072	Total monounsaturated fatty acids, equated (%T)	monounsaturated fatty acids equated t	250070	Fatty acid 22:5 n-3	fatty acid 22 5 n 3	existing	fatty_acids_total_to_individual_existing
230072	Total monounsaturated fatty acids, equated (%T)	monounsaturated fatty acids equated t	250071	Fatty acid 22:5 n-6	fatty acid 22 5 n 6	existing	fatty_acids_total_to_individual_existing
230072	Total monounsaturated fatty acids, equated (%T)	monounsaturated fatty acids equated t	250072	Fatty acid 22:6 n-3	fatty acid 22 6 n 3	existing	fatty_acids_total_to_individual_existing
230097	Total polyunsaturated fatty acids, equated (%T)	polyunsaturated fatty acids equated t	1259	SFA 4:0	sfa 4 0	existing	fatty_acids_total_to_individual_existing
230097	Total polyunsaturated fatty acids, equated (%T)	polyunsaturated fatty acids equated t	1260	SFA 6:0	sfa 6 0	existing	fatty_acids_total_to_individual_existing
230097	Total polyunsaturated fatty acids, equated (%T)	polyunsaturated fatty acids equated t	1261	SFA 8:0	sfa 8 0	existing	fatty_acids_total_to_individual_existing
230097	Total polyunsaturated fatty acids, equated (%T)	polyunsaturated fatty acids equated t	1262	SFA 10:0	sfa 10 0	existing	fatty_acids_total_to_individual_existing
230097	Total polyunsaturated fatty acids, equated (%T)	polyunsaturated fatty acids equated t	1263	SFA 12:0	sfa 12 0	existing	fatty_acids_total_to_individual_existing
230097	Total polyunsaturated fatty acids, equated (%T)	polyunsaturated fatty acids equated t	1264	SFA 14:0	sfa 14 0	existing	fatty_acids_total_to_individual_existing
230097	Total polyunsaturated fatty acids, equated (%T)	polyunsaturated fatty acids equated t	1265	SFA 16:0	sfa 16 0	existing	fatty_acids_total_to_individual_existing
230097	Total polyunsaturated fatty acids, equated (%T)	polyunsaturated fatty acids equated t	1266	SFA 18:0	sfa 18 0	existing	fatty_acids_total_to_individual_existing
230097	Total polyunsaturated fatty acids, equated (%T)	polyunsaturated fatty acids equated t	1267	SFA 20:0	sfa 20 0	existing	fatty_acids_total_to_individual_existing
230097	Total polyunsaturated fatty acids, equated (%T)	polyunsaturated fatty acids equated t	1268	MUFA 18:1	mufa 18 1	existing	fatty_acids_total_to_individual_existing
230097	Total polyunsaturated fatty acids, equated (%T)	polyunsaturated fatty acids equated t	1269	PUFA 18:2	pufa 18 2	existing	fatty_acids_total_to_individual_existing
230097	Total polyunsaturated fatty acids, equated (%T)	polyunsaturated fatty acids equated t	1270	PUFA 18:3	pufa 18 3	existing	fatty_acids_total_to_individual_existing
230097	Total polyunsaturated fatty acids, equated (%T)	polyunsaturated fatty acids equated t	1271	PUFA 20:4	pufa 20 4	existing	fatty_acids_total_to_individual_existing
230097	Total polyunsaturated fatty acids, equated (%T)	polyunsaturated fatty acids equated t	1272	PUFA 22:6 n-3 (DHA)	pufa 22 6 n 3	existing	fatty_acids_total_to_individual_existing
230097	Total polyunsaturated fatty acids, equated (%T)	polyunsaturated fatty acids equated t	1273	SFA 22:0	sfa 22 0	existing	fatty_acids_total_to_individual_existing
230097	Total polyunsaturated fatty acids, equated (%T)	polyunsaturated fatty acids equated t	1274	MUFA 14:1	mufa 14 1	existing	fatty_acids_total_to_individual_existing
230097	Total polyunsaturated fatty acids, equated (%T)	polyunsaturated fatty acids equated t	1275	MUFA 16:1	mufa 16 1	existing	fatty_acids_total_to_individual_existing
230097	Total polyunsaturated fatty acids, equated (%T)	polyunsaturated fatty acids equated t	1276	PUFA 18:4	pufa 18 4	existing	fatty_acids_total_to_individual_existing
230097	Total polyunsaturated fatty acids, equated (%T)	polyunsaturated fatty acids equated t	1277	MUFA 20:1	mufa 20 1	existing	fatty_acids_total_to_individual_existing
230097	Total polyunsaturated fatty acids, equated (%T)	polyunsaturated fatty acids equated t	1278	PUFA 20:5 n-3 (EPA)	pufa 20 5 n 3	existing	fatty_acids_total_to_individual_existing
230097	Total polyunsaturated fatty acids, equated (%T)	polyunsaturated fatty acids equated t	1279	MUFA 22:1	mufa 22 1	existing	fatty_acids_total_to_individual_existing
230097	Total polyunsaturated fatty acids, equated (%T)	polyunsaturated fatty acids equated t	1280	PUFA 22:5 n-3 (DPA)	pufa 22 5 n 3	existing	fatty_acids_total_to_individual_existing
230097	Total polyunsaturated fatty acids, equated (%T)	polyunsaturated fatty acids equated t	1281	TFA 14:1 t	tfa 14 1 t	existing	fatty_acids_total_to_individual_existing
230097	Total polyunsaturated fatty acids, equated (%T)	polyunsaturated fatty acids equated t	1299	SFA 15:0	sfa 15 0	existing	fatty_acids_total_to_individual_existing
230097	Total polyunsaturated fatty acids, equated (%T)	polyunsaturated fatty acids equated t	1300	SFA 17:0	sfa 17 0	existing	fatty_acids_total_to_individual_existing
230097	Total polyunsaturated fatty acids, equated (%T)	polyunsaturated fatty acids equated t	1301	SFA 24:0	sfa 24 0	existing	fatty_acids_total_to_individual_existing
230097	Total polyunsaturated fatty acids, equated (%T)	polyunsaturated fatty acids equated t	1303	TFA 16:1 t	tfa 16 1 t	existing	fatty_acids_total_to_individual_existing
230097	Total polyunsaturated fatty acids, equated (%T)	polyunsaturated fatty acids equated t	1304	TFA 18:1 t	tfa 18 1 t	existing	fatty_acids_total_to_individual_existing
230097	Total polyunsaturated fatty acids, equated (%T)	polyunsaturated fatty acids equated t	1305	TFA 22:1 t	tfa 22 1 t	existing	fatty_acids_total_to_individual_existing
230097	Total polyunsaturated fatty acids, equated (%T)	polyunsaturated fatty acids equated t	1306	TFA 18:2 t not further defined	tfa 18 2 t not further defined	existing	fatty_acids_total_to_individual_existing
230097	Total polyunsaturated fatty acids, equated (%T)	polyunsaturated fatty acids equated t	1307	PUFA 18:2 i	pufa 18 2 i	existing	fatty_acids_total_to_individual_existing
230097	Total polyunsaturated fatty acids, equated (%T)	polyunsaturated fatty acids equated t	1308	PUFA 18:2 t,c	pufa 18 2 t c	existing	fatty_acids_total_to_individual_existing
230097	Total polyunsaturated fatty acids, equated (%T)	polyunsaturated fatty acids equated t	1309	PUFA 18:2 c,t	pufa 18 2 c t	existing	fatty_acids_total_to_individual_existing
230097	Total polyunsaturated fatty acids, equated (%T)	polyunsaturated fatty acids equated t	1310	TFA 18:2 t,t	tfa 18 2 t t	existing	fatty_acids_total_to_individual_existing
230097	Total polyunsaturated fatty acids, equated (%T)	polyunsaturated fatty acids equated t	1311	PUFA 18:2 CLAs	pufa 18 2 clas	existing	fatty_acids_total_to_individual_existing
230097	Total polyunsaturated fatty acids, equated (%T)	polyunsaturated fatty acids equated t	1312	MUFA 24:1 c	mufa 24 1 c	existing	fatty_acids_total_to_individual_existing
230097	Total polyunsaturated fatty acids, equated (%T)	polyunsaturated fatty acids equated t	1313	PUFA 20:2 n-6 c,c	pufa 20 2 n 6 c c	existing	fatty_acids_total_to_individual_existing
230097	Total polyunsaturated fatty acids, equated (%T)	polyunsaturated fatty acids equated t	1314	MUFA 16:1 c	mufa 16 1 c	existing	fatty_acids_total_to_individual_existing
230097	Total polyunsaturated fatty acids, equated (%T)	polyunsaturated fatty acids equated t	1315	MUFA 18:1 c	mufa 18 1 c	existing	fatty_acids_total_to_individual_existing
230097	Total polyunsaturated fatty acids, equated (%T)	polyunsaturated fatty acids equated t	1316	PUFA 18:2 n-6 c,c	pufa 18 2 n 6 c c	existing	fatty_acids_total_to_individual_existing
230097	Total polyunsaturated fatty acids, equated (%T)	polyunsaturated fatty acids equated t	1317	MUFA 22:1 c	mufa 22 1 c	existing	fatty_acids_total_to_individual_existing
230097	Total polyunsaturated fatty acids, equated (%T)	polyunsaturated fatty acids equated t	1321	PUFA 18:3 n-6 c,c,c	pufa 18 3 n 6 c c c	existing	fatty_acids_total_to_individual_existing
230097	Total polyunsaturated fatty acids, equated (%T)	polyunsaturated fatty acids equated t	1322	SFA 19:0	sfa 19 0	existing	fatty_acids_total_to_individual_existing
230097	Total polyunsaturated fatty acids, equated (%T)	polyunsaturated fatty acids equated t	1323	MUFA 17:1	mufa 17 1	existing	fatty_acids_total_to_individual_existing
230097	Total polyunsaturated fatty acids, equated (%T)	polyunsaturated fatty acids equated t	1324	PUFA 16:2	pufa 16 2	existing	fatty_acids_total_to_individual_existing
230097	Total polyunsaturated fatty acids, equated (%T)	polyunsaturated fatty acids equated t	1325	PUFA 20:3	pufa 20 3	existing	fatty_acids_total_to_individual_existing
230097	Total polyunsaturated fatty acids, equated (%T)	polyunsaturated fatty acids equated t	1332	SFA 13:0	sfa 13 0	existing	fatty_acids_total_to_individual_existing
230097	Total polyunsaturated fatty acids, equated (%T)	polyunsaturated fatty acids equated t	1333	MUFA 15:1	mufa 15 1	existing	fatty_acids_total_to_individual_existing
230097	Total polyunsaturated fatty acids, equated (%T)	polyunsaturated fatty acids equated t	1334	PUFA 22:2	pufa 22 2	existing	fatty_acids_total_to_individual_existing
230097	Total polyunsaturated fatty acids, equated (%T)	polyunsaturated fatty acids equated t	1335	SFA 11:0	sfa 11 0	existing	fatty_acids_total_to_individual_existing
230097	Total polyunsaturated fatty acids, equated (%T)	polyunsaturated fatty acids equated t	1404	PUFA 18:3 n-3 c,c,c (ALA)	pufa 18 3 n 3 c c c	existing	fatty_acids_total_to_individual_existing
230097	Total polyunsaturated fatty acids, equated (%T)	polyunsaturated fatty acids equated t	1405	PUFA 20:3 n-3	pufa 20 3 n 3	existing	fatty_acids_total_to_individual_existing
230097	Total polyunsaturated fatty acids, equated (%T)	polyunsaturated fatty acids equated t	1406	PUFA 20:3 n-6	pufa 20 3 n 6	existing	fatty_acids_total_to_individual_existing
230097	Total polyunsaturated fatty acids, equated (%T)	polyunsaturated fatty acids equated t	1407	PUFA 20:4 n-3	pufa 20 4 n 3	existing	fatty_acids_total_to_individual_existing
230097	Total polyunsaturated fatty acids, equated (%T)	polyunsaturated fatty acids equated t	1408	PUFA 20:4 n-6	pufa 20 4 n 6	existing	fatty_acids_total_to_individual_existing
230097	Total polyunsaturated fatty acids, equated (%T)	polyunsaturated fatty acids equated t	1409	PUFA 18:3i	pufa 18 3i	existing	fatty_acids_total_to_individual_existing
230097	Total polyunsaturated fatty acids, equated (%T)	polyunsaturated fatty acids equated t	1410	PUFA 21:5	pufa 21 5	existing	fatty_acids_total_to_individual_existing
230097	Total polyunsaturated fatty acids, equated (%T)	polyunsaturated fatty acids equated t	1411	PUFA 22:4	pufa 22 4	existing	fatty_acids_total_to_individual_existing
230097	Total polyunsaturated fatty acids, equated (%T)	polyunsaturated fatty acids equated t	1412	MUFA 18:1-11 t (18:1t n-7)	mufa 18 1 11 t 18 1t n 7	existing	fatty_acids_total_to_individual_existing
230097	Total polyunsaturated fatty acids, equated (%T)	polyunsaturated fatty acids equated t	1413	MUFA 18:1-11 c (18:1c n-7)	mufa 18 1 11 c 18 1c n 7	existing	fatty_acids_total_to_individual_existing
230097	Total polyunsaturated fatty acids, equated (%T)	polyunsaturated fatty acids equated t	1414	PUFA 20:3 n-9	pufa 20 3 n 9	existing	fatty_acids_total_to_individual_existing
230097	Total polyunsaturated fatty acids, equated (%T)	polyunsaturated fatty acids equated t	2003	SFA 5:0	sfa 5 0	existing	fatty_acids_total_to_individual_existing
230097	Total polyunsaturated fatty acids, equated (%T)	polyunsaturated fatty acids equated t	2004	SFA 7:0	sfa 7 0	existing	fatty_acids_total_to_individual_existing
230097	Total polyunsaturated fatty acids, equated (%T)	polyunsaturated fatty acids equated t	2005	SFA 9:0	sfa 9 0	existing	fatty_acids_total_to_individual_existing
230097	Total polyunsaturated fatty acids, equated (%T)	polyunsaturated fatty acids equated t	2006	SFA 21:0	sfa 21 0	existing	fatty_acids_total_to_individual_existing
230097	Total polyunsaturated fatty acids, equated (%T)	polyunsaturated fatty acids equated t	2007	SFA 23:0	sfa 23 0	existing	fatty_acids_total_to_individual_existing
230097	Total polyunsaturated fatty acids, equated (%T)	polyunsaturated fatty acids equated t	2008	MUFA 12:1	mufa 12 1	existing	fatty_acids_total_to_individual_existing
230097	Total polyunsaturated fatty acids, equated (%T)	polyunsaturated fatty acids equated t	2009	MUFA 14:1 c	mufa 14 1 c	existing	fatty_acids_total_to_individual_existing
230097	Total polyunsaturated fatty acids, equated (%T)	polyunsaturated fatty acids equated t	2010	MUFA 17:1 c	mufa 17 1 c	existing	fatty_acids_total_to_individual_existing
230097	Total polyunsaturated fatty acids, equated (%T)	polyunsaturated fatty acids equated t	2011	TFA 17:1 t	tfa 17 1 t	existing	fatty_acids_total_to_individual_existing
230097	Total polyunsaturated fatty acids, equated (%T)	polyunsaturated fatty acids equated t	2012	MUFA 20:1 c	mufa 20 1 c	existing	fatty_acids_total_to_individual_existing
230097	Total polyunsaturated fatty acids, equated (%T)	polyunsaturated fatty acids equated t	2013	TFA 20:1 t	tfa 20 1 t	existing	fatty_acids_total_to_individual_existing
230097	Total polyunsaturated fatty acids, equated (%T)	polyunsaturated fatty acids equated t	2014	MUFA 22:1 n-9	mufa 22 1 n 9	existing	fatty_acids_total_to_individual_existing
230097	Total polyunsaturated fatty acids, equated (%T)	polyunsaturated fatty acids equated t	2015	MUFA 22:1 n-11	mufa 22 1 n 11	existing	fatty_acids_total_to_individual_existing
230097	Total polyunsaturated fatty acids, equated (%T)	polyunsaturated fatty acids equated t	2016	PUFA 18:2 c	pufa 18 2 c	existing	fatty_acids_total_to_individual_existing
230097	Total polyunsaturated fatty acids, equated (%T)	polyunsaturated fatty acids equated t	2017	TFA 18:2 t	tfa 18 2 t	existing	fatty_acids_total_to_individual_existing
230097	Total polyunsaturated fatty acids, equated (%T)	polyunsaturated fatty acids equated t	2018	PUFA 18:3 c	pufa 18 3 c	existing	fatty_acids_total_to_individual_existing
230097	Total polyunsaturated fatty acids, equated (%T)	polyunsaturated fatty acids equated t	2019	TFA 18:3 t	tfa 18 3 t	existing	fatty_acids_total_to_individual_existing
230097	Total polyunsaturated fatty acids, equated (%T)	polyunsaturated fatty acids equated t	2020	PUFA 20:3 c	pufa 20 3 c	existing	fatty_acids_total_to_individual_existing
230097	Total polyunsaturated fatty acids, equated (%T)	polyunsaturated fatty acids equated t	2021	PUFA 22:3	pufa 22 3	existing	fatty_acids_total_to_individual_existing
230097	Total polyunsaturated fatty acids, equated (%T)	polyunsaturated fatty acids equated t	2022	PUFA 20:4c	pufa 20 4c	existing	fatty_acids_total_to_individual_existing
230097	Total polyunsaturated fatty acids, equated (%T)	polyunsaturated fatty acids equated t	2023	PUFA 20:5c	pufa 20 5c	existing	fatty_acids_total_to_individual_existing
230097	Total polyunsaturated fatty acids, equated (%T)	polyunsaturated fatty acids equated t	2024	PUFA 22:5 c	pufa 22 5 c	existing	fatty_acids_total_to_individual_existing
230097	Total polyunsaturated fatty acids, equated (%T)	polyunsaturated fatty acids equated t	2025	PUFA 22:6 c	pufa 22 6 c	existing	fatty_acids_total_to_individual_existing
230097	Total polyunsaturated fatty acids, equated (%T)	polyunsaturated fatty acids equated t	2026	PUFA 20:2 c	pufa 20 2 c	existing	fatty_acids_total_to_individual_existing
230097	Total polyunsaturated fatty acids, equated (%T)	polyunsaturated fatty acids equated t	96718	FA 10:0	fa 10 0	existing	fatty_acids_total_to_individual_existing
230097	Total polyunsaturated fatty acids, equated (%T)	polyunsaturated fatty acids equated t	96719	FA 12:0	fa 12 0	existing	fatty_acids_total_to_individual_existing
230097	Total polyunsaturated fatty acids, equated (%T)	polyunsaturated fatty acids equated t	96720	FA 14:0	fa 14 0	existing	fatty_acids_total_to_individual_existing
230097	Total polyunsaturated fatty acids, equated (%T)	polyunsaturated fatty acids equated t	96721	FA 16:0	fa 16 0	existing	fatty_acids_total_to_individual_existing
230097	Total polyunsaturated fatty acids, equated (%T)	polyunsaturated fatty acids equated t	96722	FA 18:0	fa 18 0	existing	fatty_acids_total_to_individual_existing
230097	Total polyunsaturated fatty acids, equated (%T)	polyunsaturated fatty acids equated t	96723	FA 18:1 n-9 cis	fa 18 1 n 9 cis	existing	fatty_acids_total_to_individual_existing
230097	Total polyunsaturated fatty acids, equated (%T)	polyunsaturated fatty acids equated t	96724	FA 18:2 9c,12c (n-6)	fa 18 2 9c 12c n 6	existing	fatty_acids_total_to_individual_existing
230097	Total polyunsaturated fatty acids, equated (%T)	polyunsaturated fatty acids equated t	96725	FA 18:3 c9,c12,c15 (n-3)	fa 18 3 c9 c12 c15 n 3	existing	fatty_acids_total_to_individual_existing
230097	Total polyunsaturated fatty acids, equated (%T)	polyunsaturated fatty acids equated t	96726	FA 20:4 5c,8c,11c,14c (n-6)	fa 20 4 5c 8c 11c 14c n 6	existing	fatty_acids_total_to_individual_existing
230097	Total polyunsaturated fatty acids, equated (%T)	polyunsaturated fatty acids equated t	96727	FA 4:0	fa 4 0	existing	fatty_acids_total_to_individual_existing
230097	Total polyunsaturated fatty acids, equated (%T)	polyunsaturated fatty acids equated t	96728	FA 6:0	fa 6 0	existing	fatty_acids_total_to_individual_existing
230097	Total polyunsaturated fatty acids, equated (%T)	polyunsaturated fatty acids equated t	96729	FA 8:0	fa 8 0	existing	fatty_acids_total_to_individual_existing
230097	Total polyunsaturated fatty acids, equated (%T)	polyunsaturated fatty acids equated t	240075	5,3',4'-Trihydroxy-3-methoxy-6:7-methylenedioxyflavone 4'-O-glucuronide	5 3 4 trihydroxy 3 methoxy 6 7 methylenedioxyflavone 4 o glucuronide	existing	fatty_acids_total_to_individual_existing
230097	Total polyunsaturated fatty acids, equated (%T)	polyunsaturated fatty acids equated t	240076	5,4'-Dihydroxy-3,3'-dimethoxy-6:7-methylenedioxyflavone 4'-O-glucuronide	5 4 dihydroxy 3 3 dimethoxy 6 7 methylenedioxyflavone 4 o glucuronide	existing	fatty_acids_total_to_individual_existing
230097	Total polyunsaturated fatty acids, equated (%T)	polyunsaturated fatty acids equated t	250036	Fatty acid 10:0	fatty acid 10 0	existing	fatty_acids_total_to_individual_existing
230097	Total polyunsaturated fatty acids, equated (%T)	polyunsaturated fatty acids equated t	250037	Fatty acid 12:0	fatty acid 12 0	existing	fatty_acids_total_to_individual_existing
230097	Total polyunsaturated fatty acids, equated (%T)	polyunsaturated fatty acids equated t	250038	Fatty acid 14:0	fatty acid 14 0	existing	fatty_acids_total_to_individual_existing
230097	Total polyunsaturated fatty acids, equated (%T)	polyunsaturated fatty acids equated t	250039	Fatty acid 15:0	fatty acid 15 0	existing	fatty_acids_total_to_individual_existing
230097	Total polyunsaturated fatty acids, equated (%T)	polyunsaturated fatty acids equated t	250040	Fatty acid 16:0	fatty acid 16 0	existing	fatty_acids_total_to_individual_existing
230097	Total polyunsaturated fatty acids, equated (%T)	polyunsaturated fatty acids equated t	250041	Fatty acid 17:0	fatty acid 17 0	existing	fatty_acids_total_to_individual_existing
230097	Total polyunsaturated fatty acids, equated (%T)	polyunsaturated fatty acids equated t	250042	Fatty acid 18:0	fatty acid 18 0	existing	fatty_acids_total_to_individual_existing
230097	Total polyunsaturated fatty acids, equated (%T)	polyunsaturated fatty acids equated t	250043	Fatty acid 20:0	fatty acid 20 0	existing	fatty_acids_total_to_individual_existing
230097	Total polyunsaturated fatty acids, equated (%T)	polyunsaturated fatty acids equated t	250044	Fatty acid 22:0	fatty acid 22 0	existing	fatty_acids_total_to_individual_existing
230097	Total polyunsaturated fatty acids, equated (%T)	polyunsaturated fatty acids equated t	250045	Fatty acid 24:0	fatty acid 24 0	existing	fatty_acids_total_to_individual_existing
230097	Total polyunsaturated fatty acids, equated (%T)	polyunsaturated fatty acids equated t	250046	Fatty acid 10:1	fatty acid 10 1	existing	fatty_acids_total_to_individual_existing
230097	Total polyunsaturated fatty acids, equated (%T)	polyunsaturated fatty acids equated t	250047	Fatty acid 14:1	fatty acid 14 1	existing	fatty_acids_total_to_individual_existing
230097	Total polyunsaturated fatty acids, equated (%T)	polyunsaturated fatty acids equated t	250048	Fatty acid 15:1	fatty acid 15 1	existing	fatty_acids_total_to_individual_existing
230097	Total polyunsaturated fatty acids, equated (%T)	polyunsaturated fatty acids equated t	250049	Fatty acid 16:1	fatty acid 16 1	existing	fatty_acids_total_to_individual_existing
230097	Total polyunsaturated fatty acids, equated (%T)	polyunsaturated fatty acids equated t	250050	Fatty acid 17:1	fatty acid 17 1	existing	fatty_acids_total_to_individual_existing
230097	Total polyunsaturated fatty acids, equated (%T)	polyunsaturated fatty acids equated t	250051	Fatty acid 18:1 undifferentiated	fatty acid 18 1 undifferentiated	existing	fatty_acids_total_to_individual_existing
230097	Total polyunsaturated fatty acids, equated (%T)	polyunsaturated fatty acids equated t	250052	Fatty acid 20:1	fatty acid 20 1	existing	fatty_acids_total_to_individual_existing
230097	Total polyunsaturated fatty acids, equated (%T)	polyunsaturated fatty acids equated t	250053	Fatty acid 22:1	fatty acid 22 1	existing	fatty_acids_total_to_individual_existing
230097	Total polyunsaturated fatty acids, equated (%T)	polyunsaturated fatty acids equated t	250054	Fatty acid 24:1	fatty acid 24 1	existing	fatty_acids_total_to_individual_existing
230097	Total polyunsaturated fatty acids, equated (%T)	polyunsaturated fatty acids equated t	250055	Fatty acid 16:2	fatty acid 16 2	existing	fatty_acids_total_to_individual_existing
230097	Total polyunsaturated fatty acids, equated (%T)	polyunsaturated fatty acids equated t	250056	Fatty acid 16:3	fatty acid 16 3	existing	fatty_acids_total_to_individual_existing
230097	Total polyunsaturated fatty acids, equated (%T)	polyunsaturated fatty acids equated t	250057	Fatty acid 16:4	fatty acid 16 4	existing	fatty_acids_total_to_individual_existing
230097	Total polyunsaturated fatty acids, equated (%T)	polyunsaturated fatty acids equated t	250058	Fatty acid 18:2 n-6	fatty acid 18 2 n 6	existing	fatty_acids_total_to_individual_existing
230097	Total polyunsaturated fatty acids, equated (%T)	polyunsaturated fatty acids equated t	250059	Fatty acid 18:3 n-3	fatty acid 18 3 n 3	existing	fatty_acids_total_to_individual_existing
230097	Total polyunsaturated fatty acids, equated (%T)	polyunsaturated fatty acids equated t	250060	Fatty acid 18:3 n-6	fatty acid 18 3 n 6	existing	fatty_acids_total_to_individual_existing
230097	Total polyunsaturated fatty acids, equated (%T)	polyunsaturated fatty acids equated t	250061	Fatty acid 18:4 n-3	fatty acid 18 4 n 3	existing	fatty_acids_total_to_individual_existing
230097	Total polyunsaturated fatty acids, equated (%T)	polyunsaturated fatty acids equated t	250062	Fatty acid 20:2 n-6	fatty acid 20 2 n 6	existing	fatty_acids_total_to_individual_existing
230097	Total polyunsaturated fatty acids, equated (%T)	polyunsaturated fatty acids equated t	250063	Fatty acid 20:3 n-6	fatty acid 20 3 n 6	existing	fatty_acids_total_to_individual_existing
230097	Total polyunsaturated fatty acids, equated (%T)	polyunsaturated fatty acids equated t	250064	Fatty acid 20:4 n-3	fatty acid 20 4 n 3	existing	fatty_acids_total_to_individual_existing
230097	Total polyunsaturated fatty acids, equated (%T)	polyunsaturated fatty acids equated t	250065	Fatty acid 20:4 n-6	fatty acid 20 4 n 6	existing	fatty_acids_total_to_individual_existing
230097	Total polyunsaturated fatty acids, equated (%T)	polyunsaturated fatty acids equated t	250066	Fatty acid 20:5 n-3	fatty acid 20 5 n 3	existing	fatty_acids_total_to_individual_existing
230097	Total polyunsaturated fatty acids, equated (%T)	polyunsaturated fatty acids equated t	250067	Fatty acid 21:5 n-3	fatty acid 21 5 n 3	existing	fatty_acids_total_to_individual_existing
230097	Total polyunsaturated fatty acids, equated (%T)	polyunsaturated fatty acids equated t	250068	Fatty acid 22:2	fatty acid 22 2	existing	fatty_acids_total_to_individual_existing
230097	Total polyunsaturated fatty acids, equated (%T)	polyunsaturated fatty acids equated t	250069	Fatty acid 22:4 n-6	fatty acid 22 4 n 6	existing	fatty_acids_total_to_individual_existing
230097	Total polyunsaturated fatty acids, equated (%T)	polyunsaturated fatty acids equated t	250070	Fatty acid 22:5 n-3	fatty acid 22 5 n 3	existing	fatty_acids_total_to_individual_existing
230097	Total polyunsaturated fatty acids, equated (%T)	polyunsaturated fatty acids equated t	250071	Fatty acid 22:5 n-6	fatty acid 22 5 n 6	existing	fatty_acids_total_to_individual_existing
230097	Total polyunsaturated fatty acids, equated (%T)	polyunsaturated fatty acids equated t	250072	Fatty acid 22:6 n-3	fatty acid 22 6 n 3	existing	fatty_acids_total_to_individual_existing
230098	Total long chain omega 3 fatty acids, equated  (%T)	long chain omega 3 fatty acids equated t	1259	SFA 4:0	sfa 4 0	existing	fatty_acids_total_to_individual_existing
230098	Total long chain omega 3 fatty acids, equated  (%T)	long chain omega 3 fatty acids equated t	1260	SFA 6:0	sfa 6 0	existing	fatty_acids_total_to_individual_existing
230098	Total long chain omega 3 fatty acids, equated  (%T)	long chain omega 3 fatty acids equated t	1261	SFA 8:0	sfa 8 0	existing	fatty_acids_total_to_individual_existing
230098	Total long chain omega 3 fatty acids, equated  (%T)	long chain omega 3 fatty acids equated t	1262	SFA 10:0	sfa 10 0	existing	fatty_acids_total_to_individual_existing
230098	Total long chain omega 3 fatty acids, equated  (%T)	long chain omega 3 fatty acids equated t	1263	SFA 12:0	sfa 12 0	existing	fatty_acids_total_to_individual_existing
230098	Total long chain omega 3 fatty acids, equated  (%T)	long chain omega 3 fatty acids equated t	1264	SFA 14:0	sfa 14 0	existing	fatty_acids_total_to_individual_existing
230098	Total long chain omega 3 fatty acids, equated  (%T)	long chain omega 3 fatty acids equated t	1265	SFA 16:0	sfa 16 0	existing	fatty_acids_total_to_individual_existing
230098	Total long chain omega 3 fatty acids, equated  (%T)	long chain omega 3 fatty acids equated t	1266	SFA 18:0	sfa 18 0	existing	fatty_acids_total_to_individual_existing
230098	Total long chain omega 3 fatty acids, equated  (%T)	long chain omega 3 fatty acids equated t	1267	SFA 20:0	sfa 20 0	existing	fatty_acids_total_to_individual_existing
230098	Total long chain omega 3 fatty acids, equated  (%T)	long chain omega 3 fatty acids equated t	1268	MUFA 18:1	mufa 18 1	existing	fatty_acids_total_to_individual_existing
230098	Total long chain omega 3 fatty acids, equated  (%T)	long chain omega 3 fatty acids equated t	1269	PUFA 18:2	pufa 18 2	existing	fatty_acids_total_to_individual_existing
230098	Total long chain omega 3 fatty acids, equated  (%T)	long chain omega 3 fatty acids equated t	1270	PUFA 18:3	pufa 18 3	existing	fatty_acids_total_to_individual_existing
230098	Total long chain omega 3 fatty acids, equated  (%T)	long chain omega 3 fatty acids equated t	1271	PUFA 20:4	pufa 20 4	existing	fatty_acids_total_to_individual_existing
230098	Total long chain omega 3 fatty acids, equated  (%T)	long chain omega 3 fatty acids equated t	1272	PUFA 22:6 n-3 (DHA)	pufa 22 6 n 3	existing	fatty_acids_total_to_individual_existing
230098	Total long chain omega 3 fatty acids, equated  (%T)	long chain omega 3 fatty acids equated t	1273	SFA 22:0	sfa 22 0	existing	fatty_acids_total_to_individual_existing
230098	Total long chain omega 3 fatty acids, equated  (%T)	long chain omega 3 fatty acids equated t	1274	MUFA 14:1	mufa 14 1	existing	fatty_acids_total_to_individual_existing
230098	Total long chain omega 3 fatty acids, equated  (%T)	long chain omega 3 fatty acids equated t	1275	MUFA 16:1	mufa 16 1	existing	fatty_acids_total_to_individual_existing
230098	Total long chain omega 3 fatty acids, equated  (%T)	long chain omega 3 fatty acids equated t	1276	PUFA 18:4	pufa 18 4	existing	fatty_acids_total_to_individual_existing
230098	Total long chain omega 3 fatty acids, equated  (%T)	long chain omega 3 fatty acids equated t	1277	MUFA 20:1	mufa 20 1	existing	fatty_acids_total_to_individual_existing
230098	Total long chain omega 3 fatty acids, equated  (%T)	long chain omega 3 fatty acids equated t	1278	PUFA 20:5 n-3 (EPA)	pufa 20 5 n 3	existing	fatty_acids_total_to_individual_existing
230098	Total long chain omega 3 fatty acids, equated  (%T)	long chain omega 3 fatty acids equated t	1279	MUFA 22:1	mufa 22 1	existing	fatty_acids_total_to_individual_existing
230098	Total long chain omega 3 fatty acids, equated  (%T)	long chain omega 3 fatty acids equated t	1280	PUFA 22:5 n-3 (DPA)	pufa 22 5 n 3	existing	fatty_acids_total_to_individual_existing
230098	Total long chain omega 3 fatty acids, equated  (%T)	long chain omega 3 fatty acids equated t	1281	TFA 14:1 t	tfa 14 1 t	existing	fatty_acids_total_to_individual_existing
230098	Total long chain omega 3 fatty acids, equated  (%T)	long chain omega 3 fatty acids equated t	1299	SFA 15:0	sfa 15 0	existing	fatty_acids_total_to_individual_existing
230098	Total long chain omega 3 fatty acids, equated  (%T)	long chain omega 3 fatty acids equated t	1300	SFA 17:0	sfa 17 0	existing	fatty_acids_total_to_individual_existing
230098	Total long chain omega 3 fatty acids, equated  (%T)	long chain omega 3 fatty acids equated t	1301	SFA 24:0	sfa 24 0	existing	fatty_acids_total_to_individual_existing
230098	Total long chain omega 3 fatty acids, equated  (%T)	long chain omega 3 fatty acids equated t	1303	TFA 16:1 t	tfa 16 1 t	existing	fatty_acids_total_to_individual_existing
230098	Total long chain omega 3 fatty acids, equated  (%T)	long chain omega 3 fatty acids equated t	1304	TFA 18:1 t	tfa 18 1 t	existing	fatty_acids_total_to_individual_existing
230098	Total long chain omega 3 fatty acids, equated  (%T)	long chain omega 3 fatty acids equated t	1305	TFA 22:1 t	tfa 22 1 t	existing	fatty_acids_total_to_individual_existing
230098	Total long chain omega 3 fatty acids, equated  (%T)	long chain omega 3 fatty acids equated t	1306	TFA 18:2 t not further defined	tfa 18 2 t not further defined	existing	fatty_acids_total_to_individual_existing
230098	Total long chain omega 3 fatty acids, equated  (%T)	long chain omega 3 fatty acids equated t	1307	PUFA 18:2 i	pufa 18 2 i	existing	fatty_acids_total_to_individual_existing
230098	Total long chain omega 3 fatty acids, equated  (%T)	long chain omega 3 fatty acids equated t	1308	PUFA 18:2 t,c	pufa 18 2 t c	existing	fatty_acids_total_to_individual_existing
230098	Total long chain omega 3 fatty acids, equated  (%T)	long chain omega 3 fatty acids equated t	1309	PUFA 18:2 c,t	pufa 18 2 c t	existing	fatty_acids_total_to_individual_existing
230098	Total long chain omega 3 fatty acids, equated  (%T)	long chain omega 3 fatty acids equated t	1310	TFA 18:2 t,t	tfa 18 2 t t	existing	fatty_acids_total_to_individual_existing
230098	Total long chain omega 3 fatty acids, equated  (%T)	long chain omega 3 fatty acids equated t	1311	PUFA 18:2 CLAs	pufa 18 2 clas	existing	fatty_acids_total_to_individual_existing
230098	Total long chain omega 3 fatty acids, equated  (%T)	long chain omega 3 fatty acids equated t	1312	MUFA 24:1 c	mufa 24 1 c	existing	fatty_acids_total_to_individual_existing
230098	Total long chain omega 3 fatty acids, equated  (%T)	long chain omega 3 fatty acids equated t	1313	PUFA 20:2 n-6 c,c	pufa 20 2 n 6 c c	existing	fatty_acids_total_to_individual_existing
230098	Total long chain omega 3 fatty acids, equated  (%T)	long chain omega 3 fatty acids equated t	1314	MUFA 16:1 c	mufa 16 1 c	existing	fatty_acids_total_to_individual_existing
230098	Total long chain omega 3 fatty acids, equated  (%T)	long chain omega 3 fatty acids equated t	1315	MUFA 18:1 c	mufa 18 1 c	existing	fatty_acids_total_to_individual_existing
230098	Total long chain omega 3 fatty acids, equated  (%T)	long chain omega 3 fatty acids equated t	1316	PUFA 18:2 n-6 c,c	pufa 18 2 n 6 c c	existing	fatty_acids_total_to_individual_existing
230098	Total long chain omega 3 fatty acids, equated  (%T)	long chain omega 3 fatty acids equated t	1317	MUFA 22:1 c	mufa 22 1 c	existing	fatty_acids_total_to_individual_existing
230098	Total long chain omega 3 fatty acids, equated  (%T)	long chain omega 3 fatty acids equated t	1321	PUFA 18:3 n-6 c,c,c	pufa 18 3 n 6 c c c	existing	fatty_acids_total_to_individual_existing
230098	Total long chain omega 3 fatty acids, equated  (%T)	long chain omega 3 fatty acids equated t	1322	SFA 19:0	sfa 19 0	existing	fatty_acids_total_to_individual_existing
230098	Total long chain omega 3 fatty acids, equated  (%T)	long chain omega 3 fatty acids equated t	1323	MUFA 17:1	mufa 17 1	existing	fatty_acids_total_to_individual_existing
230098	Total long chain omega 3 fatty acids, equated  (%T)	long chain omega 3 fatty acids equated t	1324	PUFA 16:2	pufa 16 2	existing	fatty_acids_total_to_individual_existing
230098	Total long chain omega 3 fatty acids, equated  (%T)	long chain omega 3 fatty acids equated t	1325	PUFA 20:3	pufa 20 3	existing	fatty_acids_total_to_individual_existing
230098	Total long chain omega 3 fatty acids, equated  (%T)	long chain omega 3 fatty acids equated t	1332	SFA 13:0	sfa 13 0	existing	fatty_acids_total_to_individual_existing
230098	Total long chain omega 3 fatty acids, equated  (%T)	long chain omega 3 fatty acids equated t	1333	MUFA 15:1	mufa 15 1	existing	fatty_acids_total_to_individual_existing
230098	Total long chain omega 3 fatty acids, equated  (%T)	long chain omega 3 fatty acids equated t	1334	PUFA 22:2	pufa 22 2	existing	fatty_acids_total_to_individual_existing
230098	Total long chain omega 3 fatty acids, equated  (%T)	long chain omega 3 fatty acids equated t	1335	SFA 11:0	sfa 11 0	existing	fatty_acids_total_to_individual_existing
230098	Total long chain omega 3 fatty acids, equated  (%T)	long chain omega 3 fatty acids equated t	1404	PUFA 18:3 n-3 c,c,c (ALA)	pufa 18 3 n 3 c c c	existing	fatty_acids_total_to_individual_existing
230098	Total long chain omega 3 fatty acids, equated  (%T)	long chain omega 3 fatty acids equated t	1405	PUFA 20:3 n-3	pufa 20 3 n 3	existing	fatty_acids_total_to_individual_existing
230098	Total long chain omega 3 fatty acids, equated  (%T)	long chain omega 3 fatty acids equated t	1406	PUFA 20:3 n-6	pufa 20 3 n 6	existing	fatty_acids_total_to_individual_existing
230098	Total long chain omega 3 fatty acids, equated  (%T)	long chain omega 3 fatty acids equated t	1407	PUFA 20:4 n-3	pufa 20 4 n 3	existing	fatty_acids_total_to_individual_existing
230098	Total long chain omega 3 fatty acids, equated  (%T)	long chain omega 3 fatty acids equated t	1408	PUFA 20:4 n-6	pufa 20 4 n 6	existing	fatty_acids_total_to_individual_existing
230098	Total long chain omega 3 fatty acids, equated  (%T)	long chain omega 3 fatty acids equated t	1409	PUFA 18:3i	pufa 18 3i	existing	fatty_acids_total_to_individual_existing
230098	Total long chain omega 3 fatty acids, equated  (%T)	long chain omega 3 fatty acids equated t	1410	PUFA 21:5	pufa 21 5	existing	fatty_acids_total_to_individual_existing
230098	Total long chain omega 3 fatty acids, equated  (%T)	long chain omega 3 fatty acids equated t	1411	PUFA 22:4	pufa 22 4	existing	fatty_acids_total_to_individual_existing
230098	Total long chain omega 3 fatty acids, equated  (%T)	long chain omega 3 fatty acids equated t	1412	MUFA 18:1-11 t (18:1t n-7)	mufa 18 1 11 t 18 1t n 7	existing	fatty_acids_total_to_individual_existing
230098	Total long chain omega 3 fatty acids, equated  (%T)	long chain omega 3 fatty acids equated t	1413	MUFA 18:1-11 c (18:1c n-7)	mufa 18 1 11 c 18 1c n 7	existing	fatty_acids_total_to_individual_existing
230098	Total long chain omega 3 fatty acids, equated  (%T)	long chain omega 3 fatty acids equated t	1414	PUFA 20:3 n-9	pufa 20 3 n 9	existing	fatty_acids_total_to_individual_existing
230098	Total long chain omega 3 fatty acids, equated  (%T)	long chain omega 3 fatty acids equated t	2003	SFA 5:0	sfa 5 0	existing	fatty_acids_total_to_individual_existing
230098	Total long chain omega 3 fatty acids, equated  (%T)	long chain omega 3 fatty acids equated t	2004	SFA 7:0	sfa 7 0	existing	fatty_acids_total_to_individual_existing
230098	Total long chain omega 3 fatty acids, equated  (%T)	long chain omega 3 fatty acids equated t	2005	SFA 9:0	sfa 9 0	existing	fatty_acids_total_to_individual_existing
230098	Total long chain omega 3 fatty acids, equated  (%T)	long chain omega 3 fatty acids equated t	2006	SFA 21:0	sfa 21 0	existing	fatty_acids_total_to_individual_existing
230098	Total long chain omega 3 fatty acids, equated  (%T)	long chain omega 3 fatty acids equated t	2007	SFA 23:0	sfa 23 0	existing	fatty_acids_total_to_individual_existing
230098	Total long chain omega 3 fatty acids, equated  (%T)	long chain omega 3 fatty acids equated t	2008	MUFA 12:1	mufa 12 1	existing	fatty_acids_total_to_individual_existing
230098	Total long chain omega 3 fatty acids, equated  (%T)	long chain omega 3 fatty acids equated t	2009	MUFA 14:1 c	mufa 14 1 c	existing	fatty_acids_total_to_individual_existing
230098	Total long chain omega 3 fatty acids, equated  (%T)	long chain omega 3 fatty acids equated t	2010	MUFA 17:1 c	mufa 17 1 c	existing	fatty_acids_total_to_individual_existing
230098	Total long chain omega 3 fatty acids, equated  (%T)	long chain omega 3 fatty acids equated t	2011	TFA 17:1 t	tfa 17 1 t	existing	fatty_acids_total_to_individual_existing
230098	Total long chain omega 3 fatty acids, equated  (%T)	long chain omega 3 fatty acids equated t	2012	MUFA 20:1 c	mufa 20 1 c	existing	fatty_acids_total_to_individual_existing
230098	Total long chain omega 3 fatty acids, equated  (%T)	long chain omega 3 fatty acids equated t	2013	TFA 20:1 t	tfa 20 1 t	existing	fatty_acids_total_to_individual_existing
230098	Total long chain omega 3 fatty acids, equated  (%T)	long chain omega 3 fatty acids equated t	2014	MUFA 22:1 n-9	mufa 22 1 n 9	existing	fatty_acids_total_to_individual_existing
230098	Total long chain omega 3 fatty acids, equated  (%T)	long chain omega 3 fatty acids equated t	2015	MUFA 22:1 n-11	mufa 22 1 n 11	existing	fatty_acids_total_to_individual_existing
230098	Total long chain omega 3 fatty acids, equated  (%T)	long chain omega 3 fatty acids equated t	2016	PUFA 18:2 c	pufa 18 2 c	existing	fatty_acids_total_to_individual_existing
230098	Total long chain omega 3 fatty acids, equated  (%T)	long chain omega 3 fatty acids equated t	2017	TFA 18:2 t	tfa 18 2 t	existing	fatty_acids_total_to_individual_existing
230098	Total long chain omega 3 fatty acids, equated  (%T)	long chain omega 3 fatty acids equated t	2018	PUFA 18:3 c	pufa 18 3 c	existing	fatty_acids_total_to_individual_existing
230098	Total long chain omega 3 fatty acids, equated  (%T)	long chain omega 3 fatty acids equated t	2019	TFA 18:3 t	tfa 18 3 t	existing	fatty_acids_total_to_individual_existing
230098	Total long chain omega 3 fatty acids, equated  (%T)	long chain omega 3 fatty acids equated t	2020	PUFA 20:3 c	pufa 20 3 c	existing	fatty_acids_total_to_individual_existing
230098	Total long chain omega 3 fatty acids, equated  (%T)	long chain omega 3 fatty acids equated t	2021	PUFA 22:3	pufa 22 3	existing	fatty_acids_total_to_individual_existing
230098	Total long chain omega 3 fatty acids, equated  (%T)	long chain omega 3 fatty acids equated t	2022	PUFA 20:4c	pufa 20 4c	existing	fatty_acids_total_to_individual_existing
230098	Total long chain omega 3 fatty acids, equated  (%T)	long chain omega 3 fatty acids equated t	2023	PUFA 20:5c	pufa 20 5c	existing	fatty_acids_total_to_individual_existing
230098	Total long chain omega 3 fatty acids, equated  (%T)	long chain omega 3 fatty acids equated t	2024	PUFA 22:5 c	pufa 22 5 c	existing	fatty_acids_total_to_individual_existing
230098	Total long chain omega 3 fatty acids, equated  (%T)	long chain omega 3 fatty acids equated t	2025	PUFA 22:6 c	pufa 22 6 c	existing	fatty_acids_total_to_individual_existing
230098	Total long chain omega 3 fatty acids, equated  (%T)	long chain omega 3 fatty acids equated t	2026	PUFA 20:2 c	pufa 20 2 c	existing	fatty_acids_total_to_individual_existing
230098	Total long chain omega 3 fatty acids, equated  (%T)	long chain omega 3 fatty acids equated t	96718	FA 10:0	fa 10 0	existing	fatty_acids_total_to_individual_existing
230098	Total long chain omega 3 fatty acids, equated  (%T)	long chain omega 3 fatty acids equated t	96719	FA 12:0	fa 12 0	existing	fatty_acids_total_to_individual_existing
230098	Total long chain omega 3 fatty acids, equated  (%T)	long chain omega 3 fatty acids equated t	96720	FA 14:0	fa 14 0	existing	fatty_acids_total_to_individual_existing
230098	Total long chain omega 3 fatty acids, equated  (%T)	long chain omega 3 fatty acids equated t	96721	FA 16:0	fa 16 0	existing	fatty_acids_total_to_individual_existing
230098	Total long chain omega 3 fatty acids, equated  (%T)	long chain omega 3 fatty acids equated t	96722	FA 18:0	fa 18 0	existing	fatty_acids_total_to_individual_existing
230098	Total long chain omega 3 fatty acids, equated  (%T)	long chain omega 3 fatty acids equated t	96723	FA 18:1 n-9 cis	fa 18 1 n 9 cis	existing	fatty_acids_total_to_individual_existing
230098	Total long chain omega 3 fatty acids, equated  (%T)	long chain omega 3 fatty acids equated t	96724	FA 18:2 9c,12c (n-6)	fa 18 2 9c 12c n 6	existing	fatty_acids_total_to_individual_existing
230098	Total long chain omega 3 fatty acids, equated  (%T)	long chain omega 3 fatty acids equated t	96725	FA 18:3 c9,c12,c15 (n-3)	fa 18 3 c9 c12 c15 n 3	existing	fatty_acids_total_to_individual_existing
230098	Total long chain omega 3 fatty acids, equated  (%T)	long chain omega 3 fatty acids equated t	96726	FA 20:4 5c,8c,11c,14c (n-6)	fa 20 4 5c 8c 11c 14c n 6	existing	fatty_acids_total_to_individual_existing
230098	Total long chain omega 3 fatty acids, equated  (%T)	long chain omega 3 fatty acids equated t	96727	FA 4:0	fa 4 0	existing	fatty_acids_total_to_individual_existing
230098	Total long chain omega 3 fatty acids, equated  (%T)	long chain omega 3 fatty acids equated t	96728	FA 6:0	fa 6 0	existing	fatty_acids_total_to_individual_existing
230098	Total long chain omega 3 fatty acids, equated  (%T)	long chain omega 3 fatty acids equated t	96729	FA 8:0	fa 8 0	existing	fatty_acids_total_to_individual_existing
230098	Total long chain omega 3 fatty acids, equated  (%T)	long chain omega 3 fatty acids equated t	240075	5,3',4'-Trihydroxy-3-methoxy-6:7-methylenedioxyflavone 4'-O-glucuronide	5 3 4 trihydroxy 3 methoxy 6 7 methylenedioxyflavone 4 o glucuronide	existing	fatty_acids_total_to_individual_existing
230098	Total long chain omega 3 fatty acids, equated  (%T)	long chain omega 3 fatty acids equated t	240076	5,4'-Dihydroxy-3,3'-dimethoxy-6:7-methylenedioxyflavone 4'-O-glucuronide	5 4 dihydroxy 3 3 dimethoxy 6 7 methylenedioxyflavone 4 o glucuronide	existing	fatty_acids_total_to_individual_existing
230098	Total long chain omega 3 fatty acids, equated  (%T)	long chain omega 3 fatty acids equated t	250036	Fatty acid 10:0	fatty acid 10 0	existing	fatty_acids_total_to_individual_existing
230098	Total long chain omega 3 fatty acids, equated  (%T)	long chain omega 3 fatty acids equated t	250037	Fatty acid 12:0	fatty acid 12 0	existing	fatty_acids_total_to_individual_existing
230098	Total long chain omega 3 fatty acids, equated  (%T)	long chain omega 3 fatty acids equated t	250038	Fatty acid 14:0	fatty acid 14 0	existing	fatty_acids_total_to_individual_existing
230098	Total long chain omega 3 fatty acids, equated  (%T)	long chain omega 3 fatty acids equated t	250039	Fatty acid 15:0	fatty acid 15 0	existing	fatty_acids_total_to_individual_existing
230098	Total long chain omega 3 fatty acids, equated  (%T)	long chain omega 3 fatty acids equated t	250040	Fatty acid 16:0	fatty acid 16 0	existing	fatty_acids_total_to_individual_existing
230098	Total long chain omega 3 fatty acids, equated  (%T)	long chain omega 3 fatty acids equated t	250041	Fatty acid 17:0	fatty acid 17 0	existing	fatty_acids_total_to_individual_existing
230098	Total long chain omega 3 fatty acids, equated  (%T)	long chain omega 3 fatty acids equated t	250042	Fatty acid 18:0	fatty acid 18 0	existing	fatty_acids_total_to_individual_existing
230098	Total long chain omega 3 fatty acids, equated  (%T)	long chain omega 3 fatty acids equated t	250043	Fatty acid 20:0	fatty acid 20 0	existing	fatty_acids_total_to_individual_existing
230098	Total long chain omega 3 fatty acids, equated  (%T)	long chain omega 3 fatty acids equated t	250044	Fatty acid 22:0	fatty acid 22 0	existing	fatty_acids_total_to_individual_existing
230098	Total long chain omega 3 fatty acids, equated  (%T)	long chain omega 3 fatty acids equated t	250045	Fatty acid 24:0	fatty acid 24 0	existing	fatty_acids_total_to_individual_existing
230098	Total long chain omega 3 fatty acids, equated  (%T)	long chain omega 3 fatty acids equated t	250046	Fatty acid 10:1	fatty acid 10 1	existing	fatty_acids_total_to_individual_existing
230098	Total long chain omega 3 fatty acids, equated  (%T)	long chain omega 3 fatty acids equated t	250047	Fatty acid 14:1	fatty acid 14 1	existing	fatty_acids_total_to_individual_existing
230098	Total long chain omega 3 fatty acids, equated  (%T)	long chain omega 3 fatty acids equated t	250048	Fatty acid 15:1	fatty acid 15 1	existing	fatty_acids_total_to_individual_existing
230098	Total long chain omega 3 fatty acids, equated  (%T)	long chain omega 3 fatty acids equated t	250049	Fatty acid 16:1	fatty acid 16 1	existing	fatty_acids_total_to_individual_existing
230098	Total long chain omega 3 fatty acids, equated  (%T)	long chain omega 3 fatty acids equated t	250050	Fatty acid 17:1	fatty acid 17 1	existing	fatty_acids_total_to_individual_existing
230098	Total long chain omega 3 fatty acids, equated  (%T)	long chain omega 3 fatty acids equated t	250051	Fatty acid 18:1 undifferentiated	fatty acid 18 1 undifferentiated	existing	fatty_acids_total_to_individual_existing
230098	Total long chain omega 3 fatty acids, equated  (%T)	long chain omega 3 fatty acids equated t	250052	Fatty acid 20:1	fatty acid 20 1	existing	fatty_acids_total_to_individual_existing
230098	Total long chain omega 3 fatty acids, equated  (%T)	long chain omega 3 fatty acids equated t	250053	Fatty acid 22:1	fatty acid 22 1	existing	fatty_acids_total_to_individual_existing
230098	Total long chain omega 3 fatty acids, equated  (%T)	long chain omega 3 fatty acids equated t	250054	Fatty acid 24:1	fatty acid 24 1	existing	fatty_acids_total_to_individual_existing
230098	Total long chain omega 3 fatty acids, equated  (%T)	long chain omega 3 fatty acids equated t	250055	Fatty acid 16:2	fatty acid 16 2	existing	fatty_acids_total_to_individual_existing
230098	Total long chain omega 3 fatty acids, equated  (%T)	long chain omega 3 fatty acids equated t	250056	Fatty acid 16:3	fatty acid 16 3	existing	fatty_acids_total_to_individual_existing
230098	Total long chain omega 3 fatty acids, equated  (%T)	long chain omega 3 fatty acids equated t	250057	Fatty acid 16:4	fatty acid 16 4	existing	fatty_acids_total_to_individual_existing
230098	Total long chain omega 3 fatty acids, equated  (%T)	long chain omega 3 fatty acids equated t	250058	Fatty acid 18:2 n-6	fatty acid 18 2 n 6	existing	fatty_acids_total_to_individual_existing
230098	Total long chain omega 3 fatty acids, equated  (%T)	long chain omega 3 fatty acids equated t	250059	Fatty acid 18:3 n-3	fatty acid 18 3 n 3	existing	fatty_acids_total_to_individual_existing
230098	Total long chain omega 3 fatty acids, equated  (%T)	long chain omega 3 fatty acids equated t	250060	Fatty acid 18:3 n-6	fatty acid 18 3 n 6	existing	fatty_acids_total_to_individual_existing
230098	Total long chain omega 3 fatty acids, equated  (%T)	long chain omega 3 fatty acids equated t	250061	Fatty acid 18:4 n-3	fatty acid 18 4 n 3	existing	fatty_acids_total_to_individual_existing
230098	Total long chain omega 3 fatty acids, equated  (%T)	long chain omega 3 fatty acids equated t	250062	Fatty acid 20:2 n-6	fatty acid 20 2 n 6	existing	fatty_acids_total_to_individual_existing
230098	Total long chain omega 3 fatty acids, equated  (%T)	long chain omega 3 fatty acids equated t	250063	Fatty acid 20:3 n-6	fatty acid 20 3 n 6	existing	fatty_acids_total_to_individual_existing
230098	Total long chain omega 3 fatty acids, equated  (%T)	long chain omega 3 fatty acids equated t	250064	Fatty acid 20:4 n-3	fatty acid 20 4 n 3	existing	fatty_acids_total_to_individual_existing
230098	Total long chain omega 3 fatty acids, equated  (%T)	long chain omega 3 fatty acids equated t	250065	Fatty acid 20:4 n-6	fatty acid 20 4 n 6	existing	fatty_acids_total_to_individual_existing
230098	Total long chain omega 3 fatty acids, equated  (%T)	long chain omega 3 fatty acids equated t	250066	Fatty acid 20:5 n-3	fatty acid 20 5 n 3	existing	fatty_acids_total_to_individual_existing
230098	Total long chain omega 3 fatty acids, equated  (%T)	long chain omega 3 fatty acids equated t	250067	Fatty acid 21:5 n-3	fatty acid 21 5 n 3	existing	fatty_acids_total_to_individual_existing
230098	Total long chain omega 3 fatty acids, equated  (%T)	long chain omega 3 fatty acids equated t	250068	Fatty acid 22:2	fatty acid 22 2	existing	fatty_acids_total_to_individual_existing
230098	Total long chain omega 3 fatty acids, equated  (%T)	long chain omega 3 fatty acids equated t	250069	Fatty acid 22:4 n-6	fatty acid 22 4 n 6	existing	fatty_acids_total_to_individual_existing
230098	Total long chain omega 3 fatty acids, equated  (%T)	long chain omega 3 fatty acids equated t	250070	Fatty acid 22:5 n-3	fatty acid 22 5 n 3	existing	fatty_acids_total_to_individual_existing
230098	Total long chain omega 3 fatty acids, equated  (%T)	long chain omega 3 fatty acids equated t	250071	Fatty acid 22:5 n-6	fatty acid 22 5 n 6	existing	fatty_acids_total_to_individual_existing
230098	Total long chain omega 3 fatty acids, equated  (%T)	long chain omega 3 fatty acids equated t	250072	Fatty acid 22:6 n-3	fatty acid 22 6 n 3	existing	fatty_acids_total_to_individual_existing
230099	Total undifferentiated fatty acids  (%T)	undifferentiated fatty acids t	1259	SFA 4:0	sfa 4 0	existing	fatty_acids_total_to_individual_existing
230099	Total undifferentiated fatty acids  (%T)	undifferentiated fatty acids t	1260	SFA 6:0	sfa 6 0	existing	fatty_acids_total_to_individual_existing
230099	Total undifferentiated fatty acids  (%T)	undifferentiated fatty acids t	1261	SFA 8:0	sfa 8 0	existing	fatty_acids_total_to_individual_existing
230099	Total undifferentiated fatty acids  (%T)	undifferentiated fatty acids t	1262	SFA 10:0	sfa 10 0	existing	fatty_acids_total_to_individual_existing
230099	Total undifferentiated fatty acids  (%T)	undifferentiated fatty acids t	1263	SFA 12:0	sfa 12 0	existing	fatty_acids_total_to_individual_existing
230099	Total undifferentiated fatty acids  (%T)	undifferentiated fatty acids t	1264	SFA 14:0	sfa 14 0	existing	fatty_acids_total_to_individual_existing
230099	Total undifferentiated fatty acids  (%T)	undifferentiated fatty acids t	1265	SFA 16:0	sfa 16 0	existing	fatty_acids_total_to_individual_existing
230099	Total undifferentiated fatty acids  (%T)	undifferentiated fatty acids t	1266	SFA 18:0	sfa 18 0	existing	fatty_acids_total_to_individual_existing
230099	Total undifferentiated fatty acids  (%T)	undifferentiated fatty acids t	1267	SFA 20:0	sfa 20 0	existing	fatty_acids_total_to_individual_existing
230099	Total undifferentiated fatty acids  (%T)	undifferentiated fatty acids t	1268	MUFA 18:1	mufa 18 1	existing	fatty_acids_total_to_individual_existing
230099	Total undifferentiated fatty acids  (%T)	undifferentiated fatty acids t	1269	PUFA 18:2	pufa 18 2	existing	fatty_acids_total_to_individual_existing
230099	Total undifferentiated fatty acids  (%T)	undifferentiated fatty acids t	1270	PUFA 18:3	pufa 18 3	existing	fatty_acids_total_to_individual_existing
230099	Total undifferentiated fatty acids  (%T)	undifferentiated fatty acids t	1271	PUFA 20:4	pufa 20 4	existing	fatty_acids_total_to_individual_existing
230099	Total undifferentiated fatty acids  (%T)	undifferentiated fatty acids t	1272	PUFA 22:6 n-3 (DHA)	pufa 22 6 n 3	existing	fatty_acids_total_to_individual_existing
230099	Total undifferentiated fatty acids  (%T)	undifferentiated fatty acids t	1273	SFA 22:0	sfa 22 0	existing	fatty_acids_total_to_individual_existing
230099	Total undifferentiated fatty acids  (%T)	undifferentiated fatty acids t	1274	MUFA 14:1	mufa 14 1	existing	fatty_acids_total_to_individual_existing
230099	Total undifferentiated fatty acids  (%T)	undifferentiated fatty acids t	1275	MUFA 16:1	mufa 16 1	existing	fatty_acids_total_to_individual_existing
230099	Total undifferentiated fatty acids  (%T)	undifferentiated fatty acids t	1276	PUFA 18:4	pufa 18 4	existing	fatty_acids_total_to_individual_existing
230099	Total undifferentiated fatty acids  (%T)	undifferentiated fatty acids t	1277	MUFA 20:1	mufa 20 1	existing	fatty_acids_total_to_individual_existing
230099	Total undifferentiated fatty acids  (%T)	undifferentiated fatty acids t	1278	PUFA 20:5 n-3 (EPA)	pufa 20 5 n 3	existing	fatty_acids_total_to_individual_existing
230099	Total undifferentiated fatty acids  (%T)	undifferentiated fatty acids t	1279	MUFA 22:1	mufa 22 1	existing	fatty_acids_total_to_individual_existing
230099	Total undifferentiated fatty acids  (%T)	undifferentiated fatty acids t	1280	PUFA 22:5 n-3 (DPA)	pufa 22 5 n 3	existing	fatty_acids_total_to_individual_existing
230099	Total undifferentiated fatty acids  (%T)	undifferentiated fatty acids t	1281	TFA 14:1 t	tfa 14 1 t	existing	fatty_acids_total_to_individual_existing
230099	Total undifferentiated fatty acids  (%T)	undifferentiated fatty acids t	1299	SFA 15:0	sfa 15 0	existing	fatty_acids_total_to_individual_existing
230099	Total undifferentiated fatty acids  (%T)	undifferentiated fatty acids t	1300	SFA 17:0	sfa 17 0	existing	fatty_acids_total_to_individual_existing
230099	Total undifferentiated fatty acids  (%T)	undifferentiated fatty acids t	1301	SFA 24:0	sfa 24 0	existing	fatty_acids_total_to_individual_existing
230099	Total undifferentiated fatty acids  (%T)	undifferentiated fatty acids t	1303	TFA 16:1 t	tfa 16 1 t	existing	fatty_acids_total_to_individual_existing
230099	Total undifferentiated fatty acids  (%T)	undifferentiated fatty acids t	1304	TFA 18:1 t	tfa 18 1 t	existing	fatty_acids_total_to_individual_existing
230099	Total undifferentiated fatty acids  (%T)	undifferentiated fatty acids t	1305	TFA 22:1 t	tfa 22 1 t	existing	fatty_acids_total_to_individual_existing
230099	Total undifferentiated fatty acids  (%T)	undifferentiated fatty acids t	1306	TFA 18:2 t not further defined	tfa 18 2 t not further defined	existing	fatty_acids_total_to_individual_existing
230099	Total undifferentiated fatty acids  (%T)	undifferentiated fatty acids t	1307	PUFA 18:2 i	pufa 18 2 i	existing	fatty_acids_total_to_individual_existing
230099	Total undifferentiated fatty acids  (%T)	undifferentiated fatty acids t	1308	PUFA 18:2 t,c	pufa 18 2 t c	existing	fatty_acids_total_to_individual_existing
230099	Total undifferentiated fatty acids  (%T)	undifferentiated fatty acids t	1309	PUFA 18:2 c,t	pufa 18 2 c t	existing	fatty_acids_total_to_individual_existing
230099	Total undifferentiated fatty acids  (%T)	undifferentiated fatty acids t	1310	TFA 18:2 t,t	tfa 18 2 t t	existing	fatty_acids_total_to_individual_existing
230099	Total undifferentiated fatty acids  (%T)	undifferentiated fatty acids t	1311	PUFA 18:2 CLAs	pufa 18 2 clas	existing	fatty_acids_total_to_individual_existing
230099	Total undifferentiated fatty acids  (%T)	undifferentiated fatty acids t	1312	MUFA 24:1 c	mufa 24 1 c	existing	fatty_acids_total_to_individual_existing
230099	Total undifferentiated fatty acids  (%T)	undifferentiated fatty acids t	1313	PUFA 20:2 n-6 c,c	pufa 20 2 n 6 c c	existing	fatty_acids_total_to_individual_existing
230099	Total undifferentiated fatty acids  (%T)	undifferentiated fatty acids t	1314	MUFA 16:1 c	mufa 16 1 c	existing	fatty_acids_total_to_individual_existing
230099	Total undifferentiated fatty acids  (%T)	undifferentiated fatty acids t	1315	MUFA 18:1 c	mufa 18 1 c	existing	fatty_acids_total_to_individual_existing
230099	Total undifferentiated fatty acids  (%T)	undifferentiated fatty acids t	1316	PUFA 18:2 n-6 c,c	pufa 18 2 n 6 c c	existing	fatty_acids_total_to_individual_existing
230099	Total undifferentiated fatty acids  (%T)	undifferentiated fatty acids t	1317	MUFA 22:1 c	mufa 22 1 c	existing	fatty_acids_total_to_individual_existing
230099	Total undifferentiated fatty acids  (%T)	undifferentiated fatty acids t	1321	PUFA 18:3 n-6 c,c,c	pufa 18 3 n 6 c c c	existing	fatty_acids_total_to_individual_existing
230099	Total undifferentiated fatty acids  (%T)	undifferentiated fatty acids t	1322	SFA 19:0	sfa 19 0	existing	fatty_acids_total_to_individual_existing
230099	Total undifferentiated fatty acids  (%T)	undifferentiated fatty acids t	1323	MUFA 17:1	mufa 17 1	existing	fatty_acids_total_to_individual_existing
230099	Total undifferentiated fatty acids  (%T)	undifferentiated fatty acids t	1324	PUFA 16:2	pufa 16 2	existing	fatty_acids_total_to_individual_existing
230099	Total undifferentiated fatty acids  (%T)	undifferentiated fatty acids t	1325	PUFA 20:3	pufa 20 3	existing	fatty_acids_total_to_individual_existing
230099	Total undifferentiated fatty acids  (%T)	undifferentiated fatty acids t	1332	SFA 13:0	sfa 13 0	existing	fatty_acids_total_to_individual_existing
230099	Total undifferentiated fatty acids  (%T)	undifferentiated fatty acids t	1333	MUFA 15:1	mufa 15 1	existing	fatty_acids_total_to_individual_existing
230099	Total undifferentiated fatty acids  (%T)	undifferentiated fatty acids t	1334	PUFA 22:2	pufa 22 2	existing	fatty_acids_total_to_individual_existing
230099	Total undifferentiated fatty acids  (%T)	undifferentiated fatty acids t	1335	SFA 11:0	sfa 11 0	existing	fatty_acids_total_to_individual_existing
230099	Total undifferentiated fatty acids  (%T)	undifferentiated fatty acids t	1404	PUFA 18:3 n-3 c,c,c (ALA)	pufa 18 3 n 3 c c c	existing	fatty_acids_total_to_individual_existing
230099	Total undifferentiated fatty acids  (%T)	undifferentiated fatty acids t	1405	PUFA 20:3 n-3	pufa 20 3 n 3	existing	fatty_acids_total_to_individual_existing
230099	Total undifferentiated fatty acids  (%T)	undifferentiated fatty acids t	1406	PUFA 20:3 n-6	pufa 20 3 n 6	existing	fatty_acids_total_to_individual_existing
230099	Total undifferentiated fatty acids  (%T)	undifferentiated fatty acids t	1407	PUFA 20:4 n-3	pufa 20 4 n 3	existing	fatty_acids_total_to_individual_existing
230099	Total undifferentiated fatty acids  (%T)	undifferentiated fatty acids t	1408	PUFA 20:4 n-6	pufa 20 4 n 6	existing	fatty_acids_total_to_individual_existing
230099	Total undifferentiated fatty acids  (%T)	undifferentiated fatty acids t	1409	PUFA 18:3i	pufa 18 3i	existing	fatty_acids_total_to_individual_existing
230099	Total undifferentiated fatty acids  (%T)	undifferentiated fatty acids t	1410	PUFA 21:5	pufa 21 5	existing	fatty_acids_total_to_individual_existing
230099	Total undifferentiated fatty acids  (%T)	undifferentiated fatty acids t	1411	PUFA 22:4	pufa 22 4	existing	fatty_acids_total_to_individual_existing
230099	Total undifferentiated fatty acids  (%T)	undifferentiated fatty acids t	1412	MUFA 18:1-11 t (18:1t n-7)	mufa 18 1 11 t 18 1t n 7	existing	fatty_acids_total_to_individual_existing
230099	Total undifferentiated fatty acids  (%T)	undifferentiated fatty acids t	1413	MUFA 18:1-11 c (18:1c n-7)	mufa 18 1 11 c 18 1c n 7	existing	fatty_acids_total_to_individual_existing
230099	Total undifferentiated fatty acids  (%T)	undifferentiated fatty acids t	1414	PUFA 20:3 n-9	pufa 20 3 n 9	existing	fatty_acids_total_to_individual_existing
230099	Total undifferentiated fatty acids  (%T)	undifferentiated fatty acids t	2003	SFA 5:0	sfa 5 0	existing	fatty_acids_total_to_individual_existing
230099	Total undifferentiated fatty acids  (%T)	undifferentiated fatty acids t	2004	SFA 7:0	sfa 7 0	existing	fatty_acids_total_to_individual_existing
230099	Total undifferentiated fatty acids  (%T)	undifferentiated fatty acids t	2005	SFA 9:0	sfa 9 0	existing	fatty_acids_total_to_individual_existing
230099	Total undifferentiated fatty acids  (%T)	undifferentiated fatty acids t	2006	SFA 21:0	sfa 21 0	existing	fatty_acids_total_to_individual_existing
230099	Total undifferentiated fatty acids  (%T)	undifferentiated fatty acids t	2007	SFA 23:0	sfa 23 0	existing	fatty_acids_total_to_individual_existing
230099	Total undifferentiated fatty acids  (%T)	undifferentiated fatty acids t	2008	MUFA 12:1	mufa 12 1	existing	fatty_acids_total_to_individual_existing
230099	Total undifferentiated fatty acids  (%T)	undifferentiated fatty acids t	2009	MUFA 14:1 c	mufa 14 1 c	existing	fatty_acids_total_to_individual_existing
230099	Total undifferentiated fatty acids  (%T)	undifferentiated fatty acids t	2010	MUFA 17:1 c	mufa 17 1 c	existing	fatty_acids_total_to_individual_existing
230099	Total undifferentiated fatty acids  (%T)	undifferentiated fatty acids t	2011	TFA 17:1 t	tfa 17 1 t	existing	fatty_acids_total_to_individual_existing
230099	Total undifferentiated fatty acids  (%T)	undifferentiated fatty acids t	2012	MUFA 20:1 c	mufa 20 1 c	existing	fatty_acids_total_to_individual_existing
230099	Total undifferentiated fatty acids  (%T)	undifferentiated fatty acids t	2013	TFA 20:1 t	tfa 20 1 t	existing	fatty_acids_total_to_individual_existing
230099	Total undifferentiated fatty acids  (%T)	undifferentiated fatty acids t	2014	MUFA 22:1 n-9	mufa 22 1 n 9	existing	fatty_acids_total_to_individual_existing
230099	Total undifferentiated fatty acids  (%T)	undifferentiated fatty acids t	2015	MUFA 22:1 n-11	mufa 22 1 n 11	existing	fatty_acids_total_to_individual_existing
230099	Total undifferentiated fatty acids  (%T)	undifferentiated fatty acids t	2016	PUFA 18:2 c	pufa 18 2 c	existing	fatty_acids_total_to_individual_existing
230099	Total undifferentiated fatty acids  (%T)	undifferentiated fatty acids t	2017	TFA 18:2 t	tfa 18 2 t	existing	fatty_acids_total_to_individual_existing
230099	Total undifferentiated fatty acids  (%T)	undifferentiated fatty acids t	2018	PUFA 18:3 c	pufa 18 3 c	existing	fatty_acids_total_to_individual_existing
230099	Total undifferentiated fatty acids  (%T)	undifferentiated fatty acids t	2019	TFA 18:3 t	tfa 18 3 t	existing	fatty_acids_total_to_individual_existing
230099	Total undifferentiated fatty acids  (%T)	undifferentiated fatty acids t	2020	PUFA 20:3 c	pufa 20 3 c	existing	fatty_acids_total_to_individual_existing
230099	Total undifferentiated fatty acids  (%T)	undifferentiated fatty acids t	2021	PUFA 22:3	pufa 22 3	existing	fatty_acids_total_to_individual_existing
230099	Total undifferentiated fatty acids  (%T)	undifferentiated fatty acids t	2022	PUFA 20:4c	pufa 20 4c	existing	fatty_acids_total_to_individual_existing
230099	Total undifferentiated fatty acids  (%T)	undifferentiated fatty acids t	2023	PUFA 20:5c	pufa 20 5c	existing	fatty_acids_total_to_individual_existing
230099	Total undifferentiated fatty acids  (%T)	undifferentiated fatty acids t	2024	PUFA 22:5 c	pufa 22 5 c	existing	fatty_acids_total_to_individual_existing
230099	Total undifferentiated fatty acids  (%T)	undifferentiated fatty acids t	2025	PUFA 22:6 c	pufa 22 6 c	existing	fatty_acids_total_to_individual_existing
230099	Total undifferentiated fatty acids  (%T)	undifferentiated fatty acids t	2026	PUFA 20:2 c	pufa 20 2 c	existing	fatty_acids_total_to_individual_existing
230099	Total undifferentiated fatty acids  (%T)	undifferentiated fatty acids t	96718	FA 10:0	fa 10 0	existing	fatty_acids_total_to_individual_existing
230099	Total undifferentiated fatty acids  (%T)	undifferentiated fatty acids t	96719	FA 12:0	fa 12 0	existing	fatty_acids_total_to_individual_existing
230099	Total undifferentiated fatty acids  (%T)	undifferentiated fatty acids t	96720	FA 14:0	fa 14 0	existing	fatty_acids_total_to_individual_existing
230099	Total undifferentiated fatty acids  (%T)	undifferentiated fatty acids t	96721	FA 16:0	fa 16 0	existing	fatty_acids_total_to_individual_existing
230099	Total undifferentiated fatty acids  (%T)	undifferentiated fatty acids t	96722	FA 18:0	fa 18 0	existing	fatty_acids_total_to_individual_existing
230099	Total undifferentiated fatty acids  (%T)	undifferentiated fatty acids t	96723	FA 18:1 n-9 cis	fa 18 1 n 9 cis	existing	fatty_acids_total_to_individual_existing
230099	Total undifferentiated fatty acids  (%T)	undifferentiated fatty acids t	96724	FA 18:2 9c,12c (n-6)	fa 18 2 9c 12c n 6	existing	fatty_acids_total_to_individual_existing
230099	Total undifferentiated fatty acids  (%T)	undifferentiated fatty acids t	96725	FA 18:3 c9,c12,c15 (n-3)	fa 18 3 c9 c12 c15 n 3	existing	fatty_acids_total_to_individual_existing
230099	Total undifferentiated fatty acids  (%T)	undifferentiated fatty acids t	96726	FA 20:4 5c,8c,11c,14c (n-6)	fa 20 4 5c 8c 11c 14c n 6	existing	fatty_acids_total_to_individual_existing
230099	Total undifferentiated fatty acids  (%T)	undifferentiated fatty acids t	96727	FA 4:0	fa 4 0	existing	fatty_acids_total_to_individual_existing
230099	Total undifferentiated fatty acids  (%T)	undifferentiated fatty acids t	96728	FA 6:0	fa 6 0	existing	fatty_acids_total_to_individual_existing
230099	Total undifferentiated fatty acids  (%T)	undifferentiated fatty acids t	96729	FA 8:0	fa 8 0	existing	fatty_acids_total_to_individual_existing
230099	Total undifferentiated fatty acids  (%T)	undifferentiated fatty acids t	240075	5,3',4'-Trihydroxy-3-methoxy-6:7-methylenedioxyflavone 4'-O-glucuronide	5 3 4 trihydroxy 3 methoxy 6 7 methylenedioxyflavone 4 o glucuronide	existing	fatty_acids_total_to_individual_existing
230099	Total undifferentiated fatty acids  (%T)	undifferentiated fatty acids t	240076	5,4'-Dihydroxy-3,3'-dimethoxy-6:7-methylenedioxyflavone 4'-O-glucuronide	5 4 dihydroxy 3 3 dimethoxy 6 7 methylenedioxyflavone 4 o glucuronide	existing	fatty_acids_total_to_individual_existing
230099	Total undifferentiated fatty acids  (%T)	undifferentiated fatty acids t	250036	Fatty acid 10:0	fatty acid 10 0	existing	fatty_acids_total_to_individual_existing
230099	Total undifferentiated fatty acids  (%T)	undifferentiated fatty acids t	250037	Fatty acid 12:0	fatty acid 12 0	existing	fatty_acids_total_to_individual_existing
230099	Total undifferentiated fatty acids  (%T)	undifferentiated fatty acids t	250038	Fatty acid 14:0	fatty acid 14 0	existing	fatty_acids_total_to_individual_existing
230099	Total undifferentiated fatty acids  (%T)	undifferentiated fatty acids t	250039	Fatty acid 15:0	fatty acid 15 0	existing	fatty_acids_total_to_individual_existing
230099	Total undifferentiated fatty acids  (%T)	undifferentiated fatty acids t	250040	Fatty acid 16:0	fatty acid 16 0	existing	fatty_acids_total_to_individual_existing
230099	Total undifferentiated fatty acids  (%T)	undifferentiated fatty acids t	250041	Fatty acid 17:0	fatty acid 17 0	existing	fatty_acids_total_to_individual_existing
230099	Total undifferentiated fatty acids  (%T)	undifferentiated fatty acids t	250042	Fatty acid 18:0	fatty acid 18 0	existing	fatty_acids_total_to_individual_existing
230099	Total undifferentiated fatty acids  (%T)	undifferentiated fatty acids t	250043	Fatty acid 20:0	fatty acid 20 0	existing	fatty_acids_total_to_individual_existing
230099	Total undifferentiated fatty acids  (%T)	undifferentiated fatty acids t	250044	Fatty acid 22:0	fatty acid 22 0	existing	fatty_acids_total_to_individual_existing
230099	Total undifferentiated fatty acids  (%T)	undifferentiated fatty acids t	250045	Fatty acid 24:0	fatty acid 24 0	existing	fatty_acids_total_to_individual_existing
230099	Total undifferentiated fatty acids  (%T)	undifferentiated fatty acids t	250046	Fatty acid 10:1	fatty acid 10 1	existing	fatty_acids_total_to_individual_existing
230099	Total undifferentiated fatty acids  (%T)	undifferentiated fatty acids t	250047	Fatty acid 14:1	fatty acid 14 1	existing	fatty_acids_total_to_individual_existing
230099	Total undifferentiated fatty acids  (%T)	undifferentiated fatty acids t	250048	Fatty acid 15:1	fatty acid 15 1	existing	fatty_acids_total_to_individual_existing
230099	Total undifferentiated fatty acids  (%T)	undifferentiated fatty acids t	250049	Fatty acid 16:1	fatty acid 16 1	existing	fatty_acids_total_to_individual_existing
230099	Total undifferentiated fatty acids  (%T)	undifferentiated fatty acids t	250050	Fatty acid 17:1	fatty acid 17 1	existing	fatty_acids_total_to_individual_existing
230099	Total undifferentiated fatty acids  (%T)	undifferentiated fatty acids t	250051	Fatty acid 18:1 undifferentiated	fatty acid 18 1 undifferentiated	existing	fatty_acids_total_to_individual_existing
230099	Total undifferentiated fatty acids  (%T)	undifferentiated fatty acids t	250052	Fatty acid 20:1	fatty acid 20 1	existing	fatty_acids_total_to_individual_existing
230099	Total undifferentiated fatty acids  (%T)	undifferentiated fatty acids t	250053	Fatty acid 22:1	fatty acid 22 1	existing	fatty_acids_total_to_individual_existing
230099	Total undifferentiated fatty acids  (%T)	undifferentiated fatty acids t	250054	Fatty acid 24:1	fatty acid 24 1	existing	fatty_acids_total_to_individual_existing
230099	Total undifferentiated fatty acids  (%T)	undifferentiated fatty acids t	250055	Fatty acid 16:2	fatty acid 16 2	existing	fatty_acids_total_to_individual_existing
230099	Total undifferentiated fatty acids  (%T)	undifferentiated fatty acids t	250056	Fatty acid 16:3	fatty acid 16 3	existing	fatty_acids_total_to_individual_existing
230099	Total undifferentiated fatty acids  (%T)	undifferentiated fatty acids t	250057	Fatty acid 16:4	fatty acid 16 4	existing	fatty_acids_total_to_individual_existing
230099	Total undifferentiated fatty acids  (%T)	undifferentiated fatty acids t	250058	Fatty acid 18:2 n-6	fatty acid 18 2 n 6	existing	fatty_acids_total_to_individual_existing
230099	Total undifferentiated fatty acids  (%T)	undifferentiated fatty acids t	250059	Fatty acid 18:3 n-3	fatty acid 18 3 n 3	existing	fatty_acids_total_to_individual_existing
230099	Total undifferentiated fatty acids  (%T)	undifferentiated fatty acids t	250060	Fatty acid 18:3 n-6	fatty acid 18 3 n 6	existing	fatty_acids_total_to_individual_existing
230099	Total undifferentiated fatty acids  (%T)	undifferentiated fatty acids t	250061	Fatty acid 18:4 n-3	fatty acid 18 4 n 3	existing	fatty_acids_total_to_individual_existing
230099	Total undifferentiated fatty acids  (%T)	undifferentiated fatty acids t	250062	Fatty acid 20:2 n-6	fatty acid 20 2 n 6	existing	fatty_acids_total_to_individual_existing
230099	Total undifferentiated fatty acids  (%T)	undifferentiated fatty acids t	250063	Fatty acid 20:3 n-6	fatty acid 20 3 n 6	existing	fatty_acids_total_to_individual_existing
230099	Total undifferentiated fatty acids  (%T)	undifferentiated fatty acids t	250064	Fatty acid 20:4 n-3	fatty acid 20 4 n 3	existing	fatty_acids_total_to_individual_existing
230099	Total undifferentiated fatty acids  (%T)	undifferentiated fatty acids t	250065	Fatty acid 20:4 n-6	fatty acid 20 4 n 6	existing	fatty_acids_total_to_individual_existing
230099	Total undifferentiated fatty acids  (%T)	undifferentiated fatty acids t	250066	Fatty acid 20:5 n-3	fatty acid 20 5 n 3	existing	fatty_acids_total_to_individual_existing
230099	Total undifferentiated fatty acids  (%T)	undifferentiated fatty acids t	250067	Fatty acid 21:5 n-3	fatty acid 21 5 n 3	existing	fatty_acids_total_to_individual_existing
230099	Total undifferentiated fatty acids  (%T)	undifferentiated fatty acids t	250068	Fatty acid 22:2	fatty acid 22 2	existing	fatty_acids_total_to_individual_existing
230099	Total undifferentiated fatty acids  (%T)	undifferentiated fatty acids t	250069	Fatty acid 22:4 n-6	fatty acid 22 4 n 6	existing	fatty_acids_total_to_individual_existing
230099	Total undifferentiated fatty acids  (%T)	undifferentiated fatty acids t	250070	Fatty acid 22:5 n-3	fatty acid 22 5 n 3	existing	fatty_acids_total_to_individual_existing
230099	Total undifferentiated fatty acids  (%T)	undifferentiated fatty acids t	250071	Fatty acid 22:5 n-6	fatty acid 22 5 n 6	existing	fatty_acids_total_to_individual_existing
230099	Total undifferentiated fatty acids  (%T)	undifferentiated fatty acids t	250072	Fatty acid 22:6 n-3	fatty acid 22 6 n 3	existing	fatty_acids_total_to_individual_existing
230100	Total trans fatty acids, imputed  (%T)	trans fatty acids imputed t	1259	SFA 4:0	sfa 4 0	existing	fatty_acids_total_to_individual_existing
230100	Total trans fatty acids, imputed  (%T)	trans fatty acids imputed t	1260	SFA 6:0	sfa 6 0	existing	fatty_acids_total_to_individual_existing
230100	Total trans fatty acids, imputed  (%T)	trans fatty acids imputed t	1261	SFA 8:0	sfa 8 0	existing	fatty_acids_total_to_individual_existing
230100	Total trans fatty acids, imputed  (%T)	trans fatty acids imputed t	1262	SFA 10:0	sfa 10 0	existing	fatty_acids_total_to_individual_existing
230100	Total trans fatty acids, imputed  (%T)	trans fatty acids imputed t	1263	SFA 12:0	sfa 12 0	existing	fatty_acids_total_to_individual_existing
230100	Total trans fatty acids, imputed  (%T)	trans fatty acids imputed t	1264	SFA 14:0	sfa 14 0	existing	fatty_acids_total_to_individual_existing
230100	Total trans fatty acids, imputed  (%T)	trans fatty acids imputed t	1265	SFA 16:0	sfa 16 0	existing	fatty_acids_total_to_individual_existing
230100	Total trans fatty acids, imputed  (%T)	trans fatty acids imputed t	1266	SFA 18:0	sfa 18 0	existing	fatty_acids_total_to_individual_existing
230100	Total trans fatty acids, imputed  (%T)	trans fatty acids imputed t	1267	SFA 20:0	sfa 20 0	existing	fatty_acids_total_to_individual_existing
230100	Total trans fatty acids, imputed  (%T)	trans fatty acids imputed t	1268	MUFA 18:1	mufa 18 1	existing	fatty_acids_total_to_individual_existing
230100	Total trans fatty acids, imputed  (%T)	trans fatty acids imputed t	1269	PUFA 18:2	pufa 18 2	existing	fatty_acids_total_to_individual_existing
230100	Total trans fatty acids, imputed  (%T)	trans fatty acids imputed t	1270	PUFA 18:3	pufa 18 3	existing	fatty_acids_total_to_individual_existing
230100	Total trans fatty acids, imputed  (%T)	trans fatty acids imputed t	1271	PUFA 20:4	pufa 20 4	existing	fatty_acids_total_to_individual_existing
230100	Total trans fatty acids, imputed  (%T)	trans fatty acids imputed t	1272	PUFA 22:6 n-3 (DHA)	pufa 22 6 n 3	existing	fatty_acids_total_to_individual_existing
230100	Total trans fatty acids, imputed  (%T)	trans fatty acids imputed t	1273	SFA 22:0	sfa 22 0	existing	fatty_acids_total_to_individual_existing
230100	Total trans fatty acids, imputed  (%T)	trans fatty acids imputed t	1274	MUFA 14:1	mufa 14 1	existing	fatty_acids_total_to_individual_existing
230100	Total trans fatty acids, imputed  (%T)	trans fatty acids imputed t	1275	MUFA 16:1	mufa 16 1	existing	fatty_acids_total_to_individual_existing
230100	Total trans fatty acids, imputed  (%T)	trans fatty acids imputed t	1276	PUFA 18:4	pufa 18 4	existing	fatty_acids_total_to_individual_existing
230100	Total trans fatty acids, imputed  (%T)	trans fatty acids imputed t	1277	MUFA 20:1	mufa 20 1	existing	fatty_acids_total_to_individual_existing
230100	Total trans fatty acids, imputed  (%T)	trans fatty acids imputed t	1278	PUFA 20:5 n-3 (EPA)	pufa 20 5 n 3	existing	fatty_acids_total_to_individual_existing
230100	Total trans fatty acids, imputed  (%T)	trans fatty acids imputed t	1279	MUFA 22:1	mufa 22 1	existing	fatty_acids_total_to_individual_existing
230100	Total trans fatty acids, imputed  (%T)	trans fatty acids imputed t	1280	PUFA 22:5 n-3 (DPA)	pufa 22 5 n 3	existing	fatty_acids_total_to_individual_existing
230100	Total trans fatty acids, imputed  (%T)	trans fatty acids imputed t	1281	TFA 14:1 t	tfa 14 1 t	existing	fatty_acids_total_to_individual_existing
230100	Total trans fatty acids, imputed  (%T)	trans fatty acids imputed t	1299	SFA 15:0	sfa 15 0	existing	fatty_acids_total_to_individual_existing
230100	Total trans fatty acids, imputed  (%T)	trans fatty acids imputed t	1300	SFA 17:0	sfa 17 0	existing	fatty_acids_total_to_individual_existing
230100	Total trans fatty acids, imputed  (%T)	trans fatty acids imputed t	1301	SFA 24:0	sfa 24 0	existing	fatty_acids_total_to_individual_existing
230100	Total trans fatty acids, imputed  (%T)	trans fatty acids imputed t	1303	TFA 16:1 t	tfa 16 1 t	existing	fatty_acids_total_to_individual_existing
230100	Total trans fatty acids, imputed  (%T)	trans fatty acids imputed t	1304	TFA 18:1 t	tfa 18 1 t	existing	fatty_acids_total_to_individual_existing
230100	Total trans fatty acids, imputed  (%T)	trans fatty acids imputed t	1305	TFA 22:1 t	tfa 22 1 t	existing	fatty_acids_total_to_individual_existing
230100	Total trans fatty acids, imputed  (%T)	trans fatty acids imputed t	1306	TFA 18:2 t not further defined	tfa 18 2 t not further defined	existing	fatty_acids_total_to_individual_existing
230100	Total trans fatty acids, imputed  (%T)	trans fatty acids imputed t	1307	PUFA 18:2 i	pufa 18 2 i	existing	fatty_acids_total_to_individual_existing
230100	Total trans fatty acids, imputed  (%T)	trans fatty acids imputed t	1308	PUFA 18:2 t,c	pufa 18 2 t c	existing	fatty_acids_total_to_individual_existing
230100	Total trans fatty acids, imputed  (%T)	trans fatty acids imputed t	1309	PUFA 18:2 c,t	pufa 18 2 c t	existing	fatty_acids_total_to_individual_existing
230100	Total trans fatty acids, imputed  (%T)	trans fatty acids imputed t	1310	TFA 18:2 t,t	tfa 18 2 t t	existing	fatty_acids_total_to_individual_existing
230100	Total trans fatty acids, imputed  (%T)	trans fatty acids imputed t	1311	PUFA 18:2 CLAs	pufa 18 2 clas	existing	fatty_acids_total_to_individual_existing
230100	Total trans fatty acids, imputed  (%T)	trans fatty acids imputed t	1312	MUFA 24:1 c	mufa 24 1 c	existing	fatty_acids_total_to_individual_existing
230100	Total trans fatty acids, imputed  (%T)	trans fatty acids imputed t	1313	PUFA 20:2 n-6 c,c	pufa 20 2 n 6 c c	existing	fatty_acids_total_to_individual_existing
230100	Total trans fatty acids, imputed  (%T)	trans fatty acids imputed t	1314	MUFA 16:1 c	mufa 16 1 c	existing	fatty_acids_total_to_individual_existing
230100	Total trans fatty acids, imputed  (%T)	trans fatty acids imputed t	1315	MUFA 18:1 c	mufa 18 1 c	existing	fatty_acids_total_to_individual_existing
230100	Total trans fatty acids, imputed  (%T)	trans fatty acids imputed t	1316	PUFA 18:2 n-6 c,c	pufa 18 2 n 6 c c	existing	fatty_acids_total_to_individual_existing
230100	Total trans fatty acids, imputed  (%T)	trans fatty acids imputed t	1317	MUFA 22:1 c	mufa 22 1 c	existing	fatty_acids_total_to_individual_existing
230100	Total trans fatty acids, imputed  (%T)	trans fatty acids imputed t	1321	PUFA 18:3 n-6 c,c,c	pufa 18 3 n 6 c c c	existing	fatty_acids_total_to_individual_existing
230100	Total trans fatty acids, imputed  (%T)	trans fatty acids imputed t	1322	SFA 19:0	sfa 19 0	existing	fatty_acids_total_to_individual_existing
230100	Total trans fatty acids, imputed  (%T)	trans fatty acids imputed t	1323	MUFA 17:1	mufa 17 1	existing	fatty_acids_total_to_individual_existing
230100	Total trans fatty acids, imputed  (%T)	trans fatty acids imputed t	1324	PUFA 16:2	pufa 16 2	existing	fatty_acids_total_to_individual_existing
230100	Total trans fatty acids, imputed  (%T)	trans fatty acids imputed t	1325	PUFA 20:3	pufa 20 3	existing	fatty_acids_total_to_individual_existing
230100	Total trans fatty acids, imputed  (%T)	trans fatty acids imputed t	1332	SFA 13:0	sfa 13 0	existing	fatty_acids_total_to_individual_existing
230100	Total trans fatty acids, imputed  (%T)	trans fatty acids imputed t	1333	MUFA 15:1	mufa 15 1	existing	fatty_acids_total_to_individual_existing
230100	Total trans fatty acids, imputed  (%T)	trans fatty acids imputed t	1334	PUFA 22:2	pufa 22 2	existing	fatty_acids_total_to_individual_existing
230100	Total trans fatty acids, imputed  (%T)	trans fatty acids imputed t	1335	SFA 11:0	sfa 11 0	existing	fatty_acids_total_to_individual_existing
230100	Total trans fatty acids, imputed  (%T)	trans fatty acids imputed t	1404	PUFA 18:3 n-3 c,c,c (ALA)	pufa 18 3 n 3 c c c	existing	fatty_acids_total_to_individual_existing
230100	Total trans fatty acids, imputed  (%T)	trans fatty acids imputed t	1405	PUFA 20:3 n-3	pufa 20 3 n 3	existing	fatty_acids_total_to_individual_existing
230100	Total trans fatty acids, imputed  (%T)	trans fatty acids imputed t	1406	PUFA 20:3 n-6	pufa 20 3 n 6	existing	fatty_acids_total_to_individual_existing
230100	Total trans fatty acids, imputed  (%T)	trans fatty acids imputed t	1407	PUFA 20:4 n-3	pufa 20 4 n 3	existing	fatty_acids_total_to_individual_existing
230100	Total trans fatty acids, imputed  (%T)	trans fatty acids imputed t	1408	PUFA 20:4 n-6	pufa 20 4 n 6	existing	fatty_acids_total_to_individual_existing
230100	Total trans fatty acids, imputed  (%T)	trans fatty acids imputed t	1409	PUFA 18:3i	pufa 18 3i	existing	fatty_acids_total_to_individual_existing
230100	Total trans fatty acids, imputed  (%T)	trans fatty acids imputed t	1410	PUFA 21:5	pufa 21 5	existing	fatty_acids_total_to_individual_existing
230100	Total trans fatty acids, imputed  (%T)	trans fatty acids imputed t	1411	PUFA 22:4	pufa 22 4	existing	fatty_acids_total_to_individual_existing
230100	Total trans fatty acids, imputed  (%T)	trans fatty acids imputed t	1412	MUFA 18:1-11 t (18:1t n-7)	mufa 18 1 11 t 18 1t n 7	existing	fatty_acids_total_to_individual_existing
230100	Total trans fatty acids, imputed  (%T)	trans fatty acids imputed t	1413	MUFA 18:1-11 c (18:1c n-7)	mufa 18 1 11 c 18 1c n 7	existing	fatty_acids_total_to_individual_existing
230100	Total trans fatty acids, imputed  (%T)	trans fatty acids imputed t	1414	PUFA 20:3 n-9	pufa 20 3 n 9	existing	fatty_acids_total_to_individual_existing
230100	Total trans fatty acids, imputed  (%T)	trans fatty acids imputed t	2003	SFA 5:0	sfa 5 0	existing	fatty_acids_total_to_individual_existing
230100	Total trans fatty acids, imputed  (%T)	trans fatty acids imputed t	2004	SFA 7:0	sfa 7 0	existing	fatty_acids_total_to_individual_existing
230100	Total trans fatty acids, imputed  (%T)	trans fatty acids imputed t	2005	SFA 9:0	sfa 9 0	existing	fatty_acids_total_to_individual_existing
230100	Total trans fatty acids, imputed  (%T)	trans fatty acids imputed t	2006	SFA 21:0	sfa 21 0	existing	fatty_acids_total_to_individual_existing
230100	Total trans fatty acids, imputed  (%T)	trans fatty acids imputed t	2007	SFA 23:0	sfa 23 0	existing	fatty_acids_total_to_individual_existing
230100	Total trans fatty acids, imputed  (%T)	trans fatty acids imputed t	2008	MUFA 12:1	mufa 12 1	existing	fatty_acids_total_to_individual_existing
230100	Total trans fatty acids, imputed  (%T)	trans fatty acids imputed t	2009	MUFA 14:1 c	mufa 14 1 c	existing	fatty_acids_total_to_individual_existing
230100	Total trans fatty acids, imputed  (%T)	trans fatty acids imputed t	2010	MUFA 17:1 c	mufa 17 1 c	existing	fatty_acids_total_to_individual_existing
230100	Total trans fatty acids, imputed  (%T)	trans fatty acids imputed t	2011	TFA 17:1 t	tfa 17 1 t	existing	fatty_acids_total_to_individual_existing
230100	Total trans fatty acids, imputed  (%T)	trans fatty acids imputed t	2012	MUFA 20:1 c	mufa 20 1 c	existing	fatty_acids_total_to_individual_existing
230100	Total trans fatty acids, imputed  (%T)	trans fatty acids imputed t	2013	TFA 20:1 t	tfa 20 1 t	existing	fatty_acids_total_to_individual_existing
230100	Total trans fatty acids, imputed  (%T)	trans fatty acids imputed t	2014	MUFA 22:1 n-9	mufa 22 1 n 9	existing	fatty_acids_total_to_individual_existing
230100	Total trans fatty acids, imputed  (%T)	trans fatty acids imputed t	2015	MUFA 22:1 n-11	mufa 22 1 n 11	existing	fatty_acids_total_to_individual_existing
230100	Total trans fatty acids, imputed  (%T)	trans fatty acids imputed t	2016	PUFA 18:2 c	pufa 18 2 c	existing	fatty_acids_total_to_individual_existing
230100	Total trans fatty acids, imputed  (%T)	trans fatty acids imputed t	2017	TFA 18:2 t	tfa 18 2 t	existing	fatty_acids_total_to_individual_existing
230100	Total trans fatty acids, imputed  (%T)	trans fatty acids imputed t	2018	PUFA 18:3 c	pufa 18 3 c	existing	fatty_acids_total_to_individual_existing
230100	Total trans fatty acids, imputed  (%T)	trans fatty acids imputed t	2019	TFA 18:3 t	tfa 18 3 t	existing	fatty_acids_total_to_individual_existing
230100	Total trans fatty acids, imputed  (%T)	trans fatty acids imputed t	2020	PUFA 20:3 c	pufa 20 3 c	existing	fatty_acids_total_to_individual_existing
230100	Total trans fatty acids, imputed  (%T)	trans fatty acids imputed t	2021	PUFA 22:3	pufa 22 3	existing	fatty_acids_total_to_individual_existing
230100	Total trans fatty acids, imputed  (%T)	trans fatty acids imputed t	2022	PUFA 20:4c	pufa 20 4c	existing	fatty_acids_total_to_individual_existing
230100	Total trans fatty acids, imputed  (%T)	trans fatty acids imputed t	2023	PUFA 20:5c	pufa 20 5c	existing	fatty_acids_total_to_individual_existing
230100	Total trans fatty acids, imputed  (%T)	trans fatty acids imputed t	2024	PUFA 22:5 c	pufa 22 5 c	existing	fatty_acids_total_to_individual_existing
230100	Total trans fatty acids, imputed  (%T)	trans fatty acids imputed t	2025	PUFA 22:6 c	pufa 22 6 c	existing	fatty_acids_total_to_individual_existing
230100	Total trans fatty acids, imputed  (%T)	trans fatty acids imputed t	2026	PUFA 20:2 c	pufa 20 2 c	existing	fatty_acids_total_to_individual_existing
230100	Total trans fatty acids, imputed  (%T)	trans fatty acids imputed t	96718	FA 10:0	fa 10 0	existing	fatty_acids_total_to_individual_existing
230100	Total trans fatty acids, imputed  (%T)	trans fatty acids imputed t	96719	FA 12:0	fa 12 0	existing	fatty_acids_total_to_individual_existing
230100	Total trans fatty acids, imputed  (%T)	trans fatty acids imputed t	96720	FA 14:0	fa 14 0	existing	fatty_acids_total_to_individual_existing
230100	Total trans fatty acids, imputed  (%T)	trans fatty acids imputed t	96721	FA 16:0	fa 16 0	existing	fatty_acids_total_to_individual_existing
230100	Total trans fatty acids, imputed  (%T)	trans fatty acids imputed t	96722	FA 18:0	fa 18 0	existing	fatty_acids_total_to_individual_existing
230100	Total trans fatty acids, imputed  (%T)	trans fatty acids imputed t	96723	FA 18:1 n-9 cis	fa 18 1 n 9 cis	existing	fatty_acids_total_to_individual_existing
230100	Total trans fatty acids, imputed  (%T)	trans fatty acids imputed t	96724	FA 18:2 9c,12c (n-6)	fa 18 2 9c 12c n 6	existing	fatty_acids_total_to_individual_existing
230100	Total trans fatty acids, imputed  (%T)	trans fatty acids imputed t	96725	FA 18:3 c9,c12,c15 (n-3)	fa 18 3 c9 c12 c15 n 3	existing	fatty_acids_total_to_individual_existing
230100	Total trans fatty acids, imputed  (%T)	trans fatty acids imputed t	96726	FA 20:4 5c,8c,11c,14c (n-6)	fa 20 4 5c 8c 11c 14c n 6	existing	fatty_acids_total_to_individual_existing
230100	Total trans fatty acids, imputed  (%T)	trans fatty acids imputed t	96727	FA 4:0	fa 4 0	existing	fatty_acids_total_to_individual_existing
230100	Total trans fatty acids, imputed  (%T)	trans fatty acids imputed t	96728	FA 6:0	fa 6 0	existing	fatty_acids_total_to_individual_existing
230100	Total trans fatty acids, imputed  (%T)	trans fatty acids imputed t	96729	FA 8:0	fa 8 0	existing	fatty_acids_total_to_individual_existing
230100	Total trans fatty acids, imputed  (%T)	trans fatty acids imputed t	240075	5,3',4'-Trihydroxy-3-methoxy-6:7-methylenedioxyflavone 4'-O-glucuronide	5 3 4 trihydroxy 3 methoxy 6 7 methylenedioxyflavone 4 o glucuronide	existing	fatty_acids_total_to_individual_existing
230100	Total trans fatty acids, imputed  (%T)	trans fatty acids imputed t	240076	5,4'-Dihydroxy-3,3'-dimethoxy-6:7-methylenedioxyflavone 4'-O-glucuronide	5 4 dihydroxy 3 3 dimethoxy 6 7 methylenedioxyflavone 4 o glucuronide	existing	fatty_acids_total_to_individual_existing
230100	Total trans fatty acids, imputed  (%T)	trans fatty acids imputed t	250036	Fatty acid 10:0	fatty acid 10 0	existing	fatty_acids_total_to_individual_existing
230100	Total trans fatty acids, imputed  (%T)	trans fatty acids imputed t	250037	Fatty acid 12:0	fatty acid 12 0	existing	fatty_acids_total_to_individual_existing
230100	Total trans fatty acids, imputed  (%T)	trans fatty acids imputed t	250038	Fatty acid 14:0	fatty acid 14 0	existing	fatty_acids_total_to_individual_existing
230100	Total trans fatty acids, imputed  (%T)	trans fatty acids imputed t	250039	Fatty acid 15:0	fatty acid 15 0	existing	fatty_acids_total_to_individual_existing
230100	Total trans fatty acids, imputed  (%T)	trans fatty acids imputed t	250040	Fatty acid 16:0	fatty acid 16 0	existing	fatty_acids_total_to_individual_existing
230100	Total trans fatty acids, imputed  (%T)	trans fatty acids imputed t	250041	Fatty acid 17:0	fatty acid 17 0	existing	fatty_acids_total_to_individual_existing
230100	Total trans fatty acids, imputed  (%T)	trans fatty acids imputed t	250042	Fatty acid 18:0	fatty acid 18 0	existing	fatty_acids_total_to_individual_existing
230100	Total trans fatty acids, imputed  (%T)	trans fatty acids imputed t	250043	Fatty acid 20:0	fatty acid 20 0	existing	fatty_acids_total_to_individual_existing
230100	Total trans fatty acids, imputed  (%T)	trans fatty acids imputed t	250044	Fatty acid 22:0	fatty acid 22 0	existing	fatty_acids_total_to_individual_existing
230100	Total trans fatty acids, imputed  (%T)	trans fatty acids imputed t	250045	Fatty acid 24:0	fatty acid 24 0	existing	fatty_acids_total_to_individual_existing
230100	Total trans fatty acids, imputed  (%T)	trans fatty acids imputed t	250046	Fatty acid 10:1	fatty acid 10 1	existing	fatty_acids_total_to_individual_existing
230100	Total trans fatty acids, imputed  (%T)	trans fatty acids imputed t	250047	Fatty acid 14:1	fatty acid 14 1	existing	fatty_acids_total_to_individual_existing
230100	Total trans fatty acids, imputed  (%T)	trans fatty acids imputed t	250048	Fatty acid 15:1	fatty acid 15 1	existing	fatty_acids_total_to_individual_existing
230100	Total trans fatty acids, imputed  (%T)	trans fatty acids imputed t	250049	Fatty acid 16:1	fatty acid 16 1	existing	fatty_acids_total_to_individual_existing
230100	Total trans fatty acids, imputed  (%T)	trans fatty acids imputed t	250050	Fatty acid 17:1	fatty acid 17 1	existing	fatty_acids_total_to_individual_existing
230100	Total trans fatty acids, imputed  (%T)	trans fatty acids imputed t	250051	Fatty acid 18:1 undifferentiated	fatty acid 18 1 undifferentiated	existing	fatty_acids_total_to_individual_existing
230100	Total trans fatty acids, imputed  (%T)	trans fatty acids imputed t	250052	Fatty acid 20:1	fatty acid 20 1	existing	fatty_acids_total_to_individual_existing
230100	Total trans fatty acids, imputed  (%T)	trans fatty acids imputed t	250053	Fatty acid 22:1	fatty acid 22 1	existing	fatty_acids_total_to_individual_existing
230100	Total trans fatty acids, imputed  (%T)	trans fatty acids imputed t	250054	Fatty acid 24:1	fatty acid 24 1	existing	fatty_acids_total_to_individual_existing
230100	Total trans fatty acids, imputed  (%T)	trans fatty acids imputed t	250055	Fatty acid 16:2	fatty acid 16 2	existing	fatty_acids_total_to_individual_existing
230100	Total trans fatty acids, imputed  (%T)	trans fatty acids imputed t	250056	Fatty acid 16:3	fatty acid 16 3	existing	fatty_acids_total_to_individual_existing
230100	Total trans fatty acids, imputed  (%T)	trans fatty acids imputed t	250057	Fatty acid 16:4	fatty acid 16 4	existing	fatty_acids_total_to_individual_existing
230100	Total trans fatty acids, imputed  (%T)	trans fatty acids imputed t	250058	Fatty acid 18:2 n-6	fatty acid 18 2 n 6	existing	fatty_acids_total_to_individual_existing
230100	Total trans fatty acids, imputed  (%T)	trans fatty acids imputed t	250059	Fatty acid 18:3 n-3	fatty acid 18 3 n 3	existing	fatty_acids_total_to_individual_existing
230100	Total trans fatty acids, imputed  (%T)	trans fatty acids imputed t	250060	Fatty acid 18:3 n-6	fatty acid 18 3 n 6	existing	fatty_acids_total_to_individual_existing
230100	Total trans fatty acids, imputed  (%T)	trans fatty acids imputed t	250061	Fatty acid 18:4 n-3	fatty acid 18 4 n 3	existing	fatty_acids_total_to_individual_existing
230100	Total trans fatty acids, imputed  (%T)	trans fatty acids imputed t	250062	Fatty acid 20:2 n-6	fatty acid 20 2 n 6	existing	fatty_acids_total_to_individual_existing
230100	Total trans fatty acids, imputed  (%T)	trans fatty acids imputed t	250063	Fatty acid 20:3 n-6	fatty acid 20 3 n 6	existing	fatty_acids_total_to_individual_existing
230100	Total trans fatty acids, imputed  (%T)	trans fatty acids imputed t	250064	Fatty acid 20:4 n-3	fatty acid 20 4 n 3	existing	fatty_acids_total_to_individual_existing
230100	Total trans fatty acids, imputed  (%T)	trans fatty acids imputed t	250065	Fatty acid 20:4 n-6	fatty acid 20 4 n 6	existing	fatty_acids_total_to_individual_existing
230100	Total trans fatty acids, imputed  (%T)	trans fatty acids imputed t	250066	Fatty acid 20:5 n-3	fatty acid 20 5 n 3	existing	fatty_acids_total_to_individual_existing
230100	Total trans fatty acids, imputed  (%T)	trans fatty acids imputed t	250067	Fatty acid 21:5 n-3	fatty acid 21 5 n 3	existing	fatty_acids_total_to_individual_existing
230100	Total trans fatty acids, imputed  (%T)	trans fatty acids imputed t	250068	Fatty acid 22:2	fatty acid 22 2	existing	fatty_acids_total_to_individual_existing
230100	Total trans fatty acids, imputed  (%T)	trans fatty acids imputed t	250069	Fatty acid 22:4 n-6	fatty acid 22 4 n 6	existing	fatty_acids_total_to_individual_existing
230100	Total trans fatty acids, imputed  (%T)	trans fatty acids imputed t	250070	Fatty acid 22:5 n-3	fatty acid 22 5 n 3	existing	fatty_acids_total_to_individual_existing
230100	Total trans fatty acids, imputed  (%T)	trans fatty acids imputed t	250071	Fatty acid 22:5 n-6	fatty acid 22 5 n 6	existing	fatty_acids_total_to_individual_existing
230100	Total trans fatty acids, imputed  (%T)	trans fatty acids imputed t	250072	Fatty acid 22:6 n-3	fatty acid 22 6 n 3	existing	fatty_acids_total_to_individual_existing
230102	Total undifferentiated fatty acids, mass basis (mg)	undifferentiated fatty acids mass basis	1259	SFA 4:0	sfa 4 0	existing	fatty_acids_total_to_individual_existing
230102	Total undifferentiated fatty acids, mass basis (mg)	undifferentiated fatty acids mass basis	1260	SFA 6:0	sfa 6 0	existing	fatty_acids_total_to_individual_existing
230102	Total undifferentiated fatty acids, mass basis (mg)	undifferentiated fatty acids mass basis	1261	SFA 8:0	sfa 8 0	existing	fatty_acids_total_to_individual_existing
230102	Total undifferentiated fatty acids, mass basis (mg)	undifferentiated fatty acids mass basis	1262	SFA 10:0	sfa 10 0	existing	fatty_acids_total_to_individual_existing
230102	Total undifferentiated fatty acids, mass basis (mg)	undifferentiated fatty acids mass basis	1263	SFA 12:0	sfa 12 0	existing	fatty_acids_total_to_individual_existing
230102	Total undifferentiated fatty acids, mass basis (mg)	undifferentiated fatty acids mass basis	1264	SFA 14:0	sfa 14 0	existing	fatty_acids_total_to_individual_existing
230102	Total undifferentiated fatty acids, mass basis (mg)	undifferentiated fatty acids mass basis	1265	SFA 16:0	sfa 16 0	existing	fatty_acids_total_to_individual_existing
230102	Total undifferentiated fatty acids, mass basis (mg)	undifferentiated fatty acids mass basis	1266	SFA 18:0	sfa 18 0	existing	fatty_acids_total_to_individual_existing
230102	Total undifferentiated fatty acids, mass basis (mg)	undifferentiated fatty acids mass basis	1267	SFA 20:0	sfa 20 0	existing	fatty_acids_total_to_individual_existing
230102	Total undifferentiated fatty acids, mass basis (mg)	undifferentiated fatty acids mass basis	1268	MUFA 18:1	mufa 18 1	existing	fatty_acids_total_to_individual_existing
230102	Total undifferentiated fatty acids, mass basis (mg)	undifferentiated fatty acids mass basis	1269	PUFA 18:2	pufa 18 2	existing	fatty_acids_total_to_individual_existing
230102	Total undifferentiated fatty acids, mass basis (mg)	undifferentiated fatty acids mass basis	1270	PUFA 18:3	pufa 18 3	existing	fatty_acids_total_to_individual_existing
230102	Total undifferentiated fatty acids, mass basis (mg)	undifferentiated fatty acids mass basis	1271	PUFA 20:4	pufa 20 4	existing	fatty_acids_total_to_individual_existing
230102	Total undifferentiated fatty acids, mass basis (mg)	undifferentiated fatty acids mass basis	1272	PUFA 22:6 n-3 (DHA)	pufa 22 6 n 3	existing	fatty_acids_total_to_individual_existing
230102	Total undifferentiated fatty acids, mass basis (mg)	undifferentiated fatty acids mass basis	1273	SFA 22:0	sfa 22 0	existing	fatty_acids_total_to_individual_existing
230102	Total undifferentiated fatty acids, mass basis (mg)	undifferentiated fatty acids mass basis	1274	MUFA 14:1	mufa 14 1	existing	fatty_acids_total_to_individual_existing
230102	Total undifferentiated fatty acids, mass basis (mg)	undifferentiated fatty acids mass basis	1275	MUFA 16:1	mufa 16 1	existing	fatty_acids_total_to_individual_existing
230102	Total undifferentiated fatty acids, mass basis (mg)	undifferentiated fatty acids mass basis	1276	PUFA 18:4	pufa 18 4	existing	fatty_acids_total_to_individual_existing
230102	Total undifferentiated fatty acids, mass basis (mg)	undifferentiated fatty acids mass basis	1277	MUFA 20:1	mufa 20 1	existing	fatty_acids_total_to_individual_existing
230102	Total undifferentiated fatty acids, mass basis (mg)	undifferentiated fatty acids mass basis	1278	PUFA 20:5 n-3 (EPA)	pufa 20 5 n 3	existing	fatty_acids_total_to_individual_existing
230102	Total undifferentiated fatty acids, mass basis (mg)	undifferentiated fatty acids mass basis	1279	MUFA 22:1	mufa 22 1	existing	fatty_acids_total_to_individual_existing
230102	Total undifferentiated fatty acids, mass basis (mg)	undifferentiated fatty acids mass basis	1280	PUFA 22:5 n-3 (DPA)	pufa 22 5 n 3	existing	fatty_acids_total_to_individual_existing
230102	Total undifferentiated fatty acids, mass basis (mg)	undifferentiated fatty acids mass basis	1281	TFA 14:1 t	tfa 14 1 t	existing	fatty_acids_total_to_individual_existing
230102	Total undifferentiated fatty acids, mass basis (mg)	undifferentiated fatty acids mass basis	1299	SFA 15:0	sfa 15 0	existing	fatty_acids_total_to_individual_existing
230102	Total undifferentiated fatty acids, mass basis (mg)	undifferentiated fatty acids mass basis	1300	SFA 17:0	sfa 17 0	existing	fatty_acids_total_to_individual_existing
230102	Total undifferentiated fatty acids, mass basis (mg)	undifferentiated fatty acids mass basis	1301	SFA 24:0	sfa 24 0	existing	fatty_acids_total_to_individual_existing
230102	Total undifferentiated fatty acids, mass basis (mg)	undifferentiated fatty acids mass basis	1303	TFA 16:1 t	tfa 16 1 t	existing	fatty_acids_total_to_individual_existing
230102	Total undifferentiated fatty acids, mass basis (mg)	undifferentiated fatty acids mass basis	1304	TFA 18:1 t	tfa 18 1 t	existing	fatty_acids_total_to_individual_existing
230102	Total undifferentiated fatty acids, mass basis (mg)	undifferentiated fatty acids mass basis	1305	TFA 22:1 t	tfa 22 1 t	existing	fatty_acids_total_to_individual_existing
230102	Total undifferentiated fatty acids, mass basis (mg)	undifferentiated fatty acids mass basis	1306	TFA 18:2 t not further defined	tfa 18 2 t not further defined	existing	fatty_acids_total_to_individual_existing
230102	Total undifferentiated fatty acids, mass basis (mg)	undifferentiated fatty acids mass basis	1307	PUFA 18:2 i	pufa 18 2 i	existing	fatty_acids_total_to_individual_existing
230102	Total undifferentiated fatty acids, mass basis (mg)	undifferentiated fatty acids mass basis	1308	PUFA 18:2 t,c	pufa 18 2 t c	existing	fatty_acids_total_to_individual_existing
230102	Total undifferentiated fatty acids, mass basis (mg)	undifferentiated fatty acids mass basis	1309	PUFA 18:2 c,t	pufa 18 2 c t	existing	fatty_acids_total_to_individual_existing
230102	Total undifferentiated fatty acids, mass basis (mg)	undifferentiated fatty acids mass basis	1310	TFA 18:2 t,t	tfa 18 2 t t	existing	fatty_acids_total_to_individual_existing
230102	Total undifferentiated fatty acids, mass basis (mg)	undifferentiated fatty acids mass basis	1311	PUFA 18:2 CLAs	pufa 18 2 clas	existing	fatty_acids_total_to_individual_existing
230102	Total undifferentiated fatty acids, mass basis (mg)	undifferentiated fatty acids mass basis	1312	MUFA 24:1 c	mufa 24 1 c	existing	fatty_acids_total_to_individual_existing
230102	Total undifferentiated fatty acids, mass basis (mg)	undifferentiated fatty acids mass basis	1313	PUFA 20:2 n-6 c,c	pufa 20 2 n 6 c c	existing	fatty_acids_total_to_individual_existing
230102	Total undifferentiated fatty acids, mass basis (mg)	undifferentiated fatty acids mass basis	1314	MUFA 16:1 c	mufa 16 1 c	existing	fatty_acids_total_to_individual_existing
230102	Total undifferentiated fatty acids, mass basis (mg)	undifferentiated fatty acids mass basis	1315	MUFA 18:1 c	mufa 18 1 c	existing	fatty_acids_total_to_individual_existing
230102	Total undifferentiated fatty acids, mass basis (mg)	undifferentiated fatty acids mass basis	1316	PUFA 18:2 n-6 c,c	pufa 18 2 n 6 c c	existing	fatty_acids_total_to_individual_existing
230102	Total undifferentiated fatty acids, mass basis (mg)	undifferentiated fatty acids mass basis	1317	MUFA 22:1 c	mufa 22 1 c	existing	fatty_acids_total_to_individual_existing
230102	Total undifferentiated fatty acids, mass basis (mg)	undifferentiated fatty acids mass basis	1321	PUFA 18:3 n-6 c,c,c	pufa 18 3 n 6 c c c	existing	fatty_acids_total_to_individual_existing
230102	Total undifferentiated fatty acids, mass basis (mg)	undifferentiated fatty acids mass basis	1322	SFA 19:0	sfa 19 0	existing	fatty_acids_total_to_individual_existing
230102	Total undifferentiated fatty acids, mass basis (mg)	undifferentiated fatty acids mass basis	1323	MUFA 17:1	mufa 17 1	existing	fatty_acids_total_to_individual_existing
230102	Total undifferentiated fatty acids, mass basis (mg)	undifferentiated fatty acids mass basis	1324	PUFA 16:2	pufa 16 2	existing	fatty_acids_total_to_individual_existing
230102	Total undifferentiated fatty acids, mass basis (mg)	undifferentiated fatty acids mass basis	1325	PUFA 20:3	pufa 20 3	existing	fatty_acids_total_to_individual_existing
230102	Total undifferentiated fatty acids, mass basis (mg)	undifferentiated fatty acids mass basis	1332	SFA 13:0	sfa 13 0	existing	fatty_acids_total_to_individual_existing
230102	Total undifferentiated fatty acids, mass basis (mg)	undifferentiated fatty acids mass basis	1333	MUFA 15:1	mufa 15 1	existing	fatty_acids_total_to_individual_existing
230102	Total undifferentiated fatty acids, mass basis (mg)	undifferentiated fatty acids mass basis	1334	PUFA 22:2	pufa 22 2	existing	fatty_acids_total_to_individual_existing
230102	Total undifferentiated fatty acids, mass basis (mg)	undifferentiated fatty acids mass basis	1335	SFA 11:0	sfa 11 0	existing	fatty_acids_total_to_individual_existing
230102	Total undifferentiated fatty acids, mass basis (mg)	undifferentiated fatty acids mass basis	1404	PUFA 18:3 n-3 c,c,c (ALA)	pufa 18 3 n 3 c c c	existing	fatty_acids_total_to_individual_existing
230102	Total undifferentiated fatty acids, mass basis (mg)	undifferentiated fatty acids mass basis	1405	PUFA 20:3 n-3	pufa 20 3 n 3	existing	fatty_acids_total_to_individual_existing
230102	Total undifferentiated fatty acids, mass basis (mg)	undifferentiated fatty acids mass basis	1406	PUFA 20:3 n-6	pufa 20 3 n 6	existing	fatty_acids_total_to_individual_existing
230102	Total undifferentiated fatty acids, mass basis (mg)	undifferentiated fatty acids mass basis	1407	PUFA 20:4 n-3	pufa 20 4 n 3	existing	fatty_acids_total_to_individual_existing
230102	Total undifferentiated fatty acids, mass basis (mg)	undifferentiated fatty acids mass basis	1408	PUFA 20:4 n-6	pufa 20 4 n 6	existing	fatty_acids_total_to_individual_existing
230102	Total undifferentiated fatty acids, mass basis (mg)	undifferentiated fatty acids mass basis	1409	PUFA 18:3i	pufa 18 3i	existing	fatty_acids_total_to_individual_existing
230102	Total undifferentiated fatty acids, mass basis (mg)	undifferentiated fatty acids mass basis	1410	PUFA 21:5	pufa 21 5	existing	fatty_acids_total_to_individual_existing
230102	Total undifferentiated fatty acids, mass basis (mg)	undifferentiated fatty acids mass basis	1411	PUFA 22:4	pufa 22 4	existing	fatty_acids_total_to_individual_existing
230102	Total undifferentiated fatty acids, mass basis (mg)	undifferentiated fatty acids mass basis	1412	MUFA 18:1-11 t (18:1t n-7)	mufa 18 1 11 t 18 1t n 7	existing	fatty_acids_total_to_individual_existing
230102	Total undifferentiated fatty acids, mass basis (mg)	undifferentiated fatty acids mass basis	1413	MUFA 18:1-11 c (18:1c n-7)	mufa 18 1 11 c 18 1c n 7	existing	fatty_acids_total_to_individual_existing
230102	Total undifferentiated fatty acids, mass basis (mg)	undifferentiated fatty acids mass basis	1414	PUFA 20:3 n-9	pufa 20 3 n 9	existing	fatty_acids_total_to_individual_existing
230102	Total undifferentiated fatty acids, mass basis (mg)	undifferentiated fatty acids mass basis	2003	SFA 5:0	sfa 5 0	existing	fatty_acids_total_to_individual_existing
230102	Total undifferentiated fatty acids, mass basis (mg)	undifferentiated fatty acids mass basis	2004	SFA 7:0	sfa 7 0	existing	fatty_acids_total_to_individual_existing
230102	Total undifferentiated fatty acids, mass basis (mg)	undifferentiated fatty acids mass basis	2005	SFA 9:0	sfa 9 0	existing	fatty_acids_total_to_individual_existing
230102	Total undifferentiated fatty acids, mass basis (mg)	undifferentiated fatty acids mass basis	2006	SFA 21:0	sfa 21 0	existing	fatty_acids_total_to_individual_existing
230102	Total undifferentiated fatty acids, mass basis (mg)	undifferentiated fatty acids mass basis	2007	SFA 23:0	sfa 23 0	existing	fatty_acids_total_to_individual_existing
230102	Total undifferentiated fatty acids, mass basis (mg)	undifferentiated fatty acids mass basis	2008	MUFA 12:1	mufa 12 1	existing	fatty_acids_total_to_individual_existing
230102	Total undifferentiated fatty acids, mass basis (mg)	undifferentiated fatty acids mass basis	2009	MUFA 14:1 c	mufa 14 1 c	existing	fatty_acids_total_to_individual_existing
230102	Total undifferentiated fatty acids, mass basis (mg)	undifferentiated fatty acids mass basis	2010	MUFA 17:1 c	mufa 17 1 c	existing	fatty_acids_total_to_individual_existing
230102	Total undifferentiated fatty acids, mass basis (mg)	undifferentiated fatty acids mass basis	2011	TFA 17:1 t	tfa 17 1 t	existing	fatty_acids_total_to_individual_existing
230102	Total undifferentiated fatty acids, mass basis (mg)	undifferentiated fatty acids mass basis	2012	MUFA 20:1 c	mufa 20 1 c	existing	fatty_acids_total_to_individual_existing
230102	Total undifferentiated fatty acids, mass basis (mg)	undifferentiated fatty acids mass basis	2013	TFA 20:1 t	tfa 20 1 t	existing	fatty_acids_total_to_individual_existing
230102	Total undifferentiated fatty acids, mass basis (mg)	undifferentiated fatty acids mass basis	2014	MUFA 22:1 n-9	mufa 22 1 n 9	existing	fatty_acids_total_to_individual_existing
230102	Total undifferentiated fatty acids, mass basis (mg)	undifferentiated fatty acids mass basis	2015	MUFA 22:1 n-11	mufa 22 1 n 11	existing	fatty_acids_total_to_individual_existing
230102	Total undifferentiated fatty acids, mass basis (mg)	undifferentiated fatty acids mass basis	2016	PUFA 18:2 c	pufa 18 2 c	existing	fatty_acids_total_to_individual_existing
230102	Total undifferentiated fatty acids, mass basis (mg)	undifferentiated fatty acids mass basis	2017	TFA 18:2 t	tfa 18 2 t	existing	fatty_acids_total_to_individual_existing
230102	Total undifferentiated fatty acids, mass basis (mg)	undifferentiated fatty acids mass basis	2018	PUFA 18:3 c	pufa 18 3 c	existing	fatty_acids_total_to_individual_existing
230102	Total undifferentiated fatty acids, mass basis (mg)	undifferentiated fatty acids mass basis	2019	TFA 18:3 t	tfa 18 3 t	existing	fatty_acids_total_to_individual_existing
230102	Total undifferentiated fatty acids, mass basis (mg)	undifferentiated fatty acids mass basis	2020	PUFA 20:3 c	pufa 20 3 c	existing	fatty_acids_total_to_individual_existing
230102	Total undifferentiated fatty acids, mass basis (mg)	undifferentiated fatty acids mass basis	2021	PUFA 22:3	pufa 22 3	existing	fatty_acids_total_to_individual_existing
230102	Total undifferentiated fatty acids, mass basis (mg)	undifferentiated fatty acids mass basis	2022	PUFA 20:4c	pufa 20 4c	existing	fatty_acids_total_to_individual_existing
230102	Total undifferentiated fatty acids, mass basis (mg)	undifferentiated fatty acids mass basis	2023	PUFA 20:5c	pufa 20 5c	existing	fatty_acids_total_to_individual_existing
230102	Total undifferentiated fatty acids, mass basis (mg)	undifferentiated fatty acids mass basis	2024	PUFA 22:5 c	pufa 22 5 c	existing	fatty_acids_total_to_individual_existing
230102	Total undifferentiated fatty acids, mass basis (mg)	undifferentiated fatty acids mass basis	2025	PUFA 22:6 c	pufa 22 6 c	existing	fatty_acids_total_to_individual_existing
230102	Total undifferentiated fatty acids, mass basis (mg)	undifferentiated fatty acids mass basis	2026	PUFA 20:2 c	pufa 20 2 c	existing	fatty_acids_total_to_individual_existing
230102	Total undifferentiated fatty acids, mass basis (mg)	undifferentiated fatty acids mass basis	96718	FA 10:0	fa 10 0	existing	fatty_acids_total_to_individual_existing
230102	Total undifferentiated fatty acids, mass basis (mg)	undifferentiated fatty acids mass basis	96719	FA 12:0	fa 12 0	existing	fatty_acids_total_to_individual_existing
230102	Total undifferentiated fatty acids, mass basis (mg)	undifferentiated fatty acids mass basis	96720	FA 14:0	fa 14 0	existing	fatty_acids_total_to_individual_existing
230102	Total undifferentiated fatty acids, mass basis (mg)	undifferentiated fatty acids mass basis	96721	FA 16:0	fa 16 0	existing	fatty_acids_total_to_individual_existing
230102	Total undifferentiated fatty acids, mass basis (mg)	undifferentiated fatty acids mass basis	96722	FA 18:0	fa 18 0	existing	fatty_acids_total_to_individual_existing
230102	Total undifferentiated fatty acids, mass basis (mg)	undifferentiated fatty acids mass basis	96723	FA 18:1 n-9 cis	fa 18 1 n 9 cis	existing	fatty_acids_total_to_individual_existing
230102	Total undifferentiated fatty acids, mass basis (mg)	undifferentiated fatty acids mass basis	96724	FA 18:2 9c,12c (n-6)	fa 18 2 9c 12c n 6	existing	fatty_acids_total_to_individual_existing
230102	Total undifferentiated fatty acids, mass basis (mg)	undifferentiated fatty acids mass basis	96725	FA 18:3 c9,c12,c15 (n-3)	fa 18 3 c9 c12 c15 n 3	existing	fatty_acids_total_to_individual_existing
230102	Total undifferentiated fatty acids, mass basis (mg)	undifferentiated fatty acids mass basis	96726	FA 20:4 5c,8c,11c,14c (n-6)	fa 20 4 5c 8c 11c 14c n 6	existing	fatty_acids_total_to_individual_existing
230102	Total undifferentiated fatty acids, mass basis (mg)	undifferentiated fatty acids mass basis	96727	FA 4:0	fa 4 0	existing	fatty_acids_total_to_individual_existing
230102	Total undifferentiated fatty acids, mass basis (mg)	undifferentiated fatty acids mass basis	96728	FA 6:0	fa 6 0	existing	fatty_acids_total_to_individual_existing
230102	Total undifferentiated fatty acids, mass basis (mg)	undifferentiated fatty acids mass basis	96729	FA 8:0	fa 8 0	existing	fatty_acids_total_to_individual_existing
230102	Total undifferentiated fatty acids, mass basis (mg)	undifferentiated fatty acids mass basis	240075	5,3',4'-Trihydroxy-3-methoxy-6:7-methylenedioxyflavone 4'-O-glucuronide	5 3 4 trihydroxy 3 methoxy 6 7 methylenedioxyflavone 4 o glucuronide	existing	fatty_acids_total_to_individual_existing
230102	Total undifferentiated fatty acids, mass basis (mg)	undifferentiated fatty acids mass basis	240076	5,4'-Dihydroxy-3,3'-dimethoxy-6:7-methylenedioxyflavone 4'-O-glucuronide	5 4 dihydroxy 3 3 dimethoxy 6 7 methylenedioxyflavone 4 o glucuronide	existing	fatty_acids_total_to_individual_existing
230102	Total undifferentiated fatty acids, mass basis (mg)	undifferentiated fatty acids mass basis	250036	Fatty acid 10:0	fatty acid 10 0	existing	fatty_acids_total_to_individual_existing
230102	Total undifferentiated fatty acids, mass basis (mg)	undifferentiated fatty acids mass basis	250037	Fatty acid 12:0	fatty acid 12 0	existing	fatty_acids_total_to_individual_existing
230102	Total undifferentiated fatty acids, mass basis (mg)	undifferentiated fatty acids mass basis	250038	Fatty acid 14:0	fatty acid 14 0	existing	fatty_acids_total_to_individual_existing
230102	Total undifferentiated fatty acids, mass basis (mg)	undifferentiated fatty acids mass basis	250039	Fatty acid 15:0	fatty acid 15 0	existing	fatty_acids_total_to_individual_existing
230102	Total undifferentiated fatty acids, mass basis (mg)	undifferentiated fatty acids mass basis	250040	Fatty acid 16:0	fatty acid 16 0	existing	fatty_acids_total_to_individual_existing
230102	Total undifferentiated fatty acids, mass basis (mg)	undifferentiated fatty acids mass basis	250041	Fatty acid 17:0	fatty acid 17 0	existing	fatty_acids_total_to_individual_existing
230102	Total undifferentiated fatty acids, mass basis (mg)	undifferentiated fatty acids mass basis	250042	Fatty acid 18:0	fatty acid 18 0	existing	fatty_acids_total_to_individual_existing
230102	Total undifferentiated fatty acids, mass basis (mg)	undifferentiated fatty acids mass basis	250043	Fatty acid 20:0	fatty acid 20 0	existing	fatty_acids_total_to_individual_existing
230102	Total undifferentiated fatty acids, mass basis (mg)	undifferentiated fatty acids mass basis	250044	Fatty acid 22:0	fatty acid 22 0	existing	fatty_acids_total_to_individual_existing
230102	Total undifferentiated fatty acids, mass basis (mg)	undifferentiated fatty acids mass basis	250045	Fatty acid 24:0	fatty acid 24 0	existing	fatty_acids_total_to_individual_existing
230102	Total undifferentiated fatty acids, mass basis (mg)	undifferentiated fatty acids mass basis	250046	Fatty acid 10:1	fatty acid 10 1	existing	fatty_acids_total_to_individual_existing
230102	Total undifferentiated fatty acids, mass basis (mg)	undifferentiated fatty acids mass basis	250047	Fatty acid 14:1	fatty acid 14 1	existing	fatty_acids_total_to_individual_existing
230102	Total undifferentiated fatty acids, mass basis (mg)	undifferentiated fatty acids mass basis	250048	Fatty acid 15:1	fatty acid 15 1	existing	fatty_acids_total_to_individual_existing
230102	Total undifferentiated fatty acids, mass basis (mg)	undifferentiated fatty acids mass basis	250049	Fatty acid 16:1	fatty acid 16 1	existing	fatty_acids_total_to_individual_existing
230102	Total undifferentiated fatty acids, mass basis (mg)	undifferentiated fatty acids mass basis	250050	Fatty acid 17:1	fatty acid 17 1	existing	fatty_acids_total_to_individual_existing
230102	Total undifferentiated fatty acids, mass basis (mg)	undifferentiated fatty acids mass basis	250051	Fatty acid 18:1 undifferentiated	fatty acid 18 1 undifferentiated	existing	fatty_acids_total_to_individual_existing
230102	Total undifferentiated fatty acids, mass basis (mg)	undifferentiated fatty acids mass basis	250052	Fatty acid 20:1	fatty acid 20 1	existing	fatty_acids_total_to_individual_existing
230102	Total undifferentiated fatty acids, mass basis (mg)	undifferentiated fatty acids mass basis	250053	Fatty acid 22:1	fatty acid 22 1	existing	fatty_acids_total_to_individual_existing
230102	Total undifferentiated fatty acids, mass basis (mg)	undifferentiated fatty acids mass basis	250054	Fatty acid 24:1	fatty acid 24 1	existing	fatty_acids_total_to_individual_existing
230102	Total undifferentiated fatty acids, mass basis (mg)	undifferentiated fatty acids mass basis	250055	Fatty acid 16:2	fatty acid 16 2	existing	fatty_acids_total_to_individual_existing
230102	Total undifferentiated fatty acids, mass basis (mg)	undifferentiated fatty acids mass basis	250056	Fatty acid 16:3	fatty acid 16 3	existing	fatty_acids_total_to_individual_existing
230102	Total undifferentiated fatty acids, mass basis (mg)	undifferentiated fatty acids mass basis	250057	Fatty acid 16:4	fatty acid 16 4	existing	fatty_acids_total_to_individual_existing
230102	Total undifferentiated fatty acids, mass basis (mg)	undifferentiated fatty acids mass basis	250058	Fatty acid 18:2 n-6	fatty acid 18 2 n 6	existing	fatty_acids_total_to_individual_existing
230102	Total undifferentiated fatty acids, mass basis (mg)	undifferentiated fatty acids mass basis	250059	Fatty acid 18:3 n-3	fatty acid 18 3 n 3	existing	fatty_acids_total_to_individual_existing
230102	Total undifferentiated fatty acids, mass basis (mg)	undifferentiated fatty acids mass basis	250060	Fatty acid 18:3 n-6	fatty acid 18 3 n 6	existing	fatty_acids_total_to_individual_existing
230102	Total undifferentiated fatty acids, mass basis (mg)	undifferentiated fatty acids mass basis	250061	Fatty acid 18:4 n-3	fatty acid 18 4 n 3	existing	fatty_acids_total_to_individual_existing
230102	Total undifferentiated fatty acids, mass basis (mg)	undifferentiated fatty acids mass basis	250062	Fatty acid 20:2 n-6	fatty acid 20 2 n 6	existing	fatty_acids_total_to_individual_existing
230102	Total undifferentiated fatty acids, mass basis (mg)	undifferentiated fatty acids mass basis	250063	Fatty acid 20:3 n-6	fatty acid 20 3 n 6	existing	fatty_acids_total_to_individual_existing
230102	Total undifferentiated fatty acids, mass basis (mg)	undifferentiated fatty acids mass basis	250064	Fatty acid 20:4 n-3	fatty acid 20 4 n 3	existing	fatty_acids_total_to_individual_existing
230102	Total undifferentiated fatty acids, mass basis (mg)	undifferentiated fatty acids mass basis	250065	Fatty acid 20:4 n-6	fatty acid 20 4 n 6	existing	fatty_acids_total_to_individual_existing
230102	Total undifferentiated fatty acids, mass basis (mg)	undifferentiated fatty acids mass basis	250066	Fatty acid 20:5 n-3	fatty acid 20 5 n 3	existing	fatty_acids_total_to_individual_existing
230102	Total undifferentiated fatty acids, mass basis (mg)	undifferentiated fatty acids mass basis	250067	Fatty acid 21:5 n-3	fatty acid 21 5 n 3	existing	fatty_acids_total_to_individual_existing
230102	Total undifferentiated fatty acids, mass basis (mg)	undifferentiated fatty acids mass basis	250068	Fatty acid 22:2	fatty acid 22 2	existing	fatty_acids_total_to_individual_existing
230102	Total undifferentiated fatty acids, mass basis (mg)	undifferentiated fatty acids mass basis	250069	Fatty acid 22:4 n-6	fatty acid 22 4 n 6	existing	fatty_acids_total_to_individual_existing
230102	Total undifferentiated fatty acids, mass basis (mg)	undifferentiated fatty acids mass basis	250070	Fatty acid 22:5 n-3	fatty acid 22 5 n 3	existing	fatty_acids_total_to_individual_existing
230102	Total undifferentiated fatty acids, mass basis (mg)	undifferentiated fatty acids mass basis	250071	Fatty acid 22:5 n-6	fatty acid 22 5 n 6	existing	fatty_acids_total_to_individual_existing
230102	Total undifferentiated fatty acids, mass basis (mg)	undifferentiated fatty acids mass basis	250072	Fatty acid 22:6 n-3	fatty acid 22 6 n 3	existing	fatty_acids_total_to_individual_existing
240117	Anthocyanins, total	anthocyanins	96090	Anthocyanins	anthocyanins	existing	alias_to_canonical
240391	Polyphenols, total	polyphenols	1209	Polyphenols, total	polyphenols	existing	alias_to_canonical
250010	Carbohydrate, total, calculated by difference	carbohydrate total calculated	260230	Carbohydrate, by difference	carbohydrate by difference	existing	carb_alias
260230	Carbohydrate, by difference	carbohydrate by difference	1009	Starch	starch	existing	carb_to_complex_carbs
260230	Carbohydrate, by difference	carbohydrate by difference	1010	Sucrose	sucrose	existing	carb_to_sugars
260230	Carbohydrate, by difference	carbohydrate by difference	1011	Glucose	glucose	existing	carb_to_sugars
260230	Carbohydrate, by difference	carbohydrate by difference	1012	Fructose	fructose	existing	carb_to_sugars
260230	Carbohydrate, by difference	carbohydrate by difference	1013	Lactose	lactose	existing	carb_to_sugars
260230	Carbohydrate, by difference	carbohydrate by difference	1014	Maltose	maltose	existing	carb_to_sugars
260230	Carbohydrate, by difference	carbohydrate by difference	1015	Amylose	amylose	existing	carb_to_complex_carbs
260230	Carbohydrate, by difference	carbohydrate by difference	1016	Amylopectin	amylopectin	existing	carb_to_complex_carbs
260230	Carbohydrate, by difference	carbohydrate by difference	1017	Pectin	pectin	existing	carb_to_complex_carbs
260230	Carbohydrate, by difference	carbohydrate by difference	1019	Pentosan	pentosan	existing	carb_to_complex_carbs
260230	Carbohydrate, by difference	carbohydrate by difference	1020	Pentoses	pentoses	existing	carb_to_complex_carbs
260230	Carbohydrate, by difference	carbohydrate by difference	1021	Hemicellulose	hemicellulose	existing	carb_to_complex_carbs
260230	Carbohydrate, by difference	carbohydrate by difference	1022	Cellulose	cellulose	existing	carb_to_complex_carbs
260230	Carbohydrate, by difference	carbohydrate by difference	1055	Mannitol	mannitol	existing	carb_to_sugars
260230	Carbohydrate, by difference	carbohydrate by difference	1056	Sorbitol	sorbitol	existing	carb_to_sugars
260230	Carbohydrate, by difference	carbohydrate by difference	1065	Glycogen	glycogen	existing	carb_to_complex_carbs
260230	Carbohydrate, by difference	carbohydrate by difference	1071	Resistant starch	resistant starch	existing	carb_to_complex_carbs
260230	Carbohydrate, by difference	carbohydrate by difference	1073	Arabinose	arabinose	existing	carb_to_complex_carbs
260230	Carbohydrate, by difference	carbohydrate by difference	1074	Xylose	xylose	existing	carb_to_complex_carbs
260230	Carbohydrate, by difference	carbohydrate by difference	1075	Galactose	galactose	existing	carb_to_sugars
260230	Carbohydrate, by difference	carbohydrate by difference	1076	Raffinose	raffinose	existing	carb_to_complex_carbs
260230	Carbohydrate, by difference	carbohydrate by difference	1077	Stachyose	stachyose	existing	carb_to_complex_carbs
260230	Carbohydrate, by difference	carbohydrate by difference	1078	Xylitol	xylitol	existing	carb_to_sugars
260230	Carbohydrate, by difference	carbohydrate by difference	1081	Ribose	ribose	existing	carb_to_complex_carbs
260230	Carbohydrate, by difference	carbohydrate by difference	1399	Mannose	mannose	existing	carb_to_complex_carbs
260230	Carbohydrate, by difference	carbohydrate by difference	1400	Triose	triose	existing	carb_to_complex_carbs
260230	Carbohydrate, by difference	carbohydrate by difference	1401	Tetrose	tetrose	existing	carb_to_complex_carbs
260230	Carbohydrate, by difference	carbohydrate by difference	1403	Inulin	inulin	existing	carb_to_complex_carbs
260230	Carbohydrate, by difference	carbohydrate by difference	2063	Verbascose	verbascose	existing	carb_to_complex_carbs
260230	Carbohydrate, by difference	carbohydrate by difference	96415	Dietary fibre and starch	dietary fibre and starch	existing	carb_to_complex_carbs
260230	Carbohydrate, by difference	carbohydrate by difference	97211	STARCH-	starch	existing	carb_to_complex_carbs
260230	Carbohydrate, by difference	carbohydrate by difference	97212	Starch/Glycogen	starch glycogen	existing	carb_to_complex_carbs
260230	Carbohydrate, by difference	carbohydrate by difference	220013	STARCH-(g)	starch	existing	carb_to_complex_carbs
260230	Carbohydrate, by difference	carbohydrate by difference	220107	STARCH-(g)	starch	existing	carb_to_complex_carbs
260230	Carbohydrate, by difference	carbohydrate by difference	240003	(+)-Catechin 3-O-glucose	catechin 3 o glucose	existing	carb_to_sugars
260230	Carbohydrate, by difference	carbohydrate by difference	240144	Caffeoyl glucose	caffeoyl glucose	existing	carb_to_sugars
260230	Carbohydrate, by difference	carbohydrate by difference	240157	Cinnamoyl glucose	cinnamoyl glucose	existing	carb_to_sugars
260230	Carbohydrate, by difference	carbohydrate by difference	240229	Feruloyl glucose	feruloyl glucose	existing	carb_to_sugars
260230	Carbohydrate, by difference	carbohydrate by difference	240238	Galloyl glucose	galloyl glucose	existing	carb_to_sugars
260230	Carbohydrate, by difference	carbohydrate by difference	240499	p-Coumaroyl glucose	p coumaroyl glucose	existing	carb_to_sugars
250011	Carbohydrate, available; expressed in mono-saccharide equivalents	carbohydrate available expressed in mono saccharide	260230	Carbohydrate, by difference	carbohydrate by difference	existing	carb_alias
260230	Carbohydrate, by difference	carbohydrate by difference	1009	Starch	starch	existing	carb_to_complex_carbs
260230	Carbohydrate, by difference	carbohydrate by difference	1010	Sucrose	sucrose	existing	carb_to_sugars
260230	Carbohydrate, by difference	carbohydrate by difference	1011	Glucose	glucose	existing	carb_to_sugars
260230	Carbohydrate, by difference	carbohydrate by difference	1012	Fructose	fructose	existing	carb_to_sugars
260230	Carbohydrate, by difference	carbohydrate by difference	1013	Lactose	lactose	existing	carb_to_sugars
260230	Carbohydrate, by difference	carbohydrate by difference	1014	Maltose	maltose	existing	carb_to_sugars
260230	Carbohydrate, by difference	carbohydrate by difference	1015	Amylose	amylose	existing	carb_to_complex_carbs
260230	Carbohydrate, by difference	carbohydrate by difference	1016	Amylopectin	amylopectin	existing	carb_to_complex_carbs
260230	Carbohydrate, by difference	carbohydrate by difference	1017	Pectin	pectin	existing	carb_to_complex_carbs
260230	Carbohydrate, by difference	carbohydrate by difference	1019	Pentosan	pentosan	existing	carb_to_complex_carbs
260230	Carbohydrate, by difference	carbohydrate by difference	1020	Pentoses	pentoses	existing	carb_to_complex_carbs
260230	Carbohydrate, by difference	carbohydrate by difference	1021	Hemicellulose	hemicellulose	existing	carb_to_complex_carbs
260230	Carbohydrate, by difference	carbohydrate by difference	1022	Cellulose	cellulose	existing	carb_to_complex_carbs
260230	Carbohydrate, by difference	carbohydrate by difference	1055	Mannitol	mannitol	existing	carb_to_sugars
260230	Carbohydrate, by difference	carbohydrate by difference	1056	Sorbitol	sorbitol	existing	carb_to_sugars
260230	Carbohydrate, by difference	carbohydrate by difference	1065	Glycogen	glycogen	existing	carb_to_complex_carbs
260230	Carbohydrate, by difference	carbohydrate by difference	1071	Resistant starch	resistant starch	existing	carb_to_complex_carbs
260230	Carbohydrate, by difference	carbohydrate by difference	1073	Arabinose	arabinose	existing	carb_to_complex_carbs
260230	Carbohydrate, by difference	carbohydrate by difference	1074	Xylose	xylose	existing	carb_to_complex_carbs
260230	Carbohydrate, by difference	carbohydrate by difference	1075	Galactose	galactose	existing	carb_to_sugars
260230	Carbohydrate, by difference	carbohydrate by difference	1076	Raffinose	raffinose	existing	carb_to_complex_carbs
260230	Carbohydrate, by difference	carbohydrate by difference	1077	Stachyose	stachyose	existing	carb_to_complex_carbs
260230	Carbohydrate, by difference	carbohydrate by difference	1078	Xylitol	xylitol	existing	carb_to_sugars
260230	Carbohydrate, by difference	carbohydrate by difference	1081	Ribose	ribose	existing	carb_to_complex_carbs
260230	Carbohydrate, by difference	carbohydrate by difference	1399	Mannose	mannose	existing	carb_to_complex_carbs
260230	Carbohydrate, by difference	carbohydrate by difference	1400	Triose	triose	existing	carb_to_complex_carbs
260230	Carbohydrate, by difference	carbohydrate by difference	1401	Tetrose	tetrose	existing	carb_to_complex_carbs
260230	Carbohydrate, by difference	carbohydrate by difference	1403	Inulin	inulin	existing	carb_to_complex_carbs
260230	Carbohydrate, by difference	carbohydrate by difference	2063	Verbascose	verbascose	existing	carb_to_complex_carbs
260230	Carbohydrate, by difference	carbohydrate by difference	96415	Dietary fibre and starch	dietary fibre and starch	existing	carb_to_complex_carbs
260230	Carbohydrate, by difference	carbohydrate by difference	97211	STARCH-	starch	existing	carb_to_complex_carbs
260230	Carbohydrate, by difference	carbohydrate by difference	97212	Starch/Glycogen	starch glycogen	existing	carb_to_complex_carbs
260230	Carbohydrate, by difference	carbohydrate by difference	220013	STARCH-(g)	starch	existing	carb_to_complex_carbs
260230	Carbohydrate, by difference	carbohydrate by difference	220107	STARCH-(g)	starch	existing	carb_to_complex_carbs
260230	Carbohydrate, by difference	carbohydrate by difference	240003	(+)-Catechin 3-O-glucose	catechin 3 o glucose	existing	carb_to_sugars
260230	Carbohydrate, by difference	carbohydrate by difference	240144	Caffeoyl glucose	caffeoyl glucose	existing	carb_to_sugars
260230	Carbohydrate, by difference	carbohydrate by difference	240157	Cinnamoyl glucose	cinnamoyl glucose	existing	carb_to_sugars
260230	Carbohydrate, by difference	carbohydrate by difference	240229	Feruloyl glucose	feruloyl glucose	existing	carb_to_sugars
260230	Carbohydrate, by difference	carbohydrate by difference	240238	Galloyl glucose	galloyl glucose	existing	carb_to_sugars
260230	Carbohydrate, by difference	carbohydrate by difference	240499	p-Coumaroyl glucose	p coumaroyl glucose	existing	carb_to_sugars
250012	Dietary fiber, soluble	dietary fiber soluble	1079	Fiber, total dietary	fiber total dietary	existing	alias_to_canonical
250013	Dietary fiber, insoluble	dietary fiber insoluble	1079	Fiber, total dietary	fiber total dietary	existing	alias_to_canonical
250031	Fatty acids, total saturated	fatty acids total saturated	1259	SFA 4:0	sfa 4 0	existing	fatty_acids_total_to_individual_existing
250031	Fatty acids, total saturated	fatty acids total saturated	1260	SFA 6:0	sfa 6 0	existing	fatty_acids_total_to_individual_existing
250031	Fatty acids, total saturated	fatty acids total saturated	1261	SFA 8:0	sfa 8 0	existing	fatty_acids_total_to_individual_existing
250031	Fatty acids, total saturated	fatty acids total saturated	1262	SFA 10:0	sfa 10 0	existing	fatty_acids_total_to_individual_existing
250031	Fatty acids, total saturated	fatty acids total saturated	1263	SFA 12:0	sfa 12 0	existing	fatty_acids_total_to_individual_existing
250031	Fatty acids, total saturated	fatty acids total saturated	1264	SFA 14:0	sfa 14 0	existing	fatty_acids_total_to_individual_existing
250031	Fatty acids, total saturated	fatty acids total saturated	1265	SFA 16:0	sfa 16 0	existing	fatty_acids_total_to_individual_existing
250031	Fatty acids, total saturated	fatty acids total saturated	1266	SFA 18:0	sfa 18 0	existing	fatty_acids_total_to_individual_existing
250031	Fatty acids, total saturated	fatty acids total saturated	1267	SFA 20:0	sfa 20 0	existing	fatty_acids_total_to_individual_existing
250031	Fatty acids, total saturated	fatty acids total saturated	1268	MUFA 18:1	mufa 18 1	existing	fatty_acids_total_to_individual_existing
250031	Fatty acids, total saturated	fatty acids total saturated	1269	PUFA 18:2	pufa 18 2	existing	fatty_acids_total_to_individual_existing
250031	Fatty acids, total saturated	fatty acids total saturated	1270	PUFA 18:3	pufa 18 3	existing	fatty_acids_total_to_individual_existing
250031	Fatty acids, total saturated	fatty acids total saturated	1271	PUFA 20:4	pufa 20 4	existing	fatty_acids_total_to_individual_existing
250031	Fatty acids, total saturated	fatty acids total saturated	1272	PUFA 22:6 n-3 (DHA)	pufa 22 6 n 3	existing	fatty_acids_total_to_individual_existing
250031	Fatty acids, total saturated	fatty acids total saturated	1273	SFA 22:0	sfa 22 0	existing	fatty_acids_total_to_individual_existing
250031	Fatty acids, total saturated	fatty acids total saturated	1274	MUFA 14:1	mufa 14 1	existing	fatty_acids_total_to_individual_existing
250031	Fatty acids, total saturated	fatty acids total saturated	1275	MUFA 16:1	mufa 16 1	existing	fatty_acids_total_to_individual_existing
250031	Fatty acids, total saturated	fatty acids total saturated	1276	PUFA 18:4	pufa 18 4	existing	fatty_acids_total_to_individual_existing
250031	Fatty acids, total saturated	fatty acids total saturated	1277	MUFA 20:1	mufa 20 1	existing	fatty_acids_total_to_individual_existing
250031	Fatty acids, total saturated	fatty acids total saturated	1278	PUFA 20:5 n-3 (EPA)	pufa 20 5 n 3	existing	fatty_acids_total_to_individual_existing
250031	Fatty acids, total saturated	fatty acids total saturated	1279	MUFA 22:1	mufa 22 1	existing	fatty_acids_total_to_individual_existing
250031	Fatty acids, total saturated	fatty acids total saturated	1280	PUFA 22:5 n-3 (DPA)	pufa 22 5 n 3	existing	fatty_acids_total_to_individual_existing
250031	Fatty acids, total saturated	fatty acids total saturated	1281	TFA 14:1 t	tfa 14 1 t	existing	fatty_acids_total_to_individual_existing
250031	Fatty acids, total saturated	fatty acids total saturated	1299	SFA 15:0	sfa 15 0	existing	fatty_acids_total_to_individual_existing
250031	Fatty acids, total saturated	fatty acids total saturated	1300	SFA 17:0	sfa 17 0	existing	fatty_acids_total_to_individual_existing
250031	Fatty acids, total saturated	fatty acids total saturated	1301	SFA 24:0	sfa 24 0	existing	fatty_acids_total_to_individual_existing
250031	Fatty acids, total saturated	fatty acids total saturated	1303	TFA 16:1 t	tfa 16 1 t	existing	fatty_acids_total_to_individual_existing
250031	Fatty acids, total saturated	fatty acids total saturated	1304	TFA 18:1 t	tfa 18 1 t	existing	fatty_acids_total_to_individual_existing
250031	Fatty acids, total saturated	fatty acids total saturated	1305	TFA 22:1 t	tfa 22 1 t	existing	fatty_acids_total_to_individual_existing
250031	Fatty acids, total saturated	fatty acids total saturated	1306	TFA 18:2 t not further defined	tfa 18 2 t not further defined	existing	fatty_acids_total_to_individual_existing
250031	Fatty acids, total saturated	fatty acids total saturated	1307	PUFA 18:2 i	pufa 18 2 i	existing	fatty_acids_total_to_individual_existing
250031	Fatty acids, total saturated	fatty acids total saturated	1308	PUFA 18:2 t,c	pufa 18 2 t c	existing	fatty_acids_total_to_individual_existing
250031	Fatty acids, total saturated	fatty acids total saturated	1309	PUFA 18:2 c,t	pufa 18 2 c t	existing	fatty_acids_total_to_individual_existing
250031	Fatty acids, total saturated	fatty acids total saturated	1310	TFA 18:2 t,t	tfa 18 2 t t	existing	fatty_acids_total_to_individual_existing
250031	Fatty acids, total saturated	fatty acids total saturated	1311	PUFA 18:2 CLAs	pufa 18 2 clas	existing	fatty_acids_total_to_individual_existing
250031	Fatty acids, total saturated	fatty acids total saturated	1312	MUFA 24:1 c	mufa 24 1 c	existing	fatty_acids_total_to_individual_existing
250031	Fatty acids, total saturated	fatty acids total saturated	1313	PUFA 20:2 n-6 c,c	pufa 20 2 n 6 c c	existing	fatty_acids_total_to_individual_existing
250031	Fatty acids, total saturated	fatty acids total saturated	1314	MUFA 16:1 c	mufa 16 1 c	existing	fatty_acids_total_to_individual_existing
250031	Fatty acids, total saturated	fatty acids total saturated	1315	MUFA 18:1 c	mufa 18 1 c	existing	fatty_acids_total_to_individual_existing
250031	Fatty acids, total saturated	fatty acids total saturated	1316	PUFA 18:2 n-6 c,c	pufa 18 2 n 6 c c	existing	fatty_acids_total_to_individual_existing
250031	Fatty acids, total saturated	fatty acids total saturated	1317	MUFA 22:1 c	mufa 22 1 c	existing	fatty_acids_total_to_individual_existing
250031	Fatty acids, total saturated	fatty acids total saturated	1321	PUFA 18:3 n-6 c,c,c	pufa 18 3 n 6 c c c	existing	fatty_acids_total_to_individual_existing
250031	Fatty acids, total saturated	fatty acids total saturated	1322	SFA 19:0	sfa 19 0	existing	fatty_acids_total_to_individual_existing
250031	Fatty acids, total saturated	fatty acids total saturated	1323	MUFA 17:1	mufa 17 1	existing	fatty_acids_total_to_individual_existing
250031	Fatty acids, total saturated	fatty acids total saturated	1324	PUFA 16:2	pufa 16 2	existing	fatty_acids_total_to_individual_existing
250031	Fatty acids, total saturated	fatty acids total saturated	1325	PUFA 20:3	pufa 20 3	existing	fatty_acids_total_to_individual_existing
250031	Fatty acids, total saturated	fatty acids total saturated	1332	SFA 13:0	sfa 13 0	existing	fatty_acids_total_to_individual_existing
250031	Fatty acids, total saturated	fatty acids total saturated	1333	MUFA 15:1	mufa 15 1	existing	fatty_acids_total_to_individual_existing
250031	Fatty acids, total saturated	fatty acids total saturated	1334	PUFA 22:2	pufa 22 2	existing	fatty_acids_total_to_individual_existing
250031	Fatty acids, total saturated	fatty acids total saturated	1335	SFA 11:0	sfa 11 0	existing	fatty_acids_total_to_individual_existing
250031	Fatty acids, total saturated	fatty acids total saturated	1404	PUFA 18:3 n-3 c,c,c (ALA)	pufa 18 3 n 3 c c c	existing	fatty_acids_total_to_individual_existing
250031	Fatty acids, total saturated	fatty acids total saturated	1405	PUFA 20:3 n-3	pufa 20 3 n 3	existing	fatty_acids_total_to_individual_existing
250031	Fatty acids, total saturated	fatty acids total saturated	1406	PUFA 20:3 n-6	pufa 20 3 n 6	existing	fatty_acids_total_to_individual_existing
250031	Fatty acids, total saturated	fatty acids total saturated	1407	PUFA 20:4 n-3	pufa 20 4 n 3	existing	fatty_acids_total_to_individual_existing
250031	Fatty acids, total saturated	fatty acids total saturated	1408	PUFA 20:4 n-6	pufa 20 4 n 6	existing	fatty_acids_total_to_individual_existing
250031	Fatty acids, total saturated	fatty acids total saturated	1409	PUFA 18:3i	pufa 18 3i	existing	fatty_acids_total_to_individual_existing
250031	Fatty acids, total saturated	fatty acids total saturated	1410	PUFA 21:5	pufa 21 5	existing	fatty_acids_total_to_individual_existing
250031	Fatty acids, total saturated	fatty acids total saturated	1411	PUFA 22:4	pufa 22 4	existing	fatty_acids_total_to_individual_existing
250031	Fatty acids, total saturated	fatty acids total saturated	1412	MUFA 18:1-11 t (18:1t n-7)	mufa 18 1 11 t 18 1t n 7	existing	fatty_acids_total_to_individual_existing
250031	Fatty acids, total saturated	fatty acids total saturated	1413	MUFA 18:1-11 c (18:1c n-7)	mufa 18 1 11 c 18 1c n 7	existing	fatty_acids_total_to_individual_existing
250031	Fatty acids, total saturated	fatty acids total saturated	1414	PUFA 20:3 n-9	pufa 20 3 n 9	existing	fatty_acids_total_to_individual_existing
250031	Fatty acids, total saturated	fatty acids total saturated	2003	SFA 5:0	sfa 5 0	existing	fatty_acids_total_to_individual_existing
250031	Fatty acids, total saturated	fatty acids total saturated	2004	SFA 7:0	sfa 7 0	existing	fatty_acids_total_to_individual_existing
250031	Fatty acids, total saturated	fatty acids total saturated	2005	SFA 9:0	sfa 9 0	existing	fatty_acids_total_to_individual_existing
250031	Fatty acids, total saturated	fatty acids total saturated	2006	SFA 21:0	sfa 21 0	existing	fatty_acids_total_to_individual_existing
250031	Fatty acids, total saturated	fatty acids total saturated	2007	SFA 23:0	sfa 23 0	existing	fatty_acids_total_to_individual_existing
250031	Fatty acids, total saturated	fatty acids total saturated	2008	MUFA 12:1	mufa 12 1	existing	fatty_acids_total_to_individual_existing
250031	Fatty acids, total saturated	fatty acids total saturated	2009	MUFA 14:1 c	mufa 14 1 c	existing	fatty_acids_total_to_individual_existing
250031	Fatty acids, total saturated	fatty acids total saturated	2010	MUFA 17:1 c	mufa 17 1 c	existing	fatty_acids_total_to_individual_existing
250031	Fatty acids, total saturated	fatty acids total saturated	2011	TFA 17:1 t	tfa 17 1 t	existing	fatty_acids_total_to_individual_existing
250031	Fatty acids, total saturated	fatty acids total saturated	2012	MUFA 20:1 c	mufa 20 1 c	existing	fatty_acids_total_to_individual_existing
250031	Fatty acids, total saturated	fatty acids total saturated	2013	TFA 20:1 t	tfa 20 1 t	existing	fatty_acids_total_to_individual_existing
250031	Fatty acids, total saturated	fatty acids total saturated	2014	MUFA 22:1 n-9	mufa 22 1 n 9	existing	fatty_acids_total_to_individual_existing
250031	Fatty acids, total saturated	fatty acids total saturated	2015	MUFA 22:1 n-11	mufa 22 1 n 11	existing	fatty_acids_total_to_individual_existing
250031	Fatty acids, total saturated	fatty acids total saturated	2016	PUFA 18:2 c	pufa 18 2 c	existing	fatty_acids_total_to_individual_existing
250031	Fatty acids, total saturated	fatty acids total saturated	2017	TFA 18:2 t	tfa 18 2 t	existing	fatty_acids_total_to_individual_existing
250031	Fatty acids, total saturated	fatty acids total saturated	2018	PUFA 18:3 c	pufa 18 3 c	existing	fatty_acids_total_to_individual_existing
250031	Fatty acids, total saturated	fatty acids total saturated	2019	TFA 18:3 t	tfa 18 3 t	existing	fatty_acids_total_to_individual_existing
250031	Fatty acids, total saturated	fatty acids total saturated	2020	PUFA 20:3 c	pufa 20 3 c	existing	fatty_acids_total_to_individual_existing
250031	Fatty acids, total saturated	fatty acids total saturated	2021	PUFA 22:3	pufa 22 3	existing	fatty_acids_total_to_individual_existing
250031	Fatty acids, total saturated	fatty acids total saturated	2022	PUFA 20:4c	pufa 20 4c	existing	fatty_acids_total_to_individual_existing
250031	Fatty acids, total saturated	fatty acids total saturated	2023	PUFA 20:5c	pufa 20 5c	existing	fatty_acids_total_to_individual_existing
250031	Fatty acids, total saturated	fatty acids total saturated	2024	PUFA 22:5 c	pufa 22 5 c	existing	fatty_acids_total_to_individual_existing
250031	Fatty acids, total saturated	fatty acids total saturated	2025	PUFA 22:6 c	pufa 22 6 c	existing	fatty_acids_total_to_individual_existing
250031	Fatty acids, total saturated	fatty acids total saturated	2026	PUFA 20:2 c	pufa 20 2 c	existing	fatty_acids_total_to_individual_existing
250031	Fatty acids, total saturated	fatty acids total saturated	96718	FA 10:0	fa 10 0	existing	fatty_acids_total_to_individual_existing
250031	Fatty acids, total saturated	fatty acids total saturated	96719	FA 12:0	fa 12 0	existing	fatty_acids_total_to_individual_existing
250031	Fatty acids, total saturated	fatty acids total saturated	96720	FA 14:0	fa 14 0	existing	fatty_acids_total_to_individual_existing
250031	Fatty acids, total saturated	fatty acids total saturated	96721	FA 16:0	fa 16 0	existing	fatty_acids_total_to_individual_existing
250031	Fatty acids, total saturated	fatty acids total saturated	96722	FA 18:0	fa 18 0	existing	fatty_acids_total_to_individual_existing
250031	Fatty acids, total saturated	fatty acids total saturated	96723	FA 18:1 n-9 cis	fa 18 1 n 9 cis	existing	fatty_acids_total_to_individual_existing
250031	Fatty acids, total saturated	fatty acids total saturated	96724	FA 18:2 9c,12c (n-6)	fa 18 2 9c 12c n 6	existing	fatty_acids_total_to_individual_existing
250031	Fatty acids, total saturated	fatty acids total saturated	96725	FA 18:3 c9,c12,c15 (n-3)	fa 18 3 c9 c12 c15 n 3	existing	fatty_acids_total_to_individual_existing
250031	Fatty acids, total saturated	fatty acids total saturated	96726	FA 20:4 5c,8c,11c,14c (n-6)	fa 20 4 5c 8c 11c 14c n 6	existing	fatty_acids_total_to_individual_existing
250031	Fatty acids, total saturated	fatty acids total saturated	96727	FA 4:0	fa 4 0	existing	fatty_acids_total_to_individual_existing
250031	Fatty acids, total saturated	fatty acids total saturated	96728	FA 6:0	fa 6 0	existing	fatty_acids_total_to_individual_existing
250031	Fatty acids, total saturated	fatty acids total saturated	96729	FA 8:0	fa 8 0	existing	fatty_acids_total_to_individual_existing
250031	Fatty acids, total saturated	fatty acids total saturated	240075	5,3',4'-Trihydroxy-3-methoxy-6:7-methylenedioxyflavone 4'-O-glucuronide	5 3 4 trihydroxy 3 methoxy 6 7 methylenedioxyflavone 4 o glucuronide	existing	fatty_acids_total_to_individual_existing
250031	Fatty acids, total saturated	fatty acids total saturated	240076	5,4'-Dihydroxy-3,3'-dimethoxy-6:7-methylenedioxyflavone 4'-O-glucuronide	5 4 dihydroxy 3 3 dimethoxy 6 7 methylenedioxyflavone 4 o glucuronide	existing	fatty_acids_total_to_individual_existing
250031	Fatty acids, total saturated	fatty acids total saturated	250036	Fatty acid 10:0	fatty acid 10 0	existing	fatty_acids_total_to_individual_existing
250031	Fatty acids, total saturated	fatty acids total saturated	250037	Fatty acid 12:0	fatty acid 12 0	existing	fatty_acids_total_to_individual_existing
250031	Fatty acids, total saturated	fatty acids total saturated	250038	Fatty acid 14:0	fatty acid 14 0	existing	fatty_acids_total_to_individual_existing
250031	Fatty acids, total saturated	fatty acids total saturated	250039	Fatty acid 15:0	fatty acid 15 0	existing	fatty_acids_total_to_individual_existing
250031	Fatty acids, total saturated	fatty acids total saturated	250040	Fatty acid 16:0	fatty acid 16 0	existing	fatty_acids_total_to_individual_existing
250031	Fatty acids, total saturated	fatty acids total saturated	250041	Fatty acid 17:0	fatty acid 17 0	existing	fatty_acids_total_to_individual_existing
250031	Fatty acids, total saturated	fatty acids total saturated	250042	Fatty acid 18:0	fatty acid 18 0	existing	fatty_acids_total_to_individual_existing
250031	Fatty acids, total saturated	fatty acids total saturated	250043	Fatty acid 20:0	fatty acid 20 0	existing	fatty_acids_total_to_individual_existing
250031	Fatty acids, total saturated	fatty acids total saturated	250044	Fatty acid 22:0	fatty acid 22 0	existing	fatty_acids_total_to_individual_existing
250031	Fatty acids, total saturated	fatty acids total saturated	250045	Fatty acid 24:0	fatty acid 24 0	existing	fatty_acids_total_to_individual_existing
250031	Fatty acids, total saturated	fatty acids total saturated	250046	Fatty acid 10:1	fatty acid 10 1	existing	fatty_acids_total_to_individual_existing
250031	Fatty acids, total saturated	fatty acids total saturated	250047	Fatty acid 14:1	fatty acid 14 1	existing	fatty_acids_total_to_individual_existing
250031	Fatty acids, total saturated	fatty acids total saturated	250048	Fatty acid 15:1	fatty acid 15 1	existing	fatty_acids_total_to_individual_existing
250031	Fatty acids, total saturated	fatty acids total saturated	250049	Fatty acid 16:1	fatty acid 16 1	existing	fatty_acids_total_to_individual_existing
250031	Fatty acids, total saturated	fatty acids total saturated	250050	Fatty acid 17:1	fatty acid 17 1	existing	fatty_acids_total_to_individual_existing
250031	Fatty acids, total saturated	fatty acids total saturated	250051	Fatty acid 18:1 undifferentiated	fatty acid 18 1 undifferentiated	existing	fatty_acids_total_to_individual_existing
250031	Fatty acids, total saturated	fatty acids total saturated	250052	Fatty acid 20:1	fatty acid 20 1	existing	fatty_acids_total_to_individual_existing
250031	Fatty acids, total saturated	fatty acids total saturated	250053	Fatty acid 22:1	fatty acid 22 1	existing	fatty_acids_total_to_individual_existing
250031	Fatty acids, total saturated	fatty acids total saturated	250054	Fatty acid 24:1	fatty acid 24 1	existing	fatty_acids_total_to_individual_existing
250031	Fatty acids, total saturated	fatty acids total saturated	250055	Fatty acid 16:2	fatty acid 16 2	existing	fatty_acids_total_to_individual_existing
250031	Fatty acids, total saturated	fatty acids total saturated	250056	Fatty acid 16:3	fatty acid 16 3	existing	fatty_acids_total_to_individual_existing
250031	Fatty acids, total saturated	fatty acids total saturated	250057	Fatty acid 16:4	fatty acid 16 4	existing	fatty_acids_total_to_individual_existing
250031	Fatty acids, total saturated	fatty acids total saturated	250058	Fatty acid 18:2 n-6	fatty acid 18 2 n 6	existing	fatty_acids_total_to_individual_existing
250031	Fatty acids, total saturated	fatty acids total saturated	250059	Fatty acid 18:3 n-3	fatty acid 18 3 n 3	existing	fatty_acids_total_to_individual_existing
250031	Fatty acids, total saturated	fatty acids total saturated	250060	Fatty acid 18:3 n-6	fatty acid 18 3 n 6	existing	fatty_acids_total_to_individual_existing
250031	Fatty acids, total saturated	fatty acids total saturated	250061	Fatty acid 18:4 n-3	fatty acid 18 4 n 3	existing	fatty_acids_total_to_individual_existing
250031	Fatty acids, total saturated	fatty acids total saturated	250062	Fatty acid 20:2 n-6	fatty acid 20 2 n 6	existing	fatty_acids_total_to_individual_existing
250031	Fatty acids, total saturated	fatty acids total saturated	250063	Fatty acid 20:3 n-6	fatty acid 20 3 n 6	existing	fatty_acids_total_to_individual_existing
250031	Fatty acids, total saturated	fatty acids total saturated	250064	Fatty acid 20:4 n-3	fatty acid 20 4 n 3	existing	fatty_acids_total_to_individual_existing
250031	Fatty acids, total saturated	fatty acids total saturated	250065	Fatty acid 20:4 n-6	fatty acid 20 4 n 6	existing	fatty_acids_total_to_individual_existing
250031	Fatty acids, total saturated	fatty acids total saturated	250066	Fatty acid 20:5 n-3	fatty acid 20 5 n 3	existing	fatty_acids_total_to_individual_existing
250031	Fatty acids, total saturated	fatty acids total saturated	250067	Fatty acid 21:5 n-3	fatty acid 21 5 n 3	existing	fatty_acids_total_to_individual_existing
250031	Fatty acids, total saturated	fatty acids total saturated	250068	Fatty acid 22:2	fatty acid 22 2	existing	fatty_acids_total_to_individual_existing
250031	Fatty acids, total saturated	fatty acids total saturated	250069	Fatty acid 22:4 n-6	fatty acid 22 4 n 6	existing	fatty_acids_total_to_individual_existing
250031	Fatty acids, total saturated	fatty acids total saturated	250070	Fatty acid 22:5 n-3	fatty acid 22 5 n 3	existing	fatty_acids_total_to_individual_existing
250031	Fatty acids, total saturated	fatty acids total saturated	250071	Fatty acid 22:5 n-6	fatty acid 22 5 n 6	existing	fatty_acids_total_to_individual_existing
250031	Fatty acids, total saturated	fatty acids total saturated	250072	Fatty acid 22:6 n-3	fatty acid 22 6 n 3	existing	fatty_acids_total_to_individual_existing
250032	Fatty acids, total mono-unsaturated	fatty acids total mono unsaturated	1259	SFA 4:0	sfa 4 0	existing	fatty_acids_total_to_individual_existing
250032	Fatty acids, total mono-unsaturated	fatty acids total mono unsaturated	1260	SFA 6:0	sfa 6 0	existing	fatty_acids_total_to_individual_existing
250032	Fatty acids, total mono-unsaturated	fatty acids total mono unsaturated	1261	SFA 8:0	sfa 8 0	existing	fatty_acids_total_to_individual_existing
250032	Fatty acids, total mono-unsaturated	fatty acids total mono unsaturated	1262	SFA 10:0	sfa 10 0	existing	fatty_acids_total_to_individual_existing
250032	Fatty acids, total mono-unsaturated	fatty acids total mono unsaturated	1263	SFA 12:0	sfa 12 0	existing	fatty_acids_total_to_individual_existing
250032	Fatty acids, total mono-unsaturated	fatty acids total mono unsaturated	1264	SFA 14:0	sfa 14 0	existing	fatty_acids_total_to_individual_existing
250032	Fatty acids, total mono-unsaturated	fatty acids total mono unsaturated	1265	SFA 16:0	sfa 16 0	existing	fatty_acids_total_to_individual_existing
250032	Fatty acids, total mono-unsaturated	fatty acids total mono unsaturated	1266	SFA 18:0	sfa 18 0	existing	fatty_acids_total_to_individual_existing
250032	Fatty acids, total mono-unsaturated	fatty acids total mono unsaturated	1267	SFA 20:0	sfa 20 0	existing	fatty_acids_total_to_individual_existing
250032	Fatty acids, total mono-unsaturated	fatty acids total mono unsaturated	1268	MUFA 18:1	mufa 18 1	existing	fatty_acids_total_to_individual_existing
250032	Fatty acids, total mono-unsaturated	fatty acids total mono unsaturated	1269	PUFA 18:2	pufa 18 2	existing	fatty_acids_total_to_individual_existing
250032	Fatty acids, total mono-unsaturated	fatty acids total mono unsaturated	1270	PUFA 18:3	pufa 18 3	existing	fatty_acids_total_to_individual_existing
250032	Fatty acids, total mono-unsaturated	fatty acids total mono unsaturated	1271	PUFA 20:4	pufa 20 4	existing	fatty_acids_total_to_individual_existing
250032	Fatty acids, total mono-unsaturated	fatty acids total mono unsaturated	1272	PUFA 22:6 n-3 (DHA)	pufa 22 6 n 3	existing	fatty_acids_total_to_individual_existing
250032	Fatty acids, total mono-unsaturated	fatty acids total mono unsaturated	1273	SFA 22:0	sfa 22 0	existing	fatty_acids_total_to_individual_existing
250032	Fatty acids, total mono-unsaturated	fatty acids total mono unsaturated	1274	MUFA 14:1	mufa 14 1	existing	fatty_acids_total_to_individual_existing
250032	Fatty acids, total mono-unsaturated	fatty acids total mono unsaturated	1275	MUFA 16:1	mufa 16 1	existing	fatty_acids_total_to_individual_existing
250032	Fatty acids, total mono-unsaturated	fatty acids total mono unsaturated	1276	PUFA 18:4	pufa 18 4	existing	fatty_acids_total_to_individual_existing
250032	Fatty acids, total mono-unsaturated	fatty acids total mono unsaturated	1277	MUFA 20:1	mufa 20 1	existing	fatty_acids_total_to_individual_existing
250032	Fatty acids, total mono-unsaturated	fatty acids total mono unsaturated	1278	PUFA 20:5 n-3 (EPA)	pufa 20 5 n 3	existing	fatty_acids_total_to_individual_existing
250032	Fatty acids, total mono-unsaturated	fatty acids total mono unsaturated	1279	MUFA 22:1	mufa 22 1	existing	fatty_acids_total_to_individual_existing
250032	Fatty acids, total mono-unsaturated	fatty acids total mono unsaturated	1280	PUFA 22:5 n-3 (DPA)	pufa 22 5 n 3	existing	fatty_acids_total_to_individual_existing
250032	Fatty acids, total mono-unsaturated	fatty acids total mono unsaturated	1281	TFA 14:1 t	tfa 14 1 t	existing	fatty_acids_total_to_individual_existing
250032	Fatty acids, total mono-unsaturated	fatty acids total mono unsaturated	1299	SFA 15:0	sfa 15 0	existing	fatty_acids_total_to_individual_existing
250032	Fatty acids, total mono-unsaturated	fatty acids total mono unsaturated	1300	SFA 17:0	sfa 17 0	existing	fatty_acids_total_to_individual_existing
250032	Fatty acids, total mono-unsaturated	fatty acids total mono unsaturated	1301	SFA 24:0	sfa 24 0	existing	fatty_acids_total_to_individual_existing
250032	Fatty acids, total mono-unsaturated	fatty acids total mono unsaturated	1303	TFA 16:1 t	tfa 16 1 t	existing	fatty_acids_total_to_individual_existing
250032	Fatty acids, total mono-unsaturated	fatty acids total mono unsaturated	1304	TFA 18:1 t	tfa 18 1 t	existing	fatty_acids_total_to_individual_existing
250032	Fatty acids, total mono-unsaturated	fatty acids total mono unsaturated	1305	TFA 22:1 t	tfa 22 1 t	existing	fatty_acids_total_to_individual_existing
250032	Fatty acids, total mono-unsaturated	fatty acids total mono unsaturated	1306	TFA 18:2 t not further defined	tfa 18 2 t not further defined	existing	fatty_acids_total_to_individual_existing
250032	Fatty acids, total mono-unsaturated	fatty acids total mono unsaturated	1307	PUFA 18:2 i	pufa 18 2 i	existing	fatty_acids_total_to_individual_existing
250032	Fatty acids, total mono-unsaturated	fatty acids total mono unsaturated	1308	PUFA 18:2 t,c	pufa 18 2 t c	existing	fatty_acids_total_to_individual_existing
250032	Fatty acids, total mono-unsaturated	fatty acids total mono unsaturated	1309	PUFA 18:2 c,t	pufa 18 2 c t	existing	fatty_acids_total_to_individual_existing
250032	Fatty acids, total mono-unsaturated	fatty acids total mono unsaturated	1310	TFA 18:2 t,t	tfa 18 2 t t	existing	fatty_acids_total_to_individual_existing
250032	Fatty acids, total mono-unsaturated	fatty acids total mono unsaturated	1311	PUFA 18:2 CLAs	pufa 18 2 clas	existing	fatty_acids_total_to_individual_existing
250032	Fatty acids, total mono-unsaturated	fatty acids total mono unsaturated	1312	MUFA 24:1 c	mufa 24 1 c	existing	fatty_acids_total_to_individual_existing
250032	Fatty acids, total mono-unsaturated	fatty acids total mono unsaturated	1313	PUFA 20:2 n-6 c,c	pufa 20 2 n 6 c c	existing	fatty_acids_total_to_individual_existing
250032	Fatty acids, total mono-unsaturated	fatty acids total mono unsaturated	1314	MUFA 16:1 c	mufa 16 1 c	existing	fatty_acids_total_to_individual_existing
250032	Fatty acids, total mono-unsaturated	fatty acids total mono unsaturated	1315	MUFA 18:1 c	mufa 18 1 c	existing	fatty_acids_total_to_individual_existing
250032	Fatty acids, total mono-unsaturated	fatty acids total mono unsaturated	1316	PUFA 18:2 n-6 c,c	pufa 18 2 n 6 c c	existing	fatty_acids_total_to_individual_existing
250032	Fatty acids, total mono-unsaturated	fatty acids total mono unsaturated	1317	MUFA 22:1 c	mufa 22 1 c	existing	fatty_acids_total_to_individual_existing
250032	Fatty acids, total mono-unsaturated	fatty acids total mono unsaturated	1321	PUFA 18:3 n-6 c,c,c	pufa 18 3 n 6 c c c	existing	fatty_acids_total_to_individual_existing
250032	Fatty acids, total mono-unsaturated	fatty acids total mono unsaturated	1322	SFA 19:0	sfa 19 0	existing	fatty_acids_total_to_individual_existing
250032	Fatty acids, total mono-unsaturated	fatty acids total mono unsaturated	1323	MUFA 17:1	mufa 17 1	existing	fatty_acids_total_to_individual_existing
250032	Fatty acids, total mono-unsaturated	fatty acids total mono unsaturated	1324	PUFA 16:2	pufa 16 2	existing	fatty_acids_total_to_individual_existing
250032	Fatty acids, total mono-unsaturated	fatty acids total mono unsaturated	1325	PUFA 20:3	pufa 20 3	existing	fatty_acids_total_to_individual_existing
250032	Fatty acids, total mono-unsaturated	fatty acids total mono unsaturated	1332	SFA 13:0	sfa 13 0	existing	fatty_acids_total_to_individual_existing
250032	Fatty acids, total mono-unsaturated	fatty acids total mono unsaturated	1333	MUFA 15:1	mufa 15 1	existing	fatty_acids_total_to_individual_existing
250032	Fatty acids, total mono-unsaturated	fatty acids total mono unsaturated	1334	PUFA 22:2	pufa 22 2	existing	fatty_acids_total_to_individual_existing
250032	Fatty acids, total mono-unsaturated	fatty acids total mono unsaturated	1335	SFA 11:0	sfa 11 0	existing	fatty_acids_total_to_individual_existing
250032	Fatty acids, total mono-unsaturated	fatty acids total mono unsaturated	1404	PUFA 18:3 n-3 c,c,c (ALA)	pufa 18 3 n 3 c c c	existing	fatty_acids_total_to_individual_existing
250032	Fatty acids, total mono-unsaturated	fatty acids total mono unsaturated	1405	PUFA 20:3 n-3	pufa 20 3 n 3	existing	fatty_acids_total_to_individual_existing
250032	Fatty acids, total mono-unsaturated	fatty acids total mono unsaturated	1406	PUFA 20:3 n-6	pufa 20 3 n 6	existing	fatty_acids_total_to_individual_existing
250032	Fatty acids, total mono-unsaturated	fatty acids total mono unsaturated	1407	PUFA 20:4 n-3	pufa 20 4 n 3	existing	fatty_acids_total_to_individual_existing
250032	Fatty acids, total mono-unsaturated	fatty acids total mono unsaturated	1408	PUFA 20:4 n-6	pufa 20 4 n 6	existing	fatty_acids_total_to_individual_existing
250032	Fatty acids, total mono-unsaturated	fatty acids total mono unsaturated	1409	PUFA 18:3i	pufa 18 3i	existing	fatty_acids_total_to_individual_existing
250032	Fatty acids, total mono-unsaturated	fatty acids total mono unsaturated	1410	PUFA 21:5	pufa 21 5	existing	fatty_acids_total_to_individual_existing
250032	Fatty acids, total mono-unsaturated	fatty acids total mono unsaturated	1411	PUFA 22:4	pufa 22 4	existing	fatty_acids_total_to_individual_existing
250032	Fatty acids, total mono-unsaturated	fatty acids total mono unsaturated	1412	MUFA 18:1-11 t (18:1t n-7)	mufa 18 1 11 t 18 1t n 7	existing	fatty_acids_total_to_individual_existing
250032	Fatty acids, total mono-unsaturated	fatty acids total mono unsaturated	1413	MUFA 18:1-11 c (18:1c n-7)	mufa 18 1 11 c 18 1c n 7	existing	fatty_acids_total_to_individual_existing
250032	Fatty acids, total mono-unsaturated	fatty acids total mono unsaturated	1414	PUFA 20:3 n-9	pufa 20 3 n 9	existing	fatty_acids_total_to_individual_existing
250032	Fatty acids, total mono-unsaturated	fatty acids total mono unsaturated	2003	SFA 5:0	sfa 5 0	existing	fatty_acids_total_to_individual_existing
250032	Fatty acids, total mono-unsaturated	fatty acids total mono unsaturated	2004	SFA 7:0	sfa 7 0	existing	fatty_acids_total_to_individual_existing
250032	Fatty acids, total mono-unsaturated	fatty acids total mono unsaturated	2005	SFA 9:0	sfa 9 0	existing	fatty_acids_total_to_individual_existing
250032	Fatty acids, total mono-unsaturated	fatty acids total mono unsaturated	2006	SFA 21:0	sfa 21 0	existing	fatty_acids_total_to_individual_existing
250032	Fatty acids, total mono-unsaturated	fatty acids total mono unsaturated	2007	SFA 23:0	sfa 23 0	existing	fatty_acids_total_to_individual_existing
250032	Fatty acids, total mono-unsaturated	fatty acids total mono unsaturated	2008	MUFA 12:1	mufa 12 1	existing	fatty_acids_total_to_individual_existing
250032	Fatty acids, total mono-unsaturated	fatty acids total mono unsaturated	2009	MUFA 14:1 c	mufa 14 1 c	existing	fatty_acids_total_to_individual_existing
250032	Fatty acids, total mono-unsaturated	fatty acids total mono unsaturated	2010	MUFA 17:1 c	mufa 17 1 c	existing	fatty_acids_total_to_individual_existing
250032	Fatty acids, total mono-unsaturated	fatty acids total mono unsaturated	2011	TFA 17:1 t	tfa 17 1 t	existing	fatty_acids_total_to_individual_existing
250032	Fatty acids, total mono-unsaturated	fatty acids total mono unsaturated	2012	MUFA 20:1 c	mufa 20 1 c	existing	fatty_acids_total_to_individual_existing
250032	Fatty acids, total mono-unsaturated	fatty acids total mono unsaturated	2013	TFA 20:1 t	tfa 20 1 t	existing	fatty_acids_total_to_individual_existing
250032	Fatty acids, total mono-unsaturated	fatty acids total mono unsaturated	2014	MUFA 22:1 n-9	mufa 22 1 n 9	existing	fatty_acids_total_to_individual_existing
250032	Fatty acids, total mono-unsaturated	fatty acids total mono unsaturated	2015	MUFA 22:1 n-11	mufa 22 1 n 11	existing	fatty_acids_total_to_individual_existing
250032	Fatty acids, total mono-unsaturated	fatty acids total mono unsaturated	2016	PUFA 18:2 c	pufa 18 2 c	existing	fatty_acids_total_to_individual_existing
250032	Fatty acids, total mono-unsaturated	fatty acids total mono unsaturated	2017	TFA 18:2 t	tfa 18 2 t	existing	fatty_acids_total_to_individual_existing
250032	Fatty acids, total mono-unsaturated	fatty acids total mono unsaturated	2018	PUFA 18:3 c	pufa 18 3 c	existing	fatty_acids_total_to_individual_existing
250032	Fatty acids, total mono-unsaturated	fatty acids total mono unsaturated	2019	TFA 18:3 t	tfa 18 3 t	existing	fatty_acids_total_to_individual_existing
250032	Fatty acids, total mono-unsaturated	fatty acids total mono unsaturated	2020	PUFA 20:3 c	pufa 20 3 c	existing	fatty_acids_total_to_individual_existing
250032	Fatty acids, total mono-unsaturated	fatty acids total mono unsaturated	2021	PUFA 22:3	pufa 22 3	existing	fatty_acids_total_to_individual_existing
250032	Fatty acids, total mono-unsaturated	fatty acids total mono unsaturated	2022	PUFA 20:4c	pufa 20 4c	existing	fatty_acids_total_to_individual_existing
250032	Fatty acids, total mono-unsaturated	fatty acids total mono unsaturated	2023	PUFA 20:5c	pufa 20 5c	existing	fatty_acids_total_to_individual_existing
250032	Fatty acids, total mono-unsaturated	fatty acids total mono unsaturated	2024	PUFA 22:5 c	pufa 22 5 c	existing	fatty_acids_total_to_individual_existing
250032	Fatty acids, total mono-unsaturated	fatty acids total mono unsaturated	2025	PUFA 22:6 c	pufa 22 6 c	existing	fatty_acids_total_to_individual_existing
250032	Fatty acids, total mono-unsaturated	fatty acids total mono unsaturated	2026	PUFA 20:2 c	pufa 20 2 c	existing	fatty_acids_total_to_individual_existing
250032	Fatty acids, total mono-unsaturated	fatty acids total mono unsaturated	96718	FA 10:0	fa 10 0	existing	fatty_acids_total_to_individual_existing
250032	Fatty acids, total mono-unsaturated	fatty acids total mono unsaturated	96719	FA 12:0	fa 12 0	existing	fatty_acids_total_to_individual_existing
250032	Fatty acids, total mono-unsaturated	fatty acids total mono unsaturated	96720	FA 14:0	fa 14 0	existing	fatty_acids_total_to_individual_existing
250032	Fatty acids, total mono-unsaturated	fatty acids total mono unsaturated	96721	FA 16:0	fa 16 0	existing	fatty_acids_total_to_individual_existing
250032	Fatty acids, total mono-unsaturated	fatty acids total mono unsaturated	96722	FA 18:0	fa 18 0	existing	fatty_acids_total_to_individual_existing
250032	Fatty acids, total mono-unsaturated	fatty acids total mono unsaturated	96723	FA 18:1 n-9 cis	fa 18 1 n 9 cis	existing	fatty_acids_total_to_individual_existing
250032	Fatty acids, total mono-unsaturated	fatty acids total mono unsaturated	96724	FA 18:2 9c,12c (n-6)	fa 18 2 9c 12c n 6	existing	fatty_acids_total_to_individual_existing
250032	Fatty acids, total mono-unsaturated	fatty acids total mono unsaturated	96725	FA 18:3 c9,c12,c15 (n-3)	fa 18 3 c9 c12 c15 n 3	existing	fatty_acids_total_to_individual_existing
250032	Fatty acids, total mono-unsaturated	fatty acids total mono unsaturated	96726	FA 20:4 5c,8c,11c,14c (n-6)	fa 20 4 5c 8c 11c 14c n 6	existing	fatty_acids_total_to_individual_existing
250032	Fatty acids, total mono-unsaturated	fatty acids total mono unsaturated	96727	FA 4:0	fa 4 0	existing	fatty_acids_total_to_individual_existing
250032	Fatty acids, total mono-unsaturated	fatty acids total mono unsaturated	96728	FA 6:0	fa 6 0	existing	fatty_acids_total_to_individual_existing
250032	Fatty acids, total mono-unsaturated	fatty acids total mono unsaturated	96729	FA 8:0	fa 8 0	existing	fatty_acids_total_to_individual_existing
250032	Fatty acids, total mono-unsaturated	fatty acids total mono unsaturated	240075	5,3',4'-Trihydroxy-3-methoxy-6:7-methylenedioxyflavone 4'-O-glucuronide	5 3 4 trihydroxy 3 methoxy 6 7 methylenedioxyflavone 4 o glucuronide	existing	fatty_acids_total_to_individual_existing
250032	Fatty acids, total mono-unsaturated	fatty acids total mono unsaturated	240076	5,4'-Dihydroxy-3,3'-dimethoxy-6:7-methylenedioxyflavone 4'-O-glucuronide	5 4 dihydroxy 3 3 dimethoxy 6 7 methylenedioxyflavone 4 o glucuronide	existing	fatty_acids_total_to_individual_existing
250032	Fatty acids, total mono-unsaturated	fatty acids total mono unsaturated	250036	Fatty acid 10:0	fatty acid 10 0	existing	fatty_acids_total_to_individual_existing
250032	Fatty acids, total mono-unsaturated	fatty acids total mono unsaturated	250037	Fatty acid 12:0	fatty acid 12 0	existing	fatty_acids_total_to_individual_existing
250032	Fatty acids, total mono-unsaturated	fatty acids total mono unsaturated	250038	Fatty acid 14:0	fatty acid 14 0	existing	fatty_acids_total_to_individual_existing
250032	Fatty acids, total mono-unsaturated	fatty acids total mono unsaturated	250039	Fatty acid 15:0	fatty acid 15 0	existing	fatty_acids_total_to_individual_existing
250032	Fatty acids, total mono-unsaturated	fatty acids total mono unsaturated	250040	Fatty acid 16:0	fatty acid 16 0	existing	fatty_acids_total_to_individual_existing
250032	Fatty acids, total mono-unsaturated	fatty acids total mono unsaturated	250041	Fatty acid 17:0	fatty acid 17 0	existing	fatty_acids_total_to_individual_existing
250032	Fatty acids, total mono-unsaturated	fatty acids total mono unsaturated	250042	Fatty acid 18:0	fatty acid 18 0	existing	fatty_acids_total_to_individual_existing
250032	Fatty acids, total mono-unsaturated	fatty acids total mono unsaturated	250043	Fatty acid 20:0	fatty acid 20 0	existing	fatty_acids_total_to_individual_existing
250032	Fatty acids, total mono-unsaturated	fatty acids total mono unsaturated	250044	Fatty acid 22:0	fatty acid 22 0	existing	fatty_acids_total_to_individual_existing
250032	Fatty acids, total mono-unsaturated	fatty acids total mono unsaturated	250045	Fatty acid 24:0	fatty acid 24 0	existing	fatty_acids_total_to_individual_existing
250032	Fatty acids, total mono-unsaturated	fatty acids total mono unsaturated	250046	Fatty acid 10:1	fatty acid 10 1	existing	fatty_acids_total_to_individual_existing
250032	Fatty acids, total mono-unsaturated	fatty acids total mono unsaturated	250047	Fatty acid 14:1	fatty acid 14 1	existing	fatty_acids_total_to_individual_existing
250032	Fatty acids, total mono-unsaturated	fatty acids total mono unsaturated	250048	Fatty acid 15:1	fatty acid 15 1	existing	fatty_acids_total_to_individual_existing
250032	Fatty acids, total mono-unsaturated	fatty acids total mono unsaturated	250049	Fatty acid 16:1	fatty acid 16 1	existing	fatty_acids_total_to_individual_existing
250032	Fatty acids, total mono-unsaturated	fatty acids total mono unsaturated	250050	Fatty acid 17:1	fatty acid 17 1	existing	fatty_acids_total_to_individual_existing
250032	Fatty acids, total mono-unsaturated	fatty acids total mono unsaturated	250051	Fatty acid 18:1 undifferentiated	fatty acid 18 1 undifferentiated	existing	fatty_acids_total_to_individual_existing
250032	Fatty acids, total mono-unsaturated	fatty acids total mono unsaturated	250052	Fatty acid 20:1	fatty acid 20 1	existing	fatty_acids_total_to_individual_existing
250032	Fatty acids, total mono-unsaturated	fatty acids total mono unsaturated	250053	Fatty acid 22:1	fatty acid 22 1	existing	fatty_acids_total_to_individual_existing
250032	Fatty acids, total mono-unsaturated	fatty acids total mono unsaturated	250054	Fatty acid 24:1	fatty acid 24 1	existing	fatty_acids_total_to_individual_existing
250032	Fatty acids, total mono-unsaturated	fatty acids total mono unsaturated	250055	Fatty acid 16:2	fatty acid 16 2	existing	fatty_acids_total_to_individual_existing
250032	Fatty acids, total mono-unsaturated	fatty acids total mono unsaturated	250056	Fatty acid 16:3	fatty acid 16 3	existing	fatty_acids_total_to_individual_existing
250032	Fatty acids, total mono-unsaturated	fatty acids total mono unsaturated	250057	Fatty acid 16:4	fatty acid 16 4	existing	fatty_acids_total_to_individual_existing
250032	Fatty acids, total mono-unsaturated	fatty acids total mono unsaturated	250058	Fatty acid 18:2 n-6	fatty acid 18 2 n 6	existing	fatty_acids_total_to_individual_existing
250032	Fatty acids, total mono-unsaturated	fatty acids total mono unsaturated	250059	Fatty acid 18:3 n-3	fatty acid 18 3 n 3	existing	fatty_acids_total_to_individual_existing
250032	Fatty acids, total mono-unsaturated	fatty acids total mono unsaturated	250060	Fatty acid 18:3 n-6	fatty acid 18 3 n 6	existing	fatty_acids_total_to_individual_existing
250032	Fatty acids, total mono-unsaturated	fatty acids total mono unsaturated	250061	Fatty acid 18:4 n-3	fatty acid 18 4 n 3	existing	fatty_acids_total_to_individual_existing
250032	Fatty acids, total mono-unsaturated	fatty acids total mono unsaturated	250062	Fatty acid 20:2 n-6	fatty acid 20 2 n 6	existing	fatty_acids_total_to_individual_existing
250032	Fatty acids, total mono-unsaturated	fatty acids total mono unsaturated	250063	Fatty acid 20:3 n-6	fatty acid 20 3 n 6	existing	fatty_acids_total_to_individual_existing
250032	Fatty acids, total mono-unsaturated	fatty acids total mono unsaturated	250064	Fatty acid 20:4 n-3	fatty acid 20 4 n 3	existing	fatty_acids_total_to_individual_existing
250032	Fatty acids, total mono-unsaturated	fatty acids total mono unsaturated	250065	Fatty acid 20:4 n-6	fatty acid 20 4 n 6	existing	fatty_acids_total_to_individual_existing
250032	Fatty acids, total mono-unsaturated	fatty acids total mono unsaturated	250066	Fatty acid 20:5 n-3	fatty acid 20 5 n 3	existing	fatty_acids_total_to_individual_existing
250032	Fatty acids, total mono-unsaturated	fatty acids total mono unsaturated	250067	Fatty acid 21:5 n-3	fatty acid 21 5 n 3	existing	fatty_acids_total_to_individual_existing
250032	Fatty acids, total mono-unsaturated	fatty acids total mono unsaturated	250068	Fatty acid 22:2	fatty acid 22 2	existing	fatty_acids_total_to_individual_existing
250032	Fatty acids, total mono-unsaturated	fatty acids total mono unsaturated	250069	Fatty acid 22:4 n-6	fatty acid 22 4 n 6	existing	fatty_acids_total_to_individual_existing
250032	Fatty acids, total mono-unsaturated	fatty acids total mono unsaturated	250070	Fatty acid 22:5 n-3	fatty acid 22 5 n 3	existing	fatty_acids_total_to_individual_existing
250032	Fatty acids, total mono-unsaturated	fatty acids total mono unsaturated	250071	Fatty acid 22:5 n-6	fatty acid 22 5 n 6	existing	fatty_acids_total_to_individual_existing
250032	Fatty acids, total mono-unsaturated	fatty acids total mono unsaturated	250072	Fatty acid 22:6 n-3	fatty acid 22 6 n 3	existing	fatty_acids_total_to_individual_existing
250033	Fatty acids, total poly-unsaturated	fatty acids total poly unsaturated	1259	SFA 4:0	sfa 4 0	existing	fatty_acids_total_to_individual_existing
250033	Fatty acids, total poly-unsaturated	fatty acids total poly unsaturated	1260	SFA 6:0	sfa 6 0	existing	fatty_acids_total_to_individual_existing
250033	Fatty acids, total poly-unsaturated	fatty acids total poly unsaturated	1261	SFA 8:0	sfa 8 0	existing	fatty_acids_total_to_individual_existing
250033	Fatty acids, total poly-unsaturated	fatty acids total poly unsaturated	1262	SFA 10:0	sfa 10 0	existing	fatty_acids_total_to_individual_existing
250033	Fatty acids, total poly-unsaturated	fatty acids total poly unsaturated	1263	SFA 12:0	sfa 12 0	existing	fatty_acids_total_to_individual_existing
250033	Fatty acids, total poly-unsaturated	fatty acids total poly unsaturated	1264	SFA 14:0	sfa 14 0	existing	fatty_acids_total_to_individual_existing
250033	Fatty acids, total poly-unsaturated	fatty acids total poly unsaturated	1265	SFA 16:0	sfa 16 0	existing	fatty_acids_total_to_individual_existing
250033	Fatty acids, total poly-unsaturated	fatty acids total poly unsaturated	1266	SFA 18:0	sfa 18 0	existing	fatty_acids_total_to_individual_existing
250033	Fatty acids, total poly-unsaturated	fatty acids total poly unsaturated	1267	SFA 20:0	sfa 20 0	existing	fatty_acids_total_to_individual_existing
250033	Fatty acids, total poly-unsaturated	fatty acids total poly unsaturated	1268	MUFA 18:1	mufa 18 1	existing	fatty_acids_total_to_individual_existing
250033	Fatty acids, total poly-unsaturated	fatty acids total poly unsaturated	1269	PUFA 18:2	pufa 18 2	existing	fatty_acids_total_to_individual_existing
250033	Fatty acids, total poly-unsaturated	fatty acids total poly unsaturated	1270	PUFA 18:3	pufa 18 3	existing	fatty_acids_total_to_individual_existing
250033	Fatty acids, total poly-unsaturated	fatty acids total poly unsaturated	1271	PUFA 20:4	pufa 20 4	existing	fatty_acids_total_to_individual_existing
250033	Fatty acids, total poly-unsaturated	fatty acids total poly unsaturated	1272	PUFA 22:6 n-3 (DHA)	pufa 22 6 n 3	existing	fatty_acids_total_to_individual_existing
250033	Fatty acids, total poly-unsaturated	fatty acids total poly unsaturated	1273	SFA 22:0	sfa 22 0	existing	fatty_acids_total_to_individual_existing
250033	Fatty acids, total poly-unsaturated	fatty acids total poly unsaturated	1274	MUFA 14:1	mufa 14 1	existing	fatty_acids_total_to_individual_existing
250033	Fatty acids, total poly-unsaturated	fatty acids total poly unsaturated	1275	MUFA 16:1	mufa 16 1	existing	fatty_acids_total_to_individual_existing
250033	Fatty acids, total poly-unsaturated	fatty acids total poly unsaturated	1276	PUFA 18:4	pufa 18 4	existing	fatty_acids_total_to_individual_existing
250033	Fatty acids, total poly-unsaturated	fatty acids total poly unsaturated	1277	MUFA 20:1	mufa 20 1	existing	fatty_acids_total_to_individual_existing
250033	Fatty acids, total poly-unsaturated	fatty acids total poly unsaturated	1278	PUFA 20:5 n-3 (EPA)	pufa 20 5 n 3	existing	fatty_acids_total_to_individual_existing
250033	Fatty acids, total poly-unsaturated	fatty acids total poly unsaturated	1279	MUFA 22:1	mufa 22 1	existing	fatty_acids_total_to_individual_existing
250033	Fatty acids, total poly-unsaturated	fatty acids total poly unsaturated	1280	PUFA 22:5 n-3 (DPA)	pufa 22 5 n 3	existing	fatty_acids_total_to_individual_existing
250033	Fatty acids, total poly-unsaturated	fatty acids total poly unsaturated	1281	TFA 14:1 t	tfa 14 1 t	existing	fatty_acids_total_to_individual_existing
250033	Fatty acids, total poly-unsaturated	fatty acids total poly unsaturated	1299	SFA 15:0	sfa 15 0	existing	fatty_acids_total_to_individual_existing
250033	Fatty acids, total poly-unsaturated	fatty acids total poly unsaturated	1300	SFA 17:0	sfa 17 0	existing	fatty_acids_total_to_individual_existing
250033	Fatty acids, total poly-unsaturated	fatty acids total poly unsaturated	1301	SFA 24:0	sfa 24 0	existing	fatty_acids_total_to_individual_existing
250033	Fatty acids, total poly-unsaturated	fatty acids total poly unsaturated	1303	TFA 16:1 t	tfa 16 1 t	existing	fatty_acids_total_to_individual_existing
250033	Fatty acids, total poly-unsaturated	fatty acids total poly unsaturated	1304	TFA 18:1 t	tfa 18 1 t	existing	fatty_acids_total_to_individual_existing
250033	Fatty acids, total poly-unsaturated	fatty acids total poly unsaturated	1305	TFA 22:1 t	tfa 22 1 t	existing	fatty_acids_total_to_individual_existing
250033	Fatty acids, total poly-unsaturated	fatty acids total poly unsaturated	1306	TFA 18:2 t not further defined	tfa 18 2 t not further defined	existing	fatty_acids_total_to_individual_existing
250033	Fatty acids, total poly-unsaturated	fatty acids total poly unsaturated	1307	PUFA 18:2 i	pufa 18 2 i	existing	fatty_acids_total_to_individual_existing
250033	Fatty acids, total poly-unsaturated	fatty acids total poly unsaturated	1308	PUFA 18:2 t,c	pufa 18 2 t c	existing	fatty_acids_total_to_individual_existing
250033	Fatty acids, total poly-unsaturated	fatty acids total poly unsaturated	1309	PUFA 18:2 c,t	pufa 18 2 c t	existing	fatty_acids_total_to_individual_existing
250033	Fatty acids, total poly-unsaturated	fatty acids total poly unsaturated	1310	TFA 18:2 t,t	tfa 18 2 t t	existing	fatty_acids_total_to_individual_existing
250033	Fatty acids, total poly-unsaturated	fatty acids total poly unsaturated	1311	PUFA 18:2 CLAs	pufa 18 2 clas	existing	fatty_acids_total_to_individual_existing
250033	Fatty acids, total poly-unsaturated	fatty acids total poly unsaturated	1312	MUFA 24:1 c	mufa 24 1 c	existing	fatty_acids_total_to_individual_existing
250033	Fatty acids, total poly-unsaturated	fatty acids total poly unsaturated	1313	PUFA 20:2 n-6 c,c	pufa 20 2 n 6 c c	existing	fatty_acids_total_to_individual_existing
250033	Fatty acids, total poly-unsaturated	fatty acids total poly unsaturated	1314	MUFA 16:1 c	mufa 16 1 c	existing	fatty_acids_total_to_individual_existing
250033	Fatty acids, total poly-unsaturated	fatty acids total poly unsaturated	1315	MUFA 18:1 c	mufa 18 1 c	existing	fatty_acids_total_to_individual_existing
250033	Fatty acids, total poly-unsaturated	fatty acids total poly unsaturated	1316	PUFA 18:2 n-6 c,c	pufa 18 2 n 6 c c	existing	fatty_acids_total_to_individual_existing
250033	Fatty acids, total poly-unsaturated	fatty acids total poly unsaturated	1317	MUFA 22:1 c	mufa 22 1 c	existing	fatty_acids_total_to_individual_existing
250033	Fatty acids, total poly-unsaturated	fatty acids total poly unsaturated	1321	PUFA 18:3 n-6 c,c,c	pufa 18 3 n 6 c c c	existing	fatty_acids_total_to_individual_existing
250033	Fatty acids, total poly-unsaturated	fatty acids total poly unsaturated	1322	SFA 19:0	sfa 19 0	existing	fatty_acids_total_to_individual_existing
250033	Fatty acids, total poly-unsaturated	fatty acids total poly unsaturated	1323	MUFA 17:1	mufa 17 1	existing	fatty_acids_total_to_individual_existing
250033	Fatty acids, total poly-unsaturated	fatty acids total poly unsaturated	1324	PUFA 16:2	pufa 16 2	existing	fatty_acids_total_to_individual_existing
250033	Fatty acids, total poly-unsaturated	fatty acids total poly unsaturated	1325	PUFA 20:3	pufa 20 3	existing	fatty_acids_total_to_individual_existing
250033	Fatty acids, total poly-unsaturated	fatty acids total poly unsaturated	1332	SFA 13:0	sfa 13 0	existing	fatty_acids_total_to_individual_existing
250033	Fatty acids, total poly-unsaturated	fatty acids total poly unsaturated	1333	MUFA 15:1	mufa 15 1	existing	fatty_acids_total_to_individual_existing
250033	Fatty acids, total poly-unsaturated	fatty acids total poly unsaturated	1334	PUFA 22:2	pufa 22 2	existing	fatty_acids_total_to_individual_existing
250033	Fatty acids, total poly-unsaturated	fatty acids total poly unsaturated	1335	SFA 11:0	sfa 11 0	existing	fatty_acids_total_to_individual_existing
250033	Fatty acids, total poly-unsaturated	fatty acids total poly unsaturated	1404	PUFA 18:3 n-3 c,c,c (ALA)	pufa 18 3 n 3 c c c	existing	fatty_acids_total_to_individual_existing
250033	Fatty acids, total poly-unsaturated	fatty acids total poly unsaturated	1405	PUFA 20:3 n-3	pufa 20 3 n 3	existing	fatty_acids_total_to_individual_existing
250033	Fatty acids, total poly-unsaturated	fatty acids total poly unsaturated	1406	PUFA 20:3 n-6	pufa 20 3 n 6	existing	fatty_acids_total_to_individual_existing
250033	Fatty acids, total poly-unsaturated	fatty acids total poly unsaturated	1407	PUFA 20:4 n-3	pufa 20 4 n 3	existing	fatty_acids_total_to_individual_existing
250033	Fatty acids, total poly-unsaturated	fatty acids total poly unsaturated	1408	PUFA 20:4 n-6	pufa 20 4 n 6	existing	fatty_acids_total_to_individual_existing
250033	Fatty acids, total poly-unsaturated	fatty acids total poly unsaturated	1409	PUFA 18:3i	pufa 18 3i	existing	fatty_acids_total_to_individual_existing
250033	Fatty acids, total poly-unsaturated	fatty acids total poly unsaturated	1410	PUFA 21:5	pufa 21 5	existing	fatty_acids_total_to_individual_existing
250033	Fatty acids, total poly-unsaturated	fatty acids total poly unsaturated	1411	PUFA 22:4	pufa 22 4	existing	fatty_acids_total_to_individual_existing
250033	Fatty acids, total poly-unsaturated	fatty acids total poly unsaturated	1412	MUFA 18:1-11 t (18:1t n-7)	mufa 18 1 11 t 18 1t n 7	existing	fatty_acids_total_to_individual_existing
250033	Fatty acids, total poly-unsaturated	fatty acids total poly unsaturated	1413	MUFA 18:1-11 c (18:1c n-7)	mufa 18 1 11 c 18 1c n 7	existing	fatty_acids_total_to_individual_existing
250033	Fatty acids, total poly-unsaturated	fatty acids total poly unsaturated	1414	PUFA 20:3 n-9	pufa 20 3 n 9	existing	fatty_acids_total_to_individual_existing
250033	Fatty acids, total poly-unsaturated	fatty acids total poly unsaturated	2003	SFA 5:0	sfa 5 0	existing	fatty_acids_total_to_individual_existing
250033	Fatty acids, total poly-unsaturated	fatty acids total poly unsaturated	2004	SFA 7:0	sfa 7 0	existing	fatty_acids_total_to_individual_existing
250033	Fatty acids, total poly-unsaturated	fatty acids total poly unsaturated	2005	SFA 9:0	sfa 9 0	existing	fatty_acids_total_to_individual_existing
250033	Fatty acids, total poly-unsaturated	fatty acids total poly unsaturated	2006	SFA 21:0	sfa 21 0	existing	fatty_acids_total_to_individual_existing
250033	Fatty acids, total poly-unsaturated	fatty acids total poly unsaturated	2007	SFA 23:0	sfa 23 0	existing	fatty_acids_total_to_individual_existing
250033	Fatty acids, total poly-unsaturated	fatty acids total poly unsaturated	2008	MUFA 12:1	mufa 12 1	existing	fatty_acids_total_to_individual_existing
250033	Fatty acids, total poly-unsaturated	fatty acids total poly unsaturated	2009	MUFA 14:1 c	mufa 14 1 c	existing	fatty_acids_total_to_individual_existing
250033	Fatty acids, total poly-unsaturated	fatty acids total poly unsaturated	2010	MUFA 17:1 c	mufa 17 1 c	existing	fatty_acids_total_to_individual_existing
250033	Fatty acids, total poly-unsaturated	fatty acids total poly unsaturated	2011	TFA 17:1 t	tfa 17 1 t	existing	fatty_acids_total_to_individual_existing
250033	Fatty acids, total poly-unsaturated	fatty acids total poly unsaturated	2012	MUFA 20:1 c	mufa 20 1 c	existing	fatty_acids_total_to_individual_existing
250033	Fatty acids, total poly-unsaturated	fatty acids total poly unsaturated	2013	TFA 20:1 t	tfa 20 1 t	existing	fatty_acids_total_to_individual_existing
250033	Fatty acids, total poly-unsaturated	fatty acids total poly unsaturated	2014	MUFA 22:1 n-9	mufa 22 1 n 9	existing	fatty_acids_total_to_individual_existing
250033	Fatty acids, total poly-unsaturated	fatty acids total poly unsaturated	2015	MUFA 22:1 n-11	mufa 22 1 n 11	existing	fatty_acids_total_to_individual_existing
250033	Fatty acids, total poly-unsaturated	fatty acids total poly unsaturated	2016	PUFA 18:2 c	pufa 18 2 c	existing	fatty_acids_total_to_individual_existing
250033	Fatty acids, total poly-unsaturated	fatty acids total poly unsaturated	2017	TFA 18:2 t	tfa 18 2 t	existing	fatty_acids_total_to_individual_existing
250033	Fatty acids, total poly-unsaturated	fatty acids total poly unsaturated	2018	PUFA 18:3 c	pufa 18 3 c	existing	fatty_acids_total_to_individual_existing
250033	Fatty acids, total poly-unsaturated	fatty acids total poly unsaturated	2019	TFA 18:3 t	tfa 18 3 t	existing	fatty_acids_total_to_individual_existing
250033	Fatty acids, total poly-unsaturated	fatty acids total poly unsaturated	2020	PUFA 20:3 c	pufa 20 3 c	existing	fatty_acids_total_to_individual_existing
250033	Fatty acids, total poly-unsaturated	fatty acids total poly unsaturated	2021	PUFA 22:3	pufa 22 3	existing	fatty_acids_total_to_individual_existing
250033	Fatty acids, total poly-unsaturated	fatty acids total poly unsaturated	2022	PUFA 20:4c	pufa 20 4c	existing	fatty_acids_total_to_individual_existing
250033	Fatty acids, total poly-unsaturated	fatty acids total poly unsaturated	2023	PUFA 20:5c	pufa 20 5c	existing	fatty_acids_total_to_individual_existing
250033	Fatty acids, total poly-unsaturated	fatty acids total poly unsaturated	2024	PUFA 22:5 c	pufa 22 5 c	existing	fatty_acids_total_to_individual_existing
250033	Fatty acids, total poly-unsaturated	fatty acids total poly unsaturated	2025	PUFA 22:6 c	pufa 22 6 c	existing	fatty_acids_total_to_individual_existing
250033	Fatty acids, total poly-unsaturated	fatty acids total poly unsaturated	2026	PUFA 20:2 c	pufa 20 2 c	existing	fatty_acids_total_to_individual_existing
250033	Fatty acids, total poly-unsaturated	fatty acids total poly unsaturated	96718	FA 10:0	fa 10 0	existing	fatty_acids_total_to_individual_existing
250033	Fatty acids, total poly-unsaturated	fatty acids total poly unsaturated	96719	FA 12:0	fa 12 0	existing	fatty_acids_total_to_individual_existing
250033	Fatty acids, total poly-unsaturated	fatty acids total poly unsaturated	96720	FA 14:0	fa 14 0	existing	fatty_acids_total_to_individual_existing
250033	Fatty acids, total poly-unsaturated	fatty acids total poly unsaturated	96721	FA 16:0	fa 16 0	existing	fatty_acids_total_to_individual_existing
250033	Fatty acids, total poly-unsaturated	fatty acids total poly unsaturated	96722	FA 18:0	fa 18 0	existing	fatty_acids_total_to_individual_existing
250033	Fatty acids, total poly-unsaturated	fatty acids total poly unsaturated	96723	FA 18:1 n-9 cis	fa 18 1 n 9 cis	existing	fatty_acids_total_to_individual_existing
250033	Fatty acids, total poly-unsaturated	fatty acids total poly unsaturated	96724	FA 18:2 9c,12c (n-6)	fa 18 2 9c 12c n 6	existing	fatty_acids_total_to_individual_existing
250033	Fatty acids, total poly-unsaturated	fatty acids total poly unsaturated	96725	FA 18:3 c9,c12,c15 (n-3)	fa 18 3 c9 c12 c15 n 3	existing	fatty_acids_total_to_individual_existing
250033	Fatty acids, total poly-unsaturated	fatty acids total poly unsaturated	96726	FA 20:4 5c,8c,11c,14c (n-6)	fa 20 4 5c 8c 11c 14c n 6	existing	fatty_acids_total_to_individual_existing
250033	Fatty acids, total poly-unsaturated	fatty acids total poly unsaturated	96727	FA 4:0	fa 4 0	existing	fatty_acids_total_to_individual_existing
250033	Fatty acids, total poly-unsaturated	fatty acids total poly unsaturated	96728	FA 6:0	fa 6 0	existing	fatty_acids_total_to_individual_existing
250033	Fatty acids, total poly-unsaturated	fatty acids total poly unsaturated	96729	FA 8:0	fa 8 0	existing	fatty_acids_total_to_individual_existing
250033	Fatty acids, total poly-unsaturated	fatty acids total poly unsaturated	240075	5,3',4'-Trihydroxy-3-methoxy-6:7-methylenedioxyflavone 4'-O-glucuronide	5 3 4 trihydroxy 3 methoxy 6 7 methylenedioxyflavone 4 o glucuronide	existing	fatty_acids_total_to_individual_existing
250033	Fatty acids, total poly-unsaturated	fatty acids total poly unsaturated	240076	5,4'-Dihydroxy-3,3'-dimethoxy-6:7-methylenedioxyflavone 4'-O-glucuronide	5 4 dihydroxy 3 3 dimethoxy 6 7 methylenedioxyflavone 4 o glucuronide	existing	fatty_acids_total_to_individual_existing
250033	Fatty acids, total poly-unsaturated	fatty acids total poly unsaturated	250036	Fatty acid 10:0	fatty acid 10 0	existing	fatty_acids_total_to_individual_existing
250033	Fatty acids, total poly-unsaturated	fatty acids total poly unsaturated	250037	Fatty acid 12:0	fatty acid 12 0	existing	fatty_acids_total_to_individual_existing
250033	Fatty acids, total poly-unsaturated	fatty acids total poly unsaturated	250038	Fatty acid 14:0	fatty acid 14 0	existing	fatty_acids_total_to_individual_existing
250033	Fatty acids, total poly-unsaturated	fatty acids total poly unsaturated	250039	Fatty acid 15:0	fatty acid 15 0	existing	fatty_acids_total_to_individual_existing
250033	Fatty acids, total poly-unsaturated	fatty acids total poly unsaturated	250040	Fatty acid 16:0	fatty acid 16 0	existing	fatty_acids_total_to_individual_existing
250033	Fatty acids, total poly-unsaturated	fatty acids total poly unsaturated	250041	Fatty acid 17:0	fatty acid 17 0	existing	fatty_acids_total_to_individual_existing
250033	Fatty acids, total poly-unsaturated	fatty acids total poly unsaturated	250042	Fatty acid 18:0	fatty acid 18 0	existing	fatty_acids_total_to_individual_existing
250033	Fatty acids, total poly-unsaturated	fatty acids total poly unsaturated	250043	Fatty acid 20:0	fatty acid 20 0	existing	fatty_acids_total_to_individual_existing
250033	Fatty acids, total poly-unsaturated	fatty acids total poly unsaturated	250044	Fatty acid 22:0	fatty acid 22 0	existing	fatty_acids_total_to_individual_existing
250033	Fatty acids, total poly-unsaturated	fatty acids total poly unsaturated	250045	Fatty acid 24:0	fatty acid 24 0	existing	fatty_acids_total_to_individual_existing
250033	Fatty acids, total poly-unsaturated	fatty acids total poly unsaturated	250046	Fatty acid 10:1	fatty acid 10 1	existing	fatty_acids_total_to_individual_existing
250033	Fatty acids, total poly-unsaturated	fatty acids total poly unsaturated	250047	Fatty acid 14:1	fatty acid 14 1	existing	fatty_acids_total_to_individual_existing
250033	Fatty acids, total poly-unsaturated	fatty acids total poly unsaturated	250048	Fatty acid 15:1	fatty acid 15 1	existing	fatty_acids_total_to_individual_existing
250033	Fatty acids, total poly-unsaturated	fatty acids total poly unsaturated	250049	Fatty acid 16:1	fatty acid 16 1	existing	fatty_acids_total_to_individual_existing
250033	Fatty acids, total poly-unsaturated	fatty acids total poly unsaturated	250050	Fatty acid 17:1	fatty acid 17 1	existing	fatty_acids_total_to_individual_existing
250033	Fatty acids, total poly-unsaturated	fatty acids total poly unsaturated	250051	Fatty acid 18:1 undifferentiated	fatty acid 18 1 undifferentiated	existing	fatty_acids_total_to_individual_existing
250033	Fatty acids, total poly-unsaturated	fatty acids total poly unsaturated	250052	Fatty acid 20:1	fatty acid 20 1	existing	fatty_acids_total_to_individual_existing
250033	Fatty acids, total poly-unsaturated	fatty acids total poly unsaturated	250053	Fatty acid 22:1	fatty acid 22 1	existing	fatty_acids_total_to_individual_existing
250033	Fatty acids, total poly-unsaturated	fatty acids total poly unsaturated	250054	Fatty acid 24:1	fatty acid 24 1	existing	fatty_acids_total_to_individual_existing
250033	Fatty acids, total poly-unsaturated	fatty acids total poly unsaturated	250055	Fatty acid 16:2	fatty acid 16 2	existing	fatty_acids_total_to_individual_existing
250033	Fatty acids, total poly-unsaturated	fatty acids total poly unsaturated	250056	Fatty acid 16:3	fatty acid 16 3	existing	fatty_acids_total_to_individual_existing
250033	Fatty acids, total poly-unsaturated	fatty acids total poly unsaturated	250057	Fatty acid 16:4	fatty acid 16 4	existing	fatty_acids_total_to_individual_existing
250033	Fatty acids, total poly-unsaturated	fatty acids total poly unsaturated	250058	Fatty acid 18:2 n-6	fatty acid 18 2 n 6	existing	fatty_acids_total_to_individual_existing
250033	Fatty acids, total poly-unsaturated	fatty acids total poly unsaturated	250059	Fatty acid 18:3 n-3	fatty acid 18 3 n 3	existing	fatty_acids_total_to_individual_existing
250033	Fatty acids, total poly-unsaturated	fatty acids total poly unsaturated	250060	Fatty acid 18:3 n-6	fatty acid 18 3 n 6	existing	fatty_acids_total_to_individual_existing
250033	Fatty acids, total poly-unsaturated	fatty acids total poly unsaturated	250061	Fatty acid 18:4 n-3	fatty acid 18 4 n 3	existing	fatty_acids_total_to_individual_existing
250033	Fatty acids, total poly-unsaturated	fatty acids total poly unsaturated	250062	Fatty acid 20:2 n-6	fatty acid 20 2 n 6	existing	fatty_acids_total_to_individual_existing
250033	Fatty acids, total poly-unsaturated	fatty acids total poly unsaturated	250063	Fatty acid 20:3 n-6	fatty acid 20 3 n 6	existing	fatty_acids_total_to_individual_existing
250033	Fatty acids, total poly-unsaturated	fatty acids total poly unsaturated	250064	Fatty acid 20:4 n-3	fatty acid 20 4 n 3	existing	fatty_acids_total_to_individual_existing
250033	Fatty acids, total poly-unsaturated	fatty acids total poly unsaturated	250065	Fatty acid 20:4 n-6	fatty acid 20 4 n 6	existing	fatty_acids_total_to_individual_existing
250033	Fatty acids, total poly-unsaturated	fatty acids total poly unsaturated	250066	Fatty acid 20:5 n-3	fatty acid 20 5 n 3	existing	fatty_acids_total_to_individual_existing
250033	Fatty acids, total poly-unsaturated	fatty acids total poly unsaturated	250067	Fatty acid 21:5 n-3	fatty acid 21 5 n 3	existing	fatty_acids_total_to_individual_existing
250033	Fatty acids, total poly-unsaturated	fatty acids total poly unsaturated	250068	Fatty acid 22:2	fatty acid 22 2	existing	fatty_acids_total_to_individual_existing
250033	Fatty acids, total poly-unsaturated	fatty acids total poly unsaturated	250069	Fatty acid 22:4 n-6	fatty acid 22 4 n 6	existing	fatty_acids_total_to_individual_existing
250033	Fatty acids, total poly-unsaturated	fatty acids total poly unsaturated	250070	Fatty acid 22:5 n-3	fatty acid 22 5 n 3	existing	fatty_acids_total_to_individual_existing
250033	Fatty acids, total poly-unsaturated	fatty acids total poly unsaturated	250071	Fatty acid 22:5 n-6	fatty acid 22 5 n 6	existing	fatty_acids_total_to_individual_existing
250033	Fatty acids, total poly-unsaturated	fatty acids total poly unsaturated	250072	Fatty acid 22:6 n-3	fatty acid 22 6 n 3	existing	fatty_acids_total_to_individual_existing
250034	Fatty acids, total n-3 poly-unsaturated	fatty acids total n 3 poly unsaturated	1259	SFA 4:0	sfa 4 0	existing	fatty_acids_total_to_individual_existing
250034	Fatty acids, total n-3 poly-unsaturated	fatty acids total n 3 poly unsaturated	1260	SFA 6:0	sfa 6 0	existing	fatty_acids_total_to_individual_existing
250034	Fatty acids, total n-3 poly-unsaturated	fatty acids total n 3 poly unsaturated	1261	SFA 8:0	sfa 8 0	existing	fatty_acids_total_to_individual_existing
250034	Fatty acids, total n-3 poly-unsaturated	fatty acids total n 3 poly unsaturated	1262	SFA 10:0	sfa 10 0	existing	fatty_acids_total_to_individual_existing
250034	Fatty acids, total n-3 poly-unsaturated	fatty acids total n 3 poly unsaturated	1263	SFA 12:0	sfa 12 0	existing	fatty_acids_total_to_individual_existing
250034	Fatty acids, total n-3 poly-unsaturated	fatty acids total n 3 poly unsaturated	1264	SFA 14:0	sfa 14 0	existing	fatty_acids_total_to_individual_existing
250034	Fatty acids, total n-3 poly-unsaturated	fatty acids total n 3 poly unsaturated	1265	SFA 16:0	sfa 16 0	existing	fatty_acids_total_to_individual_existing
250034	Fatty acids, total n-3 poly-unsaturated	fatty acids total n 3 poly unsaturated	1266	SFA 18:0	sfa 18 0	existing	fatty_acids_total_to_individual_existing
250034	Fatty acids, total n-3 poly-unsaturated	fatty acids total n 3 poly unsaturated	1267	SFA 20:0	sfa 20 0	existing	fatty_acids_total_to_individual_existing
250034	Fatty acids, total n-3 poly-unsaturated	fatty acids total n 3 poly unsaturated	1268	MUFA 18:1	mufa 18 1	existing	fatty_acids_total_to_individual_existing
250034	Fatty acids, total n-3 poly-unsaturated	fatty acids total n 3 poly unsaturated	1269	PUFA 18:2	pufa 18 2	existing	fatty_acids_total_to_individual_existing
250034	Fatty acids, total n-3 poly-unsaturated	fatty acids total n 3 poly unsaturated	1270	PUFA 18:3	pufa 18 3	existing	fatty_acids_total_to_individual_existing
250034	Fatty acids, total n-3 poly-unsaturated	fatty acids total n 3 poly unsaturated	1271	PUFA 20:4	pufa 20 4	existing	fatty_acids_total_to_individual_existing
250034	Fatty acids, total n-3 poly-unsaturated	fatty acids total n 3 poly unsaturated	1272	PUFA 22:6 n-3 (DHA)	pufa 22 6 n 3	existing	fatty_acids_total_to_individual_existing
250034	Fatty acids, total n-3 poly-unsaturated	fatty acids total n 3 poly unsaturated	1273	SFA 22:0	sfa 22 0	existing	fatty_acids_total_to_individual_existing
250034	Fatty acids, total n-3 poly-unsaturated	fatty acids total n 3 poly unsaturated	1274	MUFA 14:1	mufa 14 1	existing	fatty_acids_total_to_individual_existing
250034	Fatty acids, total n-3 poly-unsaturated	fatty acids total n 3 poly unsaturated	1275	MUFA 16:1	mufa 16 1	existing	fatty_acids_total_to_individual_existing
250034	Fatty acids, total n-3 poly-unsaturated	fatty acids total n 3 poly unsaturated	1276	PUFA 18:4	pufa 18 4	existing	fatty_acids_total_to_individual_existing
250034	Fatty acids, total n-3 poly-unsaturated	fatty acids total n 3 poly unsaturated	1277	MUFA 20:1	mufa 20 1	existing	fatty_acids_total_to_individual_existing
250034	Fatty acids, total n-3 poly-unsaturated	fatty acids total n 3 poly unsaturated	1278	PUFA 20:5 n-3 (EPA)	pufa 20 5 n 3	existing	fatty_acids_total_to_individual_existing
250034	Fatty acids, total n-3 poly-unsaturated	fatty acids total n 3 poly unsaturated	1279	MUFA 22:1	mufa 22 1	existing	fatty_acids_total_to_individual_existing
250034	Fatty acids, total n-3 poly-unsaturated	fatty acids total n 3 poly unsaturated	1280	PUFA 22:5 n-3 (DPA)	pufa 22 5 n 3	existing	fatty_acids_total_to_individual_existing
250034	Fatty acids, total n-3 poly-unsaturated	fatty acids total n 3 poly unsaturated	1281	TFA 14:1 t	tfa 14 1 t	existing	fatty_acids_total_to_individual_existing
250034	Fatty acids, total n-3 poly-unsaturated	fatty acids total n 3 poly unsaturated	1299	SFA 15:0	sfa 15 0	existing	fatty_acids_total_to_individual_existing
250034	Fatty acids, total n-3 poly-unsaturated	fatty acids total n 3 poly unsaturated	1300	SFA 17:0	sfa 17 0	existing	fatty_acids_total_to_individual_existing
250034	Fatty acids, total n-3 poly-unsaturated	fatty acids total n 3 poly unsaturated	1301	SFA 24:0	sfa 24 0	existing	fatty_acids_total_to_individual_existing
250034	Fatty acids, total n-3 poly-unsaturated	fatty acids total n 3 poly unsaturated	1303	TFA 16:1 t	tfa 16 1 t	existing	fatty_acids_total_to_individual_existing
250034	Fatty acids, total n-3 poly-unsaturated	fatty acids total n 3 poly unsaturated	1304	TFA 18:1 t	tfa 18 1 t	existing	fatty_acids_total_to_individual_existing
250034	Fatty acids, total n-3 poly-unsaturated	fatty acids total n 3 poly unsaturated	1305	TFA 22:1 t	tfa 22 1 t	existing	fatty_acids_total_to_individual_existing
250034	Fatty acids, total n-3 poly-unsaturated	fatty acids total n 3 poly unsaturated	1306	TFA 18:2 t not further defined	tfa 18 2 t not further defined	existing	fatty_acids_total_to_individual_existing
250034	Fatty acids, total n-3 poly-unsaturated	fatty acids total n 3 poly unsaturated	1307	PUFA 18:2 i	pufa 18 2 i	existing	fatty_acids_total_to_individual_existing
250034	Fatty acids, total n-3 poly-unsaturated	fatty acids total n 3 poly unsaturated	1308	PUFA 18:2 t,c	pufa 18 2 t c	existing	fatty_acids_total_to_individual_existing
250034	Fatty acids, total n-3 poly-unsaturated	fatty acids total n 3 poly unsaturated	1309	PUFA 18:2 c,t	pufa 18 2 c t	existing	fatty_acids_total_to_individual_existing
250034	Fatty acids, total n-3 poly-unsaturated	fatty acids total n 3 poly unsaturated	1310	TFA 18:2 t,t	tfa 18 2 t t	existing	fatty_acids_total_to_individual_existing
250034	Fatty acids, total n-3 poly-unsaturated	fatty acids total n 3 poly unsaturated	1311	PUFA 18:2 CLAs	pufa 18 2 clas	existing	fatty_acids_total_to_individual_existing
250034	Fatty acids, total n-3 poly-unsaturated	fatty acids total n 3 poly unsaturated	1312	MUFA 24:1 c	mufa 24 1 c	existing	fatty_acids_total_to_individual_existing
250034	Fatty acids, total n-3 poly-unsaturated	fatty acids total n 3 poly unsaturated	1313	PUFA 20:2 n-6 c,c	pufa 20 2 n 6 c c	existing	fatty_acids_total_to_individual_existing
250034	Fatty acids, total n-3 poly-unsaturated	fatty acids total n 3 poly unsaturated	1314	MUFA 16:1 c	mufa 16 1 c	existing	fatty_acids_total_to_individual_existing
250034	Fatty acids, total n-3 poly-unsaturated	fatty acids total n 3 poly unsaturated	1315	MUFA 18:1 c	mufa 18 1 c	existing	fatty_acids_total_to_individual_existing
250034	Fatty acids, total n-3 poly-unsaturated	fatty acids total n 3 poly unsaturated	1316	PUFA 18:2 n-6 c,c	pufa 18 2 n 6 c c	existing	fatty_acids_total_to_individual_existing
250034	Fatty acids, total n-3 poly-unsaturated	fatty acids total n 3 poly unsaturated	1317	MUFA 22:1 c	mufa 22 1 c	existing	fatty_acids_total_to_individual_existing
250034	Fatty acids, total n-3 poly-unsaturated	fatty acids total n 3 poly unsaturated	1321	PUFA 18:3 n-6 c,c,c	pufa 18 3 n 6 c c c	existing	fatty_acids_total_to_individual_existing
250034	Fatty acids, total n-3 poly-unsaturated	fatty acids total n 3 poly unsaturated	1322	SFA 19:0	sfa 19 0	existing	fatty_acids_total_to_individual_existing
250034	Fatty acids, total n-3 poly-unsaturated	fatty acids total n 3 poly unsaturated	1323	MUFA 17:1	mufa 17 1	existing	fatty_acids_total_to_individual_existing
250034	Fatty acids, total n-3 poly-unsaturated	fatty acids total n 3 poly unsaturated	1324	PUFA 16:2	pufa 16 2	existing	fatty_acids_total_to_individual_existing
250034	Fatty acids, total n-3 poly-unsaturated	fatty acids total n 3 poly unsaturated	1325	PUFA 20:3	pufa 20 3	existing	fatty_acids_total_to_individual_existing
250034	Fatty acids, total n-3 poly-unsaturated	fatty acids total n 3 poly unsaturated	1332	SFA 13:0	sfa 13 0	existing	fatty_acids_total_to_individual_existing
250034	Fatty acids, total n-3 poly-unsaturated	fatty acids total n 3 poly unsaturated	1333	MUFA 15:1	mufa 15 1	existing	fatty_acids_total_to_individual_existing
250034	Fatty acids, total n-3 poly-unsaturated	fatty acids total n 3 poly unsaturated	1334	PUFA 22:2	pufa 22 2	existing	fatty_acids_total_to_individual_existing
250034	Fatty acids, total n-3 poly-unsaturated	fatty acids total n 3 poly unsaturated	1335	SFA 11:0	sfa 11 0	existing	fatty_acids_total_to_individual_existing
250034	Fatty acids, total n-3 poly-unsaturated	fatty acids total n 3 poly unsaturated	1404	PUFA 18:3 n-3 c,c,c (ALA)	pufa 18 3 n 3 c c c	existing	fatty_acids_total_to_individual_existing
250034	Fatty acids, total n-3 poly-unsaturated	fatty acids total n 3 poly unsaturated	1405	PUFA 20:3 n-3	pufa 20 3 n 3	existing	fatty_acids_total_to_individual_existing
250034	Fatty acids, total n-3 poly-unsaturated	fatty acids total n 3 poly unsaturated	1406	PUFA 20:3 n-6	pufa 20 3 n 6	existing	fatty_acids_total_to_individual_existing
250034	Fatty acids, total n-3 poly-unsaturated	fatty acids total n 3 poly unsaturated	1407	PUFA 20:4 n-3	pufa 20 4 n 3	existing	fatty_acids_total_to_individual_existing
250034	Fatty acids, total n-3 poly-unsaturated	fatty acids total n 3 poly unsaturated	1408	PUFA 20:4 n-6	pufa 20 4 n 6	existing	fatty_acids_total_to_individual_existing
250034	Fatty acids, total n-3 poly-unsaturated	fatty acids total n 3 poly unsaturated	1409	PUFA 18:3i	pufa 18 3i	existing	fatty_acids_total_to_individual_existing
250034	Fatty acids, total n-3 poly-unsaturated	fatty acids total n 3 poly unsaturated	1410	PUFA 21:5	pufa 21 5	existing	fatty_acids_total_to_individual_existing
250034	Fatty acids, total n-3 poly-unsaturated	fatty acids total n 3 poly unsaturated	1411	PUFA 22:4	pufa 22 4	existing	fatty_acids_total_to_individual_existing
250034	Fatty acids, total n-3 poly-unsaturated	fatty acids total n 3 poly unsaturated	1412	MUFA 18:1-11 t (18:1t n-7)	mufa 18 1 11 t 18 1t n 7	existing	fatty_acids_total_to_individual_existing
250034	Fatty acids, total n-3 poly-unsaturated	fatty acids total n 3 poly unsaturated	1413	MUFA 18:1-11 c (18:1c n-7)	mufa 18 1 11 c 18 1c n 7	existing	fatty_acids_total_to_individual_existing
250034	Fatty acids, total n-3 poly-unsaturated	fatty acids total n 3 poly unsaturated	1414	PUFA 20:3 n-9	pufa 20 3 n 9	existing	fatty_acids_total_to_individual_existing
250034	Fatty acids, total n-3 poly-unsaturated	fatty acids total n 3 poly unsaturated	2003	SFA 5:0	sfa 5 0	existing	fatty_acids_total_to_individual_existing
250034	Fatty acids, total n-3 poly-unsaturated	fatty acids total n 3 poly unsaturated	2004	SFA 7:0	sfa 7 0	existing	fatty_acids_total_to_individual_existing
250034	Fatty acids, total n-3 poly-unsaturated	fatty acids total n 3 poly unsaturated	2005	SFA 9:0	sfa 9 0	existing	fatty_acids_total_to_individual_existing
250034	Fatty acids, total n-3 poly-unsaturated	fatty acids total n 3 poly unsaturated	2006	SFA 21:0	sfa 21 0	existing	fatty_acids_total_to_individual_existing
250034	Fatty acids, total n-3 poly-unsaturated	fatty acids total n 3 poly unsaturated	2007	SFA 23:0	sfa 23 0	existing	fatty_acids_total_to_individual_existing
250034	Fatty acids, total n-3 poly-unsaturated	fatty acids total n 3 poly unsaturated	2008	MUFA 12:1	mufa 12 1	existing	fatty_acids_total_to_individual_existing
250034	Fatty acids, total n-3 poly-unsaturated	fatty acids total n 3 poly unsaturated	2009	MUFA 14:1 c	mufa 14 1 c	existing	fatty_acids_total_to_individual_existing
250034	Fatty acids, total n-3 poly-unsaturated	fatty acids total n 3 poly unsaturated	2010	MUFA 17:1 c	mufa 17 1 c	existing	fatty_acids_total_to_individual_existing
250034	Fatty acids, total n-3 poly-unsaturated	fatty acids total n 3 poly unsaturated	2011	TFA 17:1 t	tfa 17 1 t	existing	fatty_acids_total_to_individual_existing
250034	Fatty acids, total n-3 poly-unsaturated	fatty acids total n 3 poly unsaturated	2012	MUFA 20:1 c	mufa 20 1 c	existing	fatty_acids_total_to_individual_existing
250034	Fatty acids, total n-3 poly-unsaturated	fatty acids total n 3 poly unsaturated	2013	TFA 20:1 t	tfa 20 1 t	existing	fatty_acids_total_to_individual_existing
250034	Fatty acids, total n-3 poly-unsaturated	fatty acids total n 3 poly unsaturated	2014	MUFA 22:1 n-9	mufa 22 1 n 9	existing	fatty_acids_total_to_individual_existing
250034	Fatty acids, total n-3 poly-unsaturated	fatty acids total n 3 poly unsaturated	2015	MUFA 22:1 n-11	mufa 22 1 n 11	existing	fatty_acids_total_to_individual_existing
250034	Fatty acids, total n-3 poly-unsaturated	fatty acids total n 3 poly unsaturated	2016	PUFA 18:2 c	pufa 18 2 c	existing	fatty_acids_total_to_individual_existing
250034	Fatty acids, total n-3 poly-unsaturated	fatty acids total n 3 poly unsaturated	2017	TFA 18:2 t	tfa 18 2 t	existing	fatty_acids_total_to_individual_existing
250034	Fatty acids, total n-3 poly-unsaturated	fatty acids total n 3 poly unsaturated	2018	PUFA 18:3 c	pufa 18 3 c	existing	fatty_acids_total_to_individual_existing
250034	Fatty acids, total n-3 poly-unsaturated	fatty acids total n 3 poly unsaturated	2019	TFA 18:3 t	tfa 18 3 t	existing	fatty_acids_total_to_individual_existing
250034	Fatty acids, total n-3 poly-unsaturated	fatty acids total n 3 poly unsaturated	2020	PUFA 20:3 c	pufa 20 3 c	existing	fatty_acids_total_to_individual_existing
250034	Fatty acids, total n-3 poly-unsaturated	fatty acids total n 3 poly unsaturated	2021	PUFA 22:3	pufa 22 3	existing	fatty_acids_total_to_individual_existing
250034	Fatty acids, total n-3 poly-unsaturated	fatty acids total n 3 poly unsaturated	2022	PUFA 20:4c	pufa 20 4c	existing	fatty_acids_total_to_individual_existing
250034	Fatty acids, total n-3 poly-unsaturated	fatty acids total n 3 poly unsaturated	2023	PUFA 20:5c	pufa 20 5c	existing	fatty_acids_total_to_individual_existing
250034	Fatty acids, total n-3 poly-unsaturated	fatty acids total n 3 poly unsaturated	2024	PUFA 22:5 c	pufa 22 5 c	existing	fatty_acids_total_to_individual_existing
250034	Fatty acids, total n-3 poly-unsaturated	fatty acids total n 3 poly unsaturated	2025	PUFA 22:6 c	pufa 22 6 c	existing	fatty_acids_total_to_individual_existing
250034	Fatty acids, total n-3 poly-unsaturated	fatty acids total n 3 poly unsaturated	2026	PUFA 20:2 c	pufa 20 2 c	existing	fatty_acids_total_to_individual_existing
250034	Fatty acids, total n-3 poly-unsaturated	fatty acids total n 3 poly unsaturated	96718	FA 10:0	fa 10 0	existing	fatty_acids_total_to_individual_existing
250034	Fatty acids, total n-3 poly-unsaturated	fatty acids total n 3 poly unsaturated	96719	FA 12:0	fa 12 0	existing	fatty_acids_total_to_individual_existing
250034	Fatty acids, total n-3 poly-unsaturated	fatty acids total n 3 poly unsaturated	96720	FA 14:0	fa 14 0	existing	fatty_acids_total_to_individual_existing
250034	Fatty acids, total n-3 poly-unsaturated	fatty acids total n 3 poly unsaturated	96721	FA 16:0	fa 16 0	existing	fatty_acids_total_to_individual_existing
250034	Fatty acids, total n-3 poly-unsaturated	fatty acids total n 3 poly unsaturated	96722	FA 18:0	fa 18 0	existing	fatty_acids_total_to_individual_existing
250034	Fatty acids, total n-3 poly-unsaturated	fatty acids total n 3 poly unsaturated	96723	FA 18:1 n-9 cis	fa 18 1 n 9 cis	existing	fatty_acids_total_to_individual_existing
250034	Fatty acids, total n-3 poly-unsaturated	fatty acids total n 3 poly unsaturated	96724	FA 18:2 9c,12c (n-6)	fa 18 2 9c 12c n 6	existing	fatty_acids_total_to_individual_existing
250034	Fatty acids, total n-3 poly-unsaturated	fatty acids total n 3 poly unsaturated	96725	FA 18:3 c9,c12,c15 (n-3)	fa 18 3 c9 c12 c15 n 3	existing	fatty_acids_total_to_individual_existing
250034	Fatty acids, total n-3 poly-unsaturated	fatty acids total n 3 poly unsaturated	96726	FA 20:4 5c,8c,11c,14c (n-6)	fa 20 4 5c 8c 11c 14c n 6	existing	fatty_acids_total_to_individual_existing
250034	Fatty acids, total n-3 poly-unsaturated	fatty acids total n 3 poly unsaturated	96727	FA 4:0	fa 4 0	existing	fatty_acids_total_to_individual_existing
250034	Fatty acids, total n-3 poly-unsaturated	fatty acids total n 3 poly unsaturated	96728	FA 6:0	fa 6 0	existing	fatty_acids_total_to_individual_existing
250034	Fatty acids, total n-3 poly-unsaturated	fatty acids total n 3 poly unsaturated	96729	FA 8:0	fa 8 0	existing	fatty_acids_total_to_individual_existing
250034	Fatty acids, total n-3 poly-unsaturated	fatty acids total n 3 poly unsaturated	240075	5,3',4'-Trihydroxy-3-methoxy-6:7-methylenedioxyflavone 4'-O-glucuronide	5 3 4 trihydroxy 3 methoxy 6 7 methylenedioxyflavone 4 o glucuronide	existing	fatty_acids_total_to_individual_existing
250034	Fatty acids, total n-3 poly-unsaturated	fatty acids total n 3 poly unsaturated	240076	5,4'-Dihydroxy-3,3'-dimethoxy-6:7-methylenedioxyflavone 4'-O-glucuronide	5 4 dihydroxy 3 3 dimethoxy 6 7 methylenedioxyflavone 4 o glucuronide	existing	fatty_acids_total_to_individual_existing
250034	Fatty acids, total n-3 poly-unsaturated	fatty acids total n 3 poly unsaturated	250036	Fatty acid 10:0	fatty acid 10 0	existing	fatty_acids_total_to_individual_existing
250034	Fatty acids, total n-3 poly-unsaturated	fatty acids total n 3 poly unsaturated	250037	Fatty acid 12:0	fatty acid 12 0	existing	fatty_acids_total_to_individual_existing
250034	Fatty acids, total n-3 poly-unsaturated	fatty acids total n 3 poly unsaturated	250038	Fatty acid 14:0	fatty acid 14 0	existing	fatty_acids_total_to_individual_existing
250034	Fatty acids, total n-3 poly-unsaturated	fatty acids total n 3 poly unsaturated	250039	Fatty acid 15:0	fatty acid 15 0	existing	fatty_acids_total_to_individual_existing
250034	Fatty acids, total n-3 poly-unsaturated	fatty acids total n 3 poly unsaturated	250040	Fatty acid 16:0	fatty acid 16 0	existing	fatty_acids_total_to_individual_existing
250034	Fatty acids, total n-3 poly-unsaturated	fatty acids total n 3 poly unsaturated	250041	Fatty acid 17:0	fatty acid 17 0	existing	fatty_acids_total_to_individual_existing
250034	Fatty acids, total n-3 poly-unsaturated	fatty acids total n 3 poly unsaturated	250042	Fatty acid 18:0	fatty acid 18 0	existing	fatty_acids_total_to_individual_existing
250034	Fatty acids, total n-3 poly-unsaturated	fatty acids total n 3 poly unsaturated	250043	Fatty acid 20:0	fatty acid 20 0	existing	fatty_acids_total_to_individual_existing
250034	Fatty acids, total n-3 poly-unsaturated	fatty acids total n 3 poly unsaturated	250044	Fatty acid 22:0	fatty acid 22 0	existing	fatty_acids_total_to_individual_existing
250034	Fatty acids, total n-3 poly-unsaturated	fatty acids total n 3 poly unsaturated	250045	Fatty acid 24:0	fatty acid 24 0	existing	fatty_acids_total_to_individual_existing
250034	Fatty acids, total n-3 poly-unsaturated	fatty acids total n 3 poly unsaturated	250046	Fatty acid 10:1	fatty acid 10 1	existing	fatty_acids_total_to_individual_existing
250034	Fatty acids, total n-3 poly-unsaturated	fatty acids total n 3 poly unsaturated	250047	Fatty acid 14:1	fatty acid 14 1	existing	fatty_acids_total_to_individual_existing
250034	Fatty acids, total n-3 poly-unsaturated	fatty acids total n 3 poly unsaturated	250048	Fatty acid 15:1	fatty acid 15 1	existing	fatty_acids_total_to_individual_existing
250034	Fatty acids, total n-3 poly-unsaturated	fatty acids total n 3 poly unsaturated	250049	Fatty acid 16:1	fatty acid 16 1	existing	fatty_acids_total_to_individual_existing
250034	Fatty acids, total n-3 poly-unsaturated	fatty acids total n 3 poly unsaturated	250050	Fatty acid 17:1	fatty acid 17 1	existing	fatty_acids_total_to_individual_existing
250034	Fatty acids, total n-3 poly-unsaturated	fatty acids total n 3 poly unsaturated	250051	Fatty acid 18:1 undifferentiated	fatty acid 18 1 undifferentiated	existing	fatty_acids_total_to_individual_existing
250034	Fatty acids, total n-3 poly-unsaturated	fatty acids total n 3 poly unsaturated	250052	Fatty acid 20:1	fatty acid 20 1	existing	fatty_acids_total_to_individual_existing
250034	Fatty acids, total n-3 poly-unsaturated	fatty acids total n 3 poly unsaturated	250053	Fatty acid 22:1	fatty acid 22 1	existing	fatty_acids_total_to_individual_existing
250034	Fatty acids, total n-3 poly-unsaturated	fatty acids total n 3 poly unsaturated	250054	Fatty acid 24:1	fatty acid 24 1	existing	fatty_acids_total_to_individual_existing
250034	Fatty acids, total n-3 poly-unsaturated	fatty acids total n 3 poly unsaturated	250055	Fatty acid 16:2	fatty acid 16 2	existing	fatty_acids_total_to_individual_existing
250034	Fatty acids, total n-3 poly-unsaturated	fatty acids total n 3 poly unsaturated	250056	Fatty acid 16:3	fatty acid 16 3	existing	fatty_acids_total_to_individual_existing
250034	Fatty acids, total n-3 poly-unsaturated	fatty acids total n 3 poly unsaturated	250057	Fatty acid 16:4	fatty acid 16 4	existing	fatty_acids_total_to_individual_existing
250034	Fatty acids, total n-3 poly-unsaturated	fatty acids total n 3 poly unsaturated	250058	Fatty acid 18:2 n-6	fatty acid 18 2 n 6	existing	fatty_acids_total_to_individual_existing
250034	Fatty acids, total n-3 poly-unsaturated	fatty acids total n 3 poly unsaturated	250059	Fatty acid 18:3 n-3	fatty acid 18 3 n 3	existing	fatty_acids_total_to_individual_existing
250034	Fatty acids, total n-3 poly-unsaturated	fatty acids total n 3 poly unsaturated	250060	Fatty acid 18:3 n-6	fatty acid 18 3 n 6	existing	fatty_acids_total_to_individual_existing
250034	Fatty acids, total n-3 poly-unsaturated	fatty acids total n 3 poly unsaturated	250061	Fatty acid 18:4 n-3	fatty acid 18 4 n 3	existing	fatty_acids_total_to_individual_existing
250034	Fatty acids, total n-3 poly-unsaturated	fatty acids total n 3 poly unsaturated	250062	Fatty acid 20:2 n-6	fatty acid 20 2 n 6	existing	fatty_acids_total_to_individual_existing
250034	Fatty acids, total n-3 poly-unsaturated	fatty acids total n 3 poly unsaturated	250063	Fatty acid 20:3 n-6	fatty acid 20 3 n 6	existing	fatty_acids_total_to_individual_existing
250034	Fatty acids, total n-3 poly-unsaturated	fatty acids total n 3 poly unsaturated	250064	Fatty acid 20:4 n-3	fatty acid 20 4 n 3	existing	fatty_acids_total_to_individual_existing
250034	Fatty acids, total n-3 poly-unsaturated	fatty acids total n 3 poly unsaturated	250065	Fatty acid 20:4 n-6	fatty acid 20 4 n 6	existing	fatty_acids_total_to_individual_existing
250034	Fatty acids, total n-3 poly-unsaturated	fatty acids total n 3 poly unsaturated	250066	Fatty acid 20:5 n-3	fatty acid 20 5 n 3	existing	fatty_acids_total_to_individual_existing
250034	Fatty acids, total n-3 poly-unsaturated	fatty acids total n 3 poly unsaturated	250067	Fatty acid 21:5 n-3	fatty acid 21 5 n 3	existing	fatty_acids_total_to_individual_existing
250034	Fatty acids, total n-3 poly-unsaturated	fatty acids total n 3 poly unsaturated	250068	Fatty acid 22:2	fatty acid 22 2	existing	fatty_acids_total_to_individual_existing
250034	Fatty acids, total n-3 poly-unsaturated	fatty acids total n 3 poly unsaturated	250069	Fatty acid 22:4 n-6	fatty acid 22 4 n 6	existing	fatty_acids_total_to_individual_existing
250034	Fatty acids, total n-3 poly-unsaturated	fatty acids total n 3 poly unsaturated	250070	Fatty acid 22:5 n-3	fatty acid 22 5 n 3	existing	fatty_acids_total_to_individual_existing
250034	Fatty acids, total n-3 poly-unsaturated	fatty acids total n 3 poly unsaturated	250071	Fatty acid 22:5 n-6	fatty acid 22 5 n 6	existing	fatty_acids_total_to_individual_existing
250034	Fatty acids, total n-3 poly-unsaturated	fatty acids total n 3 poly unsaturated	250072	Fatty acid 22:6 n-3	fatty acid 22 6 n 3	existing	fatty_acids_total_to_individual_existing
250035	Fatty acids, total n-6 poly- unsaturated	fatty acids total n 6 poly unsaturated	1259	SFA 4:0	sfa 4 0	existing	fatty_acids_total_to_individual_existing
250035	Fatty acids, total n-6 poly- unsaturated	fatty acids total n 6 poly unsaturated	1260	SFA 6:0	sfa 6 0	existing	fatty_acids_total_to_individual_existing
250035	Fatty acids, total n-6 poly- unsaturated	fatty acids total n 6 poly unsaturated	1261	SFA 8:0	sfa 8 0	existing	fatty_acids_total_to_individual_existing
250035	Fatty acids, total n-6 poly- unsaturated	fatty acids total n 6 poly unsaturated	1262	SFA 10:0	sfa 10 0	existing	fatty_acids_total_to_individual_existing
250035	Fatty acids, total n-6 poly- unsaturated	fatty acids total n 6 poly unsaturated	1263	SFA 12:0	sfa 12 0	existing	fatty_acids_total_to_individual_existing
250035	Fatty acids, total n-6 poly- unsaturated	fatty acids total n 6 poly unsaturated	1264	SFA 14:0	sfa 14 0	existing	fatty_acids_total_to_individual_existing
250035	Fatty acids, total n-6 poly- unsaturated	fatty acids total n 6 poly unsaturated	1265	SFA 16:0	sfa 16 0	existing	fatty_acids_total_to_individual_existing
250035	Fatty acids, total n-6 poly- unsaturated	fatty acids total n 6 poly unsaturated	1266	SFA 18:0	sfa 18 0	existing	fatty_acids_total_to_individual_existing
250035	Fatty acids, total n-6 poly- unsaturated	fatty acids total n 6 poly unsaturated	1267	SFA 20:0	sfa 20 0	existing	fatty_acids_total_to_individual_existing
250035	Fatty acids, total n-6 poly- unsaturated	fatty acids total n 6 poly unsaturated	1268	MUFA 18:1	mufa 18 1	existing	fatty_acids_total_to_individual_existing
250035	Fatty acids, total n-6 poly- unsaturated	fatty acids total n 6 poly unsaturated	1269	PUFA 18:2	pufa 18 2	existing	fatty_acids_total_to_individual_existing
250035	Fatty acids, total n-6 poly- unsaturated	fatty acids total n 6 poly unsaturated	1270	PUFA 18:3	pufa 18 3	existing	fatty_acids_total_to_individual_existing
250035	Fatty acids, total n-6 poly- unsaturated	fatty acids total n 6 poly unsaturated	1271	PUFA 20:4	pufa 20 4	existing	fatty_acids_total_to_individual_existing
250035	Fatty acids, total n-6 poly- unsaturated	fatty acids total n 6 poly unsaturated	1272	PUFA 22:6 n-3 (DHA)	pufa 22 6 n 3	existing	fatty_acids_total_to_individual_existing
250035	Fatty acids, total n-6 poly- unsaturated	fatty acids total n 6 poly unsaturated	1273	SFA 22:0	sfa 22 0	existing	fatty_acids_total_to_individual_existing
250035	Fatty acids, total n-6 poly- unsaturated	fatty acids total n 6 poly unsaturated	1274	MUFA 14:1	mufa 14 1	existing	fatty_acids_total_to_individual_existing
250035	Fatty acids, total n-6 poly- unsaturated	fatty acids total n 6 poly unsaturated	1275	MUFA 16:1	mufa 16 1	existing	fatty_acids_total_to_individual_existing
250035	Fatty acids, total n-6 poly- unsaturated	fatty acids total n 6 poly unsaturated	1276	PUFA 18:4	pufa 18 4	existing	fatty_acids_total_to_individual_existing
250035	Fatty acids, total n-6 poly- unsaturated	fatty acids total n 6 poly unsaturated	1277	MUFA 20:1	mufa 20 1	existing	fatty_acids_total_to_individual_existing
250035	Fatty acids, total n-6 poly- unsaturated	fatty acids total n 6 poly unsaturated	1278	PUFA 20:5 n-3 (EPA)	pufa 20 5 n 3	existing	fatty_acids_total_to_individual_existing
250035	Fatty acids, total n-6 poly- unsaturated	fatty acids total n 6 poly unsaturated	1279	MUFA 22:1	mufa 22 1	existing	fatty_acids_total_to_individual_existing
250035	Fatty acids, total n-6 poly- unsaturated	fatty acids total n 6 poly unsaturated	1280	PUFA 22:5 n-3 (DPA)	pufa 22 5 n 3	existing	fatty_acids_total_to_individual_existing
250035	Fatty acids, total n-6 poly- unsaturated	fatty acids total n 6 poly unsaturated	1281	TFA 14:1 t	tfa 14 1 t	existing	fatty_acids_total_to_individual_existing
250035	Fatty acids, total n-6 poly- unsaturated	fatty acids total n 6 poly unsaturated	1299	SFA 15:0	sfa 15 0	existing	fatty_acids_total_to_individual_existing
250035	Fatty acids, total n-6 poly- unsaturated	fatty acids total n 6 poly unsaturated	1300	SFA 17:0	sfa 17 0	existing	fatty_acids_total_to_individual_existing
250035	Fatty acids, total n-6 poly- unsaturated	fatty acids total n 6 poly unsaturated	1301	SFA 24:0	sfa 24 0	existing	fatty_acids_total_to_individual_existing
250035	Fatty acids, total n-6 poly- unsaturated	fatty acids total n 6 poly unsaturated	1303	TFA 16:1 t	tfa 16 1 t	existing	fatty_acids_total_to_individual_existing
250035	Fatty acids, total n-6 poly- unsaturated	fatty acids total n 6 poly unsaturated	1304	TFA 18:1 t	tfa 18 1 t	existing	fatty_acids_total_to_individual_existing
250035	Fatty acids, total n-6 poly- unsaturated	fatty acids total n 6 poly unsaturated	1305	TFA 22:1 t	tfa 22 1 t	existing	fatty_acids_total_to_individual_existing
250035	Fatty acids, total n-6 poly- unsaturated	fatty acids total n 6 poly unsaturated	1306	TFA 18:2 t not further defined	tfa 18 2 t not further defined	existing	fatty_acids_total_to_individual_existing
250035	Fatty acids, total n-6 poly- unsaturated	fatty acids total n 6 poly unsaturated	1307	PUFA 18:2 i	pufa 18 2 i	existing	fatty_acids_total_to_individual_existing
250035	Fatty acids, total n-6 poly- unsaturated	fatty acids total n 6 poly unsaturated	1308	PUFA 18:2 t,c	pufa 18 2 t c	existing	fatty_acids_total_to_individual_existing
250035	Fatty acids, total n-6 poly- unsaturated	fatty acids total n 6 poly unsaturated	1309	PUFA 18:2 c,t	pufa 18 2 c t	existing	fatty_acids_total_to_individual_existing
250035	Fatty acids, total n-6 poly- unsaturated	fatty acids total n 6 poly unsaturated	1310	TFA 18:2 t,t	tfa 18 2 t t	existing	fatty_acids_total_to_individual_existing
250035	Fatty acids, total n-6 poly- unsaturated	fatty acids total n 6 poly unsaturated	1311	PUFA 18:2 CLAs	pufa 18 2 clas	existing	fatty_acids_total_to_individual_existing
250035	Fatty acids, total n-6 poly- unsaturated	fatty acids total n 6 poly unsaturated	1312	MUFA 24:1 c	mufa 24 1 c	existing	fatty_acids_total_to_individual_existing
250035	Fatty acids, total n-6 poly- unsaturated	fatty acids total n 6 poly unsaturated	1313	PUFA 20:2 n-6 c,c	pufa 20 2 n 6 c c	existing	fatty_acids_total_to_individual_existing
250035	Fatty acids, total n-6 poly- unsaturated	fatty acids total n 6 poly unsaturated	1314	MUFA 16:1 c	mufa 16 1 c	existing	fatty_acids_total_to_individual_existing
250035	Fatty acids, total n-6 poly- unsaturated	fatty acids total n 6 poly unsaturated	1315	MUFA 18:1 c	mufa 18 1 c	existing	fatty_acids_total_to_individual_existing
250035	Fatty acids, total n-6 poly- unsaturated	fatty acids total n 6 poly unsaturated	1316	PUFA 18:2 n-6 c,c	pufa 18 2 n 6 c c	existing	fatty_acids_total_to_individual_existing
250035	Fatty acids, total n-6 poly- unsaturated	fatty acids total n 6 poly unsaturated	1317	MUFA 22:1 c	mufa 22 1 c	existing	fatty_acids_total_to_individual_existing
250035	Fatty acids, total n-6 poly- unsaturated	fatty acids total n 6 poly unsaturated	1321	PUFA 18:3 n-6 c,c,c	pufa 18 3 n 6 c c c	existing	fatty_acids_total_to_individual_existing
250035	Fatty acids, total n-6 poly- unsaturated	fatty acids total n 6 poly unsaturated	1322	SFA 19:0	sfa 19 0	existing	fatty_acids_total_to_individual_existing
250035	Fatty acids, total n-6 poly- unsaturated	fatty acids total n 6 poly unsaturated	1323	MUFA 17:1	mufa 17 1	existing	fatty_acids_total_to_individual_existing
250035	Fatty acids, total n-6 poly- unsaturated	fatty acids total n 6 poly unsaturated	1324	PUFA 16:2	pufa 16 2	existing	fatty_acids_total_to_individual_existing
250035	Fatty acids, total n-6 poly- unsaturated	fatty acids total n 6 poly unsaturated	1325	PUFA 20:3	pufa 20 3	existing	fatty_acids_total_to_individual_existing
250035	Fatty acids, total n-6 poly- unsaturated	fatty acids total n 6 poly unsaturated	1332	SFA 13:0	sfa 13 0	existing	fatty_acids_total_to_individual_existing
250035	Fatty acids, total n-6 poly- unsaturated	fatty acids total n 6 poly unsaturated	1333	MUFA 15:1	mufa 15 1	existing	fatty_acids_total_to_individual_existing
250035	Fatty acids, total n-6 poly- unsaturated	fatty acids total n 6 poly unsaturated	1334	PUFA 22:2	pufa 22 2	existing	fatty_acids_total_to_individual_existing
250035	Fatty acids, total n-6 poly- unsaturated	fatty acids total n 6 poly unsaturated	1335	SFA 11:0	sfa 11 0	existing	fatty_acids_total_to_individual_existing
250035	Fatty acids, total n-6 poly- unsaturated	fatty acids total n 6 poly unsaturated	1404	PUFA 18:3 n-3 c,c,c (ALA)	pufa 18 3 n 3 c c c	existing	fatty_acids_total_to_individual_existing
250035	Fatty acids, total n-6 poly- unsaturated	fatty acids total n 6 poly unsaturated	1405	PUFA 20:3 n-3	pufa 20 3 n 3	existing	fatty_acids_total_to_individual_existing
250035	Fatty acids, total n-6 poly- unsaturated	fatty acids total n 6 poly unsaturated	1406	PUFA 20:3 n-6	pufa 20 3 n 6	existing	fatty_acids_total_to_individual_existing
250035	Fatty acids, total n-6 poly- unsaturated	fatty acids total n 6 poly unsaturated	1407	PUFA 20:4 n-3	pufa 20 4 n 3	existing	fatty_acids_total_to_individual_existing
250035	Fatty acids, total n-6 poly- unsaturated	fatty acids total n 6 poly unsaturated	1408	PUFA 20:4 n-6	pufa 20 4 n 6	existing	fatty_acids_total_to_individual_existing
250035	Fatty acids, total n-6 poly- unsaturated	fatty acids total n 6 poly unsaturated	1409	PUFA 18:3i	pufa 18 3i	existing	fatty_acids_total_to_individual_existing
250035	Fatty acids, total n-6 poly- unsaturated	fatty acids total n 6 poly unsaturated	1410	PUFA 21:5	pufa 21 5	existing	fatty_acids_total_to_individual_existing
250035	Fatty acids, total n-6 poly- unsaturated	fatty acids total n 6 poly unsaturated	1411	PUFA 22:4	pufa 22 4	existing	fatty_acids_total_to_individual_existing
250035	Fatty acids, total n-6 poly- unsaturated	fatty acids total n 6 poly unsaturated	1412	MUFA 18:1-11 t (18:1t n-7)	mufa 18 1 11 t 18 1t n 7	existing	fatty_acids_total_to_individual_existing
250035	Fatty acids, total n-6 poly- unsaturated	fatty acids total n 6 poly unsaturated	1413	MUFA 18:1-11 c (18:1c n-7)	mufa 18 1 11 c 18 1c n 7	existing	fatty_acids_total_to_individual_existing
250035	Fatty acids, total n-6 poly- unsaturated	fatty acids total n 6 poly unsaturated	1414	PUFA 20:3 n-9	pufa 20 3 n 9	existing	fatty_acids_total_to_individual_existing
250035	Fatty acids, total n-6 poly- unsaturated	fatty acids total n 6 poly unsaturated	2003	SFA 5:0	sfa 5 0	existing	fatty_acids_total_to_individual_existing
250035	Fatty acids, total n-6 poly- unsaturated	fatty acids total n 6 poly unsaturated	2004	SFA 7:0	sfa 7 0	existing	fatty_acids_total_to_individual_existing
250035	Fatty acids, total n-6 poly- unsaturated	fatty acids total n 6 poly unsaturated	2005	SFA 9:0	sfa 9 0	existing	fatty_acids_total_to_individual_existing
250035	Fatty acids, total n-6 poly- unsaturated	fatty acids total n 6 poly unsaturated	2006	SFA 21:0	sfa 21 0	existing	fatty_acids_total_to_individual_existing
250035	Fatty acids, total n-6 poly- unsaturated	fatty acids total n 6 poly unsaturated	2007	SFA 23:0	sfa 23 0	existing	fatty_acids_total_to_individual_existing
250035	Fatty acids, total n-6 poly- unsaturated	fatty acids total n 6 poly unsaturated	2008	MUFA 12:1	mufa 12 1	existing	fatty_acids_total_to_individual_existing
250035	Fatty acids, total n-6 poly- unsaturated	fatty acids total n 6 poly unsaturated	2009	MUFA 14:1 c	mufa 14 1 c	existing	fatty_acids_total_to_individual_existing
250035	Fatty acids, total n-6 poly- unsaturated	fatty acids total n 6 poly unsaturated	2010	MUFA 17:1 c	mufa 17 1 c	existing	fatty_acids_total_to_individual_existing
250035	Fatty acids, total n-6 poly- unsaturated	fatty acids total n 6 poly unsaturated	2011	TFA 17:1 t	tfa 17 1 t	existing	fatty_acids_total_to_individual_existing
250035	Fatty acids, total n-6 poly- unsaturated	fatty acids total n 6 poly unsaturated	2012	MUFA 20:1 c	mufa 20 1 c	existing	fatty_acids_total_to_individual_existing
250035	Fatty acids, total n-6 poly- unsaturated	fatty acids total n 6 poly unsaturated	2013	TFA 20:1 t	tfa 20 1 t	existing	fatty_acids_total_to_individual_existing
250035	Fatty acids, total n-6 poly- unsaturated	fatty acids total n 6 poly unsaturated	2014	MUFA 22:1 n-9	mufa 22 1 n 9	existing	fatty_acids_total_to_individual_existing
250035	Fatty acids, total n-6 poly- unsaturated	fatty acids total n 6 poly unsaturated	2015	MUFA 22:1 n-11	mufa 22 1 n 11	existing	fatty_acids_total_to_individual_existing
250035	Fatty acids, total n-6 poly- unsaturated	fatty acids total n 6 poly unsaturated	2016	PUFA 18:2 c	pufa 18 2 c	existing	fatty_acids_total_to_individual_existing
250035	Fatty acids, total n-6 poly- unsaturated	fatty acids total n 6 poly unsaturated	2017	TFA 18:2 t	tfa 18 2 t	existing	fatty_acids_total_to_individual_existing
250035	Fatty acids, total n-6 poly- unsaturated	fatty acids total n 6 poly unsaturated	2018	PUFA 18:3 c	pufa 18 3 c	existing	fatty_acids_total_to_individual_existing
250035	Fatty acids, total n-6 poly- unsaturated	fatty acids total n 6 poly unsaturated	2019	TFA 18:3 t	tfa 18 3 t	existing	fatty_acids_total_to_individual_existing
250035	Fatty acids, total n-6 poly- unsaturated	fatty acids total n 6 poly unsaturated	2020	PUFA 20:3 c	pufa 20 3 c	existing	fatty_acids_total_to_individual_existing
250035	Fatty acids, total n-6 poly- unsaturated	fatty acids total n 6 poly unsaturated	2021	PUFA 22:3	pufa 22 3	existing	fatty_acids_total_to_individual_existing
250035	Fatty acids, total n-6 poly- unsaturated	fatty acids total n 6 poly unsaturated	2022	PUFA 20:4c	pufa 20 4c	existing	fatty_acids_total_to_individual_existing
250035	Fatty acids, total n-6 poly- unsaturated	fatty acids total n 6 poly unsaturated	2023	PUFA 20:5c	pufa 20 5c	existing	fatty_acids_total_to_individual_existing
250035	Fatty acids, total n-6 poly- unsaturated	fatty acids total n 6 poly unsaturated	2024	PUFA 22:5 c	pufa 22 5 c	existing	fatty_acids_total_to_individual_existing
250035	Fatty acids, total n-6 poly- unsaturated	fatty acids total n 6 poly unsaturated	2025	PUFA 22:6 c	pufa 22 6 c	existing	fatty_acids_total_to_individual_existing
250035	Fatty acids, total n-6 poly- unsaturated	fatty acids total n 6 poly unsaturated	2026	PUFA 20:2 c	pufa 20 2 c	existing	fatty_acids_total_to_individual_existing
250035	Fatty acids, total n-6 poly- unsaturated	fatty acids total n 6 poly unsaturated	96718	FA 10:0	fa 10 0	existing	fatty_acids_total_to_individual_existing
250035	Fatty acids, total n-6 poly- unsaturated	fatty acids total n 6 poly unsaturated	96719	FA 12:0	fa 12 0	existing	fatty_acids_total_to_individual_existing
250035	Fatty acids, total n-6 poly- unsaturated	fatty acids total n 6 poly unsaturated	96720	FA 14:0	fa 14 0	existing	fatty_acids_total_to_individual_existing
250035	Fatty acids, total n-6 poly- unsaturated	fatty acids total n 6 poly unsaturated	96721	FA 16:0	fa 16 0	existing	fatty_acids_total_to_individual_existing
250035	Fatty acids, total n-6 poly- unsaturated	fatty acids total n 6 poly unsaturated	96722	FA 18:0	fa 18 0	existing	fatty_acids_total_to_individual_existing
250035	Fatty acids, total n-6 poly- unsaturated	fatty acids total n 6 poly unsaturated	96723	FA 18:1 n-9 cis	fa 18 1 n 9 cis	existing	fatty_acids_total_to_individual_existing
250035	Fatty acids, total n-6 poly- unsaturated	fatty acids total n 6 poly unsaturated	96724	FA 18:2 9c,12c (n-6)	fa 18 2 9c 12c n 6	existing	fatty_acids_total_to_individual_existing
250035	Fatty acids, total n-6 poly- unsaturated	fatty acids total n 6 poly unsaturated	96725	FA 18:3 c9,c12,c15 (n-3)	fa 18 3 c9 c12 c15 n 3	existing	fatty_acids_total_to_individual_existing
250035	Fatty acids, total n-6 poly- unsaturated	fatty acids total n 6 poly unsaturated	96726	FA 20:4 5c,8c,11c,14c (n-6)	fa 20 4 5c 8c 11c 14c n 6	existing	fatty_acids_total_to_individual_existing
250035	Fatty acids, total n-6 poly- unsaturated	fatty acids total n 6 poly unsaturated	96727	FA 4:0	fa 4 0	existing	fatty_acids_total_to_individual_existing
250035	Fatty acids, total n-6 poly- unsaturated	fatty acids total n 6 poly unsaturated	96728	FA 6:0	fa 6 0	existing	fatty_acids_total_to_individual_existing
250035	Fatty acids, total n-6 poly- unsaturated	fatty acids total n 6 poly unsaturated	96729	FA 8:0	fa 8 0	existing	fatty_acids_total_to_individual_existing
250035	Fatty acids, total n-6 poly- unsaturated	fatty acids total n 6 poly unsaturated	240075	5,3',4'-Trihydroxy-3-methoxy-6:7-methylenedioxyflavone 4'-O-glucuronide	5 3 4 trihydroxy 3 methoxy 6 7 methylenedioxyflavone 4 o glucuronide	existing	fatty_acids_total_to_individual_existing
250035	Fatty acids, total n-6 poly- unsaturated	fatty acids total n 6 poly unsaturated	240076	5,4'-Dihydroxy-3,3'-dimethoxy-6:7-methylenedioxyflavone 4'-O-glucuronide	5 4 dihydroxy 3 3 dimethoxy 6 7 methylenedioxyflavone 4 o glucuronide	existing	fatty_acids_total_to_individual_existing
250035	Fatty acids, total n-6 poly- unsaturated	fatty acids total n 6 poly unsaturated	250036	Fatty acid 10:0	fatty acid 10 0	existing	fatty_acids_total_to_individual_existing
250035	Fatty acids, total n-6 poly- unsaturated	fatty acids total n 6 poly unsaturated	250037	Fatty acid 12:0	fatty acid 12 0	existing	fatty_acids_total_to_individual_existing
250035	Fatty acids, total n-6 poly- unsaturated	fatty acids total n 6 poly unsaturated	250038	Fatty acid 14:0	fatty acid 14 0	existing	fatty_acids_total_to_individual_existing
250035	Fatty acids, total n-6 poly- unsaturated	fatty acids total n 6 poly unsaturated	250039	Fatty acid 15:0	fatty acid 15 0	existing	fatty_acids_total_to_individual_existing
250035	Fatty acids, total n-6 poly- unsaturated	fatty acids total n 6 poly unsaturated	250040	Fatty acid 16:0	fatty acid 16 0	existing	fatty_acids_total_to_individual_existing
250035	Fatty acids, total n-6 poly- unsaturated	fatty acids total n 6 poly unsaturated	250041	Fatty acid 17:0	fatty acid 17 0	existing	fatty_acids_total_to_individual_existing
250035	Fatty acids, total n-6 poly- unsaturated	fatty acids total n 6 poly unsaturated	250042	Fatty acid 18:0	fatty acid 18 0	existing	fatty_acids_total_to_individual_existing
250035	Fatty acids, total n-6 poly- unsaturated	fatty acids total n 6 poly unsaturated	250043	Fatty acid 20:0	fatty acid 20 0	existing	fatty_acids_total_to_individual_existing
250035	Fatty acids, total n-6 poly- unsaturated	fatty acids total n 6 poly unsaturated	250044	Fatty acid 22:0	fatty acid 22 0	existing	fatty_acids_total_to_individual_existing
250035	Fatty acids, total n-6 poly- unsaturated	fatty acids total n 6 poly unsaturated	250045	Fatty acid 24:0	fatty acid 24 0	existing	fatty_acids_total_to_individual_existing
250035	Fatty acids, total n-6 poly- unsaturated	fatty acids total n 6 poly unsaturated	250046	Fatty acid 10:1	fatty acid 10 1	existing	fatty_acids_total_to_individual_existing
250035	Fatty acids, total n-6 poly- unsaturated	fatty acids total n 6 poly unsaturated	250047	Fatty acid 14:1	fatty acid 14 1	existing	fatty_acids_total_to_individual_existing
250035	Fatty acids, total n-6 poly- unsaturated	fatty acids total n 6 poly unsaturated	250048	Fatty acid 15:1	fatty acid 15 1	existing	fatty_acids_total_to_individual_existing
250035	Fatty acids, total n-6 poly- unsaturated	fatty acids total n 6 poly unsaturated	250049	Fatty acid 16:1	fatty acid 16 1	existing	fatty_acids_total_to_individual_existing
250035	Fatty acids, total n-6 poly- unsaturated	fatty acids total n 6 poly unsaturated	250050	Fatty acid 17:1	fatty acid 17 1	existing	fatty_acids_total_to_individual_existing
250035	Fatty acids, total n-6 poly- unsaturated	fatty acids total n 6 poly unsaturated	250051	Fatty acid 18:1 undifferentiated	fatty acid 18 1 undifferentiated	existing	fatty_acids_total_to_individual_existing
250035	Fatty acids, total n-6 poly- unsaturated	fatty acids total n 6 poly unsaturated	250052	Fatty acid 20:1	fatty acid 20 1	existing	fatty_acids_total_to_individual_existing
250035	Fatty acids, total n-6 poly- unsaturated	fatty acids total n 6 poly unsaturated	250053	Fatty acid 22:1	fatty acid 22 1	existing	fatty_acids_total_to_individual_existing
250035	Fatty acids, total n-6 poly- unsaturated	fatty acids total n 6 poly unsaturated	250054	Fatty acid 24:1	fatty acid 24 1	existing	fatty_acids_total_to_individual_existing
250035	Fatty acids, total n-6 poly- unsaturated	fatty acids total n 6 poly unsaturated	250055	Fatty acid 16:2	fatty acid 16 2	existing	fatty_acids_total_to_individual_existing
250035	Fatty acids, total n-6 poly- unsaturated	fatty acids total n 6 poly unsaturated	250056	Fatty acid 16:3	fatty acid 16 3	existing	fatty_acids_total_to_individual_existing
250035	Fatty acids, total n-6 poly- unsaturated	fatty acids total n 6 poly unsaturated	250057	Fatty acid 16:4	fatty acid 16 4	existing	fatty_acids_total_to_individual_existing
250035	Fatty acids, total n-6 poly- unsaturated	fatty acids total n 6 poly unsaturated	250058	Fatty acid 18:2 n-6	fatty acid 18 2 n 6	existing	fatty_acids_total_to_individual_existing
250035	Fatty acids, total n-6 poly- unsaturated	fatty acids total n 6 poly unsaturated	250059	Fatty acid 18:3 n-3	fatty acid 18 3 n 3	existing	fatty_acids_total_to_individual_existing
250035	Fatty acids, total n-6 poly- unsaturated	fatty acids total n 6 poly unsaturated	250060	Fatty acid 18:3 n-6	fatty acid 18 3 n 6	existing	fatty_acids_total_to_individual_existing
250035	Fatty acids, total n-6 poly- unsaturated	fatty acids total n 6 poly unsaturated	250061	Fatty acid 18:4 n-3	fatty acid 18 4 n 3	existing	fatty_acids_total_to_individual_existing
250035	Fatty acids, total n-6 poly- unsaturated	fatty acids total n 6 poly unsaturated	250062	Fatty acid 20:2 n-6	fatty acid 20 2 n 6	existing	fatty_acids_total_to_individual_existing
250035	Fatty acids, total n-6 poly- unsaturated	fatty acids total n 6 poly unsaturated	250063	Fatty acid 20:3 n-6	fatty acid 20 3 n 6	existing	fatty_acids_total_to_individual_existing
250035	Fatty acids, total n-6 poly- unsaturated	fatty acids total n 6 poly unsaturated	250064	Fatty acid 20:4 n-3	fatty acid 20 4 n 3	existing	fatty_acids_total_to_individual_existing
250035	Fatty acids, total n-6 poly- unsaturated	fatty acids total n 6 poly unsaturated	250065	Fatty acid 20:4 n-6	fatty acid 20 4 n 6	existing	fatty_acids_total_to_individual_existing
250035	Fatty acids, total n-6 poly- unsaturated	fatty acids total n 6 poly unsaturated	250066	Fatty acid 20:5 n-3	fatty acid 20 5 n 3	existing	fatty_acids_total_to_individual_existing
250035	Fatty acids, total n-6 poly- unsaturated	fatty acids total n 6 poly unsaturated	250067	Fatty acid 21:5 n-3	fatty acid 21 5 n 3	existing	fatty_acids_total_to_individual_existing
250035	Fatty acids, total n-6 poly- unsaturated	fatty acids total n 6 poly unsaturated	250068	Fatty acid 22:2	fatty acid 22 2	existing	fatty_acids_total_to_individual_existing
250035	Fatty acids, total n-6 poly- unsaturated	fatty acids total n 6 poly unsaturated	250069	Fatty acid 22:4 n-6	fatty acid 22 4 n 6	existing	fatty_acids_total_to_individual_existing
250035	Fatty acids, total n-6 poly- unsaturated	fatty acids total n 6 poly unsaturated	250070	Fatty acid 22:5 n-3	fatty acid 22 5 n 3	existing	fatty_acids_total_to_individual_existing
250035	Fatty acids, total n-6 poly- unsaturated	fatty acids total n 6 poly unsaturated	250071	Fatty acid 22:5 n-6	fatty acid 22 5 n 6	existing	fatty_acids_total_to_individual_existing
250035	Fatty acids, total n-6 poly- unsaturated	fatty acids total n 6 poly unsaturated	250072	Fatty acid 22:6 n-3	fatty acid 22 6 n 3	existing	fatty_acids_total_to_individual_existing
250073	Carbohydrate,available	carbohydrate available	260230	Carbohydrate, by difference	carbohydrate by difference	existing	carb_alias
260230	Carbohydrate, by difference	carbohydrate by difference	1009	Starch	starch	existing	carb_to_complex_carbs
260230	Carbohydrate, by difference	carbohydrate by difference	1010	Sucrose	sucrose	existing	carb_to_sugars
260230	Carbohydrate, by difference	carbohydrate by difference	1011	Glucose	glucose	existing	carb_to_sugars
260230	Carbohydrate, by difference	carbohydrate by difference	1012	Fructose	fructose	existing	carb_to_sugars
260230	Carbohydrate, by difference	carbohydrate by difference	1013	Lactose	lactose	existing	carb_to_sugars
260230	Carbohydrate, by difference	carbohydrate by difference	1014	Maltose	maltose	existing	carb_to_sugars
260230	Carbohydrate, by difference	carbohydrate by difference	1015	Amylose	amylose	existing	carb_to_complex_carbs
260230	Carbohydrate, by difference	carbohydrate by difference	1016	Amylopectin	amylopectin	existing	carb_to_complex_carbs
260230	Carbohydrate, by difference	carbohydrate by difference	1017	Pectin	pectin	existing	carb_to_complex_carbs
260230	Carbohydrate, by difference	carbohydrate by difference	1019	Pentosan	pentosan	existing	carb_to_complex_carbs
260230	Carbohydrate, by difference	carbohydrate by difference	1020	Pentoses	pentoses	existing	carb_to_complex_carbs
260230	Carbohydrate, by difference	carbohydrate by difference	1021	Hemicellulose	hemicellulose	existing	carb_to_complex_carbs
260230	Carbohydrate, by difference	carbohydrate by difference	1022	Cellulose	cellulose	existing	carb_to_complex_carbs
260230	Carbohydrate, by difference	carbohydrate by difference	1055	Mannitol	mannitol	existing	carb_to_sugars
260230	Carbohydrate, by difference	carbohydrate by difference	1056	Sorbitol	sorbitol	existing	carb_to_sugars
260230	Carbohydrate, by difference	carbohydrate by difference	1065	Glycogen	glycogen	existing	carb_to_complex_carbs
260230	Carbohydrate, by difference	carbohydrate by difference	1071	Resistant starch	resistant starch	existing	carb_to_complex_carbs
260230	Carbohydrate, by difference	carbohydrate by difference	1073	Arabinose	arabinose	existing	carb_to_complex_carbs
260230	Carbohydrate, by difference	carbohydrate by difference	1074	Xylose	xylose	existing	carb_to_complex_carbs
260230	Carbohydrate, by difference	carbohydrate by difference	1075	Galactose	galactose	existing	carb_to_sugars
260230	Carbohydrate, by difference	carbohydrate by difference	1076	Raffinose	raffinose	existing	carb_to_complex_carbs
260230	Carbohydrate, by difference	carbohydrate by difference	1077	Stachyose	stachyose	existing	carb_to_complex_carbs
260230	Carbohydrate, by difference	carbohydrate by difference	1078	Xylitol	xylitol	existing	carb_to_sugars
260230	Carbohydrate, by difference	carbohydrate by difference	1081	Ribose	ribose	existing	carb_to_complex_carbs
260230	Carbohydrate, by difference	carbohydrate by difference	1399	Mannose	mannose	existing	carb_to_complex_carbs
260230	Carbohydrate, by difference	carbohydrate by difference	1400	Triose	triose	existing	carb_to_complex_carbs
260230	Carbohydrate, by difference	carbohydrate by difference	1401	Tetrose	tetrose	existing	carb_to_complex_carbs
260230	Carbohydrate, by difference	carbohydrate by difference	1403	Inulin	inulin	existing	carb_to_complex_carbs
260230	Carbohydrate, by difference	carbohydrate by difference	2063	Verbascose	verbascose	existing	carb_to_complex_carbs
260230	Carbohydrate, by difference	carbohydrate by difference	96415	Dietary fibre and starch	dietary fibre and starch	existing	carb_to_complex_carbs
260230	Carbohydrate, by difference	carbohydrate by difference	97211	STARCH-	starch	existing	carb_to_complex_carbs
260230	Carbohydrate, by difference	carbohydrate by difference	97212	Starch/Glycogen	starch glycogen	existing	carb_to_complex_carbs
260230	Carbohydrate, by difference	carbohydrate by difference	220013	STARCH-(g)	starch	existing	carb_to_complex_carbs
260230	Carbohydrate, by difference	carbohydrate by difference	220107	STARCH-(g)	starch	existing	carb_to_complex_carbs
260230	Carbohydrate, by difference	carbohydrate by difference	240003	(+)-Catechin 3-O-glucose	catechin 3 o glucose	existing	carb_to_sugars
260230	Carbohydrate, by difference	carbohydrate by difference	240144	Caffeoyl glucose	caffeoyl glucose	existing	carb_to_sugars
260230	Carbohydrate, by difference	carbohydrate by difference	240157	Cinnamoyl glucose	cinnamoyl glucose	existing	carb_to_sugars
260230	Carbohydrate, by difference	carbohydrate by difference	240229	Feruloyl glucose	feruloyl glucose	existing	carb_to_sugars
260230	Carbohydrate, by difference	carbohydrate by difference	240238	Galloyl glucose	galloyl glucose	existing	carb_to_sugars
260230	Carbohydrate, by difference	carbohydrate by difference	240499	p-Coumaroyl glucose	p coumaroyl glucose	existing	carb_to_sugars
250074	Carbohydrate, available.1	carbohydrate available 1	260230	Carbohydrate, by difference	carbohydrate by difference	existing	carb_alias
260230	Carbohydrate, by difference	carbohydrate by difference	1009	Starch	starch	existing	carb_to_complex_carbs
260230	Carbohydrate, by difference	carbohydrate by difference	1010	Sucrose	sucrose	existing	carb_to_sugars
260230	Carbohydrate, by difference	carbohydrate by difference	1011	Glucose	glucose	existing	carb_to_sugars
260230	Carbohydrate, by difference	carbohydrate by difference	1012	Fructose	fructose	existing	carb_to_sugars
260230	Carbohydrate, by difference	carbohydrate by difference	1013	Lactose	lactose	existing	carb_to_sugars
260230	Carbohydrate, by difference	carbohydrate by difference	1014	Maltose	maltose	existing	carb_to_sugars
260230	Carbohydrate, by difference	carbohydrate by difference	1015	Amylose	amylose	existing	carb_to_complex_carbs
260230	Carbohydrate, by difference	carbohydrate by difference	1016	Amylopectin	amylopectin	existing	carb_to_complex_carbs
260230	Carbohydrate, by difference	carbohydrate by difference	1017	Pectin	pectin	existing	carb_to_complex_carbs
260230	Carbohydrate, by difference	carbohydrate by difference	1019	Pentosan	pentosan	existing	carb_to_complex_carbs
260230	Carbohydrate, by difference	carbohydrate by difference	1020	Pentoses	pentoses	existing	carb_to_complex_carbs
260230	Carbohydrate, by difference	carbohydrate by difference	1021	Hemicellulose	hemicellulose	existing	carb_to_complex_carbs
260230	Carbohydrate, by difference	carbohydrate by difference	1022	Cellulose	cellulose	existing	carb_to_complex_carbs
260230	Carbohydrate, by difference	carbohydrate by difference	1055	Mannitol	mannitol	existing	carb_to_sugars
260230	Carbohydrate, by difference	carbohydrate by difference	1056	Sorbitol	sorbitol	existing	carb_to_sugars
260230	Carbohydrate, by difference	carbohydrate by difference	1065	Glycogen	glycogen	existing	carb_to_complex_carbs
260230	Carbohydrate, by difference	carbohydrate by difference	1071	Resistant starch	resistant starch	existing	carb_to_complex_carbs
260230	Carbohydrate, by difference	carbohydrate by difference	1073	Arabinose	arabinose	existing	carb_to_complex_carbs
260230	Carbohydrate, by difference	carbohydrate by difference	1074	Xylose	xylose	existing	carb_to_complex_carbs
260230	Carbohydrate, by difference	carbohydrate by difference	1075	Galactose	galactose	existing	carb_to_sugars
260230	Carbohydrate, by difference	carbohydrate by difference	1076	Raffinose	raffinose	existing	carb_to_complex_carbs
260230	Carbohydrate, by difference	carbohydrate by difference	1077	Stachyose	stachyose	existing	carb_to_complex_carbs
260230	Carbohydrate, by difference	carbohydrate by difference	1078	Xylitol	xylitol	existing	carb_to_sugars
260230	Carbohydrate, by difference	carbohydrate by difference	1081	Ribose	ribose	existing	carb_to_complex_carbs
260230	Carbohydrate, by difference	carbohydrate by difference	1399	Mannose	mannose	existing	carb_to_complex_carbs
260230	Carbohydrate, by difference	carbohydrate by difference	1400	Triose	triose	existing	carb_to_complex_carbs
260230	Carbohydrate, by difference	carbohydrate by difference	1401	Tetrose	tetrose	existing	carb_to_complex_carbs
260230	Carbohydrate, by difference	carbohydrate by difference	1403	Inulin	inulin	existing	carb_to_complex_carbs
260230	Carbohydrate, by difference	carbohydrate by difference	2063	Verbascose	verbascose	existing	carb_to_complex_carbs
260230	Carbohydrate, by difference	carbohydrate by difference	96415	Dietary fibre and starch	dietary fibre and starch	existing	carb_to_complex_carbs
260230	Carbohydrate, by difference	carbohydrate by difference	97211	STARCH-	starch	existing	carb_to_complex_carbs
260230	Carbohydrate, by difference	carbohydrate by difference	97212	Starch/Glycogen	starch glycogen	existing	carb_to_complex_carbs
260230	Carbohydrate, by difference	carbohydrate by difference	220013	STARCH-(g)	starch	existing	carb_to_complex_carbs
260230	Carbohydrate, by difference	carbohydrate by difference	220107	STARCH-(g)	starch	existing	carb_to_complex_carbs
260230	Carbohydrate, by difference	carbohydrate by difference	240003	(+)-Catechin 3-O-glucose	catechin 3 o glucose	existing	carb_to_sugars
260230	Carbohydrate, by difference	carbohydrate by difference	240144	Caffeoyl glucose	caffeoyl glucose	existing	carb_to_sugars
260230	Carbohydrate, by difference	carbohydrate by difference	240157	Cinnamoyl glucose	cinnamoyl glucose	existing	carb_to_sugars
260230	Carbohydrate, by difference	carbohydrate by difference	240229	Feruloyl glucose	feruloyl glucose	existing	carb_to_sugars
260230	Carbohydrate, by difference	carbohydrate by difference	240238	Galloyl glucose	galloyl glucose	existing	carb_to_sugars
260230	Carbohydrate, by difference	carbohydrate by difference	240499	p-Coumaroyl glucose	p coumaroyl glucose	existing	carb_to_sugars
250075	Carbohydrate, available.2	carbohydrate available 2	260230	Carbohydrate, by difference	carbohydrate by difference	existing	carb_alias
260230	Carbohydrate, by difference	carbohydrate by difference	1009	Starch	starch	existing	carb_to_complex_carbs
260230	Carbohydrate, by difference	carbohydrate by difference	1010	Sucrose	sucrose	existing	carb_to_sugars
260230	Carbohydrate, by difference	carbohydrate by difference	1011	Glucose	glucose	existing	carb_to_sugars
260230	Carbohydrate, by difference	carbohydrate by difference	1012	Fructose	fructose	existing	carb_to_sugars
260230	Carbohydrate, by difference	carbohydrate by difference	1013	Lactose	lactose	existing	carb_to_sugars
260230	Carbohydrate, by difference	carbohydrate by difference	1014	Maltose	maltose	existing	carb_to_sugars
260230	Carbohydrate, by difference	carbohydrate by difference	1015	Amylose	amylose	existing	carb_to_complex_carbs
260230	Carbohydrate, by difference	carbohydrate by difference	1016	Amylopectin	amylopectin	existing	carb_to_complex_carbs
260230	Carbohydrate, by difference	carbohydrate by difference	1017	Pectin	pectin	existing	carb_to_complex_carbs
260230	Carbohydrate, by difference	carbohydrate by difference	1019	Pentosan	pentosan	existing	carb_to_complex_carbs
260230	Carbohydrate, by difference	carbohydrate by difference	1020	Pentoses	pentoses	existing	carb_to_complex_carbs
260230	Carbohydrate, by difference	carbohydrate by difference	1021	Hemicellulose	hemicellulose	existing	carb_to_complex_carbs
260230	Carbohydrate, by difference	carbohydrate by difference	1022	Cellulose	cellulose	existing	carb_to_complex_carbs
260230	Carbohydrate, by difference	carbohydrate by difference	1055	Mannitol	mannitol	existing	carb_to_sugars
260230	Carbohydrate, by difference	carbohydrate by difference	1056	Sorbitol	sorbitol	existing	carb_to_sugars
260230	Carbohydrate, by difference	carbohydrate by difference	1065	Glycogen	glycogen	existing	carb_to_complex_carbs
260230	Carbohydrate, by difference	carbohydrate by difference	1071	Resistant starch	resistant starch	existing	carb_to_complex_carbs
260230	Carbohydrate, by difference	carbohydrate by difference	1073	Arabinose	arabinose	existing	carb_to_complex_carbs
260230	Carbohydrate, by difference	carbohydrate by difference	1074	Xylose	xylose	existing	carb_to_complex_carbs
260230	Carbohydrate, by difference	carbohydrate by difference	1075	Galactose	galactose	existing	carb_to_sugars
260230	Carbohydrate, by difference	carbohydrate by difference	1076	Raffinose	raffinose	existing	carb_to_complex_carbs
260230	Carbohydrate, by difference	carbohydrate by difference	1077	Stachyose	stachyose	existing	carb_to_complex_carbs
260230	Carbohydrate, by difference	carbohydrate by difference	1078	Xylitol	xylitol	existing	carb_to_sugars
260230	Carbohydrate, by difference	carbohydrate by difference	1081	Ribose	ribose	existing	carb_to_complex_carbs
260230	Carbohydrate, by difference	carbohydrate by difference	1399	Mannose	mannose	existing	carb_to_complex_carbs
260230	Carbohydrate, by difference	carbohydrate by difference	1400	Triose	triose	existing	carb_to_complex_carbs
260230	Carbohydrate, by difference	carbohydrate by difference	1401	Tetrose	tetrose	existing	carb_to_complex_carbs
260230	Carbohydrate, by difference	carbohydrate by difference	1403	Inulin	inulin	existing	carb_to_complex_carbs
260230	Carbohydrate, by difference	carbohydrate by difference	2063	Verbascose	verbascose	existing	carb_to_complex_carbs
260230	Carbohydrate, by difference	carbohydrate by difference	96415	Dietary fibre and starch	dietary fibre and starch	existing	carb_to_complex_carbs
260230	Carbohydrate, by difference	carbohydrate by difference	97211	STARCH-	starch	existing	carb_to_complex_carbs
260230	Carbohydrate, by difference	carbohydrate by difference	97212	Starch/Glycogen	starch glycogen	existing	carb_to_complex_carbs
260230	Carbohydrate, by difference	carbohydrate by difference	220013	STARCH-(g)	starch	existing	carb_to_complex_carbs
260230	Carbohydrate, by difference	carbohydrate by difference	220107	STARCH-(g)	starch	existing	carb_to_complex_carbs
260230	Carbohydrate, by difference	carbohydrate by difference	240003	(+)-Catechin 3-O-glucose	catechin 3 o glucose	existing	carb_to_sugars
260230	Carbohydrate, by difference	carbohydrate by difference	240144	Caffeoyl glucose	caffeoyl glucose	existing	carb_to_sugars
260230	Carbohydrate, by difference	carbohydrate by difference	240157	Cinnamoyl glucose	cinnamoyl glucose	existing	carb_to_sugars
260230	Carbohydrate, by difference	carbohydrate by difference	240229	Feruloyl glucose	feruloyl glucose	existing	carb_to_sugars
260230	Carbohydrate, by difference	carbohydrate by difference	240238	Galloyl glucose	galloyl glucose	existing	carb_to_sugars
260230	Carbohydrate, by difference	carbohydrate by difference	240499	p-Coumaroyl glucose	p coumaroyl glucose	existing	carb_to_sugars
250076	Carbohydrate, available.4	carbohydrate available 4	260230	Carbohydrate, by difference	carbohydrate by difference	existing	carb_alias
260230	Carbohydrate, by difference	carbohydrate by difference	1009	Starch	starch	existing	carb_to_complex_carbs
260230	Carbohydrate, by difference	carbohydrate by difference	1010	Sucrose	sucrose	existing	carb_to_sugars
260230	Carbohydrate, by difference	carbohydrate by difference	1011	Glucose	glucose	existing	carb_to_sugars
260230	Carbohydrate, by difference	carbohydrate by difference	1012	Fructose	fructose	existing	carb_to_sugars
260230	Carbohydrate, by difference	carbohydrate by difference	1013	Lactose	lactose	existing	carb_to_sugars
260230	Carbohydrate, by difference	carbohydrate by difference	1014	Maltose	maltose	existing	carb_to_sugars
260230	Carbohydrate, by difference	carbohydrate by difference	1015	Amylose	amylose	existing	carb_to_complex_carbs
260230	Carbohydrate, by difference	carbohydrate by difference	1016	Amylopectin	amylopectin	existing	carb_to_complex_carbs
260230	Carbohydrate, by difference	carbohydrate by difference	1017	Pectin	pectin	existing	carb_to_complex_carbs
260230	Carbohydrate, by difference	carbohydrate by difference	1019	Pentosan	pentosan	existing	carb_to_complex_carbs
260230	Carbohydrate, by difference	carbohydrate by difference	1020	Pentoses	pentoses	existing	carb_to_complex_carbs
260230	Carbohydrate, by difference	carbohydrate by difference	1021	Hemicellulose	hemicellulose	existing	carb_to_complex_carbs
260230	Carbohydrate, by difference	carbohydrate by difference	1022	Cellulose	cellulose	existing	carb_to_complex_carbs
260230	Carbohydrate, by difference	carbohydrate by difference	1055	Mannitol	mannitol	existing	carb_to_sugars
260230	Carbohydrate, by difference	carbohydrate by difference	1056	Sorbitol	sorbitol	existing	carb_to_sugars
260230	Carbohydrate, by difference	carbohydrate by difference	1065	Glycogen	glycogen	existing	carb_to_complex_carbs
260230	Carbohydrate, by difference	carbohydrate by difference	1071	Resistant starch	resistant starch	existing	carb_to_complex_carbs
260230	Carbohydrate, by difference	carbohydrate by difference	1073	Arabinose	arabinose	existing	carb_to_complex_carbs
260230	Carbohydrate, by difference	carbohydrate by difference	1074	Xylose	xylose	existing	carb_to_complex_carbs
260230	Carbohydrate, by difference	carbohydrate by difference	1075	Galactose	galactose	existing	carb_to_sugars
260230	Carbohydrate, by difference	carbohydrate by difference	1076	Raffinose	raffinose	existing	carb_to_complex_carbs
260230	Carbohydrate, by difference	carbohydrate by difference	1077	Stachyose	stachyose	existing	carb_to_complex_carbs
260230	Carbohydrate, by difference	carbohydrate by difference	1078	Xylitol	xylitol	existing	carb_to_sugars
260230	Carbohydrate, by difference	carbohydrate by difference	1081	Ribose	ribose	existing	carb_to_complex_carbs
260230	Carbohydrate, by difference	carbohydrate by difference	1399	Mannose	mannose	existing	carb_to_complex_carbs
260230	Carbohydrate, by difference	carbohydrate by difference	1400	Triose	triose	existing	carb_to_complex_carbs
260230	Carbohydrate, by difference	carbohydrate by difference	1401	Tetrose	tetrose	existing	carb_to_complex_carbs
260230	Carbohydrate, by difference	carbohydrate by difference	1403	Inulin	inulin	existing	carb_to_complex_carbs
260230	Carbohydrate, by difference	carbohydrate by difference	2063	Verbascose	verbascose	existing	carb_to_complex_carbs
260230	Carbohydrate, by difference	carbohydrate by difference	96415	Dietary fibre and starch	dietary fibre and starch	existing	carb_to_complex_carbs
260230	Carbohydrate, by difference	carbohydrate by difference	97211	STARCH-	starch	existing	carb_to_complex_carbs
260230	Carbohydrate, by difference	carbohydrate by difference	97212	Starch/Glycogen	starch glycogen	existing	carb_to_complex_carbs
260230	Carbohydrate, by difference	carbohydrate by difference	220013	STARCH-(g)	starch	existing	carb_to_complex_carbs
260230	Carbohydrate, by difference	carbohydrate by difference	220107	STARCH-(g)	starch	existing	carb_to_complex_carbs
260230	Carbohydrate, by difference	carbohydrate by difference	240003	(+)-Catechin 3-O-glucose	catechin 3 o glucose	existing	carb_to_sugars
260230	Carbohydrate, by difference	carbohydrate by difference	240144	Caffeoyl glucose	caffeoyl glucose	existing	carb_to_sugars
260230	Carbohydrate, by difference	carbohydrate by difference	240157	Cinnamoyl glucose	cinnamoyl glucose	existing	carb_to_sugars
260230	Carbohydrate, by difference	carbohydrate by difference	240229	Feruloyl glucose	feruloyl glucose	existing	carb_to_sugars
260230	Carbohydrate, by difference	carbohydrate by difference	240238	Galloyl glucose	galloyl glucose	existing	carb_to_sugars
260230	Carbohydrate, by difference	carbohydrate by difference	240499	p-Coumaroyl glucose	p coumaroyl glucose	existing	carb_to_sugars
250077	Carbohydrate, available.5	carbohydrate available 5	260230	Carbohydrate, by difference	carbohydrate by difference	existing	carb_alias
260230	Carbohydrate, by difference	carbohydrate by difference	1009	Starch	starch	existing	carb_to_complex_carbs
260230	Carbohydrate, by difference	carbohydrate by difference	1010	Sucrose	sucrose	existing	carb_to_sugars
260230	Carbohydrate, by difference	carbohydrate by difference	1011	Glucose	glucose	existing	carb_to_sugars
260230	Carbohydrate, by difference	carbohydrate by difference	1012	Fructose	fructose	existing	carb_to_sugars
260230	Carbohydrate, by difference	carbohydrate by difference	1013	Lactose	lactose	existing	carb_to_sugars
260230	Carbohydrate, by difference	carbohydrate by difference	1014	Maltose	maltose	existing	carb_to_sugars
260230	Carbohydrate, by difference	carbohydrate by difference	1015	Amylose	amylose	existing	carb_to_complex_carbs
260230	Carbohydrate, by difference	carbohydrate by difference	1016	Amylopectin	amylopectin	existing	carb_to_complex_carbs
260230	Carbohydrate, by difference	carbohydrate by difference	1017	Pectin	pectin	existing	carb_to_complex_carbs
260230	Carbohydrate, by difference	carbohydrate by difference	1019	Pentosan	pentosan	existing	carb_to_complex_carbs
260230	Carbohydrate, by difference	carbohydrate by difference	1020	Pentoses	pentoses	existing	carb_to_complex_carbs
260230	Carbohydrate, by difference	carbohydrate by difference	1021	Hemicellulose	hemicellulose	existing	carb_to_complex_carbs
260230	Carbohydrate, by difference	carbohydrate by difference	1022	Cellulose	cellulose	existing	carb_to_complex_carbs
260230	Carbohydrate, by difference	carbohydrate by difference	1055	Mannitol	mannitol	existing	carb_to_sugars
260230	Carbohydrate, by difference	carbohydrate by difference	1056	Sorbitol	sorbitol	existing	carb_to_sugars
260230	Carbohydrate, by difference	carbohydrate by difference	1065	Glycogen	glycogen	existing	carb_to_complex_carbs
260230	Carbohydrate, by difference	carbohydrate by difference	1071	Resistant starch	resistant starch	existing	carb_to_complex_carbs
260230	Carbohydrate, by difference	carbohydrate by difference	1073	Arabinose	arabinose	existing	carb_to_complex_carbs
260230	Carbohydrate, by difference	carbohydrate by difference	1074	Xylose	xylose	existing	carb_to_complex_carbs
260230	Carbohydrate, by difference	carbohydrate by difference	1075	Galactose	galactose	existing	carb_to_sugars
260230	Carbohydrate, by difference	carbohydrate by difference	1076	Raffinose	raffinose	existing	carb_to_complex_carbs
260230	Carbohydrate, by difference	carbohydrate by difference	1077	Stachyose	stachyose	existing	carb_to_complex_carbs
260230	Carbohydrate, by difference	carbohydrate by difference	1078	Xylitol	xylitol	existing	carb_to_sugars
260230	Carbohydrate, by difference	carbohydrate by difference	1081	Ribose	ribose	existing	carb_to_complex_carbs
260230	Carbohydrate, by difference	carbohydrate by difference	1399	Mannose	mannose	existing	carb_to_complex_carbs
260230	Carbohydrate, by difference	carbohydrate by difference	1400	Triose	triose	existing	carb_to_complex_carbs
260230	Carbohydrate, by difference	carbohydrate by difference	1401	Tetrose	tetrose	existing	carb_to_complex_carbs
260230	Carbohydrate, by difference	carbohydrate by difference	1403	Inulin	inulin	existing	carb_to_complex_carbs
260230	Carbohydrate, by difference	carbohydrate by difference	2063	Verbascose	verbascose	existing	carb_to_complex_carbs
260230	Carbohydrate, by difference	carbohydrate by difference	96415	Dietary fibre and starch	dietary fibre and starch	existing	carb_to_complex_carbs
260230	Carbohydrate, by difference	carbohydrate by difference	97211	STARCH-	starch	existing	carb_to_complex_carbs
260230	Carbohydrate, by difference	carbohydrate by difference	97212	Starch/Glycogen	starch glycogen	existing	carb_to_complex_carbs
260230	Carbohydrate, by difference	carbohydrate by difference	220013	STARCH-(g)	starch	existing	carb_to_complex_carbs
260230	Carbohydrate, by difference	carbohydrate by difference	220107	STARCH-(g)	starch	existing	carb_to_complex_carbs
260230	Carbohydrate, by difference	carbohydrate by difference	240003	(+)-Catechin 3-O-glucose	catechin 3 o glucose	existing	carb_to_sugars
260230	Carbohydrate, by difference	carbohydrate by difference	240144	Caffeoyl glucose	caffeoyl glucose	existing	carb_to_sugars
260230	Carbohydrate, by difference	carbohydrate by difference	240157	Cinnamoyl glucose	cinnamoyl glucose	existing	carb_to_sugars
260230	Carbohydrate, by difference	carbohydrate by difference	240229	Feruloyl glucose	feruloyl glucose	existing	carb_to_sugars
260230	Carbohydrate, by difference	carbohydrate by difference	240238	Galloyl glucose	galloyl glucose	existing	carb_to_sugars
260230	Carbohydrate, by difference	carbohydrate by difference	240499	p-Coumaroyl glucose	p coumaroyl glucose	existing	carb_to_sugars
250078	Carbohydrate, available.6	carbohydrate available 6	260230	Carbohydrate, by difference	carbohydrate by difference	existing	carb_alias
260230	Carbohydrate, by difference	carbohydrate by difference	1009	Starch	starch	existing	carb_to_complex_carbs
260230	Carbohydrate, by difference	carbohydrate by difference	1010	Sucrose	sucrose	existing	carb_to_sugars
260230	Carbohydrate, by difference	carbohydrate by difference	1011	Glucose	glucose	existing	carb_to_sugars
260230	Carbohydrate, by difference	carbohydrate by difference	1012	Fructose	fructose	existing	carb_to_sugars
260230	Carbohydrate, by difference	carbohydrate by difference	1013	Lactose	lactose	existing	carb_to_sugars
260230	Carbohydrate, by difference	carbohydrate by difference	1014	Maltose	maltose	existing	carb_to_sugars
260230	Carbohydrate, by difference	carbohydrate by difference	1015	Amylose	amylose	existing	carb_to_complex_carbs
260230	Carbohydrate, by difference	carbohydrate by difference	1016	Amylopectin	amylopectin	existing	carb_to_complex_carbs
260230	Carbohydrate, by difference	carbohydrate by difference	1017	Pectin	pectin	existing	carb_to_complex_carbs
260230	Carbohydrate, by difference	carbohydrate by difference	1019	Pentosan	pentosan	existing	carb_to_complex_carbs
260230	Carbohydrate, by difference	carbohydrate by difference	1020	Pentoses	pentoses	existing	carb_to_complex_carbs
260230	Carbohydrate, by difference	carbohydrate by difference	1021	Hemicellulose	hemicellulose	existing	carb_to_complex_carbs
260230	Carbohydrate, by difference	carbohydrate by difference	1022	Cellulose	cellulose	existing	carb_to_complex_carbs
260230	Carbohydrate, by difference	carbohydrate by difference	1055	Mannitol	mannitol	existing	carb_to_sugars
260230	Carbohydrate, by difference	carbohydrate by difference	1056	Sorbitol	sorbitol	existing	carb_to_sugars
260230	Carbohydrate, by difference	carbohydrate by difference	1065	Glycogen	glycogen	existing	carb_to_complex_carbs
260230	Carbohydrate, by difference	carbohydrate by difference	1071	Resistant starch	resistant starch	existing	carb_to_complex_carbs
260230	Carbohydrate, by difference	carbohydrate by difference	1073	Arabinose	arabinose	existing	carb_to_complex_carbs
260230	Carbohydrate, by difference	carbohydrate by difference	1074	Xylose	xylose	existing	carb_to_complex_carbs
260230	Carbohydrate, by difference	carbohydrate by difference	1075	Galactose	galactose	existing	carb_to_sugars
260230	Carbohydrate, by difference	carbohydrate by difference	1076	Raffinose	raffinose	existing	carb_to_complex_carbs
260230	Carbohydrate, by difference	carbohydrate by difference	1077	Stachyose	stachyose	existing	carb_to_complex_carbs
260230	Carbohydrate, by difference	carbohydrate by difference	1078	Xylitol	xylitol	existing	carb_to_sugars
260230	Carbohydrate, by difference	carbohydrate by difference	1081	Ribose	ribose	existing	carb_to_complex_carbs
260230	Carbohydrate, by difference	carbohydrate by difference	1399	Mannose	mannose	existing	carb_to_complex_carbs
260230	Carbohydrate, by difference	carbohydrate by difference	1400	Triose	triose	existing	carb_to_complex_carbs
260230	Carbohydrate, by difference	carbohydrate by difference	1401	Tetrose	tetrose	existing	carb_to_complex_carbs
260230	Carbohydrate, by difference	carbohydrate by difference	1403	Inulin	inulin	existing	carb_to_complex_carbs
260230	Carbohydrate, by difference	carbohydrate by difference	2063	Verbascose	verbascose	existing	carb_to_complex_carbs
260230	Carbohydrate, by difference	carbohydrate by difference	96415	Dietary fibre and starch	dietary fibre and starch	existing	carb_to_complex_carbs
260230	Carbohydrate, by difference	carbohydrate by difference	97211	STARCH-	starch	existing	carb_to_complex_carbs
260230	Carbohydrate, by difference	carbohydrate by difference	97212	Starch/Glycogen	starch glycogen	existing	carb_to_complex_carbs
260230	Carbohydrate, by difference	carbohydrate by difference	220013	STARCH-(g)	starch	existing	carb_to_complex_carbs
260230	Carbohydrate, by difference	carbohydrate by difference	220107	STARCH-(g)	starch	existing	carb_to_complex_carbs
260230	Carbohydrate, by difference	carbohydrate by difference	240003	(+)-Catechin 3-O-glucose	catechin 3 o glucose	existing	carb_to_sugars
260230	Carbohydrate, by difference	carbohydrate by difference	240144	Caffeoyl glucose	caffeoyl glucose	existing	carb_to_sugars
260230	Carbohydrate, by difference	carbohydrate by difference	240157	Cinnamoyl glucose	cinnamoyl glucose	existing	carb_to_sugars
260230	Carbohydrate, by difference	carbohydrate by difference	240229	Feruloyl glucose	feruloyl glucose	existing	carb_to_sugars
260230	Carbohydrate, by difference	carbohydrate by difference	240238	Galloyl glucose	galloyl glucose	existing	carb_to_sugars
260230	Carbohydrate, by difference	carbohydrate by difference	240499	p-Coumaroyl glucose	p coumaroyl glucose	existing	carb_to_sugars
250079	Carbohydrate, available.7	carbohydrate available 7	260230	Carbohydrate, by difference	carbohydrate by difference	existing	carb_alias
260230	Carbohydrate, by difference	carbohydrate by difference	1009	Starch	starch	existing	carb_to_complex_carbs
260230	Carbohydrate, by difference	carbohydrate by difference	1010	Sucrose	sucrose	existing	carb_to_sugars
260230	Carbohydrate, by difference	carbohydrate by difference	1011	Glucose	glucose	existing	carb_to_sugars
260230	Carbohydrate, by difference	carbohydrate by difference	1012	Fructose	fructose	existing	carb_to_sugars
260230	Carbohydrate, by difference	carbohydrate by difference	1013	Lactose	lactose	existing	carb_to_sugars
260230	Carbohydrate, by difference	carbohydrate by difference	1014	Maltose	maltose	existing	carb_to_sugars
260230	Carbohydrate, by difference	carbohydrate by difference	1015	Amylose	amylose	existing	carb_to_complex_carbs
260230	Carbohydrate, by difference	carbohydrate by difference	1016	Amylopectin	amylopectin	existing	carb_to_complex_carbs
260230	Carbohydrate, by difference	carbohydrate by difference	1017	Pectin	pectin	existing	carb_to_complex_carbs
260230	Carbohydrate, by difference	carbohydrate by difference	1019	Pentosan	pentosan	existing	carb_to_complex_carbs
260230	Carbohydrate, by difference	carbohydrate by difference	1020	Pentoses	pentoses	existing	carb_to_complex_carbs
260230	Carbohydrate, by difference	carbohydrate by difference	1021	Hemicellulose	hemicellulose	existing	carb_to_complex_carbs
260230	Carbohydrate, by difference	carbohydrate by difference	1022	Cellulose	cellulose	existing	carb_to_complex_carbs
260230	Carbohydrate, by difference	carbohydrate by difference	1055	Mannitol	mannitol	existing	carb_to_sugars
260230	Carbohydrate, by difference	carbohydrate by difference	1056	Sorbitol	sorbitol	existing	carb_to_sugars
260230	Carbohydrate, by difference	carbohydrate by difference	1065	Glycogen	glycogen	existing	carb_to_complex_carbs
260230	Carbohydrate, by difference	carbohydrate by difference	1071	Resistant starch	resistant starch	existing	carb_to_complex_carbs
260230	Carbohydrate, by difference	carbohydrate by difference	1073	Arabinose	arabinose	existing	carb_to_complex_carbs
260230	Carbohydrate, by difference	carbohydrate by difference	1074	Xylose	xylose	existing	carb_to_complex_carbs
260230	Carbohydrate, by difference	carbohydrate by difference	1075	Galactose	galactose	existing	carb_to_sugars
260230	Carbohydrate, by difference	carbohydrate by difference	1076	Raffinose	raffinose	existing	carb_to_complex_carbs
260230	Carbohydrate, by difference	carbohydrate by difference	1077	Stachyose	stachyose	existing	carb_to_complex_carbs
260230	Carbohydrate, by difference	carbohydrate by difference	1078	Xylitol	xylitol	existing	carb_to_sugars
260230	Carbohydrate, by difference	carbohydrate by difference	1081	Ribose	ribose	existing	carb_to_complex_carbs
260230	Carbohydrate, by difference	carbohydrate by difference	1399	Mannose	mannose	existing	carb_to_complex_carbs
260230	Carbohydrate, by difference	carbohydrate by difference	1400	Triose	triose	existing	carb_to_complex_carbs
260230	Carbohydrate, by difference	carbohydrate by difference	1401	Tetrose	tetrose	existing	carb_to_complex_carbs
260230	Carbohydrate, by difference	carbohydrate by difference	1403	Inulin	inulin	existing	carb_to_complex_carbs
260230	Carbohydrate, by difference	carbohydrate by difference	2063	Verbascose	verbascose	existing	carb_to_complex_carbs
260230	Carbohydrate, by difference	carbohydrate by difference	96415	Dietary fibre and starch	dietary fibre and starch	existing	carb_to_complex_carbs
260230	Carbohydrate, by difference	carbohydrate by difference	97211	STARCH-	starch	existing	carb_to_complex_carbs
260230	Carbohydrate, by difference	carbohydrate by difference	97212	Starch/Glycogen	starch glycogen	existing	carb_to_complex_carbs
260230	Carbohydrate, by difference	carbohydrate by difference	220013	STARCH-(g)	starch	existing	carb_to_complex_carbs
260230	Carbohydrate, by difference	carbohydrate by difference	220107	STARCH-(g)	starch	existing	carb_to_complex_carbs
260230	Carbohydrate, by difference	carbohydrate by difference	240003	(+)-Catechin 3-O-glucose	catechin 3 o glucose	existing	carb_to_sugars
260230	Carbohydrate, by difference	carbohydrate by difference	240144	Caffeoyl glucose	caffeoyl glucose	existing	carb_to_sugars
260230	Carbohydrate, by difference	carbohydrate by difference	240157	Cinnamoyl glucose	cinnamoyl glucose	existing	carb_to_sugars
260230	Carbohydrate, by difference	carbohydrate by difference	240229	Feruloyl glucose	feruloyl glucose	existing	carb_to_sugars
260230	Carbohydrate, by difference	carbohydrate by difference	240238	Galloyl glucose	galloyl glucose	existing	carb_to_sugars
260230	Carbohydrate, by difference	carbohydrate by difference	240499	p-Coumaroyl glucose	p coumaroyl glucose	existing	carb_to_sugars
250080	Carbohydrate, available.8	carbohydrate available 8	260230	Carbohydrate, by difference	carbohydrate by difference	existing	carb_alias
260230	Carbohydrate, by difference	carbohydrate by difference	1009	Starch	starch	existing	carb_to_complex_carbs
260230	Carbohydrate, by difference	carbohydrate by difference	1010	Sucrose	sucrose	existing	carb_to_sugars
260230	Carbohydrate, by difference	carbohydrate by difference	1011	Glucose	glucose	existing	carb_to_sugars
260230	Carbohydrate, by difference	carbohydrate by difference	1012	Fructose	fructose	existing	carb_to_sugars
260230	Carbohydrate, by difference	carbohydrate by difference	1013	Lactose	lactose	existing	carb_to_sugars
260230	Carbohydrate, by difference	carbohydrate by difference	1014	Maltose	maltose	existing	carb_to_sugars
260230	Carbohydrate, by difference	carbohydrate by difference	1015	Amylose	amylose	existing	carb_to_complex_carbs
260230	Carbohydrate, by difference	carbohydrate by difference	1016	Amylopectin	amylopectin	existing	carb_to_complex_carbs
260230	Carbohydrate, by difference	carbohydrate by difference	1017	Pectin	pectin	existing	carb_to_complex_carbs
260230	Carbohydrate, by difference	carbohydrate by difference	1019	Pentosan	pentosan	existing	carb_to_complex_carbs
260230	Carbohydrate, by difference	carbohydrate by difference	1020	Pentoses	pentoses	existing	carb_to_complex_carbs
260230	Carbohydrate, by difference	carbohydrate by difference	1021	Hemicellulose	hemicellulose	existing	carb_to_complex_carbs
260230	Carbohydrate, by difference	carbohydrate by difference	1022	Cellulose	cellulose	existing	carb_to_complex_carbs
260230	Carbohydrate, by difference	carbohydrate by difference	1055	Mannitol	mannitol	existing	carb_to_sugars
260230	Carbohydrate, by difference	carbohydrate by difference	1056	Sorbitol	sorbitol	existing	carb_to_sugars
260230	Carbohydrate, by difference	carbohydrate by difference	1065	Glycogen	glycogen	existing	carb_to_complex_carbs
260230	Carbohydrate, by difference	carbohydrate by difference	1071	Resistant starch	resistant starch	existing	carb_to_complex_carbs
260230	Carbohydrate, by difference	carbohydrate by difference	1073	Arabinose	arabinose	existing	carb_to_complex_carbs
260230	Carbohydrate, by difference	carbohydrate by difference	1074	Xylose	xylose	existing	carb_to_complex_carbs
260230	Carbohydrate, by difference	carbohydrate by difference	1075	Galactose	galactose	existing	carb_to_sugars
260230	Carbohydrate, by difference	carbohydrate by difference	1076	Raffinose	raffinose	existing	carb_to_complex_carbs
260230	Carbohydrate, by difference	carbohydrate by difference	1077	Stachyose	stachyose	existing	carb_to_complex_carbs
260230	Carbohydrate, by difference	carbohydrate by difference	1078	Xylitol	xylitol	existing	carb_to_sugars
260230	Carbohydrate, by difference	carbohydrate by difference	1081	Ribose	ribose	existing	carb_to_complex_carbs
260230	Carbohydrate, by difference	carbohydrate by difference	1399	Mannose	mannose	existing	carb_to_complex_carbs
260230	Carbohydrate, by difference	carbohydrate by difference	1400	Triose	triose	existing	carb_to_complex_carbs
260230	Carbohydrate, by difference	carbohydrate by difference	1401	Tetrose	tetrose	existing	carb_to_complex_carbs
260230	Carbohydrate, by difference	carbohydrate by difference	1403	Inulin	inulin	existing	carb_to_complex_carbs
260230	Carbohydrate, by difference	carbohydrate by difference	2063	Verbascose	verbascose	existing	carb_to_complex_carbs
260230	Carbohydrate, by difference	carbohydrate by difference	96415	Dietary fibre and starch	dietary fibre and starch	existing	carb_to_complex_carbs
260230	Carbohydrate, by difference	carbohydrate by difference	97211	STARCH-	starch	existing	carb_to_complex_carbs
260230	Carbohydrate, by difference	carbohydrate by difference	97212	Starch/Glycogen	starch glycogen	existing	carb_to_complex_carbs
260230	Carbohydrate, by difference	carbohydrate by difference	220013	STARCH-(g)	starch	existing	carb_to_complex_carbs
260230	Carbohydrate, by difference	carbohydrate by difference	220107	STARCH-(g)	starch	existing	carb_to_complex_carbs
260230	Carbohydrate, by difference	carbohydrate by difference	240003	(+)-Catechin 3-O-glucose	catechin 3 o glucose	existing	carb_to_sugars
260230	Carbohydrate, by difference	carbohydrate by difference	240144	Caffeoyl glucose	caffeoyl glucose	existing	carb_to_sugars
260230	Carbohydrate, by difference	carbohydrate by difference	240157	Cinnamoyl glucose	cinnamoyl glucose	existing	carb_to_sugars
260230	Carbohydrate, by difference	carbohydrate by difference	240229	Feruloyl glucose	feruloyl glucose	existing	carb_to_sugars
260230	Carbohydrate, by difference	carbohydrate by difference	240238	Galloyl glucose	galloyl glucose	existing	carb_to_sugars
260230	Carbohydrate, by difference	carbohydrate by difference	240499	p-Coumaroyl glucose	p coumaroyl glucose	existing	carb_to_sugars
260170	cis-Mono FA /100g FA (g)	cis mono fa 100g fa	260237	Mono FA /100g FA (g)	mono fa 100g fa g	new	alias_to_canonical
260171	cis-Mono FA /100g Food (g)	cis mono fa 100g food	260238	Mono FA /100g Food (g)	mono fa 100g food g	new	alias_to_canonical
260172	cis-Poly FA /100g Food (g)	cis poly fa 100g food	260239	Poly FA /100g Food (g)	poly fa 100g food g	new	alias_to_canonical
260173	cis-Polyu FA /100g FA (g)	cis polyu fa 100g fa	260240	Polyu FA /100g FA (g)	polyu fa 100g fa g	new	alias_to_canonical
