nutrient_id	name	normalized_norm	normalized_norm_no_commas	normalized_norm_no_paren	normalized_norm_compact	is_added_by_expansion	parent_generic_id	parent_generic_compact	rule
1002	Nitrogen	nitrogen	nitrogen	nitrogen	nitrogen	0	1052	adjusted nitrogen	alias_to_canonical
1007	Ash	ash	ash	ash	ash	0	2027	proximate	proximates_to_macros
1009	Starch	starch	starch	starch	starch	0	260230	carbohydrate by difference	carb_to_complex_carbs
1010	Sucrose	sucrose	sucrose	sucrose	sucrose	0	260230	carbohydrate by difference	carb_to_sugars
1011	Glucose	glucose	glucose	glucose	glucose	0	260230	carbohydrate by difference	carb_to_sugars
1012	Fructose	fructose	fructose	fructose	fructose	0	260230	carbohydrate by difference	carb_to_sugars
1013	Lactose	lactose	lactose	lactose	lactose	0	260230	carbohydrate by difference	carb_to_sugars
1014	Maltose	maltose	maltose	maltose	maltose	0	260230	carbohydrate by difference	carb_to_sugars
1015	Amylose	amylose	amylose	amylose	amylose	0	260230	carbohydrate by difference	carb_to_complex_carbs
1016	Amylopectin	amylopectin	amylopectin	amylopectin	amylopectin	0	260230	carbohydrate by difference	carb_to_complex_carbs
1017	Pectin	pectin	pectin	pectin	pectin	0	260230	carbohydrate by difference	carb_to_complex_carbs
1018	Alcohol, ethyl	alcohol, ethyl	alcohol ethyl	alcohol, ethyl	alcohol ethyl	0			
1019	Pentosan	pentosan	pentosan	pentosan	pentosan	0	260230	carbohydrate by difference	carb_to_complex_carbs
1020	Pentoses	pentoses	pentoses	pentoses	pentoses	0	260230	carbohydrate by difference	carb_to_complex_carbs
1021	Hemicellulose	hemicellulose	hemicellulose	hemicellulose	hemicellulose	0	260230	carbohydrate by difference	carb_to_complex_carbs
1022	Cellulose	cellulose	cellulose	cellulose	cellulose	0	260230	carbohydrate by difference	carb_to_complex_carbs
1023	pH	ph	ph	ph	ph	0			
1024	Specific Gravity	specific gravity	specific gravity	specific gravity	specific gravity	0			
1026	Acetic acid	acetic acid	acetic acid	acetic acid	acetic acid	0	1025	organic acids	organic_acids_to_specific_existing
1027	Aconitic acid	aconitic acid	aconitic acid	aconitic acid	aconitic acid	0	1025	organic acids	organic_acids_to_specific_existing
1028	Benzoic acid	benzoic acid	benzoic acid	benzoic acid	benzoic acid	0	1025	organic acids	organic_acids_to_specific_existing
1029	Chelidonic acid	chelidonic acid	chelidonic acid	chelidonic acid	chelidonic acid	0	1025	organic acids	organic_acids_to_specific_existing
1030	Chlorogenic acid	chlorogenic acid	chlorogenic acid	chlorogenic acid	chlorogenic acid	0	1025	organic acids	organic_acids_to_specific_existing
1031	Cinnamic acid	cinnamic acid	cinnamic acid	cinnamic acid	cinnamic acid	0	1025	organic acids	organic_acids_to_specific_existing
1032	Citric acid	citric acid	citric acid	citric acid	citric acid	0	1025	organic acids	organic_acids_to_specific_existing
1033	Fumaric acid	fumaric acid	fumaric acid	fumaric acid	fumaric acid	0	1025	organic acids	organic_acids_to_specific_existing
1034	Galacturonic acid	galacturonic acid	galacturonic acid	galacturonic acid	galacturonic acid	0	1025	organic acids	organic_acids_to_specific_existing
1035	Gallic acid	gallic acid	gallic acid	gallic acid	gallic acid	0	1025	organic acids	organic_acids_to_specific_existing
1036	Glycolic acid	glycolic acid	glycolic acid	glycolic acid	glycolic acid	0	1025	organic acids	organic_acids_to_specific_existing
1037	Isocitric acid	isocitric acid	isocitric acid	isocitric acid	isocitric acid	0	1025	organic acids	organic_acids_to_specific_existing
1038	Lactic acid	lactic acid	lactic acid	lactic acid	lactic acid	0	1025	organic acids	organic_acids_to_specific_existing
1039	Malic acid	malic acid	malic acid	malic acid	malic acid	0	1025	organic acids	organic_acids_to_specific_existing
1040	Oxaloacetic acid	oxaloacetic acid	oxaloacetic acid	oxaloacetic acid	oxaloacetic acid	0	1025	organic acids	organic_acids_to_specific_existing
1041	Oxalic acid	oxalic acid	oxalic acid	oxalic acid	oxalic acid	0	1025	organic acids	organic_acids_to_specific_existing
1042	Phytic acid	phytic acid	phytic acid	phytic acid	phytic acid	0	1025	organic acids	organic_acids_to_specific_existing
1043	Pyruvic acid	pyruvic acid	pyruvic acid	pyruvic acid	pyruvic acid	0	1025	organic acids	organic_acids_to_specific_existing
1044	Quinic acid	quinic acid	quinic acid	quinic acid	quinic acid	0	1025	organic acids	organic_acids_to_specific_existing
1045	Salicylic acid	salicylic acid	salicylic acid	salicylic acid	salicylic acid	0	1025	organic acids	organic_acids_to_specific_existing
1046	Succinic acid	succinic acid	succinic acid	succinic acid	succinic acid	0	1025	organic acids	organic_acids_to_specific_existing
1047	Tartaric acid	tartaric acid	tartaric acid	tartaric acid	tartaric acid	0	1025	organic acids	organic_acids_to_specific_existing
1048	Ursolic acid	ursolic acid	ursolic acid	ursolic acid	ursolic acid	0	1025	organic acids	organic_acids_to_specific_existing
1049	Solids, non-fat	solids, non-fat	solids non-fat	solids, non-fat	solids non fat	0			
1054	Piperine	piperine	piperine	piperine	piperine	0			
1055	Mannitol	mannitol	mannitol	mannitol	mannitol	0	260230	carbohydrate by difference	carb_to_sugars
1056	Sorbitol	sorbitol	sorbitol	sorbitol	sorbitol	0	260230	carbohydrate by difference	carb_to_sugars
1057	Caffeine	caffeine	caffeine	caffeine	caffeine	0			
1058	Theobromine	theobromine	theobromine	theobromine	theobromine	0			
1059	Nitrates	nitrates	nitrates	nitrates	nitrates	0			
1060	Nitrites	nitrites	nitrites	nitrites	nitrites	0			
1065	Glycogen	glycogen	glycogen	glycogen	glycogen	0	260230	carbohydrate by difference	carb_to_complex_carbs
1071	Resistant starch	resistant starch	resistant starch	resistant starch	resistant starch	0	260230	carbohydrate by difference	carb_to_complex_carbs
1073	Arabinose	arabinose	arabinose	arabinose	arabinose	0	260230	carbohydrate by difference	carb_to_complex_carbs
1074	Xylose	xylose	xylose	xylose	xylose	0	260230	carbohydrate by difference	carb_to_complex_carbs
1075	Galactose	galactose	galactose	galactose	galactose	0	260230	carbohydrate by difference	carb_to_sugars
1076	Raffinose	raffinose	raffinose	raffinose	raffinose	0	260230	carbohydrate by difference	carb_to_complex_carbs
1077	Stachyose	stachyose	stachyose	stachyose	stachyose	0	260230	carbohydrate by difference	carb_to_complex_carbs
1078	Xylitol	xylitol	xylitol	xylitol	xylitol	0	260230	carbohydrate by difference	carb_to_sugars
1080	Lignin	lignin	lignin	lignin	lignin	0			
1081	Ribose	ribose	ribose	ribose	ribose	0	260230	carbohydrate by difference	carb_to_complex_carbs
1083	Theophylline	theophylline	theophylline	theophylline	theophylline	0			
1087	Calcium, Ca	calcium	calcium	calcium	calcium	0	1237	calcium added	alias_to_canonical
1088	Chlorine, Cl	chlorine	chlorine	chlorine	chlorine	0	2043	minerals	minerals_total_to_specific
1089	Iron, Fe	iron	iron	iron	iron	0	1238	iron added	alias_to_canonical
1090	Magnesium, Mg	magnesium	magnesium	magnesium	magnesium	0	2043	minerals	minerals_total_to_specific
1091	Phosphorus, P	phosphorus	phosphorus	phosphorus	phosphorus	0	2043	minerals	minerals_total_to_specific
1092	Potassium, K	potassium	potassium	potassium	potassium	0	2043	minerals	minerals_total_to_specific
1093	Sodium, Na	sodium	sodium	sodium	sodium	0	2043	minerals	minerals_total_to_specific
1094	Sulfur, S	sulfur	sulfur	sulfur	sulfur	0	2043	minerals	minerals_total_to_specific
1095	Zinc, Zn	zinc	zinc	zinc	zinc	0	2043	minerals	minerals_total_to_specific
1096	Chromium, Cr	chromium	chromium	chromium	chromium	0	2043	minerals	minerals_total_to_specific
1097	Cobalt, Co	cobalt	cobalt	cobalt	cobalt	0	2043	minerals	minerals_total_to_specific
1098	Copper, Cu	copper	copper	copper	copper	0	2043	minerals	minerals_total_to_specific
1099	Fluoride, F	fluoride	fluoride	fluoride	fluoride	0	2043	minerals	minerals_total_to_specific
1100	Iodine, I	iodine	iodine	iodine	iodine	0	2043	minerals	minerals_total_to_specific
1101	Manganese, Mn	manganese	manganese	manganese	manganese	0	2043	minerals	minerals_total_to_specific
1102	Molybdenum, Mo	molybdenum	molybdenum	molybdenum	molybdenum	0	2043	minerals	minerals_total_to_specific
1103	Selenium, Se	selenium	selenium	selenium	selenium	0	2043	minerals	minerals_total_to_specific
1105	Retinol	retinol	retinol	retinol	retinol	0	1004	lipid	fat_to_fatty_acids
1107	Carotene, beta	carotene, beta	carotene beta	carotene, beta	carotene beta	0	1004	lipid	fat_to_fatty_acids
1108	Carotene, alpha	carotene, alpha	carotene alpha	carotene, alpha	carotene alpha	0	1004	lipid	fat_to_fatty_acids
1109	Vitamin E (alpha-tocopherol)	vitamin e (alpha-tocopherol)	vitamin e (alpha-tocopherol)	vitamin e	vitamin e alpha tocopherol	0	1158	vitamin e	vitamin_e_to_vit_e_forms_existing
1111	Vitamin D2 (ergocalciferol)	vitamin d2 (ergocalciferol)	vitamin d2 (ergocalciferol)	vitamin d2	vitamin d2 ergocalciferol	0	1114	vitamin d d2 d3	vitamin_d_split
1112	Vitamin D3 (cholecalciferol)	vitamin d3 (cholecalciferol)	vitamin d3 (cholecalciferol)	vitamin d3	vitamin d3 cholecalciferol	0	1113	25 hydroxycholecalciferol	alias_to_canonical
1116	Phytoene	phytoene	phytoene	phytoene	phytoene	0	1004	lipid	fat_to_fatty_acids
1117	Phytofluene	phytofluene	phytofluene	phytofluene	phytofluene	0	1004	lipid	fat_to_fatty_acids
1118	Carotene, gamma	carotene, gamma	carotene gamma	carotene, gamma	carotene gamma	0	1004	lipid	fat_to_fatty_acids
1119	Zeaxanthin	zeaxanthin	zeaxanthin	zeaxanthin	zeaxanthin	0	1004	lipid	fat_to_fatty_acids
1120	Cryptoxanthin, beta	cryptoxanthin, beta	cryptoxanthin beta	cryptoxanthin, beta	cryptoxanthin beta	0	2040	other carotenoids	other_carotenoids_to_components_existing
1121	Lutein	lutein	lutein	lutein	lutein	0	1004	lipid	fat_to_fatty_acids
1122	Lycopene	lycopene	lycopene	lycopene	lycopene	0	1004	lipid	fat_to_fatty_acids
1125	Tocopherol, beta	tocopherol, beta	tocopherol beta	tocopherol, beta	tocopherol beta	0	1158	vitamin e	vitamin_e_to_vit_e_forms_existing
1126	Tocopherol, gamma	tocopherol, gamma	tocopherol gamma	tocopherol, gamma	tocopherol gamma	0	1158	vitamin e	vitamin_e_to_vit_e_forms_existing
1127	Tocopherol, delta	tocopherol, delta	tocopherol delta	tocopherol, delta	tocopherol delta	0	1158	vitamin e	vitamin_e_to_vit_e_forms_existing
1128	Tocotrienol, alpha	tocotrienol, alpha	tocotrienol alpha	tocotrienol, alpha	tocotrienol alpha	0	1158	vitamin e	vitamin_e_to_vit_e_forms_existing
1129	Tocotrienol, beta	tocotrienol, beta	tocotrienol beta	tocotrienol, beta	tocotrienol beta	0	1158	vitamin e	vitamin_e_to_vit_e_forms_existing
1130	Tocotrienol, gamma	tocotrienol, gamma	tocotrienol gamma	tocotrienol, gamma	tocotrienol gamma	0	1158	vitamin e	vitamin_e_to_vit_e_forms_existing
1131	Tocotrienol, delta	tocotrienol, delta	tocotrienol delta	tocotrienol, delta	tocotrienol delta	0	1158	vitamin e	vitamin_e_to_vit_e_forms_existing
1132	Aluminum, Al	aluminum	aluminum	aluminum	aluminum	0	2043	minerals	minerals_total_to_specific
1133	Antimony, Sb	antimony	antimony	antimony	antimony	0	2043	minerals	minerals_total_to_specific
1134	Arsenic, As	arsenic	arsenic	arsenic	arsenic	0	2043	minerals	minerals_total_to_specific
1135	Barium, Ba	barium	barium	barium	barium	0	2043	minerals	minerals_total_to_specific
1136	Beryllium, Be	beryllium	beryllium	beryllium	beryllium	0	2043	minerals	minerals_total_to_specific
1137	Boron, B	boron	boron	boron	boron	0	2043	minerals	minerals_total_to_specific
1138	Bromine, Br	bromine	bromine	bromine	bromine	0	2043	minerals	minerals_total_to_specific
1139	Cadmium, Cd	cadmium	cadmium	cadmium	cadmium	0	2043	minerals	minerals_total_to_specific
1140	Gold, Au	gold	gold	gold	gold	0	2043	minerals	minerals_total_to_specific
1141	Iron, heme	iron, heme	iron heme	iron, heme	iron heme	0	2043	minerals	minerals_total_to_specific
1142	Iron, non-heme	iron, non-heme	iron non-heme	iron, non-heme	iron non heme	0	2043	minerals	minerals_total_to_specific
1143	Lead, Pb	lead	lead	lead	lead	0	2043	minerals	minerals_total_to_specific
1144	Lithium, Li	lithium	lithium	lithium	lithium	0	2043	minerals	minerals_total_to_specific
1145	Mercury, Hg	mercury	mercury	mercury	mercury	0	2043	minerals	minerals_total_to_specific
1146	Nickel, Ni	nickel	nickel	nickel	nickel	0	2043	minerals	minerals_total_to_specific
1147	Rubidium, Rb	rubidium	rubidium	rubidium	rubidium	0	2043	minerals	minerals_total_to_specific
1148	Fluoride - DO NOT USE; use 313	fluoride-do not use; use 313	fluoride-do not use; use 313	fluoride-do not use; use 313	fluoride do not use use 313	0	2043	minerals	minerals_total_to_specific
1149	Salt, NaCl	salt, nacl	salt nacl	salt, nacl	salt nacl	0			
1150	Silicon, Si	silicon	silicon	silicon	silicon	0	2043	minerals	minerals_total_to_specific
1151	Silver, Ag	silver	silver	silver	silver	0	2043	minerals	minerals_total_to_specific
1152	Strontium, Sr	strontium	strontium	strontium	strontium	0	2043	minerals	minerals_total_to_specific
1153	Tin, Sn	tin	tin	tin	tin	0	2043	minerals	minerals_total_to_specific
1154	Titanium, Ti	titanium	titanium	titanium	titanium	0	2043	minerals	minerals_total_to_specific
1155	Vanadium, V	vanadium	vanadium	vanadium	vanadium	0	2043	minerals	minerals_total_to_specific
1157	Carotene	carotene	carotene	carotene	carotene	0	1004	lipid	fat_to_fatty_acids
1165	Thiamin	thiamin	thiamin	thiamin	thiamin	0	1243	thiamin added	alias_to_canonical
1166	Riboflavin	riboflavin	riboflavin	riboflavin	riboflavin	0	1244	riboflavin added	alias_to_canonical
1167	Niacin	niacin	niacin	niacin	niacin	0	1245	niacin added	alias_to_canonical
1168	Niacin from tryptophan, determined	niacin from tryptophan, determined	niacin from tryptophan determined	niacin from tryptophan, determined	niacin from tryptophan determined	0			
1169	Niacin equivalent N406 +N407	niacin equivalent n406 +n407	niacin equivalent n406 +n407	niacin equivalent n406 +n407	niacin equivalent n406 n407	0			
1170	Pantothenic acid	pantothenic acid	pantothenic acid	pantothenic acid	pantothenic acid	0	1025	organic acids	organic_acids_to_specific_existing
1175	Vitamin B-6	vitamin b-6	vitamin b-6	vitamin b-6	vitamin b 6	0	1171	vitamin b 6 pyridoxine alcohol form	alias_to_canonical
1176	Biotin	biotin	biotin	biotin	biotin	0			
1178	Vitamin B-12	vitamin b-12	vitamin b-12	vitamin b-12	vitamin b 12	0	1246	vitamin b 12 added	alias_to_canonical
1179	Folate, free	folate, free	folate free	folate, free	folate free	0			
1180	Choline, total	choline	choline	choline	choline	0			
1181	Inositol	inositol	inositol	inositol	inositol	0			
1182	Inositol phosphate	inositol phosphate	inositol phosphate	inositol phosphate	inositol phosphate	0			
1183	Vitamin K (Menaquinone-4)	vitamin k (menaquinone-4)	vitamin k (menaquinone-4)	vitamin k	vitamin k menaquinone 4	0			
1184	Vitamin K (Dihydrophylloquinone)	vitamin k (dihydrophylloquinone)	vitamin k (dihydrophylloquinone)	vitamin k	vitamin k dihydrophylloquinone	0			
1185	Vitamin K (phylloquinone)	vitamin k (phylloquinone)	vitamin k (phylloquinone)	vitamin k	vitamin k phylloquinone	0			
1186	Folic acid	folic acid	folic acid	folic acid	folic acid	0	1025	organic acids	organic_acids_to_specific_existing
1187	Folate, food	folate, food	folate food	folate, food	folate food	0			
1188	5-methyl tetrahydrofolate (5-MTHF)	5-methyl tetrahydrofolate (5-mthf)	5-methyl tetrahydrofolate (5-mthf)	5-methyl tetrahydrofolate	5 methyl tetrahydrofolate 5 mthf	0			
1189	Folate, not 5-MTHF	folate, not 5-mthf	folate not 5-mthf	folate, not 5-mthf	folate not 5 mthf	0			
1190	Folate, DFE	folate, dfe	folate dfe	folate, dfe	folate dfe	0			
1191	10-Formyl folic acid (10HCOFA)	10-formyl folic acid (10hcofa)	10-formyl folic acid (10hcofa)	10-formyl folic acid	10 formyl folic acid 10hcofa	0	1025	organic acids	organic_acids_to_specific_existing
1192	5-Formyltetrahydrofolic acid (5-HCOH4	5-formyltetrahydrofolic acid (5-hcoh4	5-formyltetrahydrofolic acid (5-hcoh4	5-formyltetrahydrofolic acid (5-hcoh4	5 formyltetrahydrofolic acid 5 hcoh4	0	1025	organic acids	organic_acids_to_specific_existing
1193	Tetrahydrofolic acid (THF)	tetrahydrofolic acid	tetrahydrofolic acid	tetrahydrofolic acid	tetrahydrofolic acid	0	1025	organic acids	organic_acids_to_specific_existing
1194	Choline, free	choline, free	choline free	choline, free	choline free	0			
1195	Choline, from phosphocholine	choline, from phosphocholine	choline from phosphocholine	choline, from phosphocholine	choline from phosphocholine	0			
1196	Choline, from phosphotidyl choline	choline, from phosphotidyl choline	choline from phosphotidyl choline	choline, from phosphotidyl choline	choline from phosphotidyl choline	0			
1197	Choline, from glycerophosphocholine	choline, from glycerophosphocholine	choline from glycerophosphocholine	choline, from glycerophosphocholine	choline from glycerophosphocholine	0			
1198	Betaine	betaine	betaine	betaine	betaine	0			
1199	Choline, from sphingomyelin	choline, from sphingomyelin	choline from sphingomyelin	choline, from sphingomyelin	choline from sphingomyelin	0			
1200	p-Hydroxy benzoic acid	p-hydroxy benzoic acid	p-hydroxy benzoic acid	p-hydroxy benzoic acid	p hydroxy benzoic acid	0	1025	organic acids	organic_acids_to_specific_existing
1201	Caffeic acid	caffeic acid	caffeic acid	caffeic acid	caffeic acid	0	1025	organic acids	organic_acids_to_specific_existing
1202	p-Coumaric acid	p-coumaric acid	p-coumaric acid	p-coumaric acid	p coumaric acid	0	1025	organic acids	organic_acids_to_specific_existing
1203	Ellagic acid	ellagic acid	ellagic acid	ellagic acid	ellagic acid	0	1025	organic acids	organic_acids_to_specific_existing
1204	Ferrulic acid	ferrulic acid	ferrulic acid	ferrulic acid	ferrulic acid	0	1025	organic acids	organic_acids_to_specific_existing
1205	Gentisic acid	gentisic acid	gentisic acid	gentisic acid	gentisic acid	0	1025	organic acids	organic_acids_to_specific_existing
1206	Tyrosol	tyrosol	tyrosol	tyrosol	tyrosol	0			
1207	Vanillic acid	vanillic acid	vanillic acid	vanillic acid	vanillic acid	0	1025	organic acids	organic_acids_to_specific_existing
1210	Tryptophan	tryptophan	tryptophan	tryptophan	tryptophan	0	1003	protein	protein_to_amino_acids
1211	Threonine	threonine	threonine	threonine	threonine	0	1003	protein	protein_to_amino_acids
1212	Isoleucine	isoleucine	isoleucine	isoleucine	isoleucine	0	1003	protein	protein_to_amino_acids
1213	Leucine	leucine	leucine	leucine	leucine	0	1003	protein	protein_to_amino_acids
1214	Lysine	lysine	lysine	lysine	lysine	0	1003	protein	protein_to_amino_acids
1215	Methionine	methionine	methionine	methionine	methionine	0	1003	protein	protein_to_amino_acids
1216	Cystine	cystine	cystine	cystine	cystine	0	1003	protein	protein_to_amino_acids
1217	Phenylalanine	phenylalanine	phenylalanine	phenylalanine	phenylalanine	0	1003	protein	protein_to_amino_acids
1218	Tyrosine	tyrosine	tyrosine	tyrosine	tyrosine	0	1003	protein	protein_to_amino_acids
1219	Valine	valine	valine	valine	valine	0	1003	protein	protein_to_amino_acids
1220	Arginine	arginine	arginine	arginine	arginine	0	1003	protein	protein_to_amino_acids
1221	Histidine	histidine	histidine	histidine	histidine	0	1003	protein	protein_to_amino_acids
1222	Alanine	alanine	alanine	alanine	alanine	0	1003	protein	protein_to_amino_acids
1223	Aspartic acid	aspartic acid	aspartic acid	aspartic acid	aspartic acid	0	1003	protein	protein_to_amino_acids
1224	Glutamic acid	glutamic acid	glutamic acid	glutamic acid	glutamic acid	0	1003	protein	protein_to_amino_acids
1225	Glycine	glycine	glycine	glycine	glycine	0	1003	protein	protein_to_amino_acids
1226	Proline	proline	proline	proline	proline	0	1003	protein	protein_to_amino_acids
1227	Serine	serine	serine	serine	serine	0	1003	protein	protein_to_amino_acids
1228	Hydroxyproline	hydroxyproline	hydroxyproline	hydroxyproline	hydroxyproline	0			
1231	Asparagine	asparagine	asparagine	asparagine	asparagine	0	1003	protein	protein_to_amino_acids
1232	Cysteine	cysteine	cysteine	cysteine	cysteine	0	1003	protein	protein_to_amino_acids
1233	Glutamine	glutamine	glutamine	glutamine	glutamine	0	1003	protein	protein_to_amino_acids
1234	Taurine	taurine	taurine	taurine	taurine	0			
1253	Cholesterol	cholesterol	cholesterol	cholesterol	cholesterol	0	1004	lipid	fat_to_fatty_acids
1259	SFA 4:0	sfa 4:0	sfa 4:0	sfa 4:0	sfa 4 0	0	1257	fatty acids total trans	fatty_acids_total_to_individual_existing
1260	SFA 6:0	sfa 6:0	sfa 6:0	sfa 6:0	sfa 6 0	0	1257	fatty acids total trans	fatty_acids_total_to_individual_existing
1261	SFA 8:0	sfa 8:0	sfa 8:0	sfa 8:0	sfa 8 0	0	1257	fatty acids total trans	fatty_acids_total_to_individual_existing
1262	SFA 10:0	sfa 10:0	sfa 10:0	sfa 10:0	sfa 10 0	0	1257	fatty acids total trans	fatty_acids_total_to_individual_existing
1263	SFA 12:0	sfa 12:0	sfa 12:0	sfa 12:0	sfa 12 0	0	1257	fatty acids total trans	fatty_acids_total_to_individual_existing
1264	SFA 14:0	sfa 14:0	sfa 14:0	sfa 14:0	sfa 14 0	0	1257	fatty acids total trans	fatty_acids_total_to_individual_existing
1265	SFA 16:0	sfa 16:0	sfa 16:0	sfa 16:0	sfa 16 0	0	1257	fatty acids total trans	fatty_acids_total_to_individual_existing
1266	SFA 18:0	sfa 18:0	sfa 18:0	sfa 18:0	sfa 18 0	0	1257	fatty acids total trans	fatty_acids_total_to_individual_existing
1267	SFA 20:0	sfa 20:0	sfa 20:0	sfa 20:0	sfa 20 0	0	1257	fatty acids total trans	fatty_acids_total_to_individual_existing
1268	MUFA 18:1	mufa 18:1	mufa 18:1	mufa 18:1	mufa 18 1	0	1257	fatty acids total trans	fatty_acids_total_to_individual_existing
1269	PUFA 18:2	pufa 18:2	pufa 18:2	pufa 18:2	pufa 18 2	0	1257	fatty acids total trans	fatty_acids_total_to_individual_existing
1270	PUFA 18:3	pufa 18:3	pufa 18:3	pufa 18:3	pufa 18 3	0	1257	fatty acids total trans	fatty_acids_total_to_individual_existing
1271	PUFA 20:4	pufa 20:4	pufa 20:4	pufa 20:4	pufa 20 4	0	1257	fatty acids total trans	fatty_acids_total_to_individual_existing
1272	PUFA 22:6 n-3 (DHA)	pufa 22:6 n-3	pufa 22:6 n-3	pufa 22:6 n-3	pufa 22 6 n 3	0	1004	lipid	fat_to_fatty_acids
1273	SFA 22:0	sfa 22:0	sfa 22:0	sfa 22:0	sfa 22 0	0	1257	fatty acids total trans	fatty_acids_total_to_individual_existing
1274	MUFA 14:1	mufa 14:1	mufa 14:1	mufa 14:1	mufa 14 1	0	1257	fatty acids total trans	fatty_acids_total_to_individual_existing
1275	MUFA 16:1	mufa 16:1	mufa 16:1	mufa 16:1	mufa 16 1	0	1257	fatty acids total trans	fatty_acids_total_to_individual_existing
1276	PUFA 18:4	pufa 18:4	pufa 18:4	pufa 18:4	pufa 18 4	0	1257	fatty acids total trans	fatty_acids_total_to_individual_existing
1277	MUFA 20:1	mufa 20:1	mufa 20:1	mufa 20:1	mufa 20 1	0	1257	fatty acids total trans	fatty_acids_total_to_individual_existing
1278	PUFA 20:5 n-3 (EPA)	pufa 20:5 n-3	pufa 20:5 n-3	pufa 20:5 n-3	pufa 20 5 n 3	0	1004	lipid	fat_to_fatty_acids
1279	MUFA 22:1	mufa 22:1	mufa 22:1	mufa 22:1	mufa 22 1	0	1257	fatty acids total trans	fatty_acids_total_to_individual_existing
1280	PUFA 22:5 n-3 (DPA)	pufa 22:5 n-3	pufa 22:5 n-3	pufa 22:5 n-3	pufa 22 5 n 3	0	1257	fatty acids total trans	fatty_acids_total_to_individual_existing
1281	TFA 14:1 t	tfa 14:1 t	tfa 14:1 t	tfa 14:1 t	tfa 14 1 t	0	1257	fatty acids total trans	fatty_acids_total_to_individual_existing
1283	Phytosterols	phytosterols	phytosterols	phytosterols	phytosterols	0			
1284	Ergosterol	ergosterol	ergosterol	ergosterol	ergosterol	0	1004	lipid	fat_to_fatty_acids
1285	Stigmasterol	stigmasterol	stigmasterol	stigmasterol	stigmasterol	0	1004	lipid	fat_to_fatty_acids
1286	Campesterol	campesterol	campesterol	campesterol	campesterol	0	1004	lipid	fat_to_fatty_acids
1287	Brassicasterol	brassicasterol	brassicasterol	brassicasterol	brassicasterol	0			
1288	Beta-sitosterol	beta-sitosterol	beta-sitosterol	beta-sitosterol	beta sitosterol	0			
1289	Campestanol	campestanol	campestanol	campestanol	campestanol	0			
1290	Unsaponifiable matter (lipids)	unsaponifiable matter	unsaponifiable matter	unsaponifiable matter	unsaponifiable matter	0			
1291	Fatty acids, other than 607-615, 617-621, 624-632, 652-654, 686-689)	fatty acids, other than 607-615, 617-621, 624-632, 652-654, 686-689)	fatty acids other than 607-615 617-621 624-632 652-654 686-689)	fatty acids, other than 607-615, 617-621, 624-632, 652-654, 686-689)	fatty acids other than 607 615 617 621 624 632 652 654 686 689	0			
1294	Beta-sitostanol	beta-sitostanol	beta-sitostanol	beta-sitostanol	beta sitostanol	0			
1295	Delta-7-avenasterol	delta-7-avenasterol	delta-7-avenasterol	delta-7-avenasterol	delta 7 avenasterol	0			
1296	Delta-5-avenasterol	delta-5-avenasterol	delta-5-avenasterol	delta-5-avenasterol	delta 5 avenasterol	0			
1297	Alpha-spinasterol	alpha-spinasterol	alpha-spinasterol	alpha-spinasterol	alpha spinasterol	0			
1298	Phytosterols, other	phytosterols, other	phytosterols other	phytosterols, other	phytosterols other	0			
1299	SFA 15:0	sfa 15:0	sfa 15:0	sfa 15:0	sfa 15 0	0	1257	fatty acids total trans	fatty_acids_total_to_individual_existing
1300	SFA 17:0	sfa 17:0	sfa 17:0	sfa 17:0	sfa 17 0	0	1257	fatty acids total trans	fatty_acids_total_to_individual_existing
1301	SFA 24:0	sfa 24:0	sfa 24:0	sfa 24:0	sfa 24 0	0	1257	fatty acids total trans	fatty_acids_total_to_individual_existing
1303	TFA 16:1 t	tfa 16:1 t	tfa 16:1 t	tfa 16:1 t	tfa 16 1 t	0	1257	fatty acids total trans	fatty_acids_total_to_individual_existing
1304	TFA 18:1 t	tfa 18:1 t	tfa 18:1 t	tfa 18:1 t	tfa 18 1 t	0	1257	fatty acids total trans	fatty_acids_total_to_individual_existing
1305	TFA 22:1 t	tfa 22:1 t	tfa 22:1 t	tfa 22:1 t	tfa 22 1 t	0	1257	fatty acids total trans	fatty_acids_total_to_individual_existing
1306	TFA 18:2 t not further defined	tfa 18:2 t not further defined	tfa 18:2 t not further defined	tfa 18:2 t not further defined	tfa 18 2 t not further defined	0	1257	fatty acids total trans	fatty_acids_total_to_individual_existing
1307	PUFA 18:2 i	pufa 18:2 i	pufa 18:2 i	pufa 18:2 i	pufa 18 2 i	0	1257	fatty acids total trans	fatty_acids_total_to_individual_existing
1308	PUFA 18:2 t,c	pufa 18:2 t, c	pufa 18:2 t c	pufa 18:2 t, c	pufa 18 2 t c	0	1257	fatty acids total trans	fatty_acids_total_to_individual_existing
1309	PUFA 18:2 c,t	pufa 18:2 c, t	pufa 18:2 c t	pufa 18:2 c, t	pufa 18 2 c t	0	1257	fatty acids total trans	fatty_acids_total_to_individual_existing
1310	TFA 18:2 t,t	tfa 18:2 t, t	tfa 18:2 t t	tfa 18:2 t, t	tfa 18 2 t t	0	1257	fatty acids total trans	fatty_acids_total_to_individual_existing
1311	PUFA 18:2 CLAs	pufa 18:2 clas	pufa 18:2 clas	pufa 18:2 clas	pufa 18 2 clas	0	1257	fatty acids total trans	fatty_acids_total_to_individual_existing
1312	MUFA 24:1 c	mufa 24:1 c	mufa 24:1 c	mufa 24:1 c	mufa 24 1 c	0	1257	fatty acids total trans	fatty_acids_total_to_individual_existing
1313	PUFA 20:2 n-6 c,c	pufa 20:2 n-6 c, c	pufa 20:2 n-6 c c	pufa 20:2 n-6 c, c	pufa 20 2 n 6 c c	0	1257	fatty acids total trans	fatty_acids_total_to_individual_existing
1314	MUFA 16:1 c	mufa 16:1 c	mufa 16:1 c	mufa 16:1 c	mufa 16 1 c	0	1257	fatty acids total trans	fatty_acids_total_to_individual_existing
1315	MUFA 18:1 c	mufa 18:1 c	mufa 18:1 c	mufa 18:1 c	mufa 18 1 c	0	1257	fatty acids total trans	fatty_acids_total_to_individual_existing
1316	PUFA 18:2 n-6 c,c	pufa 18:2 n-6 c, c	pufa 18:2 n-6 c c	pufa 18:2 n-6 c, c	pufa 18 2 n 6 c c	0	1257	fatty acids total trans	fatty_acids_total_to_individual_existing
1317	MUFA 22:1 c	mufa 22:1 c	mufa 22:1 c	mufa 22:1 c	mufa 22 1 c	0	1257	fatty acids total trans	fatty_acids_total_to_individual_existing
1318	Fatty acids, saturated, other	fatty acids, saturated, other	fatty acids saturated other	fatty acids, saturated, other	fatty acids saturated other	0			
1319	Fatty acids, monounsat., other	fatty acids, monounsat., other	fatty acids monounsat. other	fatty acids, monounsat., other	fatty acids monounsat other	0			
1320	Fatty acids, polyunsat., other	fatty acids, polyunsat., other	fatty acids polyunsat. other	fatty acids, polyunsat., other	fatty acids polyunsat other	0			
1321	PUFA 18:3 n-6 c,c,c	pufa 18:3 n-6 c, c, c	pufa 18:3 n-6 c c c	pufa 18:3 n-6 c, c, c	pufa 18 3 n 6 c c c	0	1257	fatty acids total trans	fatty_acids_total_to_individual_existing
1322	SFA 19:0	sfa 19:0	sfa 19:0	sfa 19:0	sfa 19 0	0	1257	fatty acids total trans	fatty_acids_total_to_individual_existing
1323	MUFA 17:1	mufa 17:1	mufa 17:1	mufa 17:1	mufa 17 1	0	1257	fatty acids total trans	fatty_acids_total_to_individual_existing
1324	PUFA 16:2	pufa 16:2	pufa 16:2	pufa 16:2	pufa 16 2	0	1257	fatty acids total trans	fatty_acids_total_to_individual_existing
1325	PUFA 20:3	pufa 20:3	pufa 20:3	pufa 20:3	pufa 20 3	0	1257	fatty acids total trans	fatty_acids_total_to_individual_existing
1332	SFA 13:0	sfa 13:0	sfa 13:0	sfa 13:0	sfa 13 0	0	1257	fatty acids total trans	fatty_acids_total_to_individual_existing
1333	MUFA 15:1	mufa 15:1	mufa 15:1	mufa 15:1	mufa 15 1	0	1257	fatty acids total trans	fatty_acids_total_to_individual_existing
1334	PUFA 22:2	pufa 22:2	pufa 22:2	pufa 22:2	pufa 22 2	0	1257	fatty acids total trans	fatty_acids_total_to_individual_existing
1335	SFA 11:0	sfa 11:0	sfa 11:0	sfa 11:0	sfa 11 0	0	1257	fatty acids total trans	fatty_acids_total_to_individual_existing
1336	ORAC, Hydrophyllic	orac, hydrophyllic	orac hydrophyllic	orac, hydrophyllic	orac hydrophyllic	0			
1337	ORAC, Lipophillic	orac, lipophillic	orac lipophillic	orac, lipophillic	orac lipophillic	0			
1338	ORAC, Total	orac	orac	orac	orac	0			
1340	Daidzein	daidzein	daidzein	daidzein	daidzein	0			
1341	Genistein	genistein	genistein	genistein	genistein	0			
1342	Glycitein	glycitein	glycitein	glycitein	glycitein	0			
1343	Isoflavones	isoflavones	isoflavones	isoflavones	isoflavones	0			
1344	Biochanin A	biochanin a	biochanin a	biochanin a	biochanin a	0			
1345	Formononetin	formononetin	formononetin	formononetin	formononetin	0			
1346	Coumestrol	coumestrol	coumestrol	coumestrol	coumestrol	0			
1347	Flavonoids, total	flavonoids	flavonoids	flavonoids	flavonoids	0			
1348	Anthocyanidins	anthocyanidins	anthocyanidins	anthocyanidins	anthocyanidins	0			
1349	Cyanidin	cyanidin	cyanidin	cyanidin	cyanidin	0			
1350	Proanthocyanidin (dimer-A linkage)	proanthocyanidin (dimer-a linkage)	proanthocyanidin (dimer-a linkage)	proanthocyanidin	proanthocyanidin dimer a linkage	0			
1351	Proanthocyanidin monomers	proanthocyanidin monomers	proanthocyanidin monomers	proanthocyanidin monomers	proanthocyanidin monomers	0			
1352	Proanthocyanidin dimers	proanthocyanidin dimers	proanthocyanidin dimers	proanthocyanidin dimers	proanthocyanidin dimers	0			
1353	Proanthocyanidin trimers	proanthocyanidin trimers	proanthocyanidin trimers	proanthocyanidin trimers	proanthocyanidin trimers	0			
1354	Proanthocyanidin 4-6mers	proanthocyanidin 4-6mers	proanthocyanidin 4-6mers	proanthocyanidin 4-6mers	proanthocyanidin 4 6mers	0			
1355	Proanthocyanidin 7-10mers	proanthocyanidin 7-10mers	proanthocyanidin 7-10mers	proanthocyanidin 7-10mers	proanthocyanidin 7 10mers	0			
1356	Proanthocyanidin polymers (>10mers)	proanthocyanidin polymers (>10mers)	proanthocyanidin polymers (>10mers)	proanthocyanidin polymers	proanthocyanidin polymers 10mers	0			
1357	Delphinidin	delphinidin	delphinidin	delphinidin	delphinidin	0			
1358	Malvidin	malvidin	malvidin	malvidin	malvidin	0			
1359	Pelargonidin	pelargonidin	pelargonidin	pelargonidin	pelargonidin	0			
1360	Peonidin	peonidin	peonidin	peonidin	peonidin	0			
1361	Petunidin	petunidin	petunidin	petunidin	petunidin	0			
1362	Flavans, total	flavans	flavans	flavans	flavans	0			
1363	Catechins, total	catechins	catechins	catechins	catechins	0			
1364	Catechin	catechin	catechin	catechin	catechin	0			
1365	Epigallocatechin	epigallocatechin	epigallocatechin	epigallocatechin	epigallocatechin	0			
1366	Epicatechin	epicatechin	epicatechin	epicatechin	epicatechin	0			
1367	Epicatechin-3-gallate	epicatechin-3-gallate	epicatechin-3-gallate	epicatechin-3-gallate	epicatechin 3 gallate	0			
1368	Epigallocatechin-3-gallate	epigallocatechin-3-gallate	epigallocatechin-3-gallate	epigallocatechin-3-gallate	epigallocatechin 3 gallate	0			
1369	Procyanidins, total	procyanidins	procyanidins	procyanidins	procyanidins	0			
1370	Theaflavins	theaflavins	theaflavins	theaflavins	theaflavins	0			
1371	Thearubigins	thearubigins	thearubigins	thearubigins	thearubigins	0			
1372	Flavanones, total	flavanones	flavanones	flavanones	flavanones	0			
1373	Eriodictyol	eriodictyol	eriodictyol	eriodictyol	eriodictyol	0			
1374	Hesperetin	hesperetin	hesperetin	hesperetin	hesperetin	0			
1375	Isosakuranetin	isosakuranetin	isosakuranetin	isosakuranetin	isosakuranetin	0			
1376	Liquiritigenin	liquiritigenin	liquiritigenin	liquiritigenin	liquiritigenin	0			
1377	Naringenin	naringenin	naringenin	naringenin	naringenin	0			
1378	Flavones, total	flavones	flavones	flavones	flavones	0			
1379	Apigenin	apigenin	apigenin	apigenin	apigenin	0			
1380	Chrysoeriol	chrysoeriol	chrysoeriol	chrysoeriol	chrysoeriol	0			
1381	Diosmetin	diosmetin	diosmetin	diosmetin	diosmetin	0			
1382	Luteolin	luteolin	luteolin	luteolin	luteolin	0			
1383	Nobiletin	nobiletin	nobiletin	nobiletin	nobiletin	0			
1384	Sinensetin	sinensetin	sinensetin	sinensetin	sinensetin	0			
1385	Tangeretin	tangeretin	tangeretin	tangeretin	tangeretin	0			
1386	Flavonols, total	flavonols	flavonols	flavonols	flavonols	0			
1387	Isorhamnetin	isorhamnetin	isorhamnetin	isorhamnetin	isorhamnetin	0			
1388	Kaempferol	kaempferol	kaempferol	kaempferol	kaempferol	0			
1389	Limocitrin	limocitrin	limocitrin	limocitrin	limocitrin	0			
1390	Myricetin	myricetin	myricetin	myricetin	myricetin	0			
1391	Quercetin	quercetin	quercetin	quercetin	quercetin	0			
1392	Theogallin	theogallin	theogallin	theogallin	theogallin	0			
1393	Theaflavin -3,3' -digallate	theaflavin-3, 3'-digallate	theaflavin-3 3'-digallate	theaflavin-3, 3'-digallate	theaflavin 3 3 digallate	0			
1394	Theaflavin -3' -gallate	theaflavin-3'-gallate	theaflavin-3'-gallate	theaflavin-3'-gallate	theaflavin 3 gallate	0			
1395	Theaflavin -3 -gallate	theaflavin-3-gallate	theaflavin-3-gallate	theaflavin-3-gallate	theaflavin 3 gallate	0			
1396	(+) -Gallo catechin	(+)-gallo catechin	(+)-gallo catechin	-gallo catechin	gallo catechin	0			
1397	(+)-Catechin 3-gallate	(+)-catechin 3-gallate	(+)-catechin 3-gallate	-catechin 3-gallate	catechin 3 gallate	0			
1398	(+)-Gallocatechin 3-gallate	(+)-gallocatechin 3-gallate	(+)-gallocatechin 3-gallate	-gallocatechin 3-gallate	gallocatechin 3 gallate	0			
1399	Mannose	mannose	mannose	mannose	mannose	0	260230	carbohydrate by difference	carb_to_complex_carbs
1400	Triose	triose	triose	triose	triose	0	260230	carbohydrate by difference	carb_to_complex_carbs
1401	Tetrose	tetrose	tetrose	tetrose	tetrose	0	260230	carbohydrate by difference	carb_to_complex_carbs
1403	Inulin	inulin	inulin	inulin	inulin	0	260230	carbohydrate by difference	carb_to_complex_carbs
1404	PUFA 18:3 n-3 c,c,c (ALA)	pufa 18:3 n-3 c, c, c	pufa 18:3 n-3 c c c	pufa 18:3 n-3 c, c, c	pufa 18 3 n 3 c c c	0	1257	fatty acids total trans	fatty_acids_total_to_individual_existing
1405	PUFA 20:3 n-3	pufa 20:3 n-3	pufa 20:3 n-3	pufa 20:3 n-3	pufa 20 3 n 3	0	1257	fatty acids total trans	fatty_acids_total_to_individual_existing
1406	PUFA 20:3 n-6	pufa 20:3 n-6	pufa 20:3 n-6	pufa 20:3 n-6	pufa 20 3 n 6	0	1257	fatty acids total trans	fatty_acids_total_to_individual_existing
1407	PUFA 20:4 n-3	pufa 20:4 n-3	pufa 20:4 n-3	pufa 20:4 n-3	pufa 20 4 n 3	0	1257	fatty acids total trans	fatty_acids_total_to_individual_existing
1408	PUFA 20:4 n-6	pufa 20:4 n-6	pufa 20:4 n-6	pufa 20:4 n-6	pufa 20 4 n 6	0	1257	fatty acids total trans	fatty_acids_total_to_individual_existing
1409	PUFA 18:3i	pufa 18:3i	pufa 18:3i	pufa 18:3i	pufa 18 3i	0	1257	fatty acids total trans	fatty_acids_total_to_individual_existing
1410	PUFA 21:5	pufa 21:5	pufa 21:5	pufa 21:5	pufa 21 5	0	1257	fatty acids total trans	fatty_acids_total_to_individual_existing
1411	PUFA 22:4	pufa 22:4	pufa 22:4	pufa 22:4	pufa 22 4	0	1257	fatty acids total trans	fatty_acids_total_to_individual_existing
1412	MUFA 18:1-11 t (18:1t n-7)	mufa 18:1-11 t (18:1t n-7)	mufa 18:1-11 t (18:1t n-7)	mufa 18:1-11 t	mufa 18 1 11 t 18 1t n 7	0	1257	fatty acids total trans	fatty_acids_total_to_individual_existing
1413	MUFA 18:1-11 c (18:1c n-7)	mufa 18:1-11 c (18:1c n-7)	mufa 18:1-11 c (18:1c n-7)	mufa 18:1-11 c	mufa 18 1 11 c 18 1c n 7	0	1257	fatty acids total trans	fatty_acids_total_to_individual_existing
1414	PUFA 20:3 n-9	pufa 20:3 n-9	pufa 20:3 n-9	pufa 20:3 n-9	pufa 20 3 n 9	0	1257	fatty acids total trans	fatty_acids_total_to_individual_existing
2003	SFA 5:0	sfa 5:0	sfa 5:0	sfa 5:0	sfa 5 0	0	1257	fatty acids total trans	fatty_acids_total_to_individual_existing
2004	SFA 7:0	sfa 7:0	sfa 7:0	sfa 7:0	sfa 7 0	0	1257	fatty acids total trans	fatty_acids_total_to_individual_existing
2005	SFA 9:0	sfa 9:0	sfa 9:0	sfa 9:0	sfa 9 0	0	1257	fatty acids total trans	fatty_acids_total_to_individual_existing
2006	SFA 21:0	sfa 21:0	sfa 21:0	sfa 21:0	sfa 21 0	0	1257	fatty acids total trans	fatty_acids_total_to_individual_existing
2007	SFA 23:0	sfa 23:0	sfa 23:0	sfa 23:0	sfa 23 0	0	1257	fatty acids total trans	fatty_acids_total_to_individual_existing
2008	MUFA 12:1	mufa 12:1	mufa 12:1	mufa 12:1	mufa 12 1	0	1257	fatty acids total trans	fatty_acids_total_to_individual_existing
2009	MUFA 14:1 c	mufa 14:1 c	mufa 14:1 c	mufa 14:1 c	mufa 14 1 c	0	1257	fatty acids total trans	fatty_acids_total_to_individual_existing
2010	MUFA 17:1 c	mufa 17:1 c	mufa 17:1 c	mufa 17:1 c	mufa 17 1 c	0	1257	fatty acids total trans	fatty_acids_total_to_individual_existing
2011	TFA 17:1 t	tfa 17:1 t	tfa 17:1 t	tfa 17:1 t	tfa 17 1 t	0	1257	fatty acids total trans	fatty_acids_total_to_individual_existing
2012	MUFA 20:1 c	mufa 20:1 c	mufa 20:1 c	mufa 20:1 c	mufa 20 1 c	0	1257	fatty acids total trans	fatty_acids_total_to_individual_existing
2013	TFA 20:1 t	tfa 20:1 t	tfa 20:1 t	tfa 20:1 t	tfa 20 1 t	0	1257	fatty acids total trans	fatty_acids_total_to_individual_existing
2014	MUFA 22:1 n-9	mufa 22:1 n-9	mufa 22:1 n-9	mufa 22:1 n-9	mufa 22 1 n 9	0	1257	fatty acids total trans	fatty_acids_total_to_individual_existing
2015	MUFA 22:1 n-11	mufa 22:1 n-11	mufa 22:1 n-11	mufa 22:1 n-11	mufa 22 1 n 11	0	1257	fatty acids total trans	fatty_acids_total_to_individual_existing
2016	PUFA 18:2 c	pufa 18:2 c	pufa 18:2 c	pufa 18:2 c	pufa 18 2 c	0	1257	fatty acids total trans	fatty_acids_total_to_individual_existing
2017	TFA 18:2 t	tfa 18:2 t	tfa 18:2 t	tfa 18:2 t	tfa 18 2 t	0	1257	fatty acids total trans	fatty_acids_total_to_individual_existing
2018	PUFA 18:3 c	pufa 18:3 c	pufa 18:3 c	pufa 18:3 c	pufa 18 3 c	0	1257	fatty acids total trans	fatty_acids_total_to_individual_existing
2019	TFA 18:3 t	tfa 18:3 t	tfa 18:3 t	tfa 18:3 t	tfa 18 3 t	0	1257	fatty acids total trans	fatty_acids_total_to_individual_existing
2020	PUFA 20:3 c	pufa 20:3 c	pufa 20:3 c	pufa 20:3 c	pufa 20 3 c	0	1257	fatty acids total trans	fatty_acids_total_to_individual_existing
2021	PUFA 22:3	pufa 22:3	pufa 22:3	pufa 22:3	pufa 22 3	0	1257	fatty acids total trans	fatty_acids_total_to_individual_existing
2022	PUFA 20:4c	pufa 20:4c	pufa 20:4c	pufa 20:4c	pufa 20 4c	0	1257	fatty acids total trans	fatty_acids_total_to_individual_existing
2023	PUFA 20:5c	pufa 20:5c	pufa 20:5c	pufa 20:5c	pufa 20 5c	0	1257	fatty acids total trans	fatty_acids_total_to_individual_existing
2024	PUFA 22:5 c	pufa 22:5 c	pufa 22:5 c	pufa 22:5 c	pufa 22 5 c	0	1257	fatty acids total trans	fatty_acids_total_to_individual_existing
2025	PUFA 22:6 c	pufa 22:6 c	pufa 22:6 c	pufa 22:6 c	pufa 22 6 c	0	1257	fatty acids total trans	fatty_acids_total_to_individual_existing
2026	PUFA 20:2 c	pufa 20:2 c	pufa 20:2 c	pufa 20:2 c	pufa 20 2 c	0	1257	fatty acids total trans	fatty_acids_total_to_individual_existing
2032	Cryptoxanthin, alpha	cryptoxanthin, alpha	cryptoxanthin alpha	cryptoxanthin, alpha	cryptoxanthin alpha	0	2040	other carotenoids	other_carotenoids_to_components_existing
2049	Daidzin	daidzin	daidzin	daidzin	daidzin	0			
2050	Genistin	genistin	genistin	genistin	genistin	0			
2051	Glycitin	glycitin	glycitin	glycitin	glycitin	0			
2052	Delta-7-Stigmastenol	delta-7-stigmastenol	delta-7-stigmastenol	delta-7-stigmastenol	delta 7 stigmastenol	0			
2053	Stigmastadiene	stigmastadiene	stigmastadiene	stigmastadiene	stigmastadiene	0			
2057	Ergothioneine	ergothioneine	ergothioneine	ergothioneine	ergothioneine	0			
2058	Beta-glucan	beta-glucan	beta-glucan	beta-glucan	beta glucan	0	1068	beta glucans	alias_to_canonical
2059	Vitamin D4	vitamin d4	vitamin d4	vitamin d4	vitamin d4	0			
2060	Ergosta-7-enol	ergosta-7-enol	ergosta-7-enol	ergosta-7-enol	ergosta 7 enol	0			
2061	Ergosta-7,22-dienol	ergosta-7, 22-dienol	ergosta-7 22-dienol	ergosta-7, 22-dienol	ergosta 7 22 dienol	0			
2062	Ergosta-5,7-dienol	ergosta-5, 7-dienol	ergosta-5 7-dienol	ergosta-5, 7-dienol	ergosta 5 7 dienol	0			
2063	Verbascose	verbascose	verbascose	verbascose	verbascose	0	260230	carbohydrate by difference	carb_to_complex_carbs
2069	Glutathione	glutathione	glutathione	glutathione	glutathione	0			
95000	Formic acid	formic acid	formic acid	formic acid	formic acid	0	1025	organic acids	organic_acids_to_specific_existing
95001	Gluconic acid	gluconic acid	gluconic acid	gluconic acid	gluconic acid	0	1025	organic acids	organic_acids_to_specific_existing
95002	Malonic acid	malonic acid	malonic acid	malonic acid	malonic acid	0	1025	organic acids	organic_acids_to_specific_existing
95003	alpha-Ketoglutaric acid	alpha-ketoglutaric acid	alpha-ketoglutaric acid	alpha-ketoglutaric acid	alpha ketoglutaric acid	0	1025	organic acids	organic_acids_to_specific_existing
95004	Orotic acid	orotic acid	orotic acid	orotic acid	orotic acid	0	1025	organic acids	organic_acids_to_specific_existing
95005	Ferulic acid	ferulic acid	ferulic acid	ferulic acid	ferulic acid	0	1025	organic acids	organic_acids_to_specific_existing
95006	Tannin	tannin	tannin	tannin	tannin	0			
95007	Polyphenol	polyphenol	polyphenol	polyphenol	polyphenol	0			
96000	(+)-Catechin	(+)-catechin	(+)-catechin	-catechin	catechin	0			
96001	(+)-Gallocatechin	(+)-gallocatechin	(+)-gallocatechin	-gallocatechin	gallocatechin	0			
96002	(-)-Epicatechin	-epicatechin	-epicatechin	-epicatechin	epicatechin	0			
96003	(-)-Epicatechin 3-O-gallate	-epicatechin 3-o-gallate	-epicatechin 3-o-gallate	-epicatechin 3-o-gallate	epicatechin 3 o gallate	0			
96004	(-)-Epigallocatechin	-epigallocatechin	-epigallocatechin	-epigallocatechin	epigallocatechin	0			
96005	(-)-Epigallocatechin 3-O-gallate	-epigallocatechin 3-o-gallate	-epigallocatechin 3-o-gallate	-epigallocatechin 3-o-gallate	epigallocatechin 3 o gallate	0			
96006	02 mers	02 mers	02 mers	02 mers	02 mers	0			
96007	03 mers	03 mers	03 mers	03 mers	03 mers	0			
96008	04-06 mers	04-06 mers	04-06 mers	04-06 mers	04 06 mers	0			
96009	07-10 mers	07-10 mers	07-10 mers	07-10 mers	07 10 mers	0			
96010	1,4-Naphtoquinone	1, 4-naphtoquinone	1 4-naphtoquinone	1, 4-naphtoquinone	1 4 naphtoquinone	0			
96011	13-cis-retinol	13-cis-retinol	13-cis-retinol	13-cis-retinol	13 cis retinol	0	1004	lipid	fat_to_fatty_acids
96012	2,3-Dihydroxy-1-guaiacylpropanone	2, 3-dihydroxy-1-guaiacylpropanone	2 3-dihydroxy-1-guaiacylpropanone	2, 3-dihydroxy-1-guaiacylpropanone	2 3 dihydroxy 1 guaiacylpropanone	0			
96013	25-hydroxy D2-vitamin	25-hydroxy d2-vitamin	25-hydroxy d2-vitamin	25-hydroxy d2-vitamin	25 hydroxy d2 vitamin	0			
96014	25-hydroxy D3-vitamin	25-hydroxy d3-vitamin	25-hydroxy d3-vitamin	25-hydroxy d3-vitamin	25 hydroxy d3 vitamin	0			
96015	25-hydroxy Vitamin D2	25-hydroxy vitamin d2	25-hydroxy vitamin d2	25-hydroxy vitamin d2	25 hydroxy vitamin d2	0			
96016	25-hydroxy vitamin D3	25-hydroxy vitamin d3	25-hydroxy vitamin d3	25-hydroxy vitamin d3	25 hydroxy vitamin d3	0			
96018	3,7-Dimethylquercetin	3, 7-dimethylquercetin	3 7-dimethylquercetin	3, 7-dimethylquercetin	3 7 dimethylquercetin	0			
96019	3-Methylcatechol	3-methylcatechol	3-methylcatechol	3-methylcatechol	3 methylcatechol	0			
96020	3_alpha	3_alpha	3_alpha	3_alpha	3 alpha	0			
96021	4-Ethylcatechol	4-ethylcatechol	4-ethylcatechol	4-ethylcatechol	4 ethylcatechol	0			
96022	4-Ethylguaiacol	4-ethylguaiacol	4-ethylguaiacol	4-ethylguaiacol	4 ethylguaiacol	0			
96023	4-Ethylphenol	4-ethylphenol	4-ethylphenol	4-ethylphenol	4 ethylphenol	0			
96024	4-Hydroxybenzaldehyde	4-hydroxybenzaldehyde	4-hydroxybenzaldehyde	4-hydroxybenzaldehyde	4 hydroxybenzaldehyde	0			
96025	4-Hydroxycoumarin	4-hydroxycoumarin	4-hydroxycoumarin	4-hydroxycoumarin	4 hydroxycoumarin	0			
96026	4-Methylcatechol	4-methylcatechol	4-methylcatechol	4-methylcatechol	4 methylcatechol	0			
96027	4-Vinylguaiacol	4-vinylguaiacol	4-vinylguaiacol	4-vinylguaiacol	4 vinylguaiacol	0			
96028	4-Vinylphenol	4-vinylphenol	4-vinylphenol	4-vinylphenol	4 vinylphenol	0			
96029	5-Heneicosenylresorcinol	5-heneicosenylresorcinol	5-heneicosenylresorcinol	5-heneicosenylresorcinol	5 heneicosenylresorcinol	0			
96030	5-Heneicosylresorcinol	5-heneicosylresorcinol	5-heneicosylresorcinol	5-heneicosylresorcinol	5 heneicosylresorcinol	0			
96031	5-Heptadecylresorcinol	5-heptadecylresorcinol	5-heptadecylresorcinol	5-heptadecylresorcinol	5 heptadecylresorcinol	0			
96032	5-mehtyl folate	5-mehtyl folate	5-mehtyl folate	5-mehtyl folate	5 mehtyl folate	0			
96033	5-Nonadecenylresorcinol	5-nonadecenylresorcinol	5-nonadecenylresorcinol	5-nonadecenylresorcinol	5 nonadecenylresorcinol	0			
96034	5-Nonadecylresorcinol	5-nonadecylresorcinol	5-nonadecylresorcinol	5-nonadecylresorcinol	5 nonadecylresorcinol	0			
96035	5-Pentacosenylresorcinol	5-pentacosenylresorcinol	5-pentacosenylresorcinol	5-pentacosenylresorcinol	5 pentacosenylresorcinol	0			
96036	5-Pentacosylresorcinol	5-pentacosylresorcinol	5-pentacosylresorcinol	5-pentacosylresorcinol	5 pentacosylresorcinol	0			
96037	5-Pentadecylresorcinol	5-pentadecylresorcinol	5-pentadecylresorcinol	5-pentadecylresorcinol	5 pentadecylresorcinol	0			
96038	5-Tricosenylresorcinol	5-tricosenylresorcinol	5-tricosenylresorcinol	5-tricosenylresorcinol	5 tricosenylresorcinol	0			
96039	5-Tricosylresorcinol	5-tricosylresorcinol	5-tricosylresorcinol	5-tricosylresorcinol	5 tricosylresorcinol	0			
96040	6-Geranylnaringenin	6-geranylnaringenin	6-geranylnaringenin	6-geranylnaringenin	6 geranylnaringenin	0			
96041	6-Prenylnaringenin	6-prenylnaringenin	6-prenylnaringenin	6-prenylnaringenin	6 prenylnaringenin	0			
96042	8-Prenylnaringenin	8-prenylnaringenin	8-prenylnaringenin	8-prenylnaringenin	8 prenylnaringenin	0			
96043	A-vitamin	a-vitamin	a-vitamin	a-vitamin	a vitamin	0			
96044	AA (pernitrogen)	a	a	a	aa	0			
96045	AAA	aaa	aaa	aaa	aaa	0			
96046	AAE-	aae-	aae-	aae-	aae	0			
96047	AAE8	aae8	aae8	aae8	aae8	0			
96048	AANE	aane	aane	aane	aane	0			
96049	AAS	aas	aas	aas	aas	0			
96050	AAT-	aat-	aat-	aat-	aat	0			
96051	AAT18	aat18	aat18	aat18	aat18	0			
96052	AAT19	aat19	aat19	aat19	aat19	0			
96053	AAT24	aat24	aat24	aat24	aat24	0			
96054	ACEAC	aceac	aceac	aceac	aceac	0			
96055	ACW	acw	acw	acw	acw	0			
96057	ALA	ala	ala	ala	ala	0			
96058	ALA_A_ARG	ala_a_arg	ala_a_arg	ala_a_arg	ala a arg	0			
96059	Alanin	alanin	alanin	alanin	alanin	0			
96060	ALBU	albu	albu	albu	albu	0			
96061	ALC	alc	alc	alc	alc	0			
96062	Alcohol	alcohol	alcohol	alcohol	alcohol	0			
96063	Alcool	alcool	alcool	alcool	alcool	0			
96064	Alfa-carotene	alfa-carotene	alfa-carotene	alfa-carotene	alfa carotene	0	1004	lipid	fat_to_fatty_acids
96065	alfa-Tokoferol	alfa-tokoferol	alfa-tokoferol	alfa-tokoferol	alfa tokoferol	0			
96066	alfa-Tokotrienol	alfa-tokotrienol	alfa-tokotrienol	alfa-tokotrienol	alfa tokotrienol	0			
96067	alim_grp_nom_eng	alim_grp_nom_eng	alim_grp_nom_eng	alim_grp_nom_eng	alim grp nom eng	0			
96068	alim_nom_eng	alim_nom_eng	alim_nom_eng	alim_nom_eng	alim nom eng	0			
96069	alim_nom_sci	alim_nom_sci	alim_nom_sci	alim_nom_sci	alim nom sci	0			
96070	alim_ssgrp_nom_eng	alim_ssgrp_nom_eng	alim_ssgrp_nom_eng	alim_ssgrp_nom_eng	alim ssgrp nom eng	0			
96071	alim_ssssgrp_nom_eng	alim_ssssgrp_nom_eng	alim_ssssgrp_nom_eng	alim_ssssgrp_nom_eng	alim ssssgrp nom eng	0			
96072	Alkohol	alkohol	alkohol	alkohol	alkohol	0			
96073	Alkylmethoxyphenols	alkylmethoxyphenols	alkylmethoxyphenols	alkylmethoxyphenols	alkylmethoxyphenols	0			
96074	Alkylphenols	alkylphenols	alkylphenols	alkylphenols	alkylphenols	0			
96075	All-trans-retinol	all-trans-retinol	all-trans-retinol	all-trans-retinol	all trans retinol	0	1004	lipid	fat_to_fatty_acids
96076	Alpha-carotene	alpha-carotene	alpha-carotene	alpha-carotene	alpha carotene	0	1004	lipid	fat_to_fatty_acids
96077	Alpha-carotène	alpha-carotène	alpha-carotène	alpha-carotène	alpha carot ne	0			
96078	Alpha-tocopherol	alpha-tocopherol	alpha-tocopherol	alpha-tocopherol	alpha tocopherol	0	1158	vitamin e	vitamin_e_to_vit_e_forms_existing
96079	Alpha-tocopherol (vitamine E)	alpha-tocopherol	alpha-tocopherol	alpha-tocopherol	alpha tocopherol	0	1158	vitamin e	vitamin_e_to_vit_e_forms_existing
96080	Alpha-tocophérol	alpha-tocophérol	alpha-tocophérol	alpha-tocophérol	alpha tocoph rol	0			
96081	Alpha-tocotrienol	alpha-tocotrienol	alpha-tocotrienol	alpha-tocotrienol	alpha tocotrienol	0	1158	vitamin e	vitamin_e_to_vit_e_forms_existing
96082	Aluminium	aluminium	aluminium	aluminium	aluminium	0			
96083	Aminosyrer og Nitrogen	aminosyrer og nitrogen	aminosyrer og nitrogen	aminosyrer og nitrogen	aminosyrer og nitrogen	0			
96084	AMMON	ammon	ammon	ammon	ammon	0			
96085	AMYS	amys	amys	amys	amys	0			
96086	Analytical/Biodiversity	analytical/biodiversity	analytical/biodiversity	analytical/biodiversity	analytical biodiversity	0			
96087	Andre fedtsyrer	andre fedtsyrer	andre fedtsyrer	andre fedtsyrer	andre fedtsyrer	0			
96088	ANTCYAN	antcyan	antcyan	antcyan	antcyan	0			
96089	ANTCYANIN	antcyanin	antcyanin	antcyanin	antcyanin	0			
96090	Anthocyanins	anthocyanins	anthocyanins	anthocyanins	anthocyanins	0	240117	anthocyanins	alias_to_canonical
96091	ANTHX	anthx	anthx	anthx	anthx	0			
96093	ARAS	aras	aras	aras	aras	0			
96094	Arctigenin	arctigenin	arctigenin	arctigenin	arctigenin	0			
96095	ARG	arg	arg	arg	arg	0			
96096	Arginin	arginin	arginin	arginin	arginin	0			
96097	Arsen	arsen	arsen	arsen	arsen	0			
96098	ASCDL	ascdl	ascdl	ascdl	ascdl	0			
96099	ASCL	ascl	ascl	ascl	ascl	0			
96100	Ascorbinsyre	ascorbinsyre	ascorbinsyre	ascorbinsyre	ascorbinsyre	0			
96101	Aske	aske	aske	aske	aske	0			
96102	ASN	asn	asn	asn	asn	0			
96103	ASN_A_ASP	asn_a_asp	asn_a_asp	asn_a_asp	asn a asp	0			
96104	ASP	asp	asp	asp	asp	0			
96105	Asparaginsyre	asparaginsyre	asparaginsyre	asparaginsyre	asparaginsyre	0			
96106	ATX	atx	atx	atx	atx	0			
96107	AVED5	aved5	aved5	aved5	aved5	0			
96108	B12-vitamin	b12-vitamin	b12-vitamin	b12-vitamin	b12 vitamin	0			
96109	B6-vitamin	b6-vitamin	b6-vitamin	b6-vitamin	b6 vitamin	0			
96110	BENAC	benac	benac	benac	benac	0			
96111	Benzosyre	benzosyre	benzosyre	benzosyre	benzosyre	0			
96112	beta-Caroten	beta-caroten	beta-caroten	beta-caroten	beta caroten	0	96364	cis beta caroten	alias_to_canonical
96113	Beta-carotene	beta-carotene	beta-carotene	beta-carotene	beta carotene	0	1004	lipid	fat_to_fatty_acids
96114	Beta-cryptoxanthin	beta-cryptoxanthin	beta-cryptoxanthin	beta-cryptoxanthin	beta cryptoxanthin	0	2040	other carotenoids	other_carotenoids_to_components_existing
96115	Beta-tocopherol	beta-tocopherol	beta-tocopherol	beta-tocopherol	beta tocopherol	0	1158	vitamin e	vitamin_e_to_vit_e_forms_existing
96116	beta-Tokoferol	beta-tokoferol	beta-tokoferol	beta-tokoferol	beta tokoferol	0			
96117	Bevat sporen van/Contains traces of	bevat sporen van/contains traces of	bevat sporen van/contains traces of	bevat sporen van/contains traces of	bevat sporen van contains traces of	0			
96118	Bibliography	bibliography	bibliography	bibliography	bibliography	0			
96119	Bioactive constituents	bioactive constituents	bioactive constituents	bioactive constituents	bioactive constituents	0			
96120	Biogene aminer	biogene aminer	biogene aminer	biogene aminer	biogene aminer	0			
96121	Biogenic amines	biogenic amines	biogenic amines	biogenic amines	biogenic amines	0			
96122	BIOT	biot	biot	biot	biot	0			
96123	Bly	bly	bly	bly	bly	0			
96124	Bor	bor	bor	bor	bor	0			
96125	Branched chain FA /100g FA	branched chain fa/100g fa	branched chain fa/100g fa	branched chain fa/100g fa	branched chain fa 100g fa	0			
96126	BRASTR	brastr	brastr	brastr	brastr	0			
96127	BRD	brd	brd	brd	brd	0			
96128	Breed	breed	breed	breed	breed	0			
96129	Brom	brom	brom	brom	brom	0			
96130	Bêta-carotène	bêta-carotène	bêta-carotène	bêta-carotène	b ta carot ne	0			
96131	Bêta-cryptoxanthine	bêta-cryptoxanthine	bêta-cryptoxanthine	bêta-cryptoxanthine	b ta cryptoxanthine	0			
96132	Bêta-tocophérol	bêta-tocophérol	bêta-tocophérol	bêta-tocophérol	b ta tocoph rol	0			
96133	C-vitamin	c-vitamin	c-vitamin	c-vitamin	c vitamin	0			
96134	C10:0	c10:0	c10:0	c10:0	c10 0	0			
96135	C10:0 /100g FA	c10:0/100g fa	c10:0/100g fa	c10:0/100g fa	c10 0 100g fa	0			
96136	C10:1 /100g FA	c10:1/100g fa	c10:1/100g fa	c10:1/100g fa	c10 1 100g fa	0			
96137	C10:1 cis	c10:1 cis	c10:1 cis	c10:1 cis	c10 1 cis	0			
96138	C10:1 trans	c10:1 trans	c10:1 trans	c10:1 trans	c10 1 trans	0			
96139	C11:0	c11:0	c11:0	c11:0	c11 0	0			
96140	C11:0 ex Br /100g FA	c11:0 ex br/100g fa	c11:0 ex br/100g fa	c11:0 ex br/100g fa	c11 0 ex br 100g fa	0			
96141	C12:0	c12:0	c12:0	c12:0	c12 0	0			
96142	C12:0 /100g FA	c12:0/100g fa	c12:0/100g fa	c12:0/100g fa	c12 0 100g fa	0			
96143	C12:0 ex Br /100g FA	c12:0 ex br/100g fa	c12:0 ex br/100g fa	c12:0 ex br/100g fa	c12 0 ex br 100g fa	0			
96144	C12:1 /100g FA	c12:1/100g fa	c12:1/100g fa	c12:1/100g fa	c12 1 100g fa	0			
96145	C12:1 cis	c12:1 cis	c12:1 cis	c12:1 cis	c12 1 cis	0			
96146	C12:1 trans	c12:1 trans	c12:1 trans	c12:1 trans	c12 1 trans	0			
96147	C12:1,n-1	c12:1, n-1	c12:1 n-1	c12:1, n-1	c12 1 n 1	0			
96148	C13:0	c13:0	c13:0	c13:0	c13 0	0			
96149	C13:0 /100g FA	c13:0/100g fa	c13:0/100g fa	c13:0/100g fa	c13 0 100g fa	0			
96150	C13:0 ex Br /100g FA	c13:0 ex br/100g fa	c13:0 ex br/100g fa	c13:0 ex br/100g fa	c13 0 ex br 100g fa	0			
96151	C14:0	c14:0	c14:0	c14:0	c14 0	0			
96152	C14:0 /100g FA	c14:0/100g fa	c14:0/100g fa	c14:0/100g fa	c14 0 100g fa	0			
96153	C14:0 ex Br /100g FA	c14:0 ex br/100g fa	c14:0 ex br/100g fa	c14:0 ex br/100g fa	c14 0 ex br 100g fa	0			
96154	C14:1 /100g FA	c14:1/100g fa	c14:1/100g fa	c14:1/100g fa	c14 1 100g fa	0			
96155	C14:1 cis	c14:1 cis	c14:1 cis	c14:1 cis	c14 1 cis	0			
96156	C14:1 trans	c14:1 trans	c14:1 trans	c14:1 trans	c14 1 trans	0			
96157	C14:1,n-5	c14:1, n-5	c14:1 n-5	c14:1, n-5	c14 1 n 5	0			
96158	C14:1,n-5,trans	c14:1, n-5, trans	c14:1 n-5 trans	c14:1, n-5, trans	c14 1 n 5 trans	0			
96159	C15:0	c15:0	c15:0	c15:0	c15 0	0			
96160	C15:0 /100g FA	c15:0/100g fa	c15:0/100g fa	c15:0/100g fa	c15 0 100g fa	0			
96161	C15:0 ex Br /100g FA	c15:0 ex br/100g fa	c15:0 ex br/100g fa	c15:0 ex br/100g fa	c15 0 ex br 100g fa	0			
96162	C15:1 /100g FA	c15:1/100g fa	c15:1/100g fa	c15:1/100g fa	c15 1 100g fa	0			
96163	C15:1,n-5	c15:1, n-5	c15:1 n-5	c15:1, n-5	c15 1 n 5	0			
96164	C16:0	c16:0	c16:0	c16:0	c16 0	0			
96165	C16:0 /100g FA	c16:0/100g fa	c16:0/100g fa	c16:0/100g fa	c16 0 100g fa	0			
96166	C16:0 ex Br /100g FA	c16:0 ex br/100g fa	c16:0 ex br/100g fa	c16:0 ex br/100g fa	c16 0 ex br 100g fa	0			
96167	C16:1 /100g FA	c16:1/100g fa	c16:1/100g fa	c16:1/100g fa	c16 1 100g fa	0			
96168	C16:1 cis	c16:1 cis	c16:1 cis	c16:1 cis	c16 1 cis	0			
96169	C16:1 trans	c16:1 trans	c16:1 trans	c16:1 trans	c16 1 trans	0			
96170	C16:1,n-7	c16:1, n-7	c16:1 n-7	c16:1, n-7	c16 1 n 7	0			
96171	C16:1,n-7,trans	c16:1, n-7, trans	c16:1 n-7 trans	c16:1, n-7, trans	c16 1 n 7 trans	0			
96172	C16:2 /100g FA	c16:2/100g fa	c16:2/100g fa	c16:2/100g fa	c16 2 100g fa	0			
96173	C16:4 /100g FA	c16:4/100g fa	c16:4/100g fa	c16:4/100g fa	c16 4 100g fa	0			
96174	C17:0	c17:0	c17:0	c17:0	c17 0	0			
96175	C17:0 /100g FA	c17:0/100g fa	c17:0/100g fa	c17:0/100g fa	c17 0 100g fa	0			
96176	C17:0 ex Br /100g FA	c17:0 ex br/100g fa	c17:0 ex br/100g fa	c17:0 ex br/100g fa	c17 0 ex br 100g fa	0			
96177	C17:1 /100g FA	c17:1/100g fa	c17:1/100g fa	c17:1/100g fa	c17 1 100g fa	0			
96178	C17:1,n-7	c17:1, n-7	c17:1 n-7	c17:1, n-7	c17 1 n 7	0			
96179	C18:0	c18:0	c18:0	c18:0	c18 0	0			
96180	C18:0 /100g FA	c18:0/100g fa	c18:0/100g fa	c18:0/100g fa	c18 0 100g fa	0			
96181	C18:0 ex Br /100g FA	c18:0 ex br/100g fa	c18:0 ex br/100g fa	c18:0 ex br/100g fa	c18 0 ex br 100g fa	0			
96182	C18:1 /100g FA	c18:1/100g fa	c18:1/100g fa	c18:1/100g fa	c18 1 100g fa	0			
96183	C18:1 cis	c18:1 cis	c18:1 cis	c18:1 cis	c18 1 cis	0			
96184	C18:1,n-12	c18:1, n-12	c18:1 n-12	c18:1, n-12	c18 1 n 12	0			
96185	C18:1,n-7	c18:1, n-7	c18:1 n-7	c18:1, n-7	c18 1 n 7	0			
96186	C18:1,n-9	c18:1, n-9	c18:1 n-9	c18:1, n-9	c18 1 n 9	0			
96187	C18:1,trans	c18:1, trans	c18:1 trans	c18:1, trans	c18 1 trans	0			
96188	C18:2 /100g FA	c18:2/100g fa	c18:2/100g fa	c18:2/100g fa	c18 2 100g fa	0			
96189	C18:2 cis trans	c18:2 cis trans	c18:2 cis trans	c18:2 cis trans	c18 2 cis trans	0			
96190	C18:2 n-6 trans	c18:2 n-6 trans	c18:2 n-6 trans	c18:2 n-6 trans	c18 2 n 6 trans	0			
96191	C18:2 n-9 cis	c18:2 n-9 cis	c18:2 n-9 cis	c18:2 n-9 cis	c18 2 n 9 cis	0			
96192	C18:2 remainder	c18:2 remainder	c18:2 remainder	c18:2 remainder	c18 2 remainder	0			
96193	C18:2 trans cis	c18:2 trans cis	c18:2 trans cis	c18:2 trans cis	c18 2 trans cis	0			
96194	C18:2,conjugated	c18:2, conjugated	c18:2 conjugated	c18:2, conjugated	c18 2 conjugated	0			
96195	C18:2,konjugeret	c18:2, konjugeret	c18:2 konjugeret	c18:2, konjugeret	c18 2 konjugeret	0			
96196	C18:2,n-6	c18:2, n-6	c18:2 n-6	c18:2, n-6	c18 2 n 6	0			
96197	C18:2,trans	c18:2, trans	c18:2 trans	c18:2, trans	c18 2 trans	0			
96198	C18:3 /100g FA	c18:3/100g fa	c18:3/100g fa	c18:3/100g fa	c18 3 100g fa	0			
96199	C18:3 n-3 cis (ALA)	c18:3 n-3 cis	c18:3 n-3 cis	c18:3 n-3 cis	c18 3 n 3 cis	0			
96200	C18:3 n-3 trans	c18:3 n-3 trans	c18:3 n-3 trans	c18:3 n-3 trans	c18 3 n 3 trans	0			
96201	C18:3 n-6 cis	c18:3 n-6 cis	c18:3 n-6 cis	c18:3 n-6 cis	c18 3 n 6 cis	0			
96202	C18:3,n-3	c18:3, n-3	c18:3 n-3	c18:3, n-3	c18 3 n 3	0			
96203	C18:3,n-6	c18:3, n-6	c18:3 n-6	c18:3, n-6	c18 3 n 6	0			
96204	C18:3,trans	c18:3, trans	c18:3 trans	c18:3, trans	c18 3 trans	0			
96205	C18:4 /100g FA	c18:4/100g fa	c18:4/100g fa	c18:4/100g fa	c18 4 100g fa	0			
96206	C18:4 n-3 cis	c18:4 n-3 cis	c18:4 n-3 cis	c18:4 n-3 cis	c18 4 n 3 cis	0			
96207	C18:4,n-3	c18:4, n-3	c18:4 n-3	c18:4, n-3	c18 4 n 3	0			
96208	C19:0	c19:0	c19:0	c19:0	c19 0	0			
96209	C19:0 /100g FA	c19:0/100g fa	c19:0/100g fa	c19:0/100g fa	c19 0 100g fa	0			
96210	C20:0	c20:0	c20:0	c20:0	c20 0	0			
96211	C20:0 /100g FA	c20:0/100g fa	c20:0/100g fa	c20:0/100g fa	c20 0 100g fa	0			
96212	C20:0 ex Br /100g FA	c20:0 ex br/100g fa	c20:0 ex br/100g fa	c20:0 ex br/100g fa	c20 0 ex br 100g fa	0			
96213	C20:1 /100g FA	c20:1/100g fa	c20:1/100g fa	c20:1/100g fa	c20 1 100g fa	0			
96214	C20:1 cis	c20:1 cis	c20:1 cis	c20:1 cis	c20 1 cis	0			
96215	C20:1 trans	c20:1 trans	c20:1 trans	c20:1 trans	c20 1 trans	0			
96216	C20:1,n-11	c20:1, n-11	c20:1 n-11	c20:1, n-11	c20 1 n 11	0			
96217	C20:1,n-15	c20:1, n-15	c20:1 n-15	c20:1, n-15	c20 1 n 15	0			
96218	C20:1,n-9	c20:1, n-9	c20:1 n-9	c20:1, n-9	c20 1 n 9	0			
96219	C20:1,trans	c20:1, trans	c20:1 trans	c20:1, trans	c20 1 trans	0			
96220	C20:2 /100g FA	c20:2/100g fa	c20:2/100g fa	c20:2/100g fa	c20 2 100g fa	0			
96221	C20:2 n-6 cis	c20:2 n-6 cis	c20:2 n-6 cis	c20:2 n-6 cis	c20 2 n 6 cis	0			
96222	C20:2 n-6 trans	c20:2 n-6 trans	c20:2 n-6 trans	c20:2 n-6 trans	c20 2 n 6 trans	0			
96223	C20:2,n-6	c20:2, n-6	c20:2 n-6	c20:2, n-6	c20 2 n 6	0			
96224	C20:3 /100g FA	c20:3/100g fa	c20:3/100g fa	c20:3/100g fa	c20 3 100g fa	0			
96225	C20:3 n-3 cis	c20:3 n-3 cis	c20:3 n-3 cis	c20:3 n-3 cis	c20 3 n 3 cis	0			
96226	C20:3 n-6 cis	c20:3 n-6 cis	c20:3 n-6 cis	c20:3 n-6 cis	c20 3 n 6 cis	0			
96227	C20:3 n-9 cis	c20:3 n-9 cis	c20:3 n-9 cis	c20:3 n-9 cis	c20 3 n 9 cis	0			
96228	C20:3,n-3	c20:3, n-3	c20:3 n-3	c20:3, n-3	c20 3 n 3	0			
96229	C20:3,n-6	c20:3, n-6	c20:3 n-6	c20:3, n-6	c20 3 n 6	0			
96230	C20:4 /100g FA	c20:4/100g fa	c20:4/100g fa	c20:4/100g fa	c20 4 100g fa	0			
96231	C20:4 n-3 cis	c20:4 n-3 cis	c20:4 n-3 cis	c20:4 n-3 cis	c20 4 n 3 cis	0			
96232	C20:4 n-6 cis	c20:4 n-6 cis	c20:4 n-6 cis	c20:4 n-6 cis	c20 4 n 6 cis	0			
96233	C20:4,n-3	c20:4, n-3	c20:4 n-3	c20:4, n-3	c20 4 n 3	0			
96234	C20:4,n-6	c20:4, n-6	c20:4 n-6	c20:4, n-6	c20 4 n 6	0			
96235	C20:5 /100g FA	c20:5/100g fa	c20:5/100g fa	c20:5/100g fa	c20 5 100g fa	0			
96236	C20:5 n-3 cis (EPA)	c20:5 n-3 cis	c20:5 n-3 cis	c20:5 n-3 cis	c20 5 n 3 cis	0	1004	lipid	fat_to_fatty_acids
96237	C20:5,n-3	c20:5, n-3	c20:5 n-3	c20:5, n-3	c20 5 n 3	0			
96238	C21:0	c21:0	c21:0	c21:0	c21 0	0			
96239	C21:5 /100g FA	c21:5/100g fa	c21:5/100g fa	c21:5/100g fa	c21 5 100g fa	0			
96240	C21:5 n-3 all-cis	c21:5 n-3 all-cis	c21:5 n-3 all-cis	c21:5 n-3 all-cis	c21 5 n 3 all cis	0			
96241	C21:5,n-3	c21:5, n-3	c21:5 n-3	c21:5, n-3	c21 5 n 3	0			
96242	C22:0	c22:0	c22:0	c22:0	c22 0	0			
96243	C22:0 /100g FA	c22:0/100g fa	c22:0/100g fa	c22:0/100g fa	c22 0 100g fa	0			
96244	C22:0 ex Br /100g FA	c22:0 ex br/100g fa	c22:0 ex br/100g fa	c22:0 ex br/100g fa	c22 0 ex br 100g fa	0			
96245	C22:1 /100g FA	c22:1/100g fa	c22:1/100g fa	c22:1/100g fa	c22 1 100g fa	0			
96246	C22:1 cis	c22:1 cis	c22:1 cis	c22:1 cis	c22 1 cis	0			
96247	C22:1 trans	c22:1 trans	c22:1 trans	c22:1 trans	c22 1 trans	0			
96248	C22:1,n-11	c22:1, n-11	c22:1 n-11	c22:1, n-11	c22 1 n 11	0			
96249	C22:1,n-9	c22:1, n-9	c22:1 n-9	c22:1, n-9	c22 1 n 9	0			
96250	C22:1,trans	c22:1, trans	c22:1 trans	c22:1, trans	c22 1 trans	0			
96251	C22:2 /100g FA	c22:2/100g fa	c22:2/100g fa	c22:2/100g fa	c22 2 100g fa	0			
96252	C22:2 n-3 cis	c22:2 n-3 cis	c22:2 n-3 cis	c22:2 n-3 cis	c22 2 n 3 cis	0			
96253	C22:2 n-6 cis	c22:2 n-6 cis	c22:2 n-6 cis	c22:2 n-6 cis	c22 2 n 6 cis	0			
96254	C22:2,n-6	c22:2, n-6	c22:2 n-6	c22:2, n-6	c22 2 n 6	0			
96255	C22:3 n-3 cis	c22:3 n-3 cis	c22:3 n-3 cis	c22:3 n-3 cis	c22 3 n 3 cis	0			
96256	C22:3,n-3	c22:3, n-3	c22:3 n-3	c22:3, n-3	c22 3 n 3	0			
96257	C22:4 /100g FA	c22:4/100g fa	c22:4/100g fa	c22:4/100g fa	c22 4 100g fa	0			
96258	C22:4 n-6 cis	c22:4 n-6 cis	c22:4 n-6 cis	c22:4 n-6 cis	c22 4 n 6 cis	0			
96259	C22:4,n-6	c22:4, n-6	c22:4 n-6	c22:4, n-6	c22 4 n 6	0			
96260	C22:5 /100g FA	c22:5/100g fa	c22:5/100g fa	c22:5/100g fa	c22 5 100g fa	0			
96261	C22:5 n-3 cis (DPA)	c22:5 n-3 cis	c22:5 n-3 cis	c22:5 n-3 cis	c22 5 n 3 cis	0			
96262	C22:5 n-6 cis	c22:5 n-6 cis	c22:5 n-6 cis	c22:5 n-6 cis	c22 5 n 6 cis	0			
96263	C22:5,n-3	c22:5, n-3	c22:5 n-3	c22:5, n-3	c22 5 n 3	0			
96264	C22:5,n-6	c22:5, n-6	c22:5 n-6	c22:5, n-6	c22 5 n 6	0			
96265	C22:6 /100g FA	c22:6/100g fa	c22:6/100g fa	c22:6/100g fa	c22 6 100g fa	0			
96266	C22:6 n-3 cis (DHA)	c22:6 n-3 cis	c22:6 n-3 cis	c22:6 n-3 cis	c22 6 n 3 cis	0	1004	lipid	fat_to_fatty_acids
96267	C22:6,n-3	c22:6, n-3	c22:6 n-3	c22:6, n-3	c22 6 n 3	0			
96268	C23:0	c23:0	c23:0	c23:0	c23 0	0			
96269	C24:0	c24:0	c24:0	c24:0	c24 0	0			
96270	C24:0 /100g FA	c24:0/100g fa	c24:0/100g fa	c24:0/100g fa	c24 0 100g fa	0			
96271	C24:0 ex Br /100g FA	c24:0 ex br/100g fa	c24:0 ex br/100g fa	c24:0 ex br/100g fa	c24 0 ex br 100g fa	0			
96272	C24:1 /100g FA	c24:1/100g fa	c24:1/100g fa	c24:1/100g fa	c24 1 100g fa	0			
96273	C24:1 cis	c24:1 cis	c24:1 cis	c24:1 cis	c24 1 cis	0			
96274	C24:1 trans	c24:1 trans	c24:1 trans	c24:1 trans	c24 1 trans	0			
96275	C24:1,n-9	c24:1, n-9	c24:1 n-9	c24:1, n-9	c24 1 n 9	0			
96276	C24:2 n-6 ciscis	c24:2 n-6 ciscis	c24:2 n-6 ciscis	c24:2 n-6 ciscis	c24 2 n 6 ciscis	0			
96277	C25:0	c25:0	c25:0	c25:0	c25 0	0			
96278	C25:0 ex Br /100g FA	c25:0 ex br/100g fa	c25:0 ex br/100g fa	c25:0 ex br/100g fa	c25 0 ex br 100g fa	0			
96279	C26:0	c26:0	c26:0	c26:0	c26 0	0			
96280	C4:0	c4:0	c4:0	c4:0	c4 0	0			
96281	C4:0 /100g FA	c4:0/100g fa	c4:0/100g fa	c4:0/100g fa	c4 0 100g fa	0			
96282	C6:0	c6:0	c6:0	c6:0	c6 0	0			
96283	C6:0 /100g FA	c6:0/100g fa	c6:0/100g fa	c6:0/100g fa	c6 0 100g fa	0			
96284	C8:0	c8:0	c8:0	c8:0	c8 0	0			
96285	C8:0 /100g FA	c8:0/100g fa	c8:0/100g fa	c8:0/100g fa	c8 0 100g fa	0			
96286	Cadaverin	cadaverin	cadaverin	cadaverin	cadaverin	0			
96287	Cadaverine	cadaverine	cadaverine	cadaverine	cadaverine	0			
96288	CADAVT	cadavt	cadavt	cadavt	cadavt	0			
96289	CAFFAC	caffac	caffac	caffac	caffac	0			
96290	CAFFAC.1	caffac.1	caffac.1	caffac.1	caffac 1	0			
96291	CAFFN	caffn	caffn	caffn	caffn	0			
96292	CAMT	camt	camt	camt	camt	0			
96293	CAROT	carot	carot	carot	carot	0			
96294	CARTA	carta	carta	carta	carta	0			
96295	CARTB	cartb	cartb	cartb	cartb	0			
96296	CARTBCIS	cartbcis	cartbcis	cartbcis	cartbcis	0			
96297	CARTBEQ	cartbeq	cartbeq	cartbeq	cartbeq	0			
96298	CARTBTOT	cartbtot	cartbtot	cartbtot	cartbtot	0			
96299	CARTBTRANS	cartbtrans	cartbtrans	cartbtrans	cartbtrans	0			
96300	CARTG	cartg	cartg	cartg	cartg	0			
96301	CAS_Nr	cas_nr	cas_nr	cas_nr	cas nr	0			
96302	CASN	casn	casn	casn	casn	0			
96303	CATEC	catec	catec	catec	catec	0			
96304	Catechol	catechol	catechol	catechol	catechol	0			
96305	CATECT	catect	catect	catect	catect	0			
96306	CELLU	cellu	cellu	cellu	cellu	0			
96307	Chalcones	chalcones	chalcones	chalcones	chalcones	0			
96308	ChEBI	chebi	chebi	chebi	chebi	0			
96309	ChEMBL	chembl	chembl	chembl	chembl	0			
96310	CHITIN	chitin	chitin	chitin	chitin	0			
96311	CHLNP	chlnp	chlnp	chlnp	chlnp	0			
96312	CHLRAC	chlrac	chlrac	chlrac	chlrac	0			
96313	CHO	cho	cho	cho	cho	0			
96314	CHO-	cho-	cho-	cho-	cho	0			
96315	CHOAVL	choavl	choavl	choavl	choavl	0			
96316	CHOAVL-	choavl-	choavl-	choavl-	choavl	0			
96317	CHOAVLDF	choavldf	choavldf	choavldf	choavldf	0			
96318	CHOAVLM	choavlm	choavlm	choavlm	choavlm	0			
96319	CHOAVLO	choavlo	choavlo	choavlo	choavlo	0			
96320	CHOCAL	chocal	chocal	chocal	chocal	0			
96321	CHOCAL(IU)	chocal	chocal	chocal	chocal	0			
96322	CHOCALOH	chocaloh	chocaloh	chocaloh	chocaloh	0			
96323	CHOCDF	chocdf	chocdf	chocdf	chocdf	0			
96324	CHOL-	chol-	chol-	chol-	chol	0			
96325	CHOLE	chole	chole	chole	chole	0			
96326	Cholecalciferol	cholecalciferol	cholecalciferol	cholecalciferol	cholecalciferol	0			
96327	Cholecalciferol (Vit D3)	cholecalciferol (vit d3)	cholecalciferol (vit d3)	cholecalciferol	cholecalciferol vit d3	0			
96328	CHOLEST	cholest	cholest	cholest	cholest	0			
96329	Cholestérol	cholestérol	cholestérol	cholestérol	cholest rol	0			
96330	Cholin	cholin	cholin	cholin	cholin	0			
96331	Choline and derivatives	choline and derivatives	choline and derivatives	choline and derivatives	choline and derivatives	0			
96332	CHOLN	choln	choln	choln	choln	0			
96333	CHORL	chorl	chorl	chorl	chorl	0			
96334	CHOT	chot	chot	chot	chot	0			
96335	CINAC	cinac	cinac	cinac	cinac	0			
96336	Cinnamtannin A2	cinnamtannin a2	cinnamtannin a2	cinnamtannin a2	cinnamtannin a2	0			
96337	cis C10:1 /100g FA	cis c10:1/100g fa	cis c10:1/100g fa	cis c10:1/100g fa	cis c10 1 100g fa	0			
96338	cis C12:1 /100g FA	cis c12:1/100g fa	cis c12:1/100g fa	cis c12:1/100g fa	cis c12 1 100g fa	0			
96339	cis C14:1 /100g FA	cis c14:1/100g fa	cis c14:1/100g fa	cis c14:1/100g fa	cis c14 1 100g fa	0			
96340	cis C15:1 /100g FA	cis c15:1/100g fa	cis c15:1/100g fa	cis c15:1/100g fa	cis c15 1 100g fa	0			
96341	cis C16:1 /100g FA	cis c16:1/100g fa	cis c16:1/100g fa	cis c16:1/100g fa	cis c16 1 100g fa	0			
96342	cis C16:2 /100g FA	cis c16:2/100g fa	cis c16:2/100g fa	cis c16:2/100g fa	cis c16 2 100g fa	0			
96343	cis C16:3 /100g FA	cis c16:3/100g fa	cis c16:3/100g fa	cis c16:3/100g fa	cis c16 3 100g fa	0			
96344	cis C16:4 /100g FA	cis c16:4/100g fa	cis c16:4/100g fa	cis c16:4/100g fa	cis c16 4 100g fa	0			
96345	cis C17:1 /100g FA	cis c17:1/100g fa	cis c17:1/100g fa	cis c17:1/100g fa	cis c17 1 100g fa	0			
96346	cis C18:1 /100g FA	cis c18:1/100g fa	cis c18:1/100g fa	cis c18:1/100g fa	cis c18 1 100g fa	0			
96347	cis C20:1 /100g FA	cis c20:1/100g fa	cis c20:1/100g fa	cis c20:1/100g fa	cis c20 1 100g fa	0			
96348	cis C22:1 /100g FA	cis c22:1/100g fa	cis c22:1/100g fa	cis c22:1/100g fa	cis c22 1 100g fa	0			
96349	cis C24:1 /100g FA	cis c24:1/100g fa	cis c24:1/100g fa	cis c24:1/100g fa	cis c24 1 100g fa	0			
96350	cis n-3 C18:3 /100g FA	cis n-3 c18:3/100g fa	cis n-3 c18:3/100g fa	cis n-3 c18:3/100g fa	cis n 3 c18 3 100g fa	0			
96351	cis n-3 C18:4 /100g FA	cis n-3 c18:4/100g fa	cis n-3 c18:4/100g fa	cis n-3 c18:4/100g fa	cis n 3 c18 4 100g fa	0			
96352	cis n-3 C20:5 /100g FA	cis n-3 c20:5/100g fa	cis n-3 c20:5/100g fa	cis n-3 c20:5/100g fa	cis n 3 c20 5 100g fa	0			
96353	cis n-3 C21:5 /100g FA	cis n-3 c21:5/100g fa	cis n-3 c21:5/100g fa	cis n-3 c21:5/100g fa	cis n 3 c21 5 100g fa	0			
96354	cis n-3 C22:5 /100g FA	cis n-3 c22:5/100g fa	cis n-3 c22:5/100g fa	cis n-3 c22:5/100g fa	cis n 3 c22 5 100g fa	0			
96355	cis n-3 C22:6 /100g FA	cis n-3 c22:6/100g fa	cis n-3 c22:6/100g fa	cis n-3 c22:6/100g fa	cis n 3 c22 6 100g fa	0			
96356	cis n-6 C18:2 /100g FA	cis n-6 c18:2/100g fa	cis n-6 c18:2/100g fa	cis n-6 c18:2/100g fa	cis n 6 c18 2 100g fa	0			
96357	cis n-6 C18:3 /100g FA	cis n-6 c18:3/100g fa	cis n-6 c18:3/100g fa	cis n-6 c18:3/100g fa	cis n 6 c18 3 100g fa	0			
96358	cis n-6 C20:2 /100g FA	cis n-6 c20:2/100g fa	cis n-6 c20:2/100g fa	cis n-6 c20:2/100g fa	cis n 6 c20 2 100g fa	0			
96359	cis n-6 C20:3 /100g FA	cis n-6 c20:3/100g fa	cis n-6 c20:3/100g fa	cis n-6 c20:3/100g fa	cis n 6 c20 3 100g fa	0			
96360	cis n-6 C20:4 /100g FA	cis n-6 c20:4/100g fa	cis n-6 c20:4/100g fa	cis n-6 c20:4/100g fa	cis n 6 c20 4 100g fa	0			
96361	cis n-6 C22:2 /100g FA	cis n-6 c22:2/100g fa	cis n-6 c22:2/100g fa	cis n-6 c22:2/100g fa	cis n 6 c22 2 100g fa	0			
96362	cis n-6 C22:3 /100g FA	cis n-6 c22:3/100g fa	cis n-6 c22:3/100g fa	cis n-6 c22:3/100g fa	cis n 6 c22 3 100g fa	0			
96363	cis n-6 C22:4 /100g FA	cis n-6 c22:4/100g fa	cis n-6 c22:4/100g fa	cis n-6 c22:4/100g fa	cis n 6 c22 4 100g fa	0			
96367	cis/trans C18:1n-7 /100g FA	cis/trans c18:1n-7/100g fa	cis/trans c18:1n-7/100g fa	cis/trans c18:1n-7/100g fa	cis trans c18 1n 7 100g fa	0			
96368	cis/trans C18:1n-9 /100g FA	cis/trans c18:1n-9/100g fa	cis/trans c18:1n-9/100g fa	cis/trans c18:1n-9/100g fa	cis trans c18 1n 9 100g fa	0			
96369	cis/trans C22:1n-11 /100g FA	cis/trans c22:1n-11/100g fa	cis/trans c22:1n-11/100g fa	cis/trans c22:1n-11/100g fa	cis trans c22 1n 11 100g fa	0			
96370	cis/trans C22:1n-9 /100g FA	cis/trans c22:1n-9/100g fa	cis/trans c22:1n-9/100g fa	cis/trans c22:1n-9/100g fa	cis trans c22 1n 9 100g fa	0			
96371	CITAC	citac	citac	citac	citac	0			
96372	Citronsyre	citronsyre	citronsyre	citronsyre	citronsyre	0			
96373	CLD	cld	cld	cld	cld	0			
96374	cLogP	clogp	clogp	clogp	clogp	0			
96375	Cobalamin (Vit B12)	cobalamin (vit b12)	cobalamin (vit b12)	cobalamin	cobalamin vit b12	0			
96376	Cobolt	cobolt	cobolt	cobolt	cobolt	0			
96377	Comments	comments	comments	comments	comments	0			
96378	Compiler	compiler	compiler	compiler	compiler	0			
96379	Component	component	component	component	component	0			
96380	Component in English	component in english	component in english	component in english	component in english	0			
96381	Component in French	component in french	component in french	component in french	component in french	0			
96382	Composant en anglais	composant en anglais	composant en anglais	composant en anglais	composant en anglais	0			
96383	Composant en français	composant en français	composant en français	composant en français	composant en fran ais	0			
96384	compound	compound	compound	compound	compound	0			
96385	const_nom_eng	const_nom_eng	const_nom_eng	const_nom_eng	const nom eng	0			
96386	Country, region	country, region	country region	country, region	country region	0			
96388	Cryptoxanthins	cryptoxanthins	cryptoxanthins	cryptoxanthins	cryptoxanthins	0			
96389	CRYPX	crypx	crypx	crypx	crypx	0			
96390	CRYPXA	crypxa	crypxa	crypxa	crypxa	0			
96391	CRYPXB	crypxb	crypxb	crypxb	crypxb	0			
96392	Cuivre	cuivre	cuivre	cuivre	cuivre	0			
96393	CYAN	cyan	cyan	cyan	cyan	0			
96394	CYS	cys	cys	cys	cys	0			
96395	CYS_A_MET	cys_a_met	cys_a_met	cys_a_met	cys a met	0			
96396	CYSTE	cyste	cyste	cyste	cyste	0			
96397	Cystin	cystin	cystin	cystin	cystin	0			
96398	D-mælkesyre	d-mælkesyre	d-mælkesyre	d-mælkesyre	d m lkesyre	0			
96399	d-Viniferin	d-viniferin	d-viniferin	d-viniferin	d viniferin	0			
96400	D-vitamin	d-vitamin	d-vitamin	d-vitamin	d vitamin	0			
96401	D2-vitamin	d2-vitamin	d2-vitamin	d2-vitamin	d2 vitamin	0			
96402	D22D1N7	d22d1n7	d22d1n7	d22d1n7	d22d1n7	0			
96403	D3-vitamin	d3-vitamin	d3-vitamin	d3-vitamin	d3 vitamin	0			
96404	Dehydroascorbinsyre	dehydroascorbinsyre	dehydroascorbinsyre	dehydroascorbinsyre	dehydroascorbinsyre	0			
96405	Dehydroretinol	dehydroretinol	dehydroretinol	dehydroretinol	dehydroretinol	0			
96406	Delta-tocopherol	delta-tocopherol	delta-tocopherol	delta-tocopherol	delta tocopherol	0	1158	vitamin e	vitamin_e_to_vit_e_forms_existing
96407	Delta-tocophérol	delta-tocophérol	delta-tocophérol	delta-tocophérol	delta tocoph rol	0			
96408	delta-Tokoferol	delta-tokoferol	delta-tokoferol	delta-tokoferol	delta tokoferol	0			
96409	DEN	den	den	den	den	0			
96410	Denominator	denominator	denominator	denominator	denominator	0			
96411	Density	density	density	density	density	0			
96412	DFE	dfe	dfe	dfe	dfe	0			
96413	DGLY	dgly	dgly	dgly	dgly	0			
96415	Dietary fibre and starch	dietary fibre and starch	dietary fibre and starch	dietary fibre and starch	dietary fibre and starch	0	260230	carbohydrate by difference	carb_to_complex_carbs
96416	Dietary fibre fractions	dietary fibre fractions	dietary fibre fractions	dietary fibre fractions	dietary fibre fractions	0			
96417	Dietary fibre, fibre, dietary fibre fractions	dietary fibre, fibre, dietary fibre fractions	dietary fibre fibre dietary fibre fractions	dietary fibre, fibre, dietary fibre fractions	dietary fibre fibre dietary fibre fractions	0			
96418	Dihydroflavonols	dihydroflavonols	dihydroflavonols	dihydroflavonols	dihydroflavonols	0			
96419	DISAC	disac	disac	disac	disac	0			
96420	DOPN	dopn	dopn	dopn	dopn	0			
96421	Dry matter	dry matter	dry matter	dry matter	dry matter	0			
96422	DRYMAT	drymat	drymat	drymat	drymat	0			
96423	e-Viniferin	e-viniferin	e-viniferin	e-viniferin	e viniferin	0			
96424	E-vitamin	e-vitamin	e-vitamin	e-vitamin	e vitamin	0			
96425	EBG	ebg	ebg	ebg	ebg	0			
96426	Eddikesyre	eddikesyre	eddikesyre	eddikesyre	eddikesyre	0			
96427	ELLAC	ellac	ellac	ellac	ellac	0			
96428	ENERC	enerc	enerc	enerc	enerc	0			
96429	ENERCC	enercc	enercc	enercc	enercc	0			
96430	ENERCJ	enercj	enercj	enercj	enercj	0			
96431	EPICATEC	epicatec	epicatec	epicatec	epicatec	0			
96432	ERGCAL	ergcal	ergcal	ergcal	ergcal	0			
96433	ERGCALOH	ergcaloh	ergcaloh	ergcaloh	ergcaloh	0			
96434	Ergocalciferol (Vit D2)	ergocalciferol (vit d2)	ergocalciferol (vit d2)	ergocalciferol	ergocalciferol vit d2	0			
96435	ERGSTR	ergstr	ergstr	ergstr	ergstr	0			
96436	Esculetin	esculetin	esculetin	esculetin	esculetin	0			
96437	Esculin	esculin	esculin	esculin	esculin	0			
96438	Exact match	exact match	exact match	exact match	exact match	0			
96439	Exact Match (Yes/No)	exact match (yes/no)	exact match (yes/no)	exact match	exact match yes no	0			
96440	F10:0	f10:0	f10:0	f10:0	f10 0	0			
96441	F10:1CIS	f10:1cis	f10:1cis	f10:1cis	f10 1cis	0			
96442	F10:1TRS	f10:1trs	f10:1trs	f10:1trs	f10 1trs	0			
96443	F10D0	f10d0	f10d0	f10d0	f10d0	0			
96444	F10D1	f10d1	f10d1	f10d1	f10d1	0			
96445	F11:0	f11:0	f11:0	f11:0	f11 0	0			
96446	F11D0	f11d0	f11d0	f11d0	f11d0	0			
96447	F12:0	f12:0	f12:0	f12:0	f12 0	0			
96448	F12:1CIS	f12:1cis	f12:1cis	f12:1cis	f12 1cis	0			
96449	F12:1TRS	f12:1trs	f12:1trs	f12:1trs	f12 1trs	0			
96450	F12D0	f12d0	f12d0	f12d0	f12d0	0			
96451	F12D1	f12d1	f12d1	f12d1	f12d1	0			
96452	F13:0	f13:0	f13:0	f13:0	f13 0	0			
96453	F13D0	f13d0	f13d0	f13d0	f13d0	0			
96454	F13D0I	f13d0i	f13d0i	f13d0i	f13d0i	0			
96455	F14:0	f14:0	f14:0	f14:0	f14 0	0			
96456	F14:1CIS	f14:1cis	f14:1cis	f14:1cis	f14 1cis	0			
96457	F14:1CN5	f14:1cn5	f14:1cn5	f14:1cn5	f14 1cn5	0			
96458	F14:1TN5	f14:1tn5	f14:1tn5	f14:1tn5	f14 1tn5	0			
96459	F14:1TRS	f14:1trs	f14:1trs	f14:1trs	f14 1trs	0			
96460	F14D0	f14d0	f14d0	f14d0	f14d0	0			
96461	F14D0I	f14d0i	f14d0i	f14d0i	f14d0i	0			
96462	F14D1	f14d1	f14d1	f14d1	f14d1	0			
96463	F14D1C	f14d1c	f14d1c	f14d1c	f14d1c	0			
96464	F14D1CN5	f14d1cn5	f14d1cn5	f14d1cn5	f14d1cn5	0			
96465	F14D1N5	f14d1n5	f14d1n5	f14d1n5	f14d1n5	0			
96466	F14D1N7	f14d1n7	f14d1n7	f14d1n7	f14d1n7	0			
96467	F14D1N9	f14d1n9	f14d1n9	f14d1n9	f14d1n9	0			
96468	F14D1T	f14d1t	f14d1t	f14d1t	f14d1t	0			
96469	F15:0	f15:0	f15:0	f15:0	f15 0	0			
96470	F15:1CIS	f15:1cis	f15:1cis	f15:1cis	f15 1cis	0			
96471	F15D0	f15d0	f15d0	f15d0	f15d0	0			
96472	F15D0AI	f15d0ai	f15d0ai	f15d0ai	f15d0ai	0			
96473	F15D0I	f15d0i	f15d0i	f15d0i	f15d0i	0			
96474	F15D1	f15d1	f15d1	f15d1	f15d1	0			
96475	F15D1C	f15d1c	f15d1c	f15d1c	f15d1c	0			
96476	F15D1N10	f15d1n10	f15d1n10	f15d1n10	f15d1n10	0			
96477	F15D1N6	f15d1n6	f15d1n6	f15d1n6	f15d1n6	0			
96478	F15D1N7	f15d1n7	f15d1n7	f15d1n7	f15d1n7	0			
96479	F15D1N8	f15d1n8	f15d1n8	f15d1n8	f15d1n8	0			
96480	F15D1N9	f15d1n9	f15d1n9	f15d1n9	f15d1n9	0			
96481	F16:0	f16:0	f16:0	f16:0	f16 0	0			
96482	F16:1CIS	f16:1cis	f16:1cis	f16:1cis	f16 1cis	0			
96483	F16:1CN7	f16:1cn7	f16:1cn7	f16:1cn7	f16 1cn7	0			
96484	F16:1TN7	f16:1tn7	f16:1tn7	f16:1tn7	f16 1tn7	0			
96485	F16:1TRS	f16:1trs	f16:1trs	f16:1trs	f16 1trs	0			
96486	F16D0	f16d0	f16d0	f16d0	f16d0	0			
96487	F16D0AI	f16d0ai	f16d0ai	f16d0ai	f16d0ai	0			
96488	F16D0I	f16d0i	f16d0i	f16d0i	f16d0i	0			
96489	F16D1	f16d1	f16d1	f16d1	f16d1	0			
96490	F16D1C	f16d1c	f16d1c	f16d1c	f16d1c	0			
96491	F16D1CN7	f16d1cn7	f16d1cn7	f16d1cn7	f16d1cn7	0			
96492	F16D1CN9	f16d1cn9	f16d1cn9	f16d1cn9	f16d1cn9	0			
96493	F16D1N11	f16d1n11	f16d1n11	f16d1n11	f16d1n11	0			
96494	F16D1N5	f16d1n5	f16d1n5	f16d1n5	f16d1n5	0			
96495	F16D1N5_A_F16D1N7	f16d1n5_a_f16d1n7	f16d1n5_a_f16d1n7	f16d1n5_a_f16d1n7	f16d1n5 a f16d1n7	0			
96496	F16D1N7	f16d1n7	f16d1n7	f16d1n7	f16d1n7	0			
96497	F16D1N7_A_F16D1N9	f16d1n7_a_f16d1n9	f16d1n7_a_f16d1n9	f16d1n7_a_f16d1n9	f16d1n7 a f16d1n9	0			
96498	F16D1N8	f16d1n8	f16d1n8	f16d1n8	f16d1n8	0			
96499	F16D1N9	f16d1n9	f16d1n9	f16d1n9	f16d1n9	0			
96500	F16D1T	f16d1t	f16d1t	f16d1t	f16d1t	0			
96501	F16D1TN7	f16d1tn7	f16d1tn7	f16d1tn7	f16d1tn7	0			
96502	F16D2	f16d2	f16d2	f16d2	f16d2	0			
96503	F16D2N4	f16d2n4	f16d2n4	f16d2n4	f16d2n4	0			
96504	F16D2N6	f16d2n6	f16d2n6	f16d2n6	f16d2n6	0			
96505	F16D2N7	f16d2n7	f16d2n7	f16d2n7	f16d2n7	0			
96506	F16D2N9	f16d2n9	f16d2n9	f16d2n9	f16d2n9	0			
96507	F16D3N3	f16d3n3	f16d3n3	f16d3n3	f16d3n3	0			
96508	F16D3N4	f16d3n4	f16d3n4	f16d3n4	f16d3n4	0			
96509	F16D3N6	f16d3n6	f16d3n6	f16d3n6	f16d3n6	0			
96510	F16D4	f16d4	f16d4	f16d4	f16d4	0			
96511	F16D4N1	f16d4n1	f16d4n1	f16d4n1	f16d4n1	0			
96512	F16D4N3	f16d4n3	f16d4n3	f16d4n3	f16d4n3	0			
96513	F17:0	f17:0	f17:0	f17:0	f17 0	0			
96514	F17:1CIS	f17:1cis	f17:1cis	f17:1cis	f17 1cis	0			
96515	F17D0	f17d0	f17d0	f17d0	f17d0	0			
96516	F17D0AI	f17d0ai	f17d0ai	f17d0ai	f17d0ai	0			
96517	F17D0I	f17d0i	f17d0i	f17d0i	f17d0i	0			
96518	F17D1	f17d1	f17d1	f17d1	f17d1	0			
96519	F17D1C	f17d1c	f17d1c	f17d1c	f17d1c	0			
96520	F17D1CN7	f17d1cn7	f17d1cn7	f17d1cn7	f17d1cn7	0			
96521	F17D1CN8	f17d1cn8	f17d1cn8	f17d1cn8	f17d1cn8	0			
96522	F17D1N10	f17d1n10	f17d1n10	f17d1n10	f17d1n10	0			
96523	F17D1N5	f17d1n5	f17d1n5	f17d1n5	f17d1n5	0			
96524	F17D1N7	f17d1n7	f17d1n7	f17d1n7	f17d1n7	0			
96525	F17D1N8	f17d1n8	f17d1n8	f17d1n8	f17d1n8	0			
96526	F17D1N9	f17d1n9	f17d1n9	f17d1n9	f17d1n9	0			
96527	F17D2	f17d2	f17d2	f17d2	f17d2	0			
96528	F18:0	f18:0	f18:0	f18:0	f18 0	0			
96529	F18:1CIS	f18:1cis	f18:1cis	f18:1cis	f18 1cis	0			
96530	F18:1CN12	f18:1cn12	f18:1cn12	f18:1cn12	f18 1cn12	0			
96531	F18:1CN7	f18:1cn7	f18:1cn7	f18:1cn7	f18 1cn7	0			
96532	F18:1CN9	f18:1cn9	f18:1cn9	f18:1cn9	f18 1cn9	0			
96533	F18:1TRS	f18:1trs	f18:1trs	f18:1trs	f18 1trs	0			
96534	F18:2CN6	f18:2cn6	f18:2cn6	f18:2cn6	f18 2cn6	0			
96535	F18:2CN9	f18:2cn9	f18:2cn9	f18:2cn9	f18 2cn9	0			
96536	F18:2CON	f18:2con	f18:2con	f18:2con	f18 2con	0			
96537	F18:2CT	f18:2ct	f18:2ct	f18:2ct	f18 2ct	0			
96538	F18:2R	f18:2r	f18:2r	f18:2r	f18 2r	0			
96539	F18:2TC	f18:2tc	f18:2tc	f18:2tc	f18 2tc	0			
96540	F18:2TRS	f18:2trs	f18:2trs	f18:2trs	f18 2trs	0			
96541	F18:2TTN6	f18:2ttn6	f18:2ttn6	f18:2ttn6	f18 2ttn6	0			
96542	F18:3CN3	f18:3cn3	f18:3cn3	f18:3cn3	f18 3cn3	0			
96543	F18:3CN6	f18:3cn6	f18:3cn6	f18:3cn6	f18 3cn6	0			
96544	F18:3TRS	f18:3trs	f18:3trs	f18:3trs	f18 3trs	0			
96545	F18:3TTTN3	f18:3tttn3	f18:3tttn3	f18:3tttn3	f18 3tttn3	0			
96546	F18:4CN3	f18:4cn3	f18:4cn3	f18:4cn3	f18 4cn3	0			
96547	F18D0	f18d0	f18d0	f18d0	f18d0	0			
96548	F18D0AI	f18d0ai	f18d0ai	f18d0ai	f18d0ai	0			
96549	F18D0I	f18d0i	f18d0i	f18d0i	f18d0i	0			
96550	F18D1	f18d1	f18d1	f18d1	f18d1	0			
96551	F18D1-	f18d1-	f18d1-	f18d1-	f18d1	0			
96552	F18D1C	f18d1c	f18d1c	f18d1c	f18d1c	0			
96553	F18D1CN11	f18d1cn11	f18d1cn11	f18d1cn11	f18d1cn11	0			
96554	F18D1CN3	f18d1cn3	f18d1cn3	f18d1cn3	f18d1cn3	0			
96555	F18D1CN4	f18d1cn4	f18d1cn4	f18d1cn4	f18d1cn4	0			
96556	F18D1CN5	f18d1cn5	f18d1cn5	f18d1cn5	f18d1cn5	0			
96557	F18D1CN6	f18d1cn6	f18d1cn6	f18d1cn6	f18d1cn6	0			
96558	F18D1CN7	f18d1cn7	f18d1cn7	f18d1cn7	f18d1cn7	0			
96559	F18D1CN9	f18d1cn9	f18d1cn9	f18d1cn9	f18d1cn9	0			
96560	F18D1N11	f18d1n11	f18d1n11	f18d1n11	f18d1n11	0			
96561	F18D1N5	f18d1n5	f18d1n5	f18d1n5	f18d1n5	0			
96562	F18D1N6	f18d1n6	f18d1n6	f18d1n6	f18d1n6	0			
96563	F18D1N7	f18d1n7	f18d1n7	f18d1n7	f18d1n7	0			
96564	F18D1N7_A_F18D1N9	f18d1n7_a_f18d1n9	f18d1n7_a_f18d1n9	f18d1n7_a_f18d1n9	f18d1n7 a f18d1n9	0			
96565	F18D1N9	f18d1n9	f18d1n9	f18d1n9	f18d1n9	0			
96566	F18D1T	f18d1t	f18d1t	f18d1t	f18d1t	0			
96567	F18D1TN10_A_F18D1TN12	f18d1tn10_a_f18d1tn12	f18d1tn10_a_f18d1tn12	f18d1tn10_a_f18d1tn12	f18d1tn10 a f18d1tn12	0			
96568	F18D1TN11	f18d1tn11	f18d1tn11	f18d1tn11	f18d1tn11	0			
96569	F18D1TN2	f18d1tn2	f18d1tn2	f18d1tn2	f18d1tn2	0			
96570	F18D1TN3	f18d1tn3	f18d1tn3	f18d1tn3	f18d1tn3	0			
96571	F18D1TN4_A_F18D1TN5	f18d1tn4_a_f18d1tn5	f18d1tn4_a_f18d1tn5	f18d1tn4_a_f18d1tn5	f18d1tn4 a f18d1tn5	0			
96572	F18D1TN6	f18d1tn6	f18d1tn6	f18d1tn6	f18d1tn6	0			
96573	F18D1TN7	f18d1tn7	f18d1tn7	f18d1tn7	f18d1tn7	0			
96574	F18D1TN8	f18d1tn8	f18d1tn8	f18d1tn8	f18d1tn8	0			
96575	F18D1TN9	f18d1tn9	f18d1tn9	f18d1tn9	f18d1tn9	0			
96576	F18D2	f18d2	f18d2	f18d2	f18d2	0			
96577	F18D2C9T11	f18d2c9t11	f18d2c9t11	f18d2c9t11	f18d2c9t11	0			
96578	F18D2C9T11_A_F18D2T10C12	f18d2c9t11_a_f18d2t10c12	f18d2c9t11_a_f18d2t10c12	f18d2c9t11_a_f18d2t10c12	f18d2c9t11 a f18d2t10c12	0			
96579	F18D2CN6	f18d2cn6	f18d2cn6	f18d2cn6	f18d2cn6	0			
96580	F18D2N4	f18d2n4	f18d2n4	f18d2n4	f18d2n4	0			
96581	F18D2N5	f18d2n5	f18d2n5	f18d2n5	f18d2n5	0			
96582	F18D2N6	f18d2n6	f18d2n6	f18d2n6	f18d2n6	0			
96583	F18D2T	f18d2t	f18d2t	f18d2t	f18d2t	0			
96584	F18D2T10C12	f18d2t10c12	f18d2t10c12	f18d2t10c12	f18d2t10c12	0			
96585	F18D2TCON	f18d2tcon	f18d2tcon	f18d2tcon	f18d2tcon	0			
96586	F18D2TN6	f18d2tn6	f18d2tn6	f18d2tn6	f18d2tn6	0			
96587	F18D2TTN6	f18d2ttn6	f18d2ttn6	f18d2ttn6	f18d2ttn6	0			
96588	F18D3	f18d3	f18d3	f18d3	f18d3	0			
96589	F18D3CN3	f18d3cn3	f18d3cn3	f18d3cn3	f18d3cn3	0			
96590	F18D3CN6	f18d3cn6	f18d3cn6	f18d3cn6	f18d3cn6	0			
96591	F18D3N3	f18d3n3	f18d3n3	f18d3n3	f18d3n3	0			
96592	F18D3N4	f18d3n4	f18d3n4	f18d3n4	f18d3n4	0			
96593	F18D3N6	f18d3n6	f18d3n6	f18d3n6	f18d3n6	0			
96594	F18D3TN3	f18d3tn3	f18d3tn3	f18d3tn3	f18d3tn3	0			
96595	F18D4	f18d4	f18d4	f18d4	f18d4	0			
96596	F18D4CN3	f18d4cn3	f18d4cn3	f18d4cn3	f18d4cn3	0			
96597	F18D4N1	f18d4n1	f18d4n1	f18d4n1	f18d4n1	0			
96598	F18D4N3	f18d4n3	f18d4n3	f18d4n3	f18d4n3	0			
96599	F18D4N6	f18d4n6	f18d4n6	f18d4n6	f18d4n6	0			
96600	F19:0	f19:0	f19:0	f19:0	f19 0	0			
96601	F19D0	f19d0	f19d0	f19d0	f19d0	0			
96602	F19D1N10	f19d1n10	f19d1n10	f19d1n10	f19d1n10	0			
96603	F19D1N11	f19d1n11	f19d1n11	f19d1n11	f19d1n11	0			
96604	F20:0	f20:0	f20:0	f20:0	f20 0	0			
96605	F20:1CIS	f20:1cis	f20:1cis	f20:1cis	f20 1cis	0			
96606	F20:1CN11	f20:1cn11	f20:1cn11	f20:1cn11	f20 1cn11	0			
96607	F20:1CN9	f20:1cn9	f20:1cn9	f20:1cn9	f20 1cn9	0			
96608	F20:1TRS	f20:1trs	f20:1trs	f20:1trs	f20 1trs	0			
96609	F20:2CN6	f20:2cn6	f20:2cn6	f20:2cn6	f20 2cn6	0			
96610	F20:2TT	f20:2tt	f20:2tt	f20:2tt	f20 2tt	0			
96611	F20:3CN3	f20:3cn3	f20:3cn3	f20:3cn3	f20 3cn3	0			
96612	F20:3CN6	f20:3cn6	f20:3cn6	f20:3cn6	f20 3cn6	0			
96613	F20:3CN9	f20:3cn9	f20:3cn9	f20:3cn9	f20 3cn9	0			
96614	F20:4CN3	f20:4cn3	f20:4cn3	f20:4cn3	f20 4cn3	0			
96615	F20:4CN6	f20:4cn6	f20:4cn6	f20:4cn6	f20 4cn6	0			
96616	F20:5CN3	f20:5cn3	f20:5cn3	f20:5cn3	f20 5cn3	0			
96617	F20D0	f20d0	f20d0	f20d0	f20d0	0			
96618	F20D1	f20d1	f20d1	f20d1	f20d1	0			
96619	F20D1C	f20d1c	f20d1c	f20d1c	f20d1c	0			
96620	F20D1CN11	f20d1cn11	f20d1cn11	f20d1cn11	f20d1cn11	0			
96621	F20D1CN9	f20d1cn9	f20d1cn9	f20d1cn9	f20d1cn9	0			
96622	F20D1N11	f20d1n11	f20d1n11	f20d1n11	f20d1n11	0			
96623	F20D1N11_A_F20D1N13	f20d1n11_a_f20d1n13	f20d1n11_a_f20d1n13	f20d1n11_a_f20d1n13	f20d1n11 a f20d1n13	0			
96624	F20D1N12	f20d1n12	f20d1n12	f20d1n12	f20d1n12	0			
96625	F20D1N7	f20d1n7	f20d1n7	f20d1n7	f20d1n7	0			
96626	F20D1N7_A_F20D1N9	f20d1n7_a_f20d1n9	f20d1n7_a_f20d1n9	f20d1n7_a_f20d1n9	f20d1n7 a f20d1n9	0			
96627	F20D1N8	f20d1n8	f20d1n8	f20d1n8	f20d1n8	0			
96628	F20D1N9	f20d1n9	f20d1n9	f20d1n9	f20d1n9	0			
96629	F20D1N9_A_F20D1N11	f20d1n9_a_f20d1n11	f20d1n9_a_f20d1n11	f20d1n9_a_f20d1n11	f20d1n9 a f20d1n11	0			
96630	F20D1T	f20d1t	f20d1t	f20d1t	f20d1t	0			
96631	F20D2	f20d2	f20d2	f20d2	f20d2	0			
96632	F20D2C	f20d2c	f20d2c	f20d2c	f20d2c	0			
96633	F20D2CN6	f20d2cn6	f20d2cn6	f20d2cn6	f20d2cn6	0			
96634	F20D2N6	f20d2n6	f20d2n6	f20d2n6	f20d2n6	0			
96635	F20D2N9	f20d2n9	f20d2n9	f20d2n9	f20d2n9	0			
96636	F20D3	f20d3	f20d3	f20d3	f20d3	0			
96637	F20D3N3	f20d3n3	f20d3n3	f20d3n3	f20d3n3	0			
96638	F20D3N3_A_F20D4N6	f20d3n3_a_f20d4n6	f20d3n3_a_f20d4n6	f20d3n3_a_f20d4n6	f20d3n3 a f20d4n6	0			
96639	F20D3N6	f20d3n6	f20d3n6	f20d3n6	f20d3n6	0			
96640	F20D3N9	f20d3n9	f20d3n9	f20d3n9	f20d3n9	0			
96641	F20D4	f20d4	f20d4	f20d4	f20d4	0			
96642	F20D4CN6	f20d4cn6	f20d4cn6	f20d4cn6	f20d4cn6	0			
96643	F20D4N3	f20d4n3	f20d4n3	f20d4n3	f20d4n3	0			
96644	F20D4N6	f20d4n6	f20d4n6	f20d4n6	f20d4n6	0			
96645	F20D4N6_A_F22D1	f20d4n6_a_f22d1	f20d4n6_a_f22d1	f20d4n6_a_f22d1	f20d4n6 a f22d1	0			
96646	F20D5	f20d5	f20d5	f20d5	f20d5	0			
96647	F20D5CN3	f20d5cn3	f20d5cn3	f20d5cn3	f20d5cn3	0			
96648	F20D5N3	f20d5n3	f20d5n3	f20d5n3	f20d5n3	0			
96649	F21:0	f21:0	f21:0	f21:0	f21 0	0			
96650	F21:5CN3	f21:5cn3	f21:5cn3	f21:5cn3	f21 5cn3	0			
96651	F21D0	f21d0	f21d0	f21d0	f21d0	0			
96652	F21D5N3	f21d5n3	f21d5n3	f21d5n3	f21d5n3	0			
96653	F22:0	f22:0	f22:0	f22:0	f22 0	0			
96654	F22:1CIS	f22:1cis	f22:1cis	f22:1cis	f22 1cis	0			
96655	F22:1CN11	f22:1cn11	f22:1cn11	f22:1cn11	f22 1cn11	0			
96656	F22:1CN9	f22:1cn9	f22:1cn9	f22:1cn9	f22 1cn9	0			
96657	F22:1TRS	f22:1trs	f22:1trs	f22:1trs	f22 1trs	0			
96658	F22:2CN3	f22:2cn3	f22:2cn3	f22:2cn3	f22 2cn3	0			
96659	F22:2CN6	f22:2cn6	f22:2cn6	f22:2cn6	f22 2cn6	0			
96660	F22:3CN3	f22:3cn3	f22:3cn3	f22:3cn3	f22 3cn3	0			
96661	F22:4CN6	f22:4cn6	f22:4cn6	f22:4cn6	f22 4cn6	0			
96662	F22:5CN3	f22:5cn3	f22:5cn3	f22:5cn3	f22 5cn3	0			
96663	F22:5CN6	f22:5cn6	f22:5cn6	f22:5cn6	f22 5cn6	0			
96664	F22:5N6	f22:5n6	f22:5n6	f22:5n6	f22 5n6	0			
96665	F22:6CN3	f22:6cn3	f22:6cn3	f22:6cn3	f22 6cn3	0			
96666	F22D0	f22d0	f22d0	f22d0	f22d0	0			
96667	F22D1	f22d1	f22d1	f22d1	f22d1	0			
96668	F22D1C	f22d1c	f22d1c	f22d1c	f22d1c	0			
96669	F22D1N11	f22d1n11	f22d1n11	f22d1n11	f22d1n11	0			
96670	F22D1N11_A_F22D1N13	f22d1n11_a_f22d1n13	f22d1n11_a_f22d1n13	f22d1n11_a_f22d1n13	f22d1n11 a f22d1n13	0			
96671	F22D1N7	f22d1n7	f22d1n7	f22d1n7	f22d1n7	0			
96672	F22D1N9	f22d1n9	f22d1n9	f22d1n9	f22d1n9	0			
96673	F22D1N9_A_F22D1N11	f22d1n9_a_f22d1n11	f22d1n9_a_f22d1n11	f22d1n9_a_f22d1n11	f22d1n9 a f22d1n11	0			
96674	F22D1T	f22d1t	f22d1t	f22d1t	f22d1t	0			
96675	F22D2	f22d2	f22d2	f22d2	f22d2	0			
96676	F22D2C	f22d2c	f22d2c	f22d2c	f22d2c	0			
96677	F22D2CN6	f22d2cn6	f22d2cn6	f22d2cn6	f22d2cn6	0			
96678	F22D2N6	f22d2n6	f22d2n6	f22d2n6	f22d2n6	0			
96679	F22D2N6.1	f22d2n6.1	f22d2n6.1	f22d2n6.1	f22d2n6 1	0			
96680	F22D2N9	f22d2n9	f22d2n9	f22d2n9	f22d2n9	0			
96681	F22D3N3	f22d3n3	f22d3n3	f22d3n3	f22d3n3	0			
96682	F22D3N6	f22d3n6	f22d3n6	f22d3n6	f22d3n6	0			
96683	F22D4	f22d4	f22d4	f22d4	f22d4	0			
96684	F22D4N3	f22d4n3	f22d4n3	f22d4n3	f22d4n3	0			
96685	F22D4N6	f22d4n6	f22d4n6	f22d4n6	f22d4n6	0			
96686	F22D4N9	f22d4n9	f22d4n9	f22d4n9	f22d4n9	0			
96687	F22D5	f22d5	f22d5	f22d5	f22d5	0			
96688	F22D5N3	f22d5n3	f22d5n3	f22d5n3	f22d5n3	0			
96689	F22D5N6	f22d5n6	f22d5n6	f22d5n6	f22d5n6	0			
96690	F22D6	f22d6	f22d6	f22d6	f22d6	0			
96691	F22D6CN3	f22d6cn3	f22d6cn3	f22d6cn3	f22d6cn3	0			
96692	F22D6N3	f22d6n3	f22d6n3	f22d6n3	f22d6n3	0			
96693	F22D6N6	f22d6n6	f22d6n6	f22d6n6	f22d6n6	0			
96694	F23:0	f23:0	f23:0	f23:0	f23 0	0			
96695	F23D0	f23d0	f23d0	f23d0	f23d0	0			
96696	F24:0	f24:0	f24:0	f24:0	f24 0	0			
96697	F24:1CIS	f24:1cis	f24:1cis	f24:1cis	f24 1cis	0			
96698	F24:1CN9	f24:1cn9	f24:1cn9	f24:1cn9	f24 1cn9	0			
96699	F24:1TRS	f24:1trs	f24:1trs	f24:1trs	f24 1trs	0			
96700	F24:2CN6	f24:2cn6	f24:2cn6	f24:2cn6	f24 2cn6	0			
96701	F24D0	f24d0	f24d0	f24d0	f24d0	0			
96702	F24D1	f24d1	f24d1	f24d1	f24d1	0			
96703	F24D1C	f24d1c	f24d1c	f24d1c	f24d1c	0			
96704	F24D1CN9	f24d1cn9	f24d1cn9	f24d1cn9	f24d1cn9	0			
96705	F24D1N11	f24d1n11	f24d1n11	f24d1n11	f24d1n11	0			
96706	F24D1N9	f24d1n9	f24d1n9	f24d1n9	f24d1n9	0			
96707	F24D6N3	f24d6n3	f24d6n3	f24d6n3	f24d6n3	0			
96708	F25:0	f25:0	f25:0	f25:0	f25 0	0			
96709	F26:0	f26:0	f26:0	f26:0	f26 0	0			
96710	F26D0	f26d0	f26d0	f26d0	f26d0	0			
96711	F30D0	f30d0	f30d0	f30d0	f30d0	0			
96712	F4:0	f4:0	f4:0	f4:0	f4 0	0			
96713	F4D0	f4d0	f4d0	f4d0	f4d0	0			
96714	F6:0	f6:0	f6:0	f6:0	f6 0	0			
96715	F6D0	f6d0	f6d0	f6d0	f6d0	0			
96716	F8:0	f8:0	f8:0	f8:0	f8 0	0			
96717	F8D0	f8d0	f8d0	f8d0	f8d0	0			
96718	FA 10:0	fa 10:0	fa 10:0	fa 10:0	fa 10 0	0	1257	fatty acids total trans	fatty_acids_total_to_individual_existing
96719	FA 12:0	fa 12:0	fa 12:0	fa 12:0	fa 12 0	0	1257	fatty acids total trans	fatty_acids_total_to_individual_existing
96720	FA 14:0	fa 14:0	fa 14:0	fa 14:0	fa 14 0	0	1257	fatty acids total trans	fatty_acids_total_to_individual_existing
96721	FA 16:0	fa 16:0	fa 16:0	fa 16:0	fa 16 0	0	1257	fatty acids total trans	fatty_acids_total_to_individual_existing
96722	FA 18:0	fa 18:0	fa 18:0	fa 18:0	fa 18 0	0	1257	fatty acids total trans	fatty_acids_total_to_individual_existing
96723	FA 18:1 n-9 cis	fa 18:1 n-9 cis	fa 18:1 n-9 cis	fa 18:1 n-9 cis	fa 18 1 n 9 cis	0	1257	fatty acids total trans	fatty_acids_total_to_individual_existing
96724	FA 18:2 9c,12c (n-6)	fa 18:2 9c, 12c (n-6)	fa 18:2 9c 12c (n-6)	fa 18:2 9c, 12c	fa 18 2 9c 12c n 6	0	1257	fatty acids total trans	fatty_acids_total_to_individual_existing
96725	FA 18:3 c9,c12,c15 (n-3)	fa 18:3 c9, c12, c15 (n-3)	fa 18:3 c9 c12 c15 (n-3)	fa 18:3 c9, c12, c15	fa 18 3 c9 c12 c15 n 3	0	1257	fatty acids total trans	fatty_acids_total_to_individual_existing
96726	FA 20:4 5c,8c,11c,14c (n-6)	fa 20:4 5c, 8c, 11c, 14c (n-6)	fa 20:4 5c 8c 11c 14c (n-6)	fa 20:4 5c, 8c, 11c, 14c	fa 20 4 5c 8c 11c 14c n 6	0	1257	fatty acids total trans	fatty_acids_total_to_individual_existing
96727	FA 4:0	fa 4:0	fa 4:0	fa 4:0	fa 4 0	0	1257	fatty acids total trans	fatty_acids_total_to_individual_existing
96728	FA 6:0	fa 6:0	fa 6:0	fa 6:0	fa 6 0	0	1257	fatty acids total trans	fatty_acids_total_to_individual_existing
96729	FA 8:0	fa 8:0	fa 8:0	fa 8:0	fa 8 0	0	1257	fatty acids total trans	fatty_acids_total_to_individual_existing
96730	FA mono	fa mono	fa mono	fa mono	fa mono	0			
96731	FA poly	fa poly	fa poly	fa poly	fa poly	0			
96732	FA saturated	fa saturated	fa saturated	fa saturated	fa saturated	0			
96733	FACF	facf	facf	facf	facf	0			
96734	FAESS	faess	faess	faess	faess	0			
96735	FAFRE	fafre	fafre	fafre	fafre	0			
96736	Faktorer m.m.	faktorer m.m.	faktorer m.m.	faktorer m.m.	faktorer m m	0			
96737	FAMS	fams	fams	fams	fams	0			
96738	FAMSCIS	famscis	famscis	famscis	famscis	0			
96739	FAMSCXR	famscxr	famscxr	famscxr	famscxr	0			
96740	FAMSTXR	famstxr	famstxr	famstxr	famstxr	0			
96741	FAN3	fan3	fan3	fan3	fan3	0			
96742	FAN6	fan6	fan6	fan6	fan6	0			
96743	FAN9	fan9	fan9	fan9	fan9	0			
96744	FAPU	fapu	fapu	fapu	fapu	0			
96745	FAPUCN3	fapucn3	fapucn3	fapucn3	fapucn3	0			
96746	FAPUCN6	fapucn6	fapucn6	fapucn6	fapucn6	0			
96747	FAPUCN9	fapucn9	fapucn9	fapucn9	fapucn9	0			
96748	FAPULCCN3	fapulccn3	fapulccn3	fapulccn3	fapulccn3	0			
96749	FAPUN3	fapun3	fapun3	fapun3	fapun3	0			
96750	FAPUN6	fapun6	fapun6	fapun6	fapun6	0			
96751	FAPUN9	fapun9	fapun9	fapun9	fapun9	0			
96752	FAPUXR	fapuxr	fapuxr	fapuxr	fapuxr	0			
96753	FAR	far	far	far	far	0			
96754	FASAT	fasat	fasat	fasat	fasat	0			
96755	FASATXR	fasatxr	fasatxr	fasatxr	fasatxr	0			
96756	FAUN	faun	faun	faun	faun	0			
96757	Fedt	fedt	fedt	fedt	fedt	0			
96758	Fedtsyrekonverteringsfaktor	fedtsyrekonverteringsfaktor	fedtsyrekonverteringsfaktor	fedtsyrekonverteringsfaktor	fedtsyrekonverteringsfaktor	0			
96759	Fer	fer	fer	fer	fer	0			
96760	FERAC	ferac	ferac	ferac	ferac	0			
96761	FERAC.1	ferac.1	ferac.1	ferac.1	ferac 1	0			
96762	FERAC.2	ferac.2	ferac.2	ferac.2	ferac 2	0			
96763	Ferulaldehyde	ferulaldehyde	ferulaldehyde	ferulaldehyde	ferulaldehyde	0			
96764	FIB-	fib-	fib-	fib-	fib	0			
96765	FIBAD	fibad	fibad	fibad	fibad	0			
96766	FIBC	fibc	fibc	fibc	fibc	0			
96767	FIBGLCSINS	fibglcsins	fibglcsins	fibglcsins	fibglcsins	0			
96768	FIBGLCSSOL	fibglcssol	fibglcssol	fibglcssol	fibglcssol	0			
96769	FIBHMWS	fibhmws	fibhmws	fibhmws	fibhmws	0			
96770	FIBINS	fibins	fibins	fibins	fibins	0			
96771	FIBLMW	fiblmw	fiblmw	fiblmw	fiblmw	0			
96772	FIBND	fibnd	fibnd	fibnd	fibnd	0			
96773	FIBPEN	fibpen	fibpen	fibpen	fibpen	0			
96774	Fibres	fibres	fibres	fibres	fibres	0			
96775	FIBSOL	fibsol	fibsol	fibsol	fibsol	0			
96776	FIBT	fibt	fibt	fibt	fibt	0			
96777	FIBTG	fibtg	fibtg	fibtg	fibtg	0			
96778	FIBTGLCS	fibtglcs	fibtglcs	fibtglcs	fibtglcs	0			
96779	FIBTS	fibts	fibts	fibts	fibts	0			
96780	FIBTS Southgate	fibts southgate	fibts southgate	fibts southgate	fibts southgate	0			
96781	Flavanols	flavanols	flavanols	flavanols	flavanols	0			
96782	Flavanols/flavans	flavanols/flavans	flavanols/flavans	flavanols/flavans	flavanols flavans	0			
96783	FLAVD	flavd	flavd	flavd	flavd	0			
96784	FLAVO	flavo	flavo	flavo	flavo	0			
96785	Fluor	fluor	fluor	fluor	fluor	0			
96786	FOL	fol	fol	fol	fol	0			
96787	FOL-	fol-	fol-	fol-	fol	0			
96788	FOLAC	folac	folac	folac	folac	0			
96789	FOLACN	folacn	folacn	folacn	folacn	0			
96790	Folat	folat	folat	folat	folat	0			
96791	FOLDFE	foldfe	foldfe	foldfe	foldfe	0			
96792	FOLFD	folfd	folfd	folfd	folfd	0			
96793	FOLFM10	folfm10	folfm10	folfm10	folfm10	0			
96794	FOLFRE	folfre	folfre	folfre	folfre	0			
96795	FOLH2FM10	folh2fm10	folh2fm10	folh2fm10	folh2fm10	0			
96796	FOLH4	folh4	folh4	folh4	folh4	0			
96797	FOLH4FM5	folh4fm5	folh4fm5	folh4fm5	folh4fm5	0			
96798	FOLH4ME5	folh4me5	folh4me5	folh4me5	folh4me5	0			
96799	FOLH4MTN5	folh4mtn5	folh4mtn5	folh4mtn5	folh4mtn5	0			
96800	Footnote	footnote	footnote	footnote	footnote	0			
96801	Formula	formula	formula	formula	formula	0			
96802	Fosfor	fosfor	fosfor	fosfor	fosfor	0			
96804	Frie sukkerarter	frie sukkerarter	frie sukkerarter	frie sukkerarter	frie sukkerarter	0			
96805	Frit folat	frit folat	frit folat	frit folat	frit folat	0			
96806	Fruktose	fruktose	fruktose	fruktose	fruktose	0			
96807	FRUOLSAC	fruolsac	fruolsac	fruolsac	fruolsac	0			
96808	FRUS	frus	frus	frus	frus	0			
96809	FRUSM	frusm	frusm	frusm	frusm	0			
96810	FUCOS	fucos	fucos	fucos	fucos	0			
96811	FUMAC	fumac	fumac	fumac	fumac	0			
96812	FødevareGruppe	fødevaregruppe	fødevaregruppe	fødevaregruppe	f devaregruppe	0			
96813	FødevareNavn	fødevarenavn	fødevarenavn	fødevarenavn	f devarenavn	0			
96814	GABA	gaba	gaba	gaba	gaba	0			
96815	GALAAC	galaac	galaac	galaac	galaac	0			
96816	Galaktose	galaktose	galaktose	galaktose	galaktose	0			
96817	Galangin	galangin	galangin	galangin	galangin	0			
96818	GALF(b)	galf	galf	galf	galf	0			
96819	GALFB	galfb	galfb	galfb	galfb	0			
96820	GALLAC	gallac	gallac	gallac	gallac	0			
96821	GALS	gals	gals	gals	gals	0			
96822	GALSD	galsd	galsd	galsd	galsd	0			
96823	GALSM	galsm	galsm	galsm	galsm	0			
96824	Gamma-tocopherol	gamma-tocopherol	gamma-tocopherol	gamma-tocopherol	gamma tocopherol	0	1158	vitamin e	vitamin_e_to_vit_e_forms_existing
96825	Gamma-tocophérol	gamma-tocophérol	gamma-tocophérol	gamma-tocophérol	gamma tocoph rol	0			
96826	Gamma-tocotrienol	gamma-tocotrienol	gamma-tocotrienol	gamma-tocotrienol	gamma tocotrienol	0	1158	vitamin e	vitamin_e_to_vit_e_forms_existing
96827	gamma-Tokoferol	gamma-tokoferol	gamma-tokoferol	gamma-tokoferol	gamma tokoferol	0			
96828	Gehalte/Value	gehalte/value	gehalte/value	gehalte/value	gehalte value	0			
96829	GLN	gln	gln	gln	gln	0			
96830	GLN_A_GLU	gln_a_glu	gln_a_glu	gln_a_glu	gln a glu	0			
96831	GLOB	glob	glob	glob	glob	0			
96832	GLU	glu	glu	glu	glu	0			
96833	GLU_A_HIS	glu_a_his	glu_a_his	glu_a_his	glu a his	0			
96834	GLUCNB	glucnb	glucnb	glucnb	glucnb	0			
96835	GLUFB	glufb	glufb	glufb	glufb	0			
96836	Glukose	glukose	glukose	glukose	glukose	0			
96837	GLUS	glus	glus	glus	glus	0			
96838	GLUSM	glusm	glusm	glusm	glusm	0			
96839	Glutaminsyre	glutaminsyre	glutaminsyre	glutaminsyre	glutaminsyre	0			
96840	GLY	gly	gly	gly	gly	0			
96841	GLY_A_SER	gly_a_ser	gly_a_ser	gly_a_ser	gly a ser	0			
96842	GLYALK	glyalk	glyalk	glyalk	glyalk	0			
96843	GLYC	glyc	glyc	glyc	glyc	0			
96844	Glycin	glycin	glycin	glycin	glycin	0			
96845	GLYLIP	glylip	glylip	glylip	glylip	0			
96846	GRP_AM	grp_am	grp_am	grp_am	grp am	0			
96847	GRP_MIN	grp_min	grp_min	grp_min	grp min	0			
96848	GRP_SUGOH	grp_sugoh	grp_sugoh	grp_sugoh	grp sugoh	0			
96849	HAEM	haem	haem	haem	haem	0			
96850	HEMCEL	hemcel	hemcel	hemcel	hemcel	0			
96851	HESPD	hespd	hespd	hespd	hespd	0			
96852	Hieraky	hieraky	hieraky	hieraky	hieraky	0			
96853	HIS	his	his	his	his	0			
96854	Histamin	histamin	histamin	histamin	histamin	0			
96855	Histamine	histamine	histamine	histamine	histamine	0			
96856	HISTN	histn	histn	histn	histn	0			
96857	HMDB	hmdb	hmdb	hmdb	hmdb	0			
96858	HRR	hrr	hrr	hrr	hrr	0			
96859	Hydroxybenzaldehydes	hydroxybenzaldehydes	hydroxybenzaldehydes	hydroxybenzaldehydes	hydroxybenzaldehydes	0			
96860	Hydroxybenzoketones	hydroxybenzoketones	hydroxybenzoketones	hydroxybenzoketones	hydroxybenzoketones	0			
96861	Hydroxycinnamaldehydes	hydroxycinnamaldehydes	hydroxycinnamaldehydes	hydroxycinnamaldehydes	hydroxycinnamaldehydes	0			
96862	Hydroxycoumarins	hydroxycoumarins	hydroxycoumarins	hydroxycoumarins	hydroxycoumarins	0			
96863	Hydroxyprolin	hydroxyprolin	hydroxyprolin	hydroxyprolin	hydroxyprolin	0			
96864	Hydroxytyrosol	hydroxytyrosol	hydroxytyrosol	hydroxytyrosol	hydroxytyrosol	0			
96865	HYL	hyl	hyl	hyl	hyl	0			
96866	HYP	hyp	hyp	hyp	hyp	0			
96867	Høj molekylevægt opløselige kostfibre	høj molekylevægt opløselige kostfibre	høj molekylevægt opløselige kostfibre	høj molekylevægt opløselige kostfibre	h j molekylev gt opl selige kostfibre	0			
96868	Ikke benyttet	ikke benyttet	ikke benyttet	ikke benyttet	ikke benyttet	0			
96869	ILE	ile	ile	ile	ile	0			
96870	INFDSTAG	infdstag	infdstag	infdstag	infdstag	0			
96871	Inositol hexaphosphate (IP6)	inositol hexaphosphate (ip6)	inositol hexaphosphate (ip6)	inositol hexaphosphate	inositol hexaphosphate ip6	0			
96872	Inositol pentaphosphate (IP5)	inositol pentaphosphate (ip5)	inositol pentaphosphate (ip5)	inositol pentaphosphate	inositol pentaphosphate ip5	0			
96873	Inositol tetraphosphate (IP4)	inositol tetraphosphate (ip4)	inositol tetraphosphate (ip4)	inositol tetraphosphate	inositol tetraphosphate ip4	0			
96874	Inositol triphosphate (IP3)	inositol triphosphate (ip3)	inositol triphosphate (ip3)	inositol triphosphate	inositol triphosphate ip3	0			
96875	Inositol tétraphosphate (IP4)	inositol tétraphosphate (ip4)	inositol tétraphosphate (ip4)	inositol tétraphosphate	inositol t traphosphate ip4	0			
96877	Intrinsic folate	intrinsic folate	intrinsic folate	intrinsic folate	intrinsic folate	0			
96878	INULN	inuln	inuln	inuln	inuln	0			
96879	IP3	ip3	ip3	ip3	ip3	0			
96880	IP4	ip4	ip4	ip4	ip4	0			
96881	IP4_A_IP5_A_IP6	ip4_a_ip5_a_ip6	ip4_a_ip5_a_ip6	ip4_a_ip5_a_ip6	ip4 a ip5 a ip6	0			
96882	IP5	ip5	ip5	ip5	ip5	0			
96883	IP5_A_IP6	ip5_a_ip6	ip5_a_ip6	ip5_a_ip6	ip5 a ip6	0			
96884	IP6	ip6	ip6	ip6	ip6	0			
96885	Iron haem	iron haem	iron haem	iron haem	iron haem	0	2043	minerals	minerals_total_to_specific
96886	Iron non-haem	iron non-haem	iron non-haem	iron non-haem	iron non haem	0	2043	minerals	minerals_total_to_specific
96887	Is verrijkt met/Is fortified with	is verrijkt met/is fortified with	is verrijkt met/is fortified with	is verrijkt met/is fortified with	is verrijkt met is fortified with	0			
96888	ISBN	isbn	isbn	isbn	isbn	0			
96889	ISOHA	isoha	isoha	isoha	isoha	0			
96890	Isolariciresinol	isolariciresinol	isolariciresinol	isolariciresinol	isolariciresinol	0			
96891	Isoleucin	isoleucin	isoleucin	isoleucin	isoleucin	0			
96892	ISOMALT	isomalt	isomalt	isomalt	isomalt	0			
96893	Isoxanthohumol	isoxanthohumol	isoxanthohumol	isoxanthohumol	isoxanthohumol	0			
96894	ISSCAAP	isscaap	isscaap	isscaap	isscaap	0			
96895	ISSN	issn	issn	issn	issn	0			
96896	Issue	issue	issue	issue	issue	0			
96897	Jern	jern	jern	jern	jern	0			
96898	Jod	jod	jod	jod	jod	0			
96899	Juglone	juglone	juglone	juglone	juglone	0			
96900	K-vitamin	k-vitamin	k-vitamin	k-vitamin	k vitamin	0			
96901	K1-vitamin	k1-vitamin	k1-vitamin	k1-vitamin	k1 vitamin	0			
96902	K2-vitamin	k2-vitamin	k2-vitamin	k2-vitamin	k2 vitamin	0			
96903	KAEMF	kaemf	kaemf	kaemf	kaemf	0			
96904	Kalium	kalium	kalium	kalium	kalium	0			
96905	KEGG	kegg	kegg	kegg	kegg	0			
96906	Kobber	kobber	kobber	kobber	kobber	0			
96907	Koffein	koffein	koffein	koffein	koffein	0			
96908	Kolesterol	kolesterol	kolesterol	kolesterol	kolesterol	0			
96909	Kostfibre	kostfibre	kostfibre	kostfibre	kostfibre	0			
96910	Kostfibre og stivelse	kostfibre og stivelse	kostfibre og stivelse	kostfibre og stivelse	kostfibre og stivelse	0			
96911	Krom	krom	krom	krom	krom	0			
96912	Kviksølv	kviksølv	kviksølv	kviksølv	kviks lv	0			
96913	L-mælkesyre	l-mælkesyre	l-mælkesyre	l-mælkesyre	l m lkesyre	0			
96914	LACAC	lacac	lacac	lacac	lacac	0			
96915	LACACD	lacacd	lacacd	lacacd	lacacd	0			
96916	LACACL	lacacl	lacacl	lacacl	lacacl	0			
96917	LACFE	lacfe	lacfe	lacfe	lacfe	0			
96918	LACS	lacs	lacs	lacs	lacs	0			
96919	LACSM	lacsm	lacsm	lacsm	lacsm	0			
96920	Lactitol	lactitol	lactitol	lactitol	lactitol	0			
96921	LACTL	lactl	lactl	lactl	lactl	0			
96922	Laktitol	laktitol	laktitol	laktitol	laktitol	0			
96923	Laktose	laktose	laktose	laktose	laktose	0			
96924	Language	language	language	language	language	0			
96925	Lariciresinol	lariciresinol	lariciresinol	lariciresinol	lariciresinol	0			
96926	Latest Revision in Version	latest revision in version	latest revision in version	latest revision in version	latest revision in version	0			
96927	Lav molekylevægt opløselige kostfibre	lav molekylevægt opløselige kostfibre	lav molekylevægt opløselige kostfibre	lav molekylevægt opløselige kostfibre	lav molekylev gt opl selige kostfibre	0			
96928	LEU	leu	leu	leu	leu	0			
96929	Leucin	leucin	leucin	leucin	leucin	0			
96930	LIGN	lign	lign	lign	lign	0			
96931	Lignans	lignans	lignans	lignans	lignans	0			
96932	LUTEOL	luteol	luteol	luteol	luteol	0			
96933	LUTN	lutn	lutn	lutn	lutn	0			
96934	LUTN_A_ZEA	lutn_a_zea	lutn_a_zea	lutn_a_zea	lutn a zea	0			
96935	LUTNZEA	lutnzea	lutnzea	lutnzea	lutnzea	0			
96936	LYCPN	lycpn	lycpn	lycpn	lycpn	0			
96937	LYS	lys	lys	lys	lys	0			
96938	Lysin	lysin	lysin	lysin	lysin	0			
96939	Macro nutrients etc.	macro nutrients etc.	macro nutrients etc.	macro nutrients etc.	macro nutrients etc	0			
96940	Magnésium	magnésium	magnésium	magnésium	magn sium	0			
96941	Makronæringstoffer m.m.	makronæringstoffer m.m.	makronæringstoffer m.m.	makronæringstoffer m.m.	makron ringstoffer m m	0			
96942	MALAC	malac	malac	malac	malac	0			
96943	MALS	mals	mals	mals	mals	0			
96944	MALSM	malsm	malsm	malsm	malsm	0			
96945	Maltitol	maltitol	maltitol	maltitol	maltitol	0			
96946	MALTL	maltl	maltl	maltl	maltl	0			
96947	Mangan	mangan	mangan	mangan	mangan	0			
96948	MANS	mans	mans	mans	mans	0			
96949	MANTL	mantl	mantl	mantl	mantl	0			
96950	Massefylde	massefylde	massefylde	massefylde	massefylde	0			
96951	Matairesinol	matairesinol	matairesinol	matairesinol	matairesinol	0			
96952	Matching comments	matching comments	matching comments	matching comments	matching comments	0			
96953	max	max	max	max	max	0			
96954	Maximal decimal places	maximal decimal places	maximal decimal places	maximal decimal places	maximal decimal places	0			
96955	mean	mean	mean	mean	mean	0			
96956	Median	median	median	median	median	0			
96957	Medioresinol	medioresinol	medioresinol	medioresinol	medioresinol	0			
96958	Menaquinon 10	menaquinon 10	menaquinon 10	menaquinon 10	menaquinon 10	0			
96959	Menaquinon 4	menaquinon 4	menaquinon 4	menaquinon 4	menaquinon 4	0			
96960	Menaquinon 5	menaquinon 5	menaquinon 5	menaquinon 5	menaquinon 5	0			
96961	Menaquinon 6	menaquinon 6	menaquinon 6	menaquinon 6	menaquinon 6	0			
96962	Menaquinon 7	menaquinon 7	menaquinon 7	menaquinon 7	menaquinon 7	0			
96963	Menaquinon 8	menaquinon 8	menaquinon 8	menaquinon 8	menaquinon 8	0			
96964	Menaquinon 9	menaquinon 9	menaquinon 9	menaquinon 9	menaquinon 9	0			
96965	Menaquinone 10	menaquinone 10	menaquinone 10	menaquinone 10	menaquinone 10	0			
96966	Menaquinone 4	menaquinone 4	menaquinone 4	menaquinone 4	menaquinone 4	0			
96967	Menaquinone 5	menaquinone 5	menaquinone 5	menaquinone 5	menaquinone 5	0			
96968	Menaquinone 6	menaquinone 6	menaquinone 6	menaquinone 6	menaquinone 6	0			
96969	Menaquinone 7	menaquinone 7	menaquinone 7	menaquinone 7	menaquinone 7	0			
96970	Menaquinone 8	menaquinone 8	menaquinone 8	menaquinone 8	menaquinone 8	0			
96971	Menaquinone 9	menaquinone 9	menaquinone 9	menaquinone 9	menaquinone 9	0			
96972	MET	met	met	met	met	0			
96973	Methionin	methionin	methionin	methionin	methionin	0			
96974	MGLY	mgly	mgly	mgly	mgly	0			
96975	min	min	min	min	min	0			
96976	Mineraler og uorganisk	mineraler og uorganisk	mineraler og uorganisk	mineraler og uorganisk	mineraler og uorganisk	0			
96977	Minerals and inorganic	minerals and inorganic	minerals and inorganic	minerals and inorganic	minerals and inorganic	0			
96978	Minerals and trace elements	minerals and trace elements	minerals and trace elements	minerals and trace elements	minerals and trace elements	0			
96979	Miscellaneous	miscellaneous	miscellaneous	miscellaneous	miscellaneous	0			
96980	Missing facet	missing facet	missing facet	missing facet	missing facet	0			
96981	MJP	mjp	mjp	mjp	mjp	0			
96982	MK10	mk10	mk10	mk10	mk10	0			
96983	MK4	mk4	mk4	mk4	mk4	0			
96984	MK5	mk5	mk5	mk5	mk5	0			
96985	MK6	mk6	mk6	mk6	mk6	0			
96986	MK7	mk7	mk7	mk7	mk7	0			
96987	MK8	mk8	mk8	mk8	mk8	0			
96988	MK9	mk9	mk9	mk9	mk9	0			
96989	MNSAC	mnsac	mnsac	mnsac	mnsac	0			
96990	Molybdæn	molybdæn	molybdæn	molybdæn	molybd n	0			
96991	Mono FA/ 100g FA	mono fa/100g fa	mono fa/100g fa	mono fa/100g fa	mono fa 100g fa	0	96365	cis mono fa 100g fa	alias_to_canonical
96992	Monoumættede fedtsyrer	monoumættede fedtsyrer	monoumættede fedtsyrer	monoumættede fedtsyrer	monoum ttede fedtsyrer	0			
96993	MUCIL	mucil	mucil	mucil	mucil	0			
96994	MYRIC	myric	myric	myric	myric	0			
96995	Mælkesyre	mælkesyre	mælkesyre	mælkesyre	m lkesyre	0			
96996	Mættede fedtsyrer	mættede fedtsyrer	mættede fedtsyrer	mættede fedtsyrer	m ttede fedtsyrer	0			
96997	Méthode	méthode	méthode	méthode	m thode	0			
96998	n-3 poly /100g FA	n-3 poly/100g fa	n-3 poly/100g fa	n-3 poly/100g fa	n 3 poly 100g fa	0			
96999	n-6 poly /100g FA	n-6 poly/100g fa	n-6 poly/100g fa	n-6 poly/100g fa	n 6 poly 100g fa	0			
97000	NACL	nacl	nacl	nacl	nacl	0			
97001	Naphtoquinones	naphtoquinones	naphtoquinones	naphtoquinones	naphtoquinones	0			
97002	NARING	naring	naring	naring	naring	0			
97003	Naringin	naringin	naringin	naringin	naringin	0			
97004	Natrium	natrium	natrium	natrium	natrium	0			
97005	nb_of_publications	nb_of_publications	nb_of_publications	nb_of_publications	nb of publications	0			
97006	NCBI	ncbi	ncbi	ncbi	ncbi	0			
97007	NCF	ncf	ncf	ncf	ncf	0			
97008	NEOX	neox	neox	neox	neox	0			
97009	NEUROSP	neurosp	neurosp	neurosp	neurosp	0			
97011	NEVO-versie/NEVO-version	nevo-versie/nevo-version	nevo-versie/nevo-version	nevo-versie/nevo-version	nevo versie nevo version	0			
97012	NFIBAD	nfibad	nfibad	nfibad	nfibad	0			
97013	NHAEM	nhaem	nhaem	nhaem	nhaem	0			
97014	NIA	nia	nia	nia	nia	0			
97015	NIA-	nia-	nia-	nia-	nia	0			
97016	Niacin (Vit B3)	niacin (vit b3)	niacin (vit b3)	niacin	niacin vit b3	0			
97017	Niacin, preformed	niacin, preformed	niacin preformed	niacin, preformed	niacin preformed	0			
97018	Niacine, préformée	niacine, préformée	niacine préformée	niacine, préformée	niacine pr form e	0			
97019	Niacinækvivalent	niacinækvivalent	niacinækvivalent	niacinækvivalent	niacin kvivalent	0			
97020	NIAEQ	niaeq	niaeq	niaeq	niaeq	0			
97021	NIATRP	niatrp	niatrp	niatrp	niatrp	0			
97022	NICOTAC	nicotac	nicotac	nicotac	nicotac	0			
97023	Nikkel	nikkel	nikkel	nikkel	nikkel	0			
97024	NITRA	nitra	nitra	nitra	nitra	0			
97025	NITRI	nitri	nitri	nitri	nitri	0			
97026	NNC	nnc	nnc	nnc	nnc	0			
97027	NNP	nnp	nnp	nnp	nnp	0			
97028	non-cellulosic	non-cellulosic	non-cellulosic	non-cellulosic	non cellulosic	0			
97029	Not used	not used	not used	not used	not used	0			
97030	Notes	notes	notes	notes	notes	0			
97031	NPRO	npro	npro	npro	npro	0			
97032	NSP	nsp	nsp	nsp	nsp	0			
97033	NumberOfDeterminations	numberofdeterminations	numberofdeterminations	numberofdeterminations	numberofdeterminations	0			
97034	NVSUGAF	nvsugaf	nvsugaf	nvsugaf	nvsugaf	0			
97035	NWHEY	nwhey	nwhey	nwhey	nwhey	0			
97036	Nøglehulsmærket	nøglehulsmærket	nøglehulsmærket	nøglehulsmærket	n glehulsm rket	0			
97037	Observation #	observation #	observation #	observation #	observation	0			
97038	OLSAC	olsac	olsac	olsac	olsac	0			
97039	Ophavsret og copyright	ophavsret og copyright	ophavsret og copyright	ophavsret og copyright	ophavsret og copyright	0			
97040	Opmerking	opmerking	opmerking	opmerking	opmerking	0			
97041	Organiske syrer	organiske syrer	organiske syrer	organiske syrer	organiske syrer	0			
97042	ORIGCPCD	origcpcd	origcpcd	origcpcd	origcpcd	0			
97043	ORN	orn	orn	orn	orn	0			
97044	Ornithine	ornithine	ornithine	ornithine	ornithine	0			
97045	Ornitin	ornitin	ornitin	ornitin	ornitin	0			
97046	Other	other	other	other	other	0			
97047	Other bioactive compounds	other bioactive compounds	other bioactive compounds	other bioactive compounds	other bioactive compounds	0			
97048	Other Cholesterol and Phytosterols	other cholesterol and phytosterols	other cholesterol and phytosterols	other cholesterol and phytosterols	other cholesterol and phytosterols	0	1004	lipid	fat_to_fatty_acids
97049	Other nitrogen-containing components	other nitrogen-containing components	other nitrogen-containing components	other nitrogen-containing components	other nitrogen containing components	0			
97050	Other polyphenols	other polyphenols	other polyphenols	other polyphenols	other polyphenols	0			
97051	OXALAC	oxalac	oxalac	oxalac	oxalac	0			
97052	Oxalsyre	oxalsyre	oxalsyre	oxalsyre	oxalsyre	0			
97053	PageEnd	pageend	pageend	pageend	pageend	0			
97054	PageStart	pagestart	pagestart	pagestart	pagestart	0			
97055	PANTAC	pantac	pantac	pantac	pantac	0			
97056	Pantotensyre	pantotensyre	pantotensyre	pantotensyre	pantotensyre	0			
97057	Pantothenate	pantothenate	pantothenate	pantothenate	pantothenate	0			
97058	PAPOLY	papoly	papoly	papoly	papoly	0			
97059	ParameterGruppeNavn	parametergruppenavn	parametergruppenavn	parametergruppenavn	parametergruppenavn	0			
97060	ParameterNavn	parameternavn	parameternavn	parameternavn	parameternavn	0			
97061	PCHOUAC	pchouac	pchouac	pchouac	pchouac	0			
97062	PCHOUAC.1	pchouac.1	pchouac.1	pchouac.1	pchouac 1	0			
97063	PECT	pect	pect	pect	pect	0			
97064	PHE	phe	phe	phe	phe	0			
97065	PHE_A_TYR	phe_a_tyr	phe_a_tyr	phe_a_tyr	phe a tyr	0			
97066	PHENAC	phenac	phenac	phenac	phenac	0			
97067	Phenylalanin	phenylalanin	phenylalanin	phenylalanin	phenylalanin	0			
97068	Phenylethylamin	phenylethylamin	phenylethylamin	phenylethylamin	phenylethylamin	0			
97069	Phenylethylamine	phenylethylamine	phenylethylamine	phenylethylamine	phenylethylamine	0			
97070	PHETN	phetn	phetn	phetn	phetn	0			
97071	PHOAC	phoac	phoac	phoac	phoac	0			
97072	PHOETHN	phoethn	phoethn	phoethn	phoethn	0			
97073	PHOINOTL	phoinotl	phoinotl	phoinotl	phoinotl	0			
97074	PHOLIP	pholip	pholip	pholip	pholip	0			
97075	PHOSER	phoser	phoser	phoser	phoser	0			
97076	Phosphore	phosphore	phosphore	phosphore	phosphore	0			
97077	PHY:FE	phy:fe	phy:fe	phy:fe	phy fe	0			
97078	PHY:ZN	phy:zn	phy:zn	phy:zn	phy zn	0			
97079	PHYT-	phyt-	phyt-	phyt-	phyt	0			
97080	PHYT-:FE	phyt-:fe	phyt-:fe	phyt-:fe	phyt fe	0			
97081	PHYT-:ZN	phyt-:zn	phyt-:zn	phyt-:zn	phyt zn	0			
97082	Phytate	phytate	phytate	phytate	phytate	0			
97083	PHYTC-	phytc-	phytc-	phytc-	phytc	0			
97084	PHYTC-:FE	phytc-:fe	phytc-:fe	phytc-:fe	phytc fe	0			
97085	PHYTC-:ZN	phytc-:zn	phytc-:zn	phytc-:zn	phytc zn	0			
97086	PHYTCA	phytca	phytca	phytca	phytca	0			
97087	PHYTCA:FE	phytca:fe	phytca:fe	phytca:fe	phytca fe	0			
97088	PHYTCA:ZN	phytca:zn	phytca:zn	phytca:zn	phytca zn	0			
97089	PHYTCPP	phytcpp	phytcpp	phytcpp	phytcpp	0			
97090	PHYTCPP:FE	phytcpp:fe	phytcpp:fe	phytcpp:fe	phytcpp fe	0			
97091	PHYTCPP:ZN	phytcpp:zn	phytcpp:zn	phytcpp:zn	phytcpp zn	0			
97092	PHYTCPPD	phytcppd	phytcppd	phytcppd	phytcppd	0			
97093	PHYTCPPD:FE	phytcppd:fe	phytcppd:fe	phytcppd:fe	phytcppd fe	0			
97094	PHYTCPPD:ZN	phytcppd:zn	phytcppd:zn	phytcppd:zn	phytcppd zn	0			
97095	PHYTCPPI	phytcppi	phytcppi	phytcppi	phytcppi	0			
97096	PHYTCPPI:FE	phytcppi:fe	phytcppi:fe	phytcppi:fe	phytcppi fe	0			
97097	PHYTCPPI:ZN	phytcppi:zn	phytcppi:zn	phytcppi:zn	phytcppi zn	0			
97098	PHYTOFLUENCE	phytofluence	phytofluence	phytofluence	phytofluence	0			
97099	Phytosterol	phytosterol	phytosterol	phytosterol	phytosterol	0	1004	lipid	fat_to_fatty_acids
97100	Piceatannol	piceatannol	piceatannol	piceatannol	piceatannol	0			
97101	Pigment A	pigment a	pigment a	pigment a	pigment a	0			
97102	Pinoresinol	pinoresinol	pinoresinol	pinoresinol	pinoresinol	0			
97103	Pinosylvin	pinosylvin	pinosylvin	pinosylvin	pinosylvin	0			
97104	Pinotin A	pinotin a	pinotin a	pinotin a	pinotin a	0			
97105	Plant sterols	plant sterols	plant sterols	plant sterols	plant sterols	0			
97106	Poly FA /100g FA	poly fa/100g fa	poly fa/100g fa	poly fa/100g fa	poly fa 100g fa	0			
97107	POLYL	polyl	polyl	polyl	polyl	0			
97108	Polymers (>10 mers)	polymers (>10 mers)	polymers (>10 mers)	polymers	polymers 10 mers	0			
97109	Polyols	polyols	polyols	polyols	polyols	0			
97110	POLYPHENT	polyphent	polyphent	polyphent	polyphent	0			
97111	Polyumættede fedtsyrer	polyumættede fedtsyrer	polyumættede fedtsyrer	polyumættede fedtsyrer	polyum ttede fedtsyrer	0			
97112	PP-	pp-	pp-	pp-	pp	0			
97113	PPD	ppd	ppd	ppd	ppd	0			
97114	PPI	ppi	ppi	ppi	ppi	0			
97115	Previous	previous	previous	previous	previous	0			
97116	PRO	pro	pro	pro	pro	0			
97117	PROANTCYA	proantcya	proantcya	proantcya	proantcya	0			
97118	Processing	processing	processing	processing	processing	0			
97119	PROCYA	procya	procya	procya	procya	0			
97120	Prolin	prolin	prolin	prolin	prolin	0			
97121	PROPAC	propac	propac	propac	propac	0			
97122	Propionsyre	propionsyre	propionsyre	propionsyre	propionsyre	0			
97123	PROT	prot	prot	prot	prot	0			
97124	PROT-	prot-	prot-	prot-	prot	0			
97125	PROTA	prota	prota	prota	prota	0			
97126	PROTAN	protan	protan	protan	protan	0			
97127	PROTCNA	protcna	protcna	protcna	protcna	0			
97128	PROTCNP	protcnp	protcnp	protcnp	protcnp	0			
97129	PROTCNT	protcnt	protcnt	protcnt	protcnt	0			
97130	Protocatechuic aldehyde	protocatechuic aldehyde	protocatechuic aldehyde	protocatechuic aldehyde	protocatechuic aldehyde	0			
97131	PROTPL	protpl	protpl	protpl	protpl	0			
97132	PSACNC	psacnc	psacnc	psacnc	psacnc	0			
97133	PSACNSI	psacnsi	psacnsi	psacnsi	psacnsi	0			
97134	PSACNSS	psacnss	psacnss	psacnss	psacnss	0			
97135	Pterostilbene	pterostilbene	pterostilbene	pterostilbene	pterostilbene	0			
97136	Publication year	publication year	publication year	publication year	publication year	0			
97137	Publisher	publisher	publisher	publisher	publisher	0			
97138	Putrescin	putrescin	putrescin	putrescin	putrescin	0			
97139	Putrescine	putrescine	putrescine	putrescine	putrescine	0			
97140	PUTRSC	putrsc	putrsc	putrsc	putrsc	0			
97141	Pyrogallol	pyrogallol	pyrogallol	pyrogallol	pyrogallol	0			
97142	PYRXN	pyrxn	pyrxn	pyrxn	pyrxn	0			
97143	PYRXNHCL	pyrxnhcl	pyrxnhcl	pyrxnhcl	pyrxnhcl	0			
97144	QUERCE	querce	querce	querce	querce	0			
97145	QUINAC	quinac	quinac	quinac	quinac	0			
97146	RAFS	rafs	rafs	rafs	rafs	0			
97147	RAFSM	rafsm	rafsm	rafsm	rafsm	0			
97148	RdV	rdv	rdv	rdv	rdv	0			
97149	ReportNumber	reportnumber	reportnumber	reportnumber	reportnumber	0			
97150	ResVal	resval	resval	resval	resval	0			
97151	Resveratrol	resveratrol	resveratrol	resveratrol	resveratrol	0			
97152	RESVTROL	resvtrol	resvtrol	resvtrol	resvtrol	0			
97153	Retinaldehyde	retinaldehyde	retinaldehyde	retinaldehyde	retinaldehyde	0			
97154	Retinol activity equialents (RAE)	retinol activity equialents	retinol activity equialents	retinol activity equialents	retinol activity equialents	0	1004	lipid	fat_to_fatty_acids
97155	RETOL	retol	retol	retol	retol	0			
97156	RETOL(IU)	retol	retol	retol	retol	0			
97157	RETOL13	retol13	retol13	retol13	retol13	0			
97158	RETOLAT	retolat	retolat	retolat	retolat	0			
97159	RETOLDH	retoldh	retoldh	retoldh	retoldh	0			
97160	RETOLEQ	retoleq	retoleq	retoleq	retoleq	0			
97161	Rhamnetin	rhamnetin	rhamnetin	rhamnetin	rhamnetin	0			
97162	RHAS	rhas	rhas	rhas	rhas	0			
97163	RIBF	ribf	ribf	ribf	ribf	0			
97164	Riboflavin (B2-vitamin)	riboflavin (b2-vitamin)	riboflavin (b2-vitamin)	riboflavin	riboflavin b2 vitamin	0			
97165	Riboflavin (Vit B2)	riboflavin (vit b2)	riboflavin (vit b2)	riboflavin	riboflavin vit b2	0			
97166	Riboflavin (vitamin B2)	riboflavin (vitamin b2)	riboflavin (vitamin b2)	riboflavin	riboflavin vitamin b2	0			
97167	Riboflavine (vitamine B2)	riboflavine (vitamine b2)	riboflavine (vitamine b2)	riboflavine	riboflavine vitamine b2	0			
97168	RIBS	ribs	ribs	ribs	ribs	0			
97169	RUTIN	rutin	rutin	rutin	rutin	0			
97170	Rétinol	rétinol	rétinol	rétinol	r tinol	0			
97171	Sakkarose	sakkarose	sakkarose	sakkarose	sakkarose	0			
97172	SALAC	salac	salac	salac	salac	0			
97173	Salt	salt	salt	salt	salt	0			
97174	Salt deklaration	salt deklaration	salt deklaration	salt deklaration	salt deklaration	0			
97175	Salt labelling	salt labelling	salt labelling	salt labelling	salt labelling	0			
97176	SAPON	sapon	sapon	sapon	sapon	0			
97177	Satd FA /100g FA	satd fa/100g fa	satd fa/100g fa	satd fa/100g fa	satd fa 100g fa	0			
97178	Satd FA /100g fd	satd fa/100g fd	satd fa/100g fd	satd fa/100g fd	satd fa 100g fd	0			
97179	Scopoletin	scopoletin	scopoletin	scopoletin	scopoletin	0			
97180	Season	season	season	season	season	0			
97181	Secoisolariciresinol	secoisolariciresinol	secoisolariciresinol	secoisolariciresinol	secoisolariciresinol	0			
97182	SED	sed	sed	sed	sed	0			
97183	Selen	selen	selen	selen	selen	0			
97184	SER	ser	ser	ser	ser	0			
97185	Serin	serin	serin	serin	serin	0			
97186	SEROTN	serotn	serotn	serotn	serotn	0			
97187	Serotonin	serotonin	serotonin	serotonin	serotonin	0			
97188	SHIKAC	shikac	shikac	shikac	shikac	0			
97189	Significant figures	significant figures	significant figures	significant figures	significant figures	0			
97190	Silicium	silicium	silicium	silicium	silicium	0			
97191	Sinapaldehyde	sinapaldehyde	sinapaldehyde	sinapaldehyde	sinapaldehyde	0			
97192	SINPAC	sinpac	sinpac	sinpac	sinpac	0			
97193	SITSTR	sitstr	sitstr	sitstr	sitstr	0			
97194	SMILES	smiles	smiles	smiles	smiles	0			
97195	SML	sml	sml	sml	sml	0			
97196	SMR	smr	smr	smr	smr	0			
97197	SN.1	sn.1	sn.1	sn.1	sn 1	0			
97198	SOLAA	solaa	solaa	solaa	solaa	0			
97199	Somme des macronutriments	somme des macronutriments	somme des macronutriments	somme des macronutriments	somme des macronutriments	0			
97200	Somme des macronutriments (SOP)	somme des macronutriments	somme des macronutriments	somme des macronutriments	somme des macronutriments	0			
97201	SOP	sop	sop	sop	sop	0			
97202	SortKey	sortkey	sortkey	sortkey	sortkey	0			
97203	SORTL	sortl	sortl	sortl	sortl	0			
97204	Species/Subspecies	species/subspecies	species/subspecies	species/subspecies	species subspecies	0			
97205	SPERDN	sperdn	sperdn	sperdn	sperdn	0			
97206	Spermin	spermin	spermin	spermin	spermin	0			
97207	Spermine	spermine	spermine	spermine	spermine	0			
97208	SPERN	spern	spern	spern	spern	0			
97209	Spoor / Verrijkt/Trace / Fortified	spoor/verrijkt/trace/fortified	spoor/verrijkt/trace/fortified	spoor/verrijkt/trace/fortified	spoor verrijkt trace fortified	0			
97210	SQUAL	squal	squal	squal	squal	0			
97211	STARCH-	starch-	starch-	starch-	starch	0	260230	carbohydrate by difference	carb_to_complex_carbs
97212	Starch/Glycogen	starch/glycogen	starch/glycogen	starch/glycogen	starch glycogen	0	260230	carbohydrate by difference	carb_to_complex_carbs
97213	STARCHAVLDF	starchavldf	starchavldf	starchavldf	starchavldf	0			
97214	STARCHM	starchm	starchm	starchm	starchm	0			
97215	STARES	stares	stares	stares	stares	0			
97216	STARES3	stares3	stares3	stares3	stares3	0			
97217	STAS	stas	stas	stas	stas	0			
97218	STASM	stasm	stasm	stasm	stasm	0			
97219	Steroler	steroler	steroler	steroler	steroler	0			
97220	Sterols	sterols	sterols	sterols	sterols	0			
97221	STERT	stert	stert	stert	stert	0			
97222	STGSTR	stgstr	stgstr	stgstr	stgstr	0			
97223	Stilbenes	stilbenes	stilbenes	stilbenes	stilbenes	0			
97224	Stivelse/Glykogen	stivelse/glykogen	stivelse/glykogen	stivelse/glykogen	stivelse glykogen	0			
97225	SUCAC	sucac	sucac	sucac	sucac	0			
97226	SUCS	sucs	sucs	sucs	sucs	0			
97227	SUCSM	sucsm	sucsm	sucsm	sucsm	0			
97228	SUGAD	sugad	sugad	sugad	sugad	0			
97231	SUGARM	sugarm	sugarm	sugarm	sugarm	0			
97232	SUGNRD	sugnrd	sugnrd	sugnrd	sugnrd	0			
97233	SUGRD	sugrd	sugrd	sugrd	sugrd	0			
97234	Sukkerstoffer	sukkerstoffer	sukkerstoffer	sukkerstoffer	sukkerstoffer	0			
97235	Svind	svind	svind	svind	svind	0			
97236	Svovl	svovl	svovl	svovl	svovl	0			
97237	Synoniem	synoniem	synoniem	synoniem	synoniem	0			
97238	SYRAC	syrac	syrac	syrac	syrac	0			
97239	Syringaldehyde	syringaldehyde	syringaldehyde	syringaldehyde	syringaldehyde	0			
97240	Syringaresinol	syringaresinol	syringaresinol	syringaresinol	syringaresinol	0			
97241	TAN	tan	tan	tan	tan	0			
97242	Tannins	tannins	tannins	tannins	tannins	0			
97243	TARAC	tarac	tarac	tarac	tarac	0			
97244	TAU	tau	tau	tau	tau	0			
97245	Taurin	taurin	taurin	taurin	taurin	0			
97246	TGLY	tgly	tgly	tgly	tgly	0			
97247	THIA	thia	thia	thia	thia	0			
97248	THIA-	thia-	thia-	thia-	thia	0			
97249	THIAHCL	thiahcl	thiahcl	thiahcl	thiahcl	0			
97250	Thiamin (B1-vitamin)	thiamin (b1-vitamin)	thiamin (b1-vitamin)	thiamin	thiamin b1 vitamin	0			
97251	Thiamin (Vit B1)	thiamin (vit b1)	thiamin (vit b1)	thiamin	thiamin vit b1	0			
97252	Thiamin (Vitamin B1)	thiamin (vitamin b1)	thiamin (vitamin b1)	thiamin	thiamin vitamin b1	0			
97253	Thiamine	thiamine	thiamine	thiamine	thiamine	0			
97254	Thiamine (vitamin B1)	thiamine (vitamin b1)	thiamine (vitamin b1)	thiamine	thiamine vitamin b1	0			
97255	Thiamine (vitamine B1)	thiamine (vitamine b1)	thiamine (vitamine b1)	thiamine	thiamine vitamine b1	0			
97256	THR	thr	thr	thr	thr	0			
97257	Threonin	threonin	threonin	threonin	threonin	0			
97258	Tilsat Sukker	tilsat sukker	tilsat sukker	tilsat sukker	tilsat sukker	0			
97259	TitelDansk	titeldansk	titeldansk	titeldansk	titeldansk	0			
97260	TitleEnglish	titleenglish	titleenglish	titleenglish	titleenglish	0			
97261	TitleOriginal	titleoriginal	titleoriginal	titleoriginal	titleoriginal	0			
97262	TOCPHA	tocpha	tocpha	tocpha	tocpha	0			
97263	TOCPHA(IU)	tocpha	tocpha	tocpha	tocpha	0			
97264	TOCPHB	tocphb	tocphb	tocphb	tocphb	0			
97265	TOCPHB_A_TOCPHG	tocphb_a_tocphg	tocphb_a_tocphg	tocphb_a_tocphg	tocphb a tocphg	0			
97266	TOCPHD	tocphd	tocphd	tocphd	tocphd	0			
97267	TOCPHG	tocphg	tocphg	tocphg	tocphg	0			
97268	TOCPHT	tocpht	tocpht	tocpht	tocpht	0			
97269	TOCTRA	toctra	toctra	toctra	toctra	0			
97270	TOCTRB	toctrb	toctrb	toctrb	toctrb	0			
97271	TOCTRD	toctrd	toctrd	toctrd	toctrd	0			
97272	TOCTRG	toctrg	toctrg	toctrg	toctrg	0			
97273	Toxic trace elements and contaminants	toxic trace elements and contaminants	toxic trace elements and contaminants	toxic trace elements and contaminants	toxic trace elements and contaminants	0			
97274	Trachelogenin	trachelogenin	trachelogenin	trachelogenin	trachelogenin	0			
97275	Trans FAs /100g FA	trans fas/100g fa	trans fas/100g fa	trans fas/100g fa	trans fas 100g fa	0			
97276	trans monounsaturated /100g FA	trans monounsaturated/100g fa	trans monounsaturated/100g fa	trans monounsaturated/100g fa	trans monounsaturated 100g fa	0			
97277	trans poly /100g FA	trans poly/100g fa	trans poly/100g fa	trans poly/100g fa	trans poly 100g fa	0			
97278	TRES	tres	tres	tres	tres	0			
97279	TRP	trp	trp	trp	trp	0			
97280	Tryptofan	tryptofan	tryptofan	tryptofan	tryptofan	0			
97281	Tryptophan/60	tryptophan/60	tryptophan/60	tryptophan/60	tryptophan 60	0			
97282	Tryptophane	tryptophane	tryptophane	tryptophane	tryptophane	0			
97283	TYR	tyr	tyr	tyr	tyr	0			
97284	TYRA	tyra	tyra	tyra	tyra	0			
97285	Tyramin	tyramin	tyramin	tyramin	tyramin	0			
97286	Tyramine	tyramine	tyramine	tyramine	tyramine	0			
97287	Tyrosin	tyrosin	tyrosin	tyrosin	tyrosin	0			
97288	Tyrosols	tyrosols	tyrosols	tyrosols	tyrosols	0			
97289	Tørstof	tørstof	tørstof	tørstof	t rstof	0			
97290	Umbelliferone	umbelliferone	umbelliferone	umbelliferone	umbelliferone	0			
97291	unknown C16 poly /100g FA	unknown c16 poly/100g fa	unknown c16 poly/100g fa	unknown c16 poly/100g fa	unknown c16 poly 100g fa	0			
97292	unknown C18 poly /100g FA	unknown c18 poly/100g fa	unknown c18 poly/100g fa	unknown c18 poly/100g fa	unknown c18 poly 100g fa	0			
97293	unknown C20 poly /100 FA	unknown c20 poly/100 fa	unknown c20 poly/100 fa	unknown c20 poly/100 fa	unknown c20 poly 100 fa	0			
97294	unknown C22 poly /100g FA	unknown c22 poly/100g fa	unknown c22 poly/100g fa	unknown c22 poly/100g fa	unknown c22 poly 100g fa	0			
97295	Uopløselige kostfibre	uopløselige kostfibre	uopløselige kostfibre	uopløselige kostfibre	uopl selige kostfibre	0			
97296	URL	url	url	url	url	0			
97297	VAL	val	val	val	val	0			
97298	Valin	valin	valin	valin	valin	0			
97299	VANAC	vanac	vanac	vanac	vanac	0			
97300	Vanillin	vanillin	vanillin	vanillin	vanillin	0			
97301	VERS	vers	vers	vers	vers	0			
97302	VIOLX	violx	violx	violx	violx	0			
97303	VITA	vita	vita	vita	vita	0			
97304	VITA-	vita-	vita-	vita-	vita	0			
97305	VITA-(IU)	vita-	vita-	vita-	vita	0			
97306	VITA_RAE	vita_rae	vita_rae	vita_rae	vita rae	0			
97307	VITA_RE	vita_re	vita_re	vita_re	vita re	0			
97308	VITAACT	vitaact	vitaact	vitaact	vitaact	0			
97309	Vitamin A, retinol	vitamin a, retinol	vitamin a retinol	vitamin a, retinol	vitamin a retinol	0	1004	lipid	fat_to_fatty_acids
97310	Vitamin B1 or Thiamin	vitamin b1 or thiamin	vitamin b1 or thiamin	vitamin b1 or thiamin	vitamin b1 or thiamin	0			
97311	Vitamin B12	vitamin b12	vitamin b12	vitamin b12	vitamin b12	0			
97312	Vitamin B2 or Riboflavin	vitamin b2 or riboflavin	vitamin b2 or riboflavin	vitamin b2 or riboflavin	vitamin b2 or riboflavin	0			
97313	Vitamin B3 or Niacin	vitamin b3 or niacin	vitamin b3 or niacin	vitamin b3 or niacin	vitamin b3 or niacin	0			
97314	Vitamin B6	vitamin b6	vitamin b6	vitamin b6	vitamin b6	0			
97315	Vitamin C	vitamin c	vitamin c	vitamin c	vitamin c	0	1162	vitamin c total ascorbic acid	alias_to_canonical
97316	Vitamin D	vitamin d	vitamin d	vitamin d	vitamin d	0			
97317	Vitamin D2	vitamin d2	vitamin d2	vitamin d2	vitamin d2	0			
97318	Vitamin D3	vitamin d3	vitamin d3	vitamin d3	vitamin d3	0			
97319	Vitamin K	vitamin k	vitamin k	vitamin k	vitamin k	0	2046	vitamins and other components	vitamins_and_other_components_to_vitamin_parents
97320	Vitamin K1	vitamin k1	vitamin k1	vitamin k1	vitamin k1	0			
97321	Vitamin K2	vitamin k2	vitamin k2	vitamin k2	vitamin k2	0			
97322	Vitamine A (exprimée en équivalent rétinol)	vitamine a (exprimée en équivalent rétinol)	vitamine a (exprimée en équivalent rétinol)	vitamine a	vitamine a exprim e en quivalent r tinol	0			
97323	Vitamine B12	vitamine b12	vitamine b12	vitamine b12	vitamine b12	0			
97324	Vitamine B6	vitamine b6	vitamine b6	vitamine b6	vitamine b6	0			
97325	Vitamine C	vitamine c	vitamine c	vitamine c	vitamine c	0			
97326	Vitamine D	vitamine d	vitamine d	vitamine d	vitamine d	0			
97327	Vitaminer	vitaminer	vitaminer	vitaminer	vitaminer	0			
97328	Vitamins	vitamins	vitamins	vitamins	vitamins	0			
97329	VITB12	vitb12	vitb12	vitb12	vitb12	0			
97330	VITB6	vitb6	vitb6	vitb6	vitb6	0			
97331	VITB6-	vitb6-	vitb6-	vitb6-	vitb6	0			
97332	VITB6A	vitb6a	vitb6a	vitb6a	vitb6a	0			
97333	VITB6C	vitb6c	vitb6c	vitb6c	vitb6c	0			
97334	VITC	vitc	vitc	vitc	vitc	0			
97335	VITC-	vitc-	vitc-	vitc-	vitc	0			
97336	VITD	vitd	vitd	vitd	vitd	0			
97337	VITD-	vitd-	vitd-	vitd-	vitd	0			
97338	VITDEQ	vitdeq	vitdeq	vitdeq	vitdeq	0			
97339	VITE	vite	vite	vite	vite	0			
97340	VITE-	vite-	vite-	vite-	vite	0			
97341	VITE-(IU)	vite-	vite-	vite-	vite	0			
97342	VITEA(IU)	vitea	vitea	vitea	vitea	0			
97343	Vitisin A	vitisin a	vitisin a	vitisin a	vitisin a	0			
97344	VITK	vitk	vitk	vitk	vitk	0			
97345	VITK1	vitk1	vitk1	vitk1	vitk1	0			
97346	VITK2	vitk2	vitk2	vitk2	vitk2	0			
97347	Voedingsstof	voedingsstof	voedingsstof	voedingsstof	voedingsstof	0			
97348	Voedingsstofgroep	voedingsstofgroep	voedingsstofgroep	voedingsstofgroep	voedingsstofgroep	0			
97349	Volume	volume	volume	volume	volume	0			
97350	WASTE	waste	waste	waste	waste	0			
97351	WAX	wax	wax	wax	wax	0			
97352	Xanthohumol	xanthohumol	xanthohumol	xanthohumol	xanthohumol	0			
97353	XFA (internal use)	xfa	xfa	xfa	xfa	0			
97354	XYLS	xyls	xyls	xyls	xyls	0			
97355	XYLTL	xyltl	xyltl	xyltl	xyltl	0			
97356	Year	year	year	year	year	0			
97357	ZEA	zea	zea	zea	zea	0			
97358	Zink	zink	zink	zink	zink	0			
97359	Energie	energie	energie	energie	energie	0			
97360	Equivalent beta-carotene ou	equivalent beta-carotene ou	equivalent beta-carotene ou	equivalent beta-carotene ou	equivalent beta carotene ou	0	1004	lipid	fat_to_fatty_acids
97361	ParameterNavn	parameternavn	parameternavn	parameternavn	parameternavn	0			
99998	Porphyran	porphyran	porphyran	porphyran	porphyran	0			
99999	Phytic Acid / Myo-Inositol	phytic acid/myo-inositol	phytic acid/myo-inositol	phytic acid/myo-inositol	phytic acid myo inositol	0	1025	organic acids	organic_acids_to_specific_existing
210001	PHYTCPPI(mg)	phytcppi	phytcppi	phytcppi	phytcppi	0			
210002	PHYTCPPD(mg)	phytcppd	phytcppd	phytcppd	phytcppd	0			
210003	PHYTCPP(mg)	phytcpp	phytcpp	phytcpp	phytcpp	0			
210004	PHYTCA (mg)	phytca	phytca	phytca	phytca	0			
210005	PHYTC-(mg)	phytc-	phytc-	phytc-	phytc	0			
210006	PPI(mg)	ppi	ppi	ppi	ppi	0			
210007	PPD(mg)	ppd	ppd	ppd	ppd	0			
210008	PP-(mg)	pp-	pp-	pp-	pp	0			
210009	XP	xp	xp	xp	xp	0			
210010	IP3(mg)	ip3	ip3	ip3	ip3	0			
210011	IP4(mg)	ip4	ip4	ip4	ip4	0			
210012	IP5(mg)	ip5	ip5	ip5	ip5	0			
210013	IP6(mg)	ip6	ip6	ip6	ip6	0			
210014	IP5_A_IP6 (mg)	ip5_a_ip6	ip5_a_ip6	ip5_a_ip6	ip5 a ip6	0			
210015	IP4_A_IP5_A_IP6(mg)	ip4_a_ip5_a_ip6	ip4_a_ip5_a_ip6	ip4_a_ip5_a_ip6	ip4 a ip5 a ip6	0			
210016	IPSUM (mg)	ipsum	ipsum	ipsum	ipsum	0			
210017	PHYT-	phyt-	phyt-	phyt-	phyt	0			
210018	PHYTCPPI:FE	phytcppi:fe	phytcppi:fe	phytcppi:fe	phytcppi fe	0			
210019	PHYTCPPI:ZN	phytcppi:zn	phytcppi:zn	phytcppi:zn	phytcppi zn	0			
210020	PHYTCPPD:FE	phytcppd:fe	phytcppd:fe	phytcppd:fe	phytcppd fe	0			
210021	PHYTCPPD:ZN	phytcppd:zn	phytcppd:zn	phytcppd:zn	phytcppd zn	0			
210022	PHYTCA:FE	phytca:fe	phytca:fe	phytca:fe	phytca fe	0			
210023	PHYTCA:ZN	phytca:zn	phytca:zn	phytca:zn	phytca zn	0			
210024	PHYTCPP:FE	phytcpp:fe	phytcpp:fe	phytcpp:fe	phytcpp fe	0			
210025	PHYTCPP:ZN	phytcpp:zn	phytcpp:zn	phytcpp:zn	phytcpp zn	0			
210026	PHYTC-:FE	phytc-:fe	phytc-:fe	phytc-:fe	phytc fe	0			
210027	PHYTC-:ZN	phytc-:zn	phytc-:zn	phytc-:zn	phytc zn	0			
210028	PHYT-:FE	phyt-:fe	phyt-:fe	phyt-:fe	phyt fe	0			
210029	PHYT-:ZN	phyt-:zn	phyt-:zn	phyt-:zn	phyt zn	0			
210030	PHY:FE	phy:fe	phy:fe	phy:fe	phy fe	0			
210031	PHY:ZN	phy:zn	phy:zn	phy:zn	phy zn	0			
220001	Code	code	code	code	code	0			
220002	XN	xn	xn	xn	xn	0			
220003	NNP(mg)	nnp	nnp	nnp	nnp	0			
220004	PROTCNP(g)	protcnp	protcnp	protcnp	protcnp	0			
220005	PROT-(g)	prot-	prot-	prot-	prot	0			
220007	FAUN(g)	faun	faun	faun	faun	0			
220008	CHOCDF(g)	chocdf	chocdf	chocdf	chocdf	0			
220009	CHO-(g)	cho-	cho-	cho-	cho	0			
220010	SUGRD(g)	sugrd	sugrd	sugrd	sugrd	0			
220011	SUGNRD(g)	sugnrd	sugnrd	sugnrd	sugnrd	0			
220013	STARCH-(g)	starch-	starch-	starch-	starch	0	260230	carbohydrate by difference	carb_to_complex_carbs
220014	STARES(g)	stares	stares	stares	stares	0			
220015	FIBTG(g)	fibtg	fibtg	fibtg	fibtg	0			
220016	FIBC(g)	fibc	fibc	fibc	fibc	0			
220017	FIB-(g)	fib-	fib-	fib-	fib	0			
220018	FIBINS(g)	fibins	fibins	fibins	fibins	0			
220019	FIBSOL(g)	fibsol	fibsol	fibsol	fibsol	0			
220020	FIBND(g)	fibnd	fibnd	fibnd	fibnd	0			
220021	FIBAD(g)	fibad	fibad	fibad	fibad	0			
220022	CA(mg)	ca	ca	ca	ca	0			
220023	CO(mcg)	co	co	co	co	0			
220024	CU(mg)	cu	cu	cu	cu	0			
220025	FE(mg)	fe	fe	fe	fe	0			
220026	K(mg)	k	k	k	k	0			
220027	MN(mg)	mn	mn	mn	mn	0			
220028	MG(mg)	mg	mg	mg	mg	0			
220029	NA(mg)	na	na	na	na	0			
220030	P(mg)	p	p	p	p	0			
220031	SE(mcg)	se	se	se	se	0			
220032	AS(mcg)	as	as	as	as	0			
220033	CD(mcg)	cd	cd	cd	cd	0			
220034	CR(mcg)	cr	cr	cr	cr	0			
220035	HG(mcg)	hg	hg	hg	hg	0			
220036	ID(mcg)	id	id	id	id	0			
220037	LI(mcg)	li	li	li	li	0			
220038	NI(mcg)	ni	ni	ni	ni	0			
220039	PB(mcg)	pb	pb	pb	pb	0			
220040	VITA_RAE(mcg)	vita_rae	vita_rae	vita_rae	vita rae	0			
220041	CARTOID(mcg)	cartoid	cartoid	cartoid	cartoid	0			
220042	VITEA(IU)	vitea	vitea	vitea	vitea	0			
220043	VITE(mg)	vite	vite	vite	vite	0			
220044	VITE-(mg)	vite-	vite-	vite-	vite	0			
220045	NIAEQ(mg)	niaeq	niaeq	niaeq	niaeq	0			
220046	NIATRP(mg)	niatrp	niatrp	niatrp	niatrp	0			
220047	NIA-(mg)	nia-	nia-	nia-	nia	0			
220048	ASCL(mg)	ascl	ascl	ascl	ascl	0			
220049	RAFSM(g)	rafsm	rafsm	rafsm	rafsm	0			
220050	STASM(g)	stasm	stasm	stasm	stasm	0			
220051	XFA (internal use)	xfa	xfa	xfa	xfa	0			
220052	FACID(g)	facid	facid	facid	facid	0			
220053	F12D0(g)	f12d0	f12d0	f12d0	f12d0	0			
220054	F14D0(g)	f14d0	f14d0	f14d0	f14d0	0			
220055	F15D0(g)	f15d0	f15d0	f15d0	f15d0	0			
220056	F16D0(g)	f16d0	f16d0	f16d0	f16d0	0			
220057	F18D0(g)	f18d0	f18d0	f18d0	f18d0	0			
220058	F20D0(g)	f20d0	f20d0	f20d0	f20d0	0			
220059	F22D0(g)	f22d0	f22d0	f22d0	f22d0	0			
220060	F24D0(g)	f24d0	f24d0	f24d0	f24d0	0			
220061	F16D1(g)	f16d1	f16d1	f16d1	f16d1	0			
220062	F18D1(g)	f18d1	f18d1	f18d1	f18d1	0			
220063	F20D1(g)	f20d1	f20d1	f20d1	f20d1	0			
220064	F22D1(g)	f22d1	f22d1	f22d1	f22d1	0			
220065	F24D1(g)	f24d1	f24d1	f24d1	f24d1	0			
220066	F18D2(g)	f18d2	f18d2	f18d2	f18d2	0			
220067	F20D2(g)	f20d2	f20d2	f20d2	f20d2	0			
220068	F18D3(g)	f18d3	f18d3	f18d3	f18d3	0			
220069	F20D4(g)	f20d4	f20d4	f20d4	f20d4	0			
220070	PHE_A_TYR(mg)	phe_a_tyr	phe_a_tyr	phe_a_tyr	phe a tyr	0			
220071	AAE-(mg)	aae-	aae-	aae-	aae	0			
220072	AMMON(mg)	ammon	ammon	ammon	ammon	0			
220073	PHYTCPPD(mg)	phytcppd	phytcppd	phytcppd	phytcppd	0			
220074	PHYTCPP(mg)	phytcpp	phytcpp	phytcpp	phytcpp	0			
220075	PP-(mg)	pp-	pp-	pp-	pp	0			
220076	IP6(mg)	ip6	ip6	ip6	ip6	0			
220077	PHYT-	phyt-	phyt-	phyt-	phyt	0			
220078	GABA(mg)	gaba	gaba	gaba	gaba	0			
220079	TAN(mg)	tan	tan	tan	tan	0			
220080	CYAN(mcg)	cyan	cyan	cyan	cyan	0			
220081	SUGRD(g)	sugrd	sugrd	sugrd	sugrd	0			
220082	SUGNRD(g)	sugnrd	sugnrd	sugnrd	sugnrd	0			
220083	CELLU(g)	cellu	cellu	cellu	cellu	0			
220084	MUCIL(g)	mucil	mucil	mucil	mucil	0			
220085	CLD(mg)	cld	cld	cld	cld	0			
220086	S(mg)	s	s	s	s	0			
220087	VITA(mcg)	vita	vita	vita	vita	0			
220088	VITA-(mcg)	vita-	vita-	vita-	vita	0			
220089	CARTBEQ(mcg)	cartbeq	cartbeq	cartbeq	cartbeq	0			
220090	CAROT(mcg)	carot	carot	carot	carot	0			
220091	NEOX(mcg)	neox	neox	neox	neox	0			
220092	ASCDL(mg)	ascdl	ascdl	ascdl	ascdl	0			
220093	ANTCYAN(mcg)	antcyan	antcyan	antcyan	antcyan	0			
220094	CINAC(mg)	cinac	cinac	cinac	cinac	0			
220095	TAN(mg)	tan	tan	tan	tan	0			
220096	GLYALK(mg)	glyalk	glyalk	glyalk	glyalk	0			
220097	CARTBCIS(mcg)	cartbcis	cartbcis	cartbcis	cartbcis	0			
220098	ENERA(kJ)	enera	enera	enera	enera	0			
220099	NT(g)	nt	nt	nt	nt	0			
220100	NPRO(g)	npro	npro	npro	npro	0			
220101	PROTA(g)	prota	prota	prota	prota	0			
220102	PROTCNP(g)	protcnp	protcnp	protcnp	protcnp	0			
220103	CHOAVLO(g)	choavlo	choavlo	choavlo	choavlo	0			
220104	CHOAVLM(g)	choavlm	choavlm	choavlm	choavlm	0			
220105	CHOAVL-(g)	choavl-	choavl-	choavl-	choavl	0			
220106	STARCHM(g)	starchm	starchm	starchm	starchm	0			
220107	STARCH-(g)	starch-	starch-	starch-	starch	0	260230	carbohydrate by difference	carb_to_complex_carbs
220108	STARES(g)	stares	stares	stares	stares	0			
220109	STARES3(g)	stares3	stares3	stares3	stares3	0			
220110	NSP(g)	nsp	nsp	nsp	nsp	0			
220111	PSACNSI(g)	psacnsi	psacnsi	psacnsi	psacnsi	0			
220112	PSACNSS(g)	psacnss	psacnss	psacnss	psacnss	0			
220114	SUGNRD(g)	sugnrd	sugnrd	sugnrd	sugnrd	0			
220115	OLSAC (g)	olsac	olsac	olsac	olsac	0			
220116	FIB-(g)	fib-	fib-	fib-	fib	0			
220117	FIBTGLCS(g)	fibtglcs	fibtglcs	fibtglcs	fibtglcs	0			
220118	FIBPEN(g)	fibpen	fibpen	fibpen	fibpen	0			
220119	GLUFB(g)	glufb	glufb	glufb	glufb	0			
220120	GALFB(g)	galfb	galfb	galfb	galfb	0			
220121	GLUCNB(g)	glucnb	glucnb	glucnb	glucnb	0			
220122	GALSD(g)	galsd	galsd	galsd	galsd	0			
220123	FUCOS(g)	fucos	fucos	fucos	fucos	0			
220124	RHAS(g)	rhas	rhas	rhas	rhas	0			
220125	THIAHCL(mg)	thiahcl	thiahcl	thiahcl	thiahcl	0			
220126	NIATRP(mg)	niatrp	niatrp	niatrp	niatrp	0			
220127	NIAEQ(mg)	niaeq	niaeq	niaeq	niaeq	0			
220128	VITB6C(mg)	vitb6c	vitb6c	vitb6c	vitb6c	0			
220129	VITC-(mg)	vitc-	vitc-	vitc-	vitc	0			
220130	FOL(mcg)	fol	fol	fol	fol	0			
220131	FOLSUM(mcg)	folsum	folsum	folsum	folsum	0			
220132	FOLACN(mcg)	folacn	folacn	folacn	folacn	0			
220133	FOLFM10(mcg)	folfm10	folfm10	folfm10	folfm10	0			
220134	FOLH4(mcg)	folh4	folh4	folh4	folh4	0			
220135	FOLH4ME5(mcg)	folh4me5	folh4me5	folh4me5	folh4me5	0			
220136	FOLH4MTN5(mcg)	folh4mtn5	folh4mtn5	folh4mtn5	folh4mtn5	0			
220137	FOLH4FM5(mcg)	folh4fm5	folh4fm5	folh4fm5	folh4fm5	0			
220138	CARTA(mcg)	carta	carta	carta	carta	0			
220139	CARTB(mcg)	cartb	cartb	cartb	cartb	0			
220140	CRYPXB(mcg)	crypxb	crypxb	crypxb	crypxb	0			
220141	VIOLX(mcg)	violx	violx	violx	violx	0			
220142	CARTOID(mcg)	cartoid	cartoid	cartoid	cartoid	0			
220143	VITE-(mg)	vite-	vite-	vite-	vite	0			
220144	TOCPHA(mg)	tocpha	tocpha	tocpha	tocpha	0			
220145	TOCPHD(mg)	tocphd	tocphd	tocphd	tocphd	0			
220146	TOCPHG(mg)	tocphg	tocphg	tocphg	tocphg	0			
220147	TOCPHB_A_TOCPHG(mg)	tocphb_a_tocphg	tocphb_a_tocphg	tocphb_a_tocphg	tocphb a tocphg	0			
220148	PHOLIP(g)	pholip	pholip	pholip	pholip	0			
220149	STERT(g)	stert	stert	stert	stert	0			
220150	FACID(g)	facid	facid	facid	facid	0			
220151	TGLY(g)	tgly	tgly	tgly	tgly	0			
220152	FAESS(g)	faess	faess	faess	faess	0			
220153	FAN3(g)	fan3	fan3	fan3	fan3	0			
220154	FAN6(g)	fan6	fan6	fan6	fan6	0			
220155	FAN9(g)	fan9	fan9	fan9	fan9	0			
220156	FAPUN3(g)	fapun3	fapun3	fapun3	fapun3	0			
220157	FAPUN6(g)	fapun6	fapun6	fapun6	fapun6	0			
220158	F13D0(g)	f13d0	f13d0	f13d0	f13d0	0			
220159	F17D0(g)	f17d0	f17d0	f17d0	f17d0	0			
220160	F21D0(g)	f21d0	f21d0	f21d0	f21d0	0			
220161	F23D0(g)	f23d0	f23d0	f23d0	f23d0	0			
220162	F26D0(g)	f26d0	f26d0	f26d0	f26d0	0			
220163	F16D1(g)	f16d1	f16d1	f16d1	f16d1	0			
220164	F16D1CN9(g)	f16d1cn9	f16d1cn9	f16d1cn9	f16d1cn9	0			
220165	F16D1C(g)	f16d1c	f16d1c	f16d1c	f16d1c	0			
220166	F16D1N7(g)	f16d1n7	f16d1n7	f16d1n7	f16d1n7	0			
220167	F17D1(g)	f17d1	f17d1	f17d1	f17d1	0			
220168	F18D1(g)	f18d1	f18d1	f18d1	f18d1	0			
220169	F18D1N7(g)	f18d1n7	f18d1n7	f18d1n7	f18d1n7	0			
220170	F18D1N9(g)	f18d1n9	f18d1n9	f18d1n9	f18d1n9	0			
220171	F18D1CN9(g)	f18d1cn9	f18d1cn9	f18d1cn9	f18d1cn9	0			
220172	F18D1TN9(g)	f18d1tn9	f18d1tn9	f18d1tn9	f18d1tn9	0			
220173	F18D1T(g)	f18d1t	f18d1t	f18d1t	f18d1t	0			
220174	F18D1CN11(g)	f18d1cn11	f18d1cn11	f18d1cn11	f18d1cn11	0			
220175	F20D1(g)	f20d1	f20d1	f20d1	f20d1	0			
220176	F20D1N7(g)	f20d1n7	f20d1n7	f20d1n7	f20d1n7	0			
220177	F20D1N9(g)	f20d1n9	f20d1n9	f20d1n9	f20d1n9	0			
220178	F20D1N11(g)	f20d1n11	f20d1n11	f20d1n11	f20d1n11	0			
220179	F20D1CN9(g)	f20d1cn9	f20d1cn9	f20d1cn9	f20d1cn9	0			
220180	F22D1(g)	f22d1	f22d1	f22d1	f22d1	0			
220181	F22D1N9(g)	f22d1n9	f22d1n9	f22d1n9	f22d1n9	0			
220182	D22D1N7(g)	d22d1n7	d22d1n7	d22d1n7	d22d1n7	0			
220183	F24D1N9(g)	f24d1n9	f24d1n9	f24d1n9	f24d1n9	0			
220184	F24D1(g)	f24d1	f24d1	f24d1	f24d1	0			
220185	F24D1C(g)	f24d1c	f24d1c	f24d1c	f24d1c	0			
220186	F18D2(g)	f18d2	f18d2	f18d2	f18d2	0			
220187	F18D2TTN6(g)	f18d2ttn6	f18d2ttn6	f18d2ttn6	f18d2ttn6	0			
220188	F18D2N6(g)	f18d2n6	f18d2n6	f18d2n6	f18d2n6	0			
220189	F18D2CN6(g)	f18d2cn6	f18d2cn6	f18d2cn6	f18d2cn6	0			
220190	F18D2TN6(g)	f18d2tn6	f18d2tn6	f18d2tn6	f18d2tn6	0			
220191	F20D2(g)	f20d2	f20d2	f20d2	f20d2	0			
220192	F20D2N6(g)	f20d2n6	f20d2n6	f20d2n6	f20d2n6	0			
220193	F20D2CN6(g)	f20d2cn6	f20d2cn6	f20d2cn6	f20d2cn6	0			
220194	F22D2(g)	f22d2	f22d2	f22d2	f22d2	0			
220195	F18D3(g)	f18d3	f18d3	f18d3	f18d3	0			
220196	F18D3N3(g)	f18d3n3	f18d3n3	f18d3n3	f18d3n3	0			
220197	F18D3CN3(g)	f18d3cn3	f18d3cn3	f18d3cn3	f18d3cn3	0			
220198	FAR(g)	far	far	far	far	0			
220199	CYS_A_MET(mg)	cys_a_met	cys_a_met	cys_a_met	cys a met	0			
220200	AANE(mg)	aane	aane	aane	aane	0			
220201	PHYTCPPI(mg)	phytcppi	phytcppi	phytcppi	phytcppi	0			
220202	PHYTC-(mg)	phytc-	phytc-	phytc-	phytc	0			
220203	PPI(mg)	ppi	ppi	ppi	ppi	0			
220204	IP3(mg)	ip3	ip3	ip3	ip3	0			
220205	IP4(mg)	ip4	ip4	ip4	ip4	0			
220206	IP5(mg)	ip5	ip5	ip5	ip5	0			
220207	IP5_A_IP6 (mg)	ip5_a_ip6	ip5_a_ip6	ip5_a_ip6	ip5 a ip6	0			
220208	POLYPHENT(mg)	polyphent	polyphent	polyphent	polyphent	0			
220209	PROANTCYA(mg)	proantcya	proantcya	proantcya	proantcya	0			
220210	DOPN(mg)	dopn	dopn	dopn	dopn	0			
220211	SAPON(mg)	sapon	sapon	sapon	sapon	0			
220212	ALBU(mg)	albu	albu	albu	albu	0			
220213	GLOB(mg)	glob	glob	glob	glob	0			
220214	MO(mcg)	mo	mo	mo	mo	0			
220215	VITB6A(mg)	vitb6a	vitb6a	vitb6a	vitb6a	0			
220216	FOLSUM(mcg)	folsum	folsum	folsum	folsum	0			
220217	F6D0(g)	f6d0	f6d0	f6d0	f6d0	0			
220218	F8D0(g)	f8d0	f8d0	f8d0	f8d0	0			
220219	F10D0(g)	f10d0	f10d0	f10d0	f10d0	0			
220220	F16D1CN7(g)	f16d1cn7	f16d1cn7	f16d1cn7	f16d1cn7	0			
220221	F17D1(g)	f17d1	f17d1	f17d1	f17d1	0			
220222	F18D1N9(g)	f18d1n9	f18d1n9	f18d1n9	f18d1n9	0			
220223	F20D1CN11(g)	f20d1cn11	f20d1cn11	f20d1cn11	f20d1cn11	0			
220224	F18D2CN6(g)	f18d2cn6	f18d2cn6	f18d2cn6	f18d2cn6	0			
220225	F18D3CN3(g)	f18d3cn3	f18d3cn3	f18d3cn3	f18d3cn3	0			
220226	AAT-(mg)	aat-	aat-	aat-	aat	0			
220227	CARTG(mcg)	cartg	cartg	cartg	cartg	0			
220228	CRYPX(mcg)	crypx	crypx	crypx	crypx	0			
220229	FOL-(mcg)	fol-	fol-	fol-	fol	0			
220230	VITC-(mg)	vitc-	vitc-	vitc-	vitc	0			
220231	F18D1CN7(g)	f18d1cn7	f18d1cn7	f18d1cn7	f18d1cn7	0			
220232	F18D2N6(g)	f18d2n6	f18d2n6	f18d2n6	f18d2n6	0			
220233	F18D3N3(g)	f18d3n3	f18d3n3	f18d3n3	f18d3n3	0			
220234	F22D6CN3(g)	f22d6cn3	f22d6cn3	f22d6cn3	f22d6cn3	0			
220235	NNP(mg)	nnp	nnp	nnp	nnp	0			
220236	NPRO(g)	npro	npro	npro	npro	0			
220237	PROTCNA(g)	protcna	protcna	protcna	protcna	0			
220238	CHOAVLM(g)	choavlm	choavlm	choavlm	choavlm	0			
220239	FIBTS(g)	fibts	fibts	fibts	fibts	0			
220240	PSACNC(g)	psacnc	psacnc	psacnc	psacnc	0			
220241	B(mcg)	b	b	b	b	0			
220242	V(mcg)	v	v	v	v	0			
220243	VITA_RAE(mcg)	vita_rae	vita_rae	vita_rae	vita rae	0			
220244	CRYPXA(mcg)	crypxa	crypxa	crypxa	crypxa	0			
220245	NEUROSP(mcg)	neurosp	neurosp	neurosp	neurosp	0			
220246	TOCTRD(mg)	toctrd	toctrd	toctrd	toctrd	0			
220247	STARCHM(g)	starchm	starchm	starchm	starchm	0			
220248	AAT24(mg)	aat24	aat24	aat24	aat24	0			
220249	SHIKAC(mg)	shikac	shikac	shikac	shikac	0			
220250	OA(g)	oa	oa	oa	oa	0			
220251	HESPD(mcg)	hespd	hespd	hespd	hespd	0			
220252	ISOHA(mcg)	isoha	isoha	isoha	isoha	0			
220253	ENERC(kcal) (original)	enerc	enerc	enerc	enerc	0			
220254	NFIBAD(g)	nfibad	nfibad	nfibad	nfibad	0			
220255	BA(mcg)	ba	ba	ba	ba	0			
220256	SR(mcg)	sr	sr	sr	sr	0			
220257	RETOL(IU)	retol	retol	retol	retol	0			
220258	VITA-(mcg)	vita-	vita-	vita-	vita	0			
220259	VITA-(IU)	vita-	vita-	vita-	vita	0			
220260	TOCPHA(IU)	tocpha	tocpha	tocpha	tocpha	0			
220261	VITE-(IU)	vite-	vite-	vite-	vite	0			
220262	PYRXN(mg)	pyrxn	pyrxn	pyrxn	pyrxn	0			
220263	CHOLE(mg)	chole	chole	chole	chole	0			
220264	GLYLIP(g)	glylip	glylip	glylip	glylip	0			
220265	FACID(g)	facid	facid	facid	facid	0			
220266	FAPUN3(g)	fapun3	fapun3	fapun3	fapun3	0			
220267	FAPUN6(g)	fapun6	fapun6	fapun6	fapun6	0			
220268	F15D0I(g)	f15d0i	f15d0i	f15d0i	f15d0i	0			
220269	F15D0AI(g)	f15d0ai	f15d0ai	f15d0ai	f15d0ai	0			
220270	F17D0I(g)	f17d0i	f17d0i	f17d0i	f17d0i	0			
220271	F17D0AI(g)	f17d0ai	f17d0ai	f17d0ai	f17d0ai	0			
220272	F19D0(g)	f19d0	f19d0	f19d0	f19d0	0			
220273	F14D1N9(g)	f14d1n9	f14d1n9	f14d1n9	f14d1n9	0			
220274	F14D1CN5(g)	f14d1cn5	f14d1cn5	f14d1cn5	f14d1cn5	0			
220275	F14D1N5(g)	f14d1n5	f14d1n5	f14d1n5	f14d1n5	0			
220276	F14D1(g)	f14d1	f14d1	f14d1	f14d1	0			
220277	F15D1N10(g)	f15d1n10	f15d1n10	f15d1n10	f15d1n10	0			
220278	F15D1(g)	f15d1	f15d1	f15d1	f15d1	0			
220279	F16D1N9(g)	f16d1n9	f16d1n9	f16d1n9	f16d1n9	0			
220280	F16D1TN7(g)	f16d1tn7	f16d1tn7	f16d1tn7	f16d1tn7	0			
220281	F16D1N7(g)	f16d1n7	f16d1n7	f16d1n7	f16d1n7	0			
220282	F16D1C(g)	f16d1c	f16d1c	f16d1c	f16d1c	0			
220283	F17D1N10(g)	f17d1n10	f17d1n10	f17d1n10	f17d1n10	0			
220284	F17D1CN8(g)	f17d1cn8	f17d1cn8	f17d1cn8	f17d1cn8	0			
220285	F17D1CN7(g)	f17d1cn7	f17d1cn7	f17d1cn7	f17d1cn7	0			
220286	F17D1N7(g)	f17d1n7	f17d1n7	f17d1n7	f17d1n7	0			
220287	F18D1N11(g)	f18d1n11	f18d1n11	f18d1n11	f18d1n11	0			
220288	F18D1TN11(g)	f18d1tn11	f18d1tn11	f18d1tn11	f18d1tn11	0			
220289	F18D1CN9(g)	f18d1cn9	f18d1cn9	f18d1cn9	f18d1cn9	0			
220290	F18D1TN9(g)	f18d1tn9	f18d1tn9	f18d1tn9	f18d1tn9	0			
220291	F18D1TN8(g)	f18d1tn8	f18d1tn8	f18d1tn8	f18d1tn8	0			
220292	F18D1TN7(g)	f18d1tn7	f18d1tn7	f18d1tn7	f18d1tn7	0			
220293	F18D1N7(g)	f18d1n7	f18d1n7	f18d1n7	f18d1n7	0			
220294	F18D1CN6(g)	f18d1cn6	f18d1cn6	f18d1cn6	f18d1cn6	0			
220295	F18D1TN6(g)	f18d1tn6	f18d1tn6	f18d1tn6	f18d1tn6	0			
220296	F18D1CN5(g)	f18d1cn5	f18d1cn5	f18d1cn5	f18d1cn5	0			
220297	F18D1CN4(g)	f18d1cn4	f18d1cn4	f18d1cn4	f18d1cn4	0			
220298	F18D1CN3(g)	f18d1cn3	f18d1cn3	f18d1cn3	f18d1cn3	0			
220299	F18D1TN3(g)	f18d1tn3	f18d1tn3	f18d1tn3	f18d1tn3	0			
220300	F18D1TN2(g)	f18d1tn2	f18d1tn2	f18d1tn2	f18d1tn2	0			
220301	F18D1T(g)	f18d1t	f18d1t	f18d1t	f18d1t	0			
220302	F20D1CN9(g)	f20d1cn9	f20d1cn9	f20d1cn9	f20d1cn9	0			
220303	F20D1N9(g)	f20d1n9	f20d1n9	f20d1n9	f20d1n9	0			
220304	F24D1CN9(g)	f24d1cn9	f24d1cn9	f24d1cn9	f24d1cn9	0			
220305	F16D2N6(g)	f16d2n6	f16d2n6	f16d2n6	f16d2n6	0			
220306	F18D2C9T11(g)	f18d2c9t11	f18d2c9t11	f18d2c9t11	f18d2c9t11	0			
220307	F18D2TN6(g)	f18d2tn6	f18d2tn6	f18d2tn6	f18d2tn6	0			
220308	F18D2T10C12(g)	f18d2t10c12	f18d2t10c12	f18d2t10c12	f18d2t10c12	0			
220309	F18D2TCON(g)	f18d2tcon	f18d2tcon	f18d2tcon	f18d2tcon	0			
220310	F20D2N6(g)	f20d2n6	f20d2n6	f20d2n6	f20d2n6	0			
220311	F22D2CN6(g)	f22d2cn6	f22d2cn6	f22d2cn6	f22d2cn6	0			
220312	F22D2N6(g)	f22d2n6	f22d2n6	f22d2n6	f22d2n6	0			
220313	F18D3CN6(g)	f18d3cn6	f18d3cn6	f18d3cn6	f18d3cn6	0			
220314	F18D3N6(g)	f18d3n6	f18d3n6	f18d3n6	f18d3n6	0			
220315	F20D3N6(g)	f20d3n6	f20d3n6	f20d3n6	f20d3n6	0			
220316	F20D3N3(g)	f20d3n3	f20d3n3	f20d3n3	f20d3n3	0			
220317	F18D4N3(g)	f18d4n3	f18d4n3	f18d4n3	f18d4n3	0			
220318	F20D4CN6(g)	f20d4cn6	f20d4cn6	f20d4cn6	f20d4cn6	0			
220319	F20D4N6(g)	f20d4n6	f20d4n6	f20d4n6	f20d4n6	0			
220320	F20D4N3(g)	f20d4n3	f20d4n3	f20d4n3	f20d4n3	0			
220321	F22D4N6(g)	f22d4n6	f22d4n6	f22d4n6	f22d4n6	0			
220322	F20D5CN3(g)	f20d5cn3	f20d5cn3	f20d5cn3	f20d5cn3	0			
220323	F20D5N3(g)	f20d5n3	f20d5n3	f20d5n3	f20d5n3	0			
220324	F22D5N3(g)	f22d5n3	f22d5n3	f22d5n3	f22d5n3	0			
220325	F22D6(g)	f22d6	f22d6	f22d6	f22d6	0			
220326	F22D6N3(g)	f22d6n3	f22d6n3	f22d6n3	f22d6n3	0			
220327	F18D1TN10_A_F18D1TN12(g)	f18d1tn10_a_f18d1tn12	f18d1tn10_a_f18d1tn12	f18d1tn10_a_f18d1tn12	f18d1tn10 a f18d1tn12	0			
220328	F18D1TN4_A_F18D1TN5(g)	f18d1tn4_a_f18d1tn5	f18d1tn4_a_f18d1tn5	f18d1tn4_a_f18d1tn5	f18d1tn4 a f18d1tn5	0			
220329	F20D3N3_A_F20D4N6(g)	f20d3n3_a_f20d4n6	f20d3n3_a_f20d4n6	f20d3n3_a_f20d4n6	f20d3n3 a f20d4n6	0			
220330	AAE8(mg)	aae8	aae8	aae8	aae8	0			
220331	AAT19(mg)	aat19	aat19	aat19	aat19	0			
220332	AAA(mg)	aaa	aaa	aaa	aaa	0			
220333	AAS(mg)	aas	aas	aas	aas	0			
220334	AAE-(mg)	aae-	aae-	aae-	aae	0			
220335	GLY_A_SER(mg)	gly_a_ser	gly_a_ser	gly_a_ser	gly a ser	0			
220336	SQUAL(mg)	squal	squal	squal	squal	0			
220337	STERT(mg)	stert	stert	stert	stert	0			
220338	AG(mcg)	ag	ag	ag	ag	0			
220339	BRD(mcg)	brd	brd	brd	brd	0			
220340	CS(mcg)	cs	cs	cs	cs	0			
220341	RB(mg)	rb	rb	rb	rb	0			
220342	TI(mcg)	ti	ti	ti	ti	0			
220343	RETOLSUM(mcg)	retolsum	retolsum	retolsum	retolsum	0			
220344	VITA_RAE(mcg)	vita_rae	vita_rae	vita_rae	vita rae	0			
220345	ATX(mcg)	atx	atx	atx	atx	0			
220346	THIAHCL(mg)	thiahcl	thiahcl	thiahcl	thiahcl	0			
220347	THIA-(mg)	thia-	thia-	thia-	thia	0			
220348	VITB6C(mg)	vitb6c	vitb6c	vitb6c	vitb6c	0			
220349	PYRXNHCL(mg)	pyrxnhcl	pyrxnhcl	pyrxnhcl	pyrxnhcl	0			
220350	ALA_A_ARG(mg)	ala_a_arg	ala_a_arg	ala_a_arg	ala a arg	0			
220351	GLU_A_HIS(mg)	glu_a_his	glu_a_his	glu_a_his	glu a his	0			
220352	CHOL-(mg)	chol-	chol-	chol-	chol	0			
220353	CHOLEST(mg)	cholest	cholest	cholest	cholest	0			
220354	FAFRE(g)	fafre	fafre	fafre	fafre	0			
220355	MGLY(g)	mgly	mgly	mgly	mgly	0			
220356	DGLY(g)	dgly	dgly	dgly	dgly	0			
220357	TGLY(g)	tgly	tgly	tgly	tgly	0			
220358	WAX(mg)	wax	wax	wax	wax	0			
220359	SITSTR(mg)	sitstr	sitstr	sitstr	sitstr	0			
220360	STGSTR(mg)	stgstr	stgstr	stgstr	stgstr	0			
220361	CAMT(mg)	camt	camt	camt	camt	0			
220362	FAPUN9(g)	fapun9	fapun9	fapun9	fapun9	0			
220363	FAPUCN3(g)	fapucn3	fapucn3	fapucn3	fapucn3	0			
220364	FAPULCCN3(g)	fapulccn3	fapulccn3	fapulccn3	fapulccn3	0			
220365	FAPUCN6(g)	fapucn6	fapucn6	fapucn6	fapucn6	0			
220366	FAPUCN9(g)	fapucn9	fapucn9	fapucn9	fapucn9	0			
220367	FAN3(g)	fan3	fan3	fan3	fan3	0			
220368	FAN6(g)	fan6	fan6	fan6	fan6	0			
220369	F4D0(g)	f4d0	f4d0	f4d0	f4d0	0			
220370	F11D0(g)	f11d0	f11d0	f11d0	f11d0	0			
220371	F14D0I(g)	f14d0i	f14d0i	f14d0i	f14d0i	0			
220372	F16D0I(g)	f16d0i	f16d0i	f16d0i	f16d0i	0			
220373	F16D0AI(g)	f16d0ai	f16d0ai	f16d0ai	f16d0ai	0			
220374	F18D0I(g)	f18d0i	f18d0i	f18d0i	f18d0i	0			
220375	F18D0AI(g)	f18d0ai	f18d0ai	f18d0ai	f18d0ai	0			
220376	F30D0(g)	f30d0	f30d0	f30d0	f30d0	0			
220377	F14D1N7(g)	f14d1n7	f14d1n7	f14d1n7	f14d1n7	0			
220378	F15D1N9(g)	f15d1n9	f15d1n9	f15d1n9	f15d1n9	0			
220379	F15D1N8(g)	f15d1n8	f15d1n8	f15d1n8	f15d1n8	0			
220380	F15D1N7(g)	f15d1n7	f15d1n7	f15d1n7	f15d1n7	0			
220381	F15D1N6(g)	f15d1n6	f15d1n6	f15d1n6	f15d1n6	0			
220382	F16D1N11(g)	f16d1n11	f16d1n11	f16d1n11	f16d1n11	0			
220383	F16D1N8(g)	f16d1n8	f16d1n8	f16d1n8	f16d1n8	0			
220384	F16D1N5(g)	f16d1n5	f16d1n5	f16d1n5	f16d1n5	0			
220385	F17D1N9(g)	f17d1n9	f17d1n9	f17d1n9	f17d1n9	0			
220386	F17D1N8(g)	f17d1n8	f17d1n8	f17d1n8	f17d1n8	0			
220387	F17D1N5(g)	f17d1n5	f17d1n5	f17d1n5	f17d1n5	0			
220388	F18D1CN11(g)	f18d1cn11	f18d1cn11	f18d1cn11	f18d1cn11	0			
220389	F18D1N6(g)	f18d1n6	f18d1n6	f18d1n6	f18d1n6	0			
220390	F18D1N5(g)	f18d1n5	f18d1n5	f18d1n5	f18d1n5	0			
220391	F18D1-(g)	f18d1-	f18d1-	f18d1-	f18d1	0			
220392	F19D1N11(g)	f19d1n11	f19d1n11	f19d1n11	f19d1n11	0			
220393	F19D1N10(g)	f19d1n10	f19d1n10	f19d1n10	f19d1n10	0			
220394	F20D1N12(g)	f20d1n12	f20d1n12	f20d1n12	f20d1n12	0			
220395	F20D1N11(g)	f20d1n11	f20d1n11	f20d1n11	f20d1n11	0			
220396	F20D1N8(g)	f20d1n8	f20d1n8	f20d1n8	f20d1n8	0			
220397	F20D1N7(g)	f20d1n7	f20d1n7	f20d1n7	f20d1n7	0			
220398	F20D1T(g)	f20d1t	f20d1t	f20d1t	f20d1t	0			
220399	F22D1N11(g)	f22d1n11	f22d1n11	f22d1n11	f22d1n11	0			
220400	F22D1N9(g)	f22d1n9	f22d1n9	f22d1n9	f22d1n9	0			
220401	F22D1N7(g)	f22d1n7	f22d1n7	f22d1n7	f22d1n7	0			
220402	F22D1T(g)	f22d1t	f22d1t	f22d1t	f22d1t	0			
220403	F24D1N11(g)	f24d1n11	f24d1n11	f24d1n11	f24d1n11	0			
220404	F24D1N9(g)	f24d1n9	f24d1n9	f24d1n9	f24d1n9	0			
220405	F16D2N9(g)	f16d2n9	f16d2n9	f16d2n9	f16d2n9	0			
220406	F16D2N7(g)	f16d2n7	f16d2n7	f16d2n7	f16d2n7	0			
220407	F16D2N4(g)	f16d2n4	f16d2n4	f16d2n4	f16d2n4	0			
220408	F16D2(g)	f16d2	f16d2	f16d2	f16d2	0			
220409	F17D2(g)	f17d2	f17d2	f17d2	f17d2	0			
220410	F18D2N5(g)	f18d2n5	f18d2n5	f18d2n5	f18d2n5	0			
220411	F18D2N4(g)	f18d2n4	f18d2n4	f18d2n4	f18d2n4	0			
220412	F20D2N9(g)	f20d2n9	f20d2n9	f20d2n9	f20d2n9	0			
220413	F20D2CN6(g)	f20d2cn6	f20d2cn6	f20d2cn6	f20d2cn6	0			
220414	F20D2C(g)	f20d2c	f20d2c	f20d2c	f20d2c	0			
220415	F22D2N9(g)	f22d2n9	f22d2n9	f22d2n9	f22d2n9	0			
220416	F22D2C(g)	f22d2c	f22d2c	f22d2c	f22d2c	0			
220417	F22D2(g)	f22d2	f22d2	f22d2	f22d2	0			
220418	F16D3N6(g)	f16d3n6	f16d3n6	f16d3n6	f16d3n6	0			
220419	F16D3N4(g)	f16d3n4	f16d3n4	f16d3n4	f16d3n4	0			
220420	F16D3N3(g)	f16d3n3	f16d3n3	f16d3n3	f16d3n3	0			
220421	F18D3N4(g)	f18d3n4	f18d3n4	f18d3n4	f18d3n4	0			
220422	F18D3TN3(g)	f18d3tn3	f18d3tn3	f18d3tn3	f18d3tn3	0			
220423	F20D3N9(g)	f20d3n9	f20d3n9	f20d3n9	f20d3n9	0			
220424	F20D3(g)	f20d3	f20d3	f20d3	f20d3	0			
220425	F16D4N3(g)	f16d4n3	f16d4n3	f16d4n3	f16d4n3	0			
220426	F16D4N1(g)	f16d4n1	f16d4n1	f16d4n1	f16d4n1	0			
220427	F18D4N6(g)	f18d4n6	f18d4n6	f18d4n6	f18d4n6	0			
220428	F18D4(g)	f18d4	f18d4	f18d4	f18d4	0			
220429	F22D4N9(g)	f22d4n9	f22d4n9	f22d4n9	f22d4n9	0			
220430	F22D4N3(g)	f22d4n3	f22d4n3	f22d4n3	f22d4n3	0			
220431	F22D4(g)	f22d4	f22d4	f22d4	f22d4	0			
220432	F20D5(g)	f20d5	f20d5	f20d5	f20d5	0			
220433	F21D5N3(g)	f21d5n3	f21d5n3	f21d5n3	f21d5n3	0			
220434	F22D5N6(g)	f22d5n6	f22d5n6	f22d5n6	f22d5n6	0			
220435	F22D5(g)	f22d5	f22d5	f22d5	f22d5	0			
220436	F24D6N3(g)	f24d6n3	f24d6n3	f24d6n3	f24d6n3	0			
220437	F16D1N5_A_F16D1N7(g)	f16d1n5_a_f16d1n7	f16d1n5_a_f16d1n7	f16d1n5_a_f16d1n7	f16d1n5 a f16d1n7	0			
220438	F16D1N7_A_F16D1N9(g)	f16d1n7_a_f16d1n9	f16d1n7_a_f16d1n9	f16d1n7_a_f16d1n9	f16d1n7 a f16d1n9	0			
220439	F18D1N7_A_F18D1N9(g)	f18d1n7_a_f18d1n9	f18d1n7_a_f18d1n9	f18d1n7_a_f18d1n9	f18d1n7 a f18d1n9	0			
220440	F20D1N7_A_F20D1N9(g)	f20d1n7_a_f20d1n9	f20d1n7_a_f20d1n9	f20d1n7_a_f20d1n9	f20d1n7 a f20d1n9	0			
220441	F20D1N9_A_F20D1N11(g)	f20d1n9_a_f20d1n11	f20d1n9_a_f20d1n11	f20d1n9_a_f20d1n11	f20d1n9 a f20d1n11	0			
220442	F22D1N9_A_F22D1N11(g)	f22d1n9_a_f22d1n11	f22d1n9_a_f22d1n11	f22d1n9_a_f22d1n11	f22d1n9 a f22d1n11	0			
220443	F20D1N11_A_F20D1N13(g)	f20d1n11_a_f20d1n13	f20d1n11_a_f20d1n13	f20d1n11_a_f20d1n13	f20d1n11 a f20d1n13	0			
220444	NWHEY(g)	nwhey	nwhey	nwhey	nwhey	0			
220445	NNC(g)	nnc	nnc	nnc	nnc	0			
220446	CASN(mg)	casn	casn	casn	casn	0			
220447	LACFE(mg)	lacfe	lacfe	lacfe	lacfe	0			
220448	FAPUN6(g)	fapun6	fapun6	fapun6	fapun6	0			
220449	F13D0I(g)	f13d0i	f13d0i	f13d0i	f13d0i	0			
220450	F16D0I(g)	f16d0i	f16d0i	f16d0i	f16d0i	0			
220451	F10D1(g)	f10d1	f10d1	f10d1	f10d1	0			
220452	F12D1(g)	f12d1	f12d1	f12d1	f12d1	0			
220453	F14D1T(g)	f14d1t	f14d1t	f14d1t	f14d1t	0			
220454	F16D1CN9(g)	f16d1cn9	f16d1cn9	f16d1cn9	f16d1cn9	0			
220455	F16D1T(g)	f16d1t	f16d1t	f16d1t	f16d1t	0			
220456	F18D1C(g)	f18d1c	f18d1c	f18d1c	f18d1c	0			
220457	F18D2TCON(g)	f18d2tcon	f18d2tcon	f18d2tcon	f18d2tcon	0			
220458	F18D2T10C12(g)	f18d2t10c12	f18d2t10c12	f18d2t10c12	f18d2t10c12	0			
220459	F18D2TTN6(g)	f18d2ttn6	f18d2ttn6	f18d2ttn6	f18d2ttn6	0			
220460	F22D6N6(g)	f22d6n6	f22d6n6	f22d6n6	f22d6n6	0			
220461	F18D2C9T11_A_F18D2T10C12(g)	f18d2c9t11_a_f18d2t10c12	f18d2c9t11_a_f18d2t10c12	f18d2c9t11_a_f18d2t10c12	f18d2c9t11 a f18d2t10c12	0			
230001	Energy with dietary fibre, equated  (kJ)	energy with dietary fibre, equated	energy with dietary fibre equated	energy with dietary fibre, equated	energy with dietary fibre equated	0			
230002	Energy, without dietary fibre, equated  (kJ)	energy, without dietary fibre, equated	energy without dietary fibre equated	energy, without dietary fibre, equated	energy without dietary fibre equated	0			
230003	Moisture (water)  (g)	moisture	moisture	moisture	moisture	0			
230005	Dextrin  (g)	dextrin	dextrin	dextrin	dextrin	0			
230006	Glycerol  (g)	glycerol	glycerol	glycerol	glycerol	0			
230007	Erythritol  (g)	erythritol	erythritol	erythritol	erythritol	0			
230008	Maltodextrin (g)	maltodextrin	maltodextrin	maltodextrin	maltodextrin	0			
230009	Polydextrose  (g)	polydextrose	polydextrose	polydextrose	polydextrose	0			
230012	Propionic acid  (g)	propionic acid	propionic acid	propionic acid	propionic acid	0	1025	organic acids	organic_acids_to_specific_existing
230013	Shikimic acid  (g)	shikimic acid	shikimic acid	shikimic acid	shikimic acid	0	1025	organic acids	organic_acids_to_specific_existing
230014	Aluminium (Al)  (ug)	aluminium	aluminium	aluminium	aluminium	0			
230015	Chloride (Cl)  (mg)	chloride	chloride	chloride	chloride	0			
230016	Sulphur (S)  (mg)	sulphur	sulphur	sulphur	sulphur	0			
230017	Retinol (preformed vitamin A)  (ug)	retinol (preformed vitamin a)	retinol (preformed vitamin a)	retinol	retinol preformed vitamin a	0	1004	lipid	fat_to_fatty_acids
230018	Cryptoxanthin  (ug)	cryptoxanthin	cryptoxanthin	cryptoxanthin	cryptoxanthin	0	2040	other carotenoids	other_carotenoids_to_components_existing
230019	Beta-carotene equivalents (provitamin A)  (ug)	beta-carotene	beta-carotene	beta-carotene	beta carotene	0	1004	lipid	fat_to_fatty_acids
230020	Vitamin A retinol equivalents  (ug)	vitamin a retinol	vitamin a retinol	vitamin a retinol	vitamin a retinol	0	1004	lipid	fat_to_fatty_acids
230021	Xanthophyl  (ug)	xanthophyl	xanthophyl	xanthophyl	xanthophyl	0			
230022	Thiamin (B1)  (mg)	thiamin (b1)	thiamin (b1)	thiamin	thiamin b1	0			
230023	Riboflavin (B2)  (mg)	riboflavin (b2)	riboflavin (b2)	riboflavin	riboflavin b2	0			
230024	Niacin (B3)  (mg)	niacin (b3)	niacin (b3)	niacin	niacin b3	0			
230025	Niacin derived from tryptophan  (mg)	niacin derived from tryptophan	niacin derived from tryptophan	niacin derived from tryptophan	niacin derived from tryptophan	0			
230026	Niacin derived equivalents  (mg)	niacin derived	niacin derived	niacin derived	niacin derived	0			
230027	Pantothenic acid (B5)  (mg)	pantothenic acid (b5)	pantothenic acid (b5)	pantothenic acid	pantothenic acid b5	0	1025	organic acids	organic_acids_to_specific_existing
230028	Pyridoxine (B6)  (mg)	pyridoxine (b6)	pyridoxine (b6)	pyridoxine	pyridoxine b6	0			
230029	Biotin (B7)  (ug)	biotin (b7)	biotin (b7)	biotin	biotin b7	0			
230030	Cobalamin (B12)  (ug)	cobalamin (b12)	cobalamin (b12)	cobalamin	cobalamin b12	0			
230031	Folate, natural  (ug)	folate, natural	folate natural	folate, natural	folate natural	0			
230032	Total folates  (ug)	folates	folates	folates	folates	0			
230033	Dietary folate equivalents  (ug)	dietary folate	dietary folate	dietary folate	dietary folate	0			
230034	Cholecalciferol (D3)  (ug)	cholecalciferol (d3)	cholecalciferol (d3)	cholecalciferol	cholecalciferol d3	0			
230035	Ergocalciferol (D2)  (ug)	ergocalciferol (d2)	ergocalciferol (d2)	ergocalciferol	ergocalciferol d2	0			
230036	25-hydroxy cholecalciferol (25-OH D3)  (ug)	25-hydroxy cholecalciferol (25-oh d3)	25-hydroxy cholecalciferol (25-oh d3)	25-hydroxy cholecalciferol	25 hydroxy cholecalciferol 25 oh d3	0			
230037	25-hydroxy ergocalciferol (25-OH D2)  (ug)	25-hydroxy ergocalciferol (25-oh d2)	25-hydroxy ergocalciferol (25-oh d2)	25-hydroxy ergocalciferol	25 hydroxy ergocalciferol 25 oh d2	0			
230038	Vitamin D3 equivalents  (ug)	vitamin d3	vitamin d3	vitamin d3	vitamin d3	0			
230039	Beta tocotrienol  (mg)	beta tocotrienol	beta tocotrienol	beta tocotrienol	beta tocotrienol	0	1158	vitamin e	vitamin_e_to_vit_e_forms_existing
230040	Delta tocotrienol  (mg)	delta tocotrienol	delta tocotrienol	delta tocotrienol	delta tocotrienol	0	1158	vitamin e	vitamin_e_to_vit_e_forms_existing
230041	C4 (%T)	c4 (%t)	c4 (%t)	c4	c4 t	0			
230042	C6 (%T)	c6 (%t)	c6 (%t)	c6	c6 t	0			
230043	C8 (%T)	c8 (%t)	c8 (%t)	c8	c8 t	0			
230044	C10 (%T)	c10 (%t)	c10 (%t)	c10	c10 t	0			
230045	C11 (%T)	c11 (%t)	c11 (%t)	c11	c11 t	0			
230046	C12 (%T)	c12 (%t)	c12 (%t)	c12	c12 t	0			
230047	C13 (%T)	c13 (%t)	c13 (%t)	c13	c13 t	0			
230048	C14 (%T)	c14 (%t)	c14 (%t)	c14	c14 t	0			
230049	C15 (%T)	c15 (%t)	c15 (%t)	c15	c15 t	0			
230050	C16 (%T)	c16 (%t)	c16 (%t)	c16	c16 t	0			
230051	C17 (%T)	c17 (%t)	c17 (%t)	c17	c17 t	0			
230052	C18 (%T)	c18 (%t)	c18 (%t)	c18	c18 t	0			
230053	C19 (%T)	c19 (%t)	c19 (%t)	c19	c19 t	0			
230054	C20 (%T)	c20 (%t)	c20 (%t)	c20	c20 t	0			
230055	C21 (%T)	c21 (%t)	c21 (%t)	c21	c21 t	0			
230056	C22 (%T)	c22 (%t)	c22 (%t)	c22	c22 t	0			
230057	C23 (%T)	c23 (%t)	c23 (%t)	c23	c23 t	0			
230058	C24 (%T)	c24 (%t)	c24 (%t)	c24	c24 t	0			
230060	C12:1 (%T)	c12:1 (%t)	c12:1 (%t)	c12:1	c12 1 t	0			
230061	C14:1 (%T)	c14:1 (%t)	c14:1 (%t)	c14:1	c14 1 t	0			
230062	C15:1 (%T)	c15:1 (%t)	c15:1 (%t)	c15:1	c15 1 t	0			
230063	C16:1 (%T)	c16:1 (%t)	c16:1 (%t)	c16:1	c16 1 t	0			
230064	C17:1 (%T)	c17:1 (%t)	c17:1 (%t)	c17:1	c17 1 t	0			
230065	C18:1 (%T)	c18:1 (%t)	c18:1 (%t)	c18:1	c18 1 t	0			
230066	C18:1w7 (%T)	c18:1w7 (%t)	c18:1w7 (%t)	c18:1w7	c18 1w7 t	0			
230067	C20:1 (%T)	c20:1 (%t)	c20:1 (%t)	c20:1	c20 1 t	0			
230068	C20:1w11 (%T)	c20:1w11 (%t)	c20:1w11 (%t)	c20:1w11	c20 1w11 t	0			
230069	C22:1 (%T)	c22:1 (%t)	c22:1 (%t)	c22:1	c22 1 t	0			
230070	C22:1w11 (%T)	c22:1w11 (%t)	c22:1w11 (%t)	c22:1w11	c22 1w11 t	0			
230071	C24:1 (%T)	c24:1 (%t)	c24:1 (%t)	c24:1	c24 1 t	0			
230073	C12:2 (%T)	c12:2 (%t)	c12:2 (%t)	c12:2	c12 2 t	0			
230074	C16:2w4 (%T)	c16:2w4 (%t)	c16:2w4 (%t)	c16:2w4	c16 2w4 t	0			
230075	C16:3 (%T)	c16:3 (%t)	c16:3 (%t)	c16:3	c16 3 t	0			
230076	C18:2w6 (%T)	c18:2w6 (%t)	c18:2w6 (%t)	c18:2w6	c18 2w6 t	0			
230077	C18:3w3 (%T)	c18:3w3 (%t)	c18:3w3 (%t)	c18:3w3	c18 3w3 t	0			
230078	C18:3w4 (%T)	c18:3w4 (%t)	c18:3w4 (%t)	c18:3w4	c18 3w4 t	0			
230079	C18:3w6 (%T)	c18:3w6 (%t)	c18:3w6 (%t)	c18:3w6	c18 3w6 t	0			
230080	C18:4w1 (%T)	c18:4w1 (%t)	c18:4w1 (%t)	c18:4w1	c18 4w1 t	0			
230081	C18:4w3 (%T)	c18:4w3 (%t)	c18:4w3 (%t)	c18:4w3	c18 4w3 t	0			
230082	C20:2 (%T)	c20:2 (%t)	c20:2 (%t)	c20:2	c20 2 t	0			
230083	C20:2w6 (%T)	c20:2w6 (%t)	c20:2w6 (%t)	c20:2w6	c20 2w6 t	0			
230084	C20:4 (%T)	c20:4 (%t)	c20:4 (%t)	c20:4	c20 4 t	0			
230085	C20:3w3 (%T)	c20:3w3 (%t)	c20:3w3 (%t)	c20:3w3	c20 3w3 t	0			
230086	C20:3w6 (%T)	c20:3w6 (%t)	c20:3w6 (%t)	c20:3w6	c20 3w6 t	0			
230087	C20:4w3 (%T)	c20:4w3 (%t)	c20:4w3 (%t)	c20:4w3	c20 4w3 t	0			
230088	C20:4w6 (%T)	c20:4w6 (%t)	c20:4w6 (%t)	c20:4w6	c20 4w6 t	0			
230089	C20:5w3 (%T)	c20:5w3 (%t)	c20:5w3 (%t)	c20:5w3	c20 5w3 t	0			
230090	C21:5w3 (%T)	c21:5w3 (%t)	c21:5w3 (%t)	c21:5w3	c21 5w3 t	0			
230091	C22:2 (%T)	c22:2 (%t)	c22:2 (%t)	c22:2	c22 2 t	0			
230092	C22:2w6 (%T)	c22:2w6 (%t)	c22:2w6 (%t)	c22:2w6	c22 2w6 t	0			
230093	C22:4w6 (%T)	c22:4w6 (%t)	c22:4w6 (%t)	c22:4w6	c22 4w6 t	0			
230094	C22:5w3 (%T)	c22:5w3 (%t)	c22:5w3 (%t)	c22:5w3	c22 5w3 t	0			
230095	C22:5w6 (%T)	c22:5w6 (%t)	c22:5w6 (%t)	c22:5w6	c22 5w6 t	0			
230096	C22:6w3 (%T)	c22:6w3 (%t)	c22:6w3 (%t)	c22:6w3	c22 6w3 t	0			
230101	C20:3 (mg)	c20:3	c20:3	c20:3	c20 3	0			
230103	Cystine plus cysteine  (mg/gN)	cystine plus cysteine (mg/gn)	cystine plus cysteine (mg/gn)	cystine plus cysteine	cystine plus cysteine mg gn	0			
230104	fdc_id	fdc_id	fdc_id	fdc_id	fdc id	0			
240001	(+)-Catechin	(+)-catechin	(+)-catechin	-catechin	catechin	0			
240002	(+)-Catechin 3-O-gallate	(+)-catechin 3-o-gallate	(+)-catechin 3-o-gallate	-catechin 3-o-gallate	catechin 3 o gallate	0			
240003	(+)-Catechin 3-O-glucose	(+)-catechin 3-o-glucose	(+)-catechin 3-o-glucose	-catechin 3-o-glucose	catechin 3 o glucose	0	260230	carbohydrate by difference	carb_to_sugars
240004	(+)-Gallocatechin	(+)-gallocatechin	(+)-gallocatechin	-gallocatechin	gallocatechin	0			
240005	(+)-Gallocatechin 3-O-gallate	(+)-gallocatechin 3-o-gallate	(+)-gallocatechin 3-o-gallate	-gallocatechin 3-o-gallate	gallocatechin 3 o gallate	0			
240006	(-)-Epicatechin	-epicatechin	-epicatechin	-epicatechin	epicatechin	0			
240007	(-)-Epicatechin 3-O-gallate	-epicatechin 3-o-gallate	-epicatechin 3-o-gallate	-epicatechin 3-o-gallate	epicatechin 3 o gallate	0			
240008	(-)-Epicatechin-(2a-7)(4a-8)-epicatechin 3-O-galactoside	-epicatechin-(2a-7) (4a-8)-epicatechin 3-o-galactoside	-epicatechin-(2a-7) (4a-8)-epicatechin 3-o-galactoside	-epicatechin--epicatechin 3-o-galactoside	epicatechin 2a 7 4a 8 epicatechin 3 o galactoside	0			
240009	(-)-Epigallocatechin	-epigallocatechin	-epigallocatechin	-epigallocatechin	epigallocatechin	0			
240010	(-)-Epigallocatechin 3-O-gallate	-epigallocatechin 3-o-gallate	-epigallocatechin 3-o-gallate	-epigallocatechin 3-o-gallate	epigallocatechin 3 o gallate	0			
240011	02 mers	02 mers	02 mers	02 mers	02 mers	0			
240012	03 mers	03 mers	03 mers	03 mers	03 mers	0			
240013	04-06 mers	04-06 mers	04-06 mers	04-06 mers	04 06 mers	0			
240014	07-10 mers	07-10 mers	07-10 mers	07-10 mers	07 10 mers	0			
240015	1,2'-Disinapoyl-2-feruloylgentiobiose	1, 2'-disinapoyl-2-feruloylgentiobiose	1 2'-disinapoyl-2-feruloylgentiobiose	1, 2'-disinapoyl-2-feruloylgentiobiose	1 2 disinapoyl 2 feruloylgentiobiose	0			
240016	1,2,2'-Triferuloylgentiobiose	1, 2, 2'-triferuloylgentiobiose	1 2 2'-triferuloylgentiobiose	1, 2, 2'-triferuloylgentiobiose	1 2 2 triferuloylgentiobiose	0			
240017	1,2,2'-Trisinapoylgentiobiose	1, 2, 2'-trisinapoylgentiobiose	1 2 2'-trisinapoylgentiobiose	1, 2, 2'-trisinapoylgentiobiose	1 2 2 trisinapoylgentiobiose	0			
240018	1,2-Diferuloylgentiobiose	1, 2-diferuloylgentiobiose	1 2-diferuloylgentiobiose	1, 2-diferuloylgentiobiose	1 2 diferuloylgentiobiose	0			
240019	1,2-Disinapoylgentiobiose	1, 2-disinapoylgentiobiose	1 2-disinapoylgentiobiose	1, 2-disinapoylgentiobiose	1 2 disinapoylgentiobiose	0			
240020	1,4-Naphtoquinone	1, 4-naphtoquinone	1 4-naphtoquinone	1, 4-naphtoquinone	1 4 naphtoquinone	0			
240021	1-Acetoxypinoresinol	1-acetoxypinoresinol	1-acetoxypinoresinol	1-acetoxypinoresinol	1 acetoxypinoresinol	0			
240022	1-Sinapoyl-2,2'-diferuloylgentiobiose	1-sinapoyl-2, 2'-diferuloylgentiobiose	1-sinapoyl-2 2'-diferuloylgentiobiose	1-sinapoyl-2, 2'-diferuloylgentiobiose	1 sinapoyl 2 2 diferuloylgentiobiose	0			
240023	1-Sinapoyl-2-feruloylgentiobiose	1-sinapoyl-2-feruloylgentiobiose	1-sinapoyl-2-feruloylgentiobiose	1-sinapoyl-2-feruloylgentiobiose	1 sinapoyl 2 feruloylgentiobiose	0			
240024	2,3-Dihydroxy-1-guaiacylpropanone	2, 3-dihydroxy-1-guaiacylpropanone	2 3-dihydroxy-1-guaiacylpropanone	2, 3-dihydroxy-1-guaiacylpropanone	2 3 dihydroxy 1 guaiacylpropanone	0			
240025	2,3-Dihydroxybenzoic acid	2, 3-dihydroxybenzoic acid	2 3-dihydroxybenzoic acid	2, 3-dihydroxybenzoic acid	2 3 dihydroxybenzoic acid	0	1025	organic acids	organic_acids_to_specific_existing
240026	2,4-Dihydroxybenzoic acid	2, 4-dihydroxybenzoic acid	2 4-dihydroxybenzoic acid	2, 4-dihydroxybenzoic acid	2 4 dihydroxybenzoic acid	0	1025	organic acids	organic_acids_to_specific_existing
240027	2,5-di-S-Glutathionyl caftaric acid	2, 5-di-s-glutathionyl caftaric acid	2 5-di-s-glutathionyl caftaric acid	2, 5-di-s-glutathionyl caftaric acid	2 5 di s glutathionyl caftaric acid	0	1025	organic acids	organic_acids_to_specific_existing
240028	2,6-Dihydroxybenzoic acid	2, 6-dihydroxybenzoic acid	2 6-dihydroxybenzoic acid	2, 6-dihydroxybenzoic acid	2 6 dihydroxybenzoic acid	0	1025	organic acids	organic_acids_to_specific_existing
240029	2-Hydroxybenzoic acid	2-hydroxybenzoic acid	2-hydroxybenzoic acid	2-hydroxybenzoic acid	2 hydroxybenzoic acid	0	1025	organic acids	organic_acids_to_specific_existing
240030	2-Methoxy-5-prop-1-enylphenol	2-methoxy-5-prop-1-enylphenol	2-methoxy-5-prop-1-enylphenol	2-methoxy-5-prop-1-enylphenol	2 methoxy 5 prop 1 enylphenol	0			
240031	2-S-Glutathionyl caftaric acid	2-s-glutathionyl caftaric acid	2-s-glutathionyl caftaric acid	2-s-glutathionyl caftaric acid	2 s glutathionyl caftaric acid	0	1025	organic acids	organic_acids_to_specific_existing
240032	24-Methylcholestanol ferulate	24-methylcholestanol ferulate	24-methylcholestanol ferulate	24-methylcholestanol ferulate	24 methylcholestanol ferulate	0			
240033	24-Methylcholesterol ferulate	24-methylcholesterol ferulate	24-methylcholesterol ferulate	24-methylcholesterol ferulate	24 methylcholesterol ferulate	0			
240034	24-Methylenecholestanol ferulate	24-methylenecholestanol ferulate	24-methylenecholestanol ferulate	24-methylenecholestanol ferulate	24 methylenecholestanol ferulate	0			
240035	24-Methyllathosterol ferulate	24-methyllathosterol ferulate	24-methyllathosterol ferulate	24-methyllathosterol ferulate	24 methyllathosterol ferulate	0			
240036	3,4-DHPEA-AC	3, 4-dhpea-ac	3 4-dhpea-ac	3, 4-dhpea-ac	3 4 dhpea ac	0			
240037	3,4-DHPEA-EA	3, 4-dhpea-ea	3 4-dhpea-ea	3, 4-dhpea-ea	3 4 dhpea ea	0			
240038	3,4-DHPEA-EDA	3, 4-dhpea-eda	3 4-dhpea-eda	3, 4-dhpea-eda	3 4 dhpea eda	0			
240039	3,4-Dicaffeoylquinic acid	3, 4-dicaffeoylquinic acid	3 4-dicaffeoylquinic acid	3, 4-dicaffeoylquinic acid	3 4 dicaffeoylquinic acid	0	1025	organic acids	organic_acids_to_specific_existing
240040	3,4-Diferuloylquinic acid	3, 4-diferuloylquinic acid	3 4-diferuloylquinic acid	3, 4-diferuloylquinic acid	3 4 diferuloylquinic acid	0	1025	organic acids	organic_acids_to_specific_existing
240041	3,4-Dihydroxyphenylacetic acid	3, 4-dihydroxyphenylacetic acid	3 4-dihydroxyphenylacetic acid	3, 4-dihydroxyphenylacetic acid	3 4 dihydroxyphenylacetic acid	0	1025	organic acids	organic_acids_to_specific_existing
240042	3,4-Dihydroxyphenylglycol	3, 4-dihydroxyphenylglycol	3 4-dihydroxyphenylglycol	3, 4-dihydroxyphenylglycol	3 4 dihydroxyphenylglycol	0			
240043	3,5-Dicaffeoylquinic acid	3, 5-dicaffeoylquinic acid	3 5-dicaffeoylquinic acid	3, 5-dicaffeoylquinic acid	3 5 dicaffeoylquinic acid	0	1025	organic acids	organic_acids_to_specific_existing
240044	3,5-Diferuloylquinic acid	3, 5-diferuloylquinic acid	3 5-diferuloylquinic acid	3, 5-diferuloylquinic acid	3 5 diferuloylquinic acid	0	1025	organic acids	organic_acids_to_specific_existing
240045	3,5-Dihydroxybenzoic acid	3, 5-dihydroxybenzoic acid	3 5-dihydroxybenzoic acid	3, 5-dihydroxybenzoic acid	3 5 dihydroxybenzoic acid	0	1025	organic acids	organic_acids_to_specific_existing
240046	3,7-Dimethylquercetin	3, 7-dimethylquercetin	3 7-dimethylquercetin	3, 7-dimethylquercetin	3 7 dimethylquercetin	0			
240047	3-Caffeoylquinic acid	3-caffeoylquinic acid	3-caffeoylquinic acid	3-caffeoylquinic acid	3 caffeoylquinic acid	0	1025	organic acids	organic_acids_to_specific_existing
240048	3-Feruloylquinic acid	3-feruloylquinic acid	3-feruloylquinic acid	3-feruloylquinic acid	3 feruloylquinic acid	0	1025	organic acids	organic_acids_to_specific_existing
240049	3-Hydroxybenzoic acid	3-hydroxybenzoic acid	3-hydroxybenzoic acid	3-hydroxybenzoic acid	3 hydroxybenzoic acid	0	1025	organic acids	organic_acids_to_specific_existing
240050	3-Hydroxyphloretin 2'-O-glucoside	3-hydroxyphloretin 2'-o-glucoside	3-hydroxyphloretin 2'-o-glucoside	3-hydroxyphloretin 2'-o-glucoside	3 hydroxyphloretin 2 o glucoside	0			
240051	3-Hydroxyphloretin 2'-O-xylosyl-glucoside	3-hydroxyphloretin 2'-o-xylosyl-glucoside	3-hydroxyphloretin 2'-o-xylosyl-glucoside	3-hydroxyphloretin 2'-o-xylosyl-glucoside	3 hydroxyphloretin 2 o xylosyl glucoside	0			
240052	3-Methoxyacetophenone	3-methoxyacetophenone	3-methoxyacetophenone	3-methoxyacetophenone	3 methoxyacetophenone	0			
240053	3-Methoxynobiletin	3-methoxynobiletin	3-methoxynobiletin	3-methoxynobiletin	3 methoxynobiletin	0			
240054	3-Methoxysinensetin	3-methoxysinensetin	3-methoxysinensetin	3-methoxysinensetin	3 methoxysinensetin	0			
240055	3-Methylcatechol	3-methylcatechol	3-methylcatechol	3-methylcatechol	3 methylcatechol	0			
240056	3-Sinapoylquinic acid	3-sinapoylquinic acid	3-sinapoylquinic acid	3-sinapoylquinic acid	3 sinapoylquinic acid	0	1025	organic acids	organic_acids_to_specific_existing
240057	3-p-Coumaroylquinic acid	3-p-coumaroylquinic acid	3-p-coumaroylquinic acid	3-p-coumaroylquinic acid	3 p coumaroylquinic acid	0	1025	organic acids	organic_acids_to_specific_existing
240058	4,5-Dicaffeoylquinic acid	4, 5-dicaffeoylquinic acid	4 5-dicaffeoylquinic acid	4, 5-dicaffeoylquinic acid	4 5 dicaffeoylquinic acid	0	1025	organic acids	organic_acids_to_specific_existing
240059	4-Caffeoylquinic acid	4-caffeoylquinic acid	4-caffeoylquinic acid	4-caffeoylquinic acid	4 caffeoylquinic acid	0	1025	organic acids	organic_acids_to_specific_existing
240060	4-Ethylcatechol	4-ethylcatechol	4-ethylcatechol	4-ethylcatechol	4 ethylcatechol	0			
240061	4-Ethylguaiacol	4-ethylguaiacol	4-ethylguaiacol	4-ethylguaiacol	4 ethylguaiacol	0			
240062	4-Ethylphenol	4-ethylphenol	4-ethylphenol	4-ethylphenol	4 ethylphenol	0			
240063	4-Feruloylquinic acid	4-feruloylquinic acid	4-feruloylquinic acid	4-feruloylquinic acid	4 feruloylquinic acid	0	1025	organic acids	organic_acids_to_specific_existing
240064	4-Hydroxybenzaldehyde	4-hydroxybenzaldehyde	4-hydroxybenzaldehyde	4-hydroxybenzaldehyde	4 hydroxybenzaldehyde	0			
240065	4-Hydroxybenzoic acid	4-hydroxybenzoic acid	4-hydroxybenzoic acid	4-hydroxybenzoic acid	4 hydroxybenzoic acid	0	1025	organic acids	organic_acids_to_specific_existing
240066	4-Hydroxybenzoic acid 4-O-glucoside	4-hydroxybenzoic acid 4-o-glucoside	4-hydroxybenzoic acid 4-o-glucoside	4-hydroxybenzoic acid 4-o-glucoside	4 hydroxybenzoic acid 4 o glucoside	0	1025	organic acids	organic_acids_to_specific_existing
240067	4-Hydroxycoumarin	4-hydroxycoumarin	4-hydroxycoumarin	4-hydroxycoumarin	4 hydroxycoumarin	0			
240068	4-Hydroxyphenylacetic acid	4-hydroxyphenylacetic acid	4-hydroxyphenylacetic acid	4-hydroxyphenylacetic acid	4 hydroxyphenylacetic acid	0	1025	organic acids	organic_acids_to_specific_existing
240069	4-Methylcatechol	4-methylcatechol	4-methylcatechol	4-methylcatechol	4 methylcatechol	0			
240070	4-Sinapoylquinic acid	4-sinapoylquinic acid	4-sinapoylquinic acid	4-sinapoylquinic acid	4 sinapoylquinic acid	0	1025	organic acids	organic_acids_to_specific_existing
240071	4-Vinylguaiacol	4-vinylguaiacol	4-vinylguaiacol	4-vinylguaiacol	4 vinylguaiacol	0			
240072	4-Vinylphenol	4-vinylphenol	4-vinylphenol	4-vinylphenol	4 vinylphenol	0			
240073	4-Vinylsyringol	4-vinylsyringol	4-vinylsyringol	4-vinylsyringol	4 vinylsyringol	0			
240074	4-p-Coumaroylquinic acid	4-p-coumaroylquinic acid	4-p-coumaroylquinic acid	4-p-coumaroylquinic acid	4 p coumaroylquinic acid	0	1025	organic acids	organic_acids_to_specific_existing
240075	5,3',4'-Trihydroxy-3-methoxy-6:7-methylenedioxyflavone 4'-O-glucuronide	5, 3', 4'-trihydroxy-3-methoxy-6:7-methylenedioxyflavone 4'-o-glucuronide	5 3' 4'-trihydroxy-3-methoxy-6:7-methylenedioxyflavone 4'-o-glucuronide	5, 3', 4'-trihydroxy-3-methoxy-6:7-methylenedioxyflavone 4'-o-glucuronide	5 3 4 trihydroxy 3 methoxy 6 7 methylenedioxyflavone 4 o glucuronide	0	1257	fatty acids total trans	fatty_acids_total_to_individual_existing
240076	5,4'-Dihydroxy-3,3'-dimethoxy-6:7-methylenedioxyflavone 4'-O-glucuronide	5, 4'-dihydroxy-3, 3'-dimethoxy-6:7-methylenedioxyflavone 4'-o-glucuronide	5 4'-dihydroxy-3 3'-dimethoxy-6:7-methylenedioxyflavone 4'-o-glucuronide	5, 4'-dihydroxy-3, 3'-dimethoxy-6:7-methylenedioxyflavone 4'-o-glucuronide	5 4 dihydroxy 3 3 dimethoxy 6 7 methylenedioxyflavone 4 o glucuronide	0	1257	fatty acids total trans	fatty_acids_total_to_individual_existing
240077	5,6-Dihydroxy-7,8,3',4'-tetramethoxyflavone	5, 6-dihydroxy-7, 8, 3', 4'-tetramethoxyflavone	5 6-dihydroxy-7 8 3' 4'-tetramethoxyflavone	5, 6-dihydroxy-7, 8, 3', 4'-tetramethoxyflavone	5 6 dihydroxy 7 8 3 4 tetramethoxyflavone	0			
240078	5-5'-Dehydrodiferulic acid	5-5'-dehydrodiferulic acid	5-5'-dehydrodiferulic acid	5-5'-dehydrodiferulic acid	5 5 dehydrodiferulic acid	0	1025	organic acids	organic_acids_to_specific_existing
240079	5-8'-Benzofuran dehydrodiferulic acid	5-8'-benzofuran dehydrodiferulic acid	5-8'-benzofuran dehydrodiferulic acid	5-8'-benzofuran dehydrodiferulic acid	5 8 benzofuran dehydrodiferulic acid	0	1025	organic acids	organic_acids_to_specific_existing
240080	5-8'-Dehydrodiferulic acid	5-8'-dehydrodiferulic acid	5-8'-dehydrodiferulic acid	5-8'-dehydrodiferulic acid	5 8 dehydrodiferulic acid	0	1025	organic acids	organic_acids_to_specific_existing
240081	5-Caffeoylquinic acid	5-caffeoylquinic acid	5-caffeoylquinic acid	5-caffeoylquinic acid	5 caffeoylquinic acid	0	1025	organic acids	organic_acids_to_specific_existing
240082	5-Feruloylquinic acid	5-feruloylquinic acid	5-feruloylquinic acid	5-feruloylquinic acid	5 feruloylquinic acid	0	1025	organic acids	organic_acids_to_specific_existing
240083	5-Heneicosenylresorcinol	5-heneicosenylresorcinol	5-heneicosenylresorcinol	5-heneicosenylresorcinol	5 heneicosenylresorcinol	0			
240084	5-Heneicosylresorcinol	5-heneicosylresorcinol	5-heneicosylresorcinol	5-heneicosylresorcinol	5 heneicosylresorcinol	0			
240085	5-Heptadecylresorcinol	5-heptadecylresorcinol	5-heptadecylresorcinol	5-heptadecylresorcinol	5 heptadecylresorcinol	0			
240086	5-Nonadecenylresorcinol	5-nonadecenylresorcinol	5-nonadecenylresorcinol	5-nonadecenylresorcinol	5 nonadecenylresorcinol	0			
240087	5-Nonadecylresorcinol	5-nonadecylresorcinol	5-nonadecylresorcinol	5-nonadecylresorcinol	5 nonadecylresorcinol	0			
240088	5-O-Galloylquinic acid	5-o-galloylquinic acid	5-o-galloylquinic acid	5-o-galloylquinic acid	5 o galloylquinic acid	0	1025	organic acids	organic_acids_to_specific_existing
240089	5-Pentacosenylresorcinol	5-pentacosenylresorcinol	5-pentacosenylresorcinol	5-pentacosenylresorcinol	5 pentacosenylresorcinol	0			
240090	5-Pentacosylresorcinol	5-pentacosylresorcinol	5-pentacosylresorcinol	5-pentacosylresorcinol	5 pentacosylresorcinol	0			
240091	5-Pentadecylresorcinol	5-pentadecylresorcinol	5-pentadecylresorcinol	5-pentadecylresorcinol	5 pentadecylresorcinol	0			
240092	5-Sinapoylquinic acid	5-sinapoylquinic acid	5-sinapoylquinic acid	5-sinapoylquinic acid	5 sinapoylquinic acid	0	1025	organic acids	organic_acids_to_specific_existing
240093	5-Tricosenylresorcinol	5-tricosenylresorcinol	5-tricosenylresorcinol	5-tricosenylresorcinol	5 tricosenylresorcinol	0			
240094	5-Tricosylresorcinol	5-tricosylresorcinol	5-tricosylresorcinol	5-tricosylresorcinol	5 tricosylresorcinol	0			
240095	5-p-Coumaroylquinic acid	5-p-coumaroylquinic acid	5-p-coumaroylquinic acid	5-p-coumaroylquinic acid	5 p coumaroylquinic acid	0	1025	organic acids	organic_acids_to_specific_existing
240096	6''-O-Acetyldaidzin	6''-o-acetyldaidzin	6''-o-acetyldaidzin	6''-o-acetyldaidzin	6 o acetyldaidzin	0			
240097	6''-O-Acetylgenistin	6''-o-acetylgenistin	6''-o-acetylgenistin	6''-o-acetylgenistin	6 o acetylgenistin	0			
240098	6''-O-Acetylglycitin	6''-o-acetylglycitin	6''-o-acetylglycitin	6''-o-acetylglycitin	6 o acetylglycitin	0			
240099	6''-O-Malonyldaidzin	6''-o-malonyldaidzin	6''-o-malonyldaidzin	6''-o-malonyldaidzin	6 o malonyldaidzin	0			
240100	6''-O-Malonylgenistin	6''-o-malonylgenistin	6''-o-malonylgenistin	6''-o-malonylgenistin	6 o malonylgenistin	0			
240101	6''-O-Malonylglycitin	6''-o-malonylglycitin	6''-o-malonylglycitin	6''-o-malonylglycitin	6 o malonylglycitin	0			
240102	6,8-Dihydroxykaempferol	6, 8-dihydroxykaempferol	6 8-dihydroxykaempferol	6, 8-dihydroxykaempferol	6 8 dihydroxykaempferol	0			
240103	6-Geranylnaringenin	6-geranylnaringenin	6-geranylnaringenin	6-geranylnaringenin	6 geranylnaringenin	0			
240104	6-Hydroxyluteolin	6-hydroxyluteolin	6-hydroxyluteolin	6-hydroxyluteolin	6 hydroxyluteolin	0			
240105	6-Hydroxyluteolin 7-O-rhamnoside	6-hydroxyluteolin 7-o-rhamnoside	6-hydroxyluteolin 7-o-rhamnoside	6-hydroxyluteolin 7-o-rhamnoside	6 hydroxyluteolin 7 o rhamnoside	0			
240106	6-Prenylnaringenin	6-prenylnaringenin	6-prenylnaringenin	6-prenylnaringenin	6 prenylnaringenin	0			
240107	7,3',4'-Trihydroxyflavone	7, 3', 4'-trihydroxyflavone	7 3' 4'-trihydroxyflavone	7, 3', 4'-trihydroxyflavone	7 3 4 trihydroxyflavone	0			
240108	7,4'-Dihydroxyflavone	7, 4'-dihydroxyflavone	7 4'-dihydroxyflavone	7, 4'-dihydroxyflavone	7 4 dihydroxyflavone	0			
240109	7-Hydroxymatairesinol	7-hydroxymatairesinol	7-hydroxymatairesinol	7-hydroxymatairesinol	7 hydroxymatairesinol	0			
240110	7-Hydroxysecoisolariciresinol	7-hydroxysecoisolariciresinol	7-hydroxysecoisolariciresinol	7-hydroxysecoisolariciresinol	7 hydroxysecoisolariciresinol	0			
240111	7-Oxomatairesinol	7-oxomatairesinol	7-oxomatairesinol	7-oxomatairesinol	7 oxomatairesinol	0			
240112	8-O-4'-Dehydrodiferulic acid	8-o-4'-dehydrodiferulic acid	8-o-4'-dehydrodiferulic acid	8-o-4'-dehydrodiferulic acid	8 o 4 dehydrodiferulic acid	0	1025	organic acids	organic_acids_to_specific_existing
240113	8-Prenylnaringenin	8-prenylnaringenin	8-prenylnaringenin	8-prenylnaringenin	8 prenylnaringenin	0			
240114	Acetyl eugenol	acetyl eugenol	acetyl eugenol	acetyl eugenol	acetyl eugenol	0			
240115	Anethole	anethole	anethole	anethole	anethole	0			
240116	Anhydro-secoisolariciresinol	anhydro-secoisolariciresinol	anhydro-secoisolariciresinol	anhydro-secoisolariciresinol	anhydro secoisolariciresinol	0			
240118	Apigenin	apigenin	apigenin	apigenin	apigenin	0			
240119	Apigenin 6,8-C-arabinoside-C-glucoside	apigenin 6, 8-c-arabinoside-c-glucoside	apigenin 6 8-c-arabinoside-c-glucoside	apigenin 6, 8-c-arabinoside-c-glucoside	apigenin 6 8 c arabinoside c glucoside	0			
240120	Apigenin 6,8-C-galactoside-C-arabinoside	apigenin 6, 8-c-galactoside-c-arabinoside	apigenin 6 8-c-galactoside-c-arabinoside	apigenin 6, 8-c-galactoside-c-arabinoside	apigenin 6 8 c galactoside c arabinoside	0			
240121	Apigenin 6,8-di-C-glucoside	apigenin 6, 8-di-c-glucoside	apigenin 6 8-di-c-glucoside	apigenin 6, 8-di-c-glucoside	apigenin 6 8 di c glucoside	0			
240122	Apigenin 6-C-glucoside	apigenin 6-c-glucoside	apigenin 6-c-glucoside	apigenin 6-c-glucoside	apigenin 6 c glucoside	0			
240123	Apigenin 7-O-(6''-malonyl-apiosyl-glucoside)	apigenin 7-o-(6''-malonyl-apiosyl-glucoside)	apigenin 7-o-(6''-malonyl-apiosyl-glucoside)	apigenin 7-o-	apigenin 7 o 6 malonyl apiosyl glucoside	0			
240124	Apigenin 7-O-apiosyl-glucoside	apigenin 7-o-apiosyl-glucoside	apigenin 7-o-apiosyl-glucoside	apigenin 7-o-apiosyl-glucoside	apigenin 7 o apiosyl glucoside	0			
240125	Apigenin 7-O-diglucuronide	apigenin 7-o-diglucuronide	apigenin 7-o-diglucuronide	apigenin 7-o-diglucuronide	apigenin 7 o diglucuronide	0			
240126	Apigenin 7-O-glucoside	apigenin 7-o-glucoside	apigenin 7-o-glucoside	apigenin 7-o-glucoside	apigenin 7 o glucoside	0			
240127	Apigenin 7-O-glucuronide	apigenin 7-o-glucuronide	apigenin 7-o-glucuronide	apigenin 7-o-glucuronide	apigenin 7 o glucuronide	0			
240128	Arbutin	arbutin	arbutin	arbutin	arbutin	0			
240129	Arctigenin	arctigenin	arctigenin	arctigenin	arctigenin	0			
240130	Avenanthramide 2c	avenanthramide 2c	avenanthramide 2c	avenanthramide 2c	avenanthramide 2c	0			
240131	Avenanthramide 2f	avenanthramide 2f	avenanthramide 2f	avenanthramide 2f	avenanthramide 2f	0			
240132	Avenanthramide 2p	avenanthramide 2p	avenanthramide 2p	avenanthramide 2p	avenanthramide 2p	0			
240133	Avenanthramide K	avenanthramide k	avenanthramide k	avenanthramide k	avenanthramide k	0			
240134	Baicalein	baicalein	baicalein	baicalein	baicalein	0			
240135	Benzoic acid	benzoic acid	benzoic acid	benzoic acid	benzoic acid	0	1025	organic acids	organic_acids_to_specific_existing
240136	Bergapten	bergapten	bergapten	bergapten	bergapten	0			
240137	Biochanin A	biochanin a	biochanin a	biochanin a	biochanin a	0			
240138	Bisdemethoxycurcumin	bisdemethoxycurcumin	bisdemethoxycurcumin	bisdemethoxycurcumin	bisdemethoxycurcumin	0			
240139	Butein	butein	butein	butein	butein	0			
240140	Caffeic acid	caffeic acid	caffeic acid	caffeic acid	caffeic acid	0	1025	organic acids	organic_acids_to_specific_existing
240141	Caffeic acid 4-O-glucoside	caffeic acid 4-o-glucoside	caffeic acid 4-o-glucoside	caffeic acid 4-o-glucoside	caffeic acid 4 o glucoside	0	1025	organic acids	organic_acids_to_specific_existing
240142	Caffeic acid ethyl ester	caffeic acid ethyl ester	caffeic acid ethyl ester	caffeic acid ethyl ester	caffeic acid ethyl ester	0	1025	organic acids	organic_acids_to_specific_existing
240143	Caffeoyl aspartic acid	caffeoyl aspartic acid	caffeoyl aspartic acid	caffeoyl aspartic acid	caffeoyl aspartic acid	0	1025	organic acids	organic_acids_to_specific_existing
240144	Caffeoyl glucose	caffeoyl glucose	caffeoyl glucose	caffeoyl glucose	caffeoyl glucose	0	260230	carbohydrate by difference	carb_to_sugars
240145	Caffeoyl tartaric acid	caffeoyl tartaric acid	caffeoyl tartaric acid	caffeoyl tartaric acid	caffeoyl tartaric acid	0	1025	organic acids	organic_acids_to_specific_existing
240146	Carnosic acid	carnosic acid	carnosic acid	carnosic acid	carnosic acid	0	1025	organic acids	organic_acids_to_specific_existing
240147	Carnosol	carnosol	carnosol	carnosol	carnosol	0			
240148	Carvacrol	carvacrol	carvacrol	carvacrol	carvacrol	0			
240149	Catechol	catechol	catechol	catechol	catechol	0			
240150	Chicoric acid	chicoric acid	chicoric acid	chicoric acid	chicoric acid	0	1025	organic acids	organic_acids_to_specific_existing
240151	Chrysin	chrysin	chrysin	chrysin	chrysin	0			
240152	Chrysoeriol 7-O-(6''-malonyl-apiosyl-glucoside)	chrysoeriol 7-o-(6''-malonyl-apiosyl-glucoside)	chrysoeriol 7-o-(6''-malonyl-apiosyl-glucoside)	chrysoeriol 7-o-	chrysoeriol 7 o 6 malonyl apiosyl glucoside	0			
240153	Chrysoeriol 7-O-(6''-malonyl-glucoside)	chrysoeriol 7-o-(6''-malonyl-glucoside)	chrysoeriol 7-o-(6''-malonyl-glucoside)	chrysoeriol 7-o-	chrysoeriol 7 o 6 malonyl glucoside	0			
240154	Chrysoeriol 7-O-apiosyl-glucoside	chrysoeriol 7-o-apiosyl-glucoside	chrysoeriol 7-o-apiosyl-glucoside	chrysoeriol 7-o-apiosyl-glucoside	chrysoeriol 7 o apiosyl glucoside	0			
240155	Chrysoeriol 7-O-glucoside	chrysoeriol 7-o-glucoside	chrysoeriol 7-o-glucoside	chrysoeriol 7-o-glucoside	chrysoeriol 7 o glucoside	0			
240156	Cinnamic acid	cinnamic acid	cinnamic acid	cinnamic acid	cinnamic acid	0	1025	organic acids	organic_acids_to_specific_existing
240157	Cinnamoyl glucose	cinnamoyl glucose	cinnamoyl glucose	cinnamoyl glucose	cinnamoyl glucose	0	260230	carbohydrate by difference	carb_to_sugars
240158	Cinnamtannin A2	cinnamtannin a2	cinnamtannin a2	cinnamtannin a2	cinnamtannin a2	0			
240159	Cirsilineol	cirsilineol	cirsilineol	cirsilineol	cirsilineol	0			
240160	Cirsimaritin	cirsimaritin	cirsimaritin	cirsimaritin	cirsimaritin	0			
240161	Conidendrin	conidendrin	conidendrin	conidendrin	conidendrin	0			
240162	Coumarin	coumarin	coumarin	coumarin	coumarin	0			
240163	Coumestrol	coumestrol	coumestrol	coumestrol	coumestrol	0			
240164	Curcumin	curcumin	curcumin	curcumin	curcumin	0			
240165	Cyanidin	cyanidin	cyanidin	cyanidin	cyanidin	0			
240166	Cyanidin 3,5-O-diglucoside	cyanidin 3, 5-o-diglucoside	cyanidin 3 5-o-diglucoside	cyanidin 3, 5-o-diglucoside	cyanidin 3 5 o diglucoside	0			
240167	Cyanidin 3-O-(6''-acetyl-galactoside)	cyanidin 3-o-(6''-acetyl-galactoside)	cyanidin 3-o-(6''-acetyl-galactoside)	cyanidin 3-o-	cyanidin 3 o 6 acetyl galactoside	0			
240168	Cyanidin 3-O-(6''-acetyl-glucoside)	cyanidin 3-o-(6''-acetyl-glucoside)	cyanidin 3-o-(6''-acetyl-glucoside)	cyanidin 3-o-	cyanidin 3 o 6 acetyl glucoside	0			
240169	Cyanidin 3-O-(6''-caffeoyl-glucoside)	cyanidin 3-o-(6''-caffeoyl-glucoside)	cyanidin 3-o-(6''-caffeoyl-glucoside)	cyanidin 3-o-	cyanidin 3 o 6 caffeoyl glucoside	0			
240170	Cyanidin 3-O-(6''-dioxalyl-glucoside)	cyanidin 3-o-(6''-dioxalyl-glucoside)	cyanidin 3-o-(6''-dioxalyl-glucoside)	cyanidin 3-o-	cyanidin 3 o 6 dioxalyl glucoside	0			
240171	Cyanidin 3-O-(6''-malonyl-3''-glucosyl-glucoside)	cyanidin 3-o-(6''-malonyl-3''-glucosyl-glucoside)	cyanidin 3-o-(6''-malonyl-3''-glucosyl-glucoside)	cyanidin 3-o-	cyanidin 3 o 6 malonyl 3 glucosyl glucoside	0			
240172	Cyanidin 3-O-(6''-malonyl-glucoside)	cyanidin 3-o-(6''-malonyl-glucoside)	cyanidin 3-o-(6''-malonyl-glucoside)	cyanidin 3-o-	cyanidin 3 o 6 malonyl glucoside	0			
240173	Cyanidin 3-O-(6''-p-coumaroyl-glucoside)	cyanidin 3-o-(6''-p-coumaroyl-glucoside)	cyanidin 3-o-(6''-p-coumaroyl-glucoside)	cyanidin 3-o-	cyanidin 3 o 6 p coumaroyl glucoside	0			
240174	Cyanidin 3-O-(6''-succinyl-glucoside)	cyanidin 3-o-(6''-succinyl-glucoside)	cyanidin 3-o-(6''-succinyl-glucoside)	cyanidin 3-o-	cyanidin 3 o 6 succinyl glucoside	0			
240175	Cyanidin 3-O-arabinoside	cyanidin 3-o-arabinoside	cyanidin 3-o-arabinoside	cyanidin 3-o-arabinoside	cyanidin 3 o arabinoside	0			
240176	Cyanidin 3-O-galactoside	cyanidin 3-o-galactoside	cyanidin 3-o-galactoside	cyanidin 3-o-galactoside	cyanidin 3 o galactoside	0			
240177	Cyanidin 3-O-glucoside	cyanidin 3-o-glucoside	cyanidin 3-o-glucoside	cyanidin 3-o-glucoside	cyanidin 3 o glucoside	0			
240178	Cyanidin 3-O-glucosyl-rutinoside	cyanidin 3-o-glucosyl-rutinoside	cyanidin 3-o-glucosyl-rutinoside	cyanidin 3-o-glucosyl-rutinoside	cyanidin 3 o glucosyl rutinoside	0			
240179	Cyanidin 3-O-rutinoside	cyanidin 3-o-rutinoside	cyanidin 3-o-rutinoside	cyanidin 3-o-rutinoside	cyanidin 3 o rutinoside	0			
240180	Cyanidin 3-O-sambubioside	cyanidin 3-o-sambubioside	cyanidin 3-o-sambubioside	cyanidin 3-o-sambubioside	cyanidin 3 o sambubioside	0			
240181	Cyanidin 3-O-sambubioside 5-O-glucoside	cyanidin 3-o-sambubioside 5-o-glucoside	cyanidin 3-o-sambubioside 5-o-glucoside	cyanidin 3-o-sambubioside 5-o-glucoside	cyanidin 3 o sambubioside 5 o glucoside	0			
240182	Cyanidin 3-O-sophoroside	cyanidin 3-o-sophoroside	cyanidin 3-o-sophoroside	cyanidin 3-o-sophoroside	cyanidin 3 o sophoroside	0			
240183	Cyanidin 3-O-xyloside	cyanidin 3-o-xyloside	cyanidin 3-o-xyloside	cyanidin 3-o-xyloside	cyanidin 3 o xyloside	0			
240184	Cyanidin 3-O-xylosyl-rutinoside	cyanidin 3-o-xylosyl-rutinoside	cyanidin 3-o-xylosyl-rutinoside	cyanidin 3-o-xylosyl-rutinoside	cyanidin 3 o xylosyl rutinoside	0			
240185	Cyclolariciresinol	cyclolariciresinol	cyclolariciresinol	cyclolariciresinol	cyclolariciresinol	0			
240186	Daidzein	daidzein	daidzein	daidzein	daidzein	0			
240187	Daidzin	daidzin	daidzin	daidzin	daidzin	0			
240188	Delphinidin 3,5-O-diglucoside	delphinidin 3, 5-o-diglucoside	delphinidin 3 5-o-diglucoside	delphinidin 3, 5-o-diglucoside	delphinidin 3 5 o diglucoside	0			
240189	Delphinidin 3-O-(6''-acetyl-galactoside)	delphinidin 3-o-(6''-acetyl-galactoside)	delphinidin 3-o-(6''-acetyl-galactoside)	delphinidin 3-o-	delphinidin 3 o 6 acetyl galactoside	0			
240190	Delphinidin 3-O-(6''-acetyl-glucoside)	delphinidin 3-o-(6''-acetyl-glucoside)	delphinidin 3-o-(6''-acetyl-glucoside)	delphinidin 3-o-	delphinidin 3 o 6 acetyl glucoside	0			
240191	Delphinidin 3-O-(6''-p-coumaroyl-glucoside)	delphinidin 3-o-(6''-p-coumaroyl-glucoside)	delphinidin 3-o-(6''-p-coumaroyl-glucoside)	delphinidin 3-o-	delphinidin 3 o 6 p coumaroyl glucoside	0			
240192	Delphinidin 3-O-arabinoside	delphinidin 3-o-arabinoside	delphinidin 3-o-arabinoside	delphinidin 3-o-arabinoside	delphinidin 3 o arabinoside	0			
240193	Delphinidin 3-O-feruloyl-glucoside	delphinidin 3-o-feruloyl-glucoside	delphinidin 3-o-feruloyl-glucoside	delphinidin 3-o-feruloyl-glucoside	delphinidin 3 o feruloyl glucoside	0			
240194	Delphinidin 3-O-galactoside	delphinidin 3-o-galactoside	delphinidin 3-o-galactoside	delphinidin 3-o-galactoside	delphinidin 3 o galactoside	0			
240195	Delphinidin 3-O-glucoside	delphinidin 3-o-glucoside	delphinidin 3-o-glucoside	delphinidin 3-o-glucoside	delphinidin 3 o glucoside	0			
240196	Delphinidin 3-O-glucosyl-glucoside	delphinidin 3-o-glucosyl-glucoside	delphinidin 3-o-glucosyl-glucoside	delphinidin 3-o-glucosyl-glucoside	delphinidin 3 o glucosyl glucoside	0			
240197	Delphinidin 3-O-rutinoside	delphinidin 3-o-rutinoside	delphinidin 3-o-rutinoside	delphinidin 3-o-rutinoside	delphinidin 3 o rutinoside	0			
240198	Delphinidin 3-O-sambubioside	delphinidin 3-o-sambubioside	delphinidin 3-o-sambubioside	delphinidin 3-o-sambubioside	delphinidin 3 o sambubioside	0			
240199	Delphinidin 3-O-xyloside	delphinidin 3-o-xyloside	delphinidin 3-o-xyloside	delphinidin 3-o-xyloside	delphinidin 3 o xyloside	0			
240200	Demethoxycurcumin	demethoxycurcumin	demethoxycurcumin	demethoxycurcumin	demethoxycurcumin	0			
240201	Demethyloleuropein	demethyloleuropein	demethyloleuropein	demethyloleuropein	demethyloleuropein	0			
240202	Didymin	didymin	didymin	didymin	didymin	0			
240203	Dihydro-p-coumaric acid	dihydro-p-coumaric acid	dihydro-p-coumaric acid	dihydro-p-coumaric acid	dihydro p coumaric acid	0	1025	organic acids	organic_acids_to_specific_existing
240204	Dihydrocaffeic acid	dihydrocaffeic acid	dihydrocaffeic acid	dihydrocaffeic acid	dihydrocaffeic acid	0	1025	organic acids	organic_acids_to_specific_existing
240205	Dihydromyricetin 3-O-rhamnoside	dihydromyricetin 3-o-rhamnoside	dihydromyricetin 3-o-rhamnoside	dihydromyricetin 3-o-rhamnoside	dihydromyricetin 3 o rhamnoside	0			
240206	Dihydroquercetin	dihydroquercetin	dihydroquercetin	dihydroquercetin	dihydroquercetin	0			
240207	Dihydroquercetin 3-O-rhamnoside	dihydroquercetin 3-o-rhamnoside	dihydroquercetin 3-o-rhamnoside	dihydroquercetin 3-o-rhamnoside	dihydroquercetin 3 o rhamnoside	0			
240208	Dimethylmatairesinol	dimethylmatairesinol	dimethylmatairesinol	dimethylmatairesinol	dimethylmatairesinol	0			
240209	Diosmin	diosmin	diosmin	diosmin	diosmin	0			
240210	Ellagic acid	ellagic acid	ellagic acid	ellagic acid	ellagic acid	0	1025	organic acids	organic_acids_to_specific_existing
240211	Ellagic acid acetyl-arabinoside	ellagic acid acetyl-arabinoside	ellagic acid acetyl-arabinoside	ellagic acid acetyl-arabinoside	ellagic acid acetyl arabinoside	0	1025	organic acids	organic_acids_to_specific_existing
240212	Ellagic acid acetyl-xyloside	ellagic acid acetyl-xyloside	ellagic acid acetyl-xyloside	ellagic acid acetyl-xyloside	ellagic acid acetyl xyloside	0	1025	organic acids	organic_acids_to_specific_existing
240213	Ellagic acid arabinoside	ellagic acid arabinoside	ellagic acid arabinoside	ellagic acid arabinoside	ellagic acid arabinoside	0	1025	organic acids	organic_acids_to_specific_existing
240214	Ellagic acid glucoside	ellagic acid glucoside	ellagic acid glucoside	ellagic acid glucoside	ellagic acid glucoside	0	1025	organic acids	organic_acids_to_specific_existing
240215	Epirosmanol	epirosmanol	epirosmanol	epirosmanol	epirosmanol	0			
240216	Episesamin	episesamin	episesamin	episesamin	episesamin	0			
240217	Episesaminol	episesaminol	episesaminol	episesaminol	episesaminol	0			
240218	Eriocitrin	eriocitrin	eriocitrin	eriocitrin	eriocitrin	0			
240219	Eriodictyol	eriodictyol	eriodictyol	eriodictyol	eriodictyol	0			
240220	Eriodictyol 7-O-glucoside	eriodictyol 7-o-glucoside	eriodictyol 7-o-glucoside	eriodictyol 7-o-glucoside	eriodictyol 7 o glucoside	0			
240221	Esculetin	esculetin	esculetin	esculetin	esculetin	0			
240222	Esculin	esculin	esculin	esculin	esculin	0			
240223	Estragole	estragole	estragole	estragole	estragole	0			
240224	Eugenol	eugenol	eugenol	eugenol	eugenol	0			
240225	Eupatorin	eupatorin	eupatorin	eupatorin	eupatorin	0			
240226	Ferulaldehyde	ferulaldehyde	ferulaldehyde	ferulaldehyde	ferulaldehyde	0			
240227	Ferulic acid	ferulic acid	ferulic acid	ferulic acid	ferulic acid	0	1025	organic acids	organic_acids_to_specific_existing
240228	Ferulic acid 4-O-glucoside	ferulic acid 4-o-glucoside	ferulic acid 4-o-glucoside	ferulic acid 4-o-glucoside	ferulic acid 4 o glucoside	0	1025	organic acids	organic_acids_to_specific_existing
240229	Feruloyl glucose	feruloyl glucose	feruloyl glucose	feruloyl glucose	feruloyl glucose	0	260230	carbohydrate by difference	carb_to_sugars
240230	Feruloyl tartaric acid	feruloyl tartaric acid	feruloyl tartaric acid	feruloyl tartaric acid	feruloyl tartaric acid	0	1025	organic acids	organic_acids_to_specific_existing
240231	Formononetin	formononetin	formononetin	formononetin	formononetin	0			
240232	Galangin	galangin	galangin	galangin	galangin	0			
240233	Gallic acid	gallic acid	gallic acid	gallic acid	gallic acid	0	1025	organic acids	organic_acids_to_specific_existing
240234	Gallic acid 3-O-gallate	gallic acid 3-o-gallate	gallic acid 3-o-gallate	gallic acid 3-o-gallate	gallic acid 3 o gallate	0	1025	organic acids	organic_acids_to_specific_existing
240235	Gallic acid 4-O-glucoside	gallic acid 4-o-glucoside	gallic acid 4-o-glucoside	gallic acid 4-o-glucoside	gallic acid 4 o glucoside	0	1025	organic acids	organic_acids_to_specific_existing
240236	Gallic acid ethyl ester	gallic acid ethyl ester	gallic acid ethyl ester	gallic acid ethyl ester	gallic acid ethyl ester	0	1025	organic acids	organic_acids_to_specific_existing
240237	Gallic aldehyde	gallic aldehyde	gallic aldehyde	gallic aldehyde	gallic aldehyde	0			
240238	Galloyl glucose	galloyl glucose	galloyl glucose	galloyl glucose	galloyl glucose	0	260230	carbohydrate by difference	carb_to_sugars
240239	Gardenin B	gardenin b	gardenin b	gardenin b	gardenin b	0			
240240	Genistein	genistein	genistein	genistein	genistein	0			
240241	Genistin	genistin	genistin	genistin	genistin	0			
240242	Gentisic acid	gentisic acid	gentisic acid	gentisic acid	gentisic acid	0	1025	organic acids	organic_acids_to_specific_existing
240243	Geraldone	geraldone	geraldone	geraldone	geraldone	0			
240244	Glycitein	glycitein	glycitein	glycitein	glycitein	0			
240245	Glycitin	glycitin	glycitin	glycitin	glycitin	0			
240246	Guaiacol	guaiacol	guaiacol	guaiacol	guaiacol	0			
240247	Hesperetin	hesperetin	hesperetin	hesperetin	hesperetin	0			
240248	Hesperidin	hesperidin	hesperidin	hesperidin	hesperidin	0			
240249	Hispidulin	hispidulin	hispidulin	hispidulin	hispidulin	0			
240250	Homovanillic acid	homovanillic acid	homovanillic acid	homovanillic acid	homovanillic acid	0	1025	organic acids	organic_acids_to_specific_existing
240251	Homoveratric acid	homoveratric acid	homoveratric acid	homoveratric acid	homoveratric acid	0	1025	organic acids	organic_acids_to_specific_existing
240252	Hydroxycaffeic acid	hydroxycaffeic acid	hydroxycaffeic acid	hydroxycaffeic acid	hydroxycaffeic acid	0	1025	organic acids	organic_acids_to_specific_existing
240253	Hydroxytyrosol	hydroxytyrosol	hydroxytyrosol	hydroxytyrosol	hydroxytyrosol	0			
240254	Hydroxytyrosol 4-O-glucoside	hydroxytyrosol 4-o-glucoside	hydroxytyrosol 4-o-glucoside	hydroxytyrosol 4-o-glucoside	hydroxytyrosol 4 o glucoside	0			
240255	Isoferulic acid	isoferulic acid	isoferulic acid	isoferulic acid	isoferulic acid	0	1025	organic acids	organic_acids_to_specific_existing
240256	Isohydroxymatairesinol	isohydroxymatairesinol	isohydroxymatairesinol	isohydroxymatairesinol	isohydroxymatairesinol	0			
240257	Isolariciresinol	isolariciresinol	isolariciresinol	isolariciresinol	isolariciresinol	0			
240258	Isopimpinellin	isopimpinellin	isopimpinellin	isopimpinellin	isopimpinellin	0			
240259	Isorhamnetin	isorhamnetin	isorhamnetin	isorhamnetin	isorhamnetin	0			
240260	Isorhamnetin 3-O-galactoside	isorhamnetin 3-o-galactoside	isorhamnetin 3-o-galactoside	isorhamnetin 3-o-galactoside	isorhamnetin 3 o galactoside	0			
240261	Isorhamnetin 3-O-glucoside	isorhamnetin 3-o-glucoside	isorhamnetin 3-o-glucoside	isorhamnetin 3-o-glucoside	isorhamnetin 3 o glucoside	0			
240262	Isorhamnetin 3-O-glucoside 7-O-rhamnoside	isorhamnetin 3-o-glucoside 7-o-rhamnoside	isorhamnetin 3-o-glucoside 7-o-rhamnoside	isorhamnetin 3-o-glucoside 7-o-rhamnoside	isorhamnetin 3 o glucoside 7 o rhamnoside	0			
240263	Isorhamnetin 3-O-glucuronide	isorhamnetin 3-o-glucuronide	isorhamnetin 3-o-glucuronide	isorhamnetin 3-o-glucuronide	isorhamnetin 3 o glucuronide	0			
240264	Isorhamnetin 3-O-rutinoside	isorhamnetin 3-o-rutinoside	isorhamnetin 3-o-rutinoside	isorhamnetin 3-o-rutinoside	isorhamnetin 3 o rutinoside	0			
240265	Isorhamnetin 4'-O-glucoside	isorhamnetin 4'-o-glucoside	isorhamnetin 4'-o-glucoside	isorhamnetin 4'-o-glucoside	isorhamnetin 4 o glucoside	0			
240266	Isorhamnetin 7-O-rhamnoside	isorhamnetin 7-o-rhamnoside	isorhamnetin 7-o-rhamnoside	isorhamnetin 7-o-rhamnoside	isorhamnetin 7 o rhamnoside	0			
240267	Isorhoifolin	isorhoifolin	isorhoifolin	isorhoifolin	isorhoifolin	0			
240268	Isoxanthohumol	isoxanthohumol	isoxanthohumol	isoxanthohumol	isoxanthohumol	0			
240269	Jaceidin 4'-O-glucuronide	jaceidin 4'-o-glucuronide	jaceidin 4'-o-glucuronide	jaceidin 4'-o-glucuronide	jaceidin 4 o glucuronide	0			
240270	Jaceosidin	jaceosidin	jaceosidin	jaceosidin	jaceosidin	0			
240271	Juglone	juglone	juglone	juglone	juglone	0			
240272	Kaempferide	kaempferide	kaempferide	kaempferide	kaempferide	0			
240273	Kaempferol	kaempferol	kaempferol	kaempferol	kaempferol	0			
240274	Kaempferol 3,7,4'-O-triglucoside	kaempferol 3, 7, 4'-o-triglucoside	kaempferol 3 7 4'-o-triglucoside	kaempferol 3, 7, 4'-o-triglucoside	kaempferol 3 7 4 o triglucoside	0			
240275	Kaempferol 3,7-O-diglucoside	kaempferol 3, 7-o-diglucoside	kaempferol 3 7-o-diglucoside	kaempferol 3, 7-o-diglucoside	kaempferol 3 7 o diglucoside	0			
240276	Kaempferol 3-O-(2''-rhamnosyl-6''-acetyl-galactoside) 7-O-rhamnoside	kaempferol 3-o-(2''-rhamnosyl-6''-acetyl-galactoside) 7-o-rhamnoside	kaempferol 3-o-(2''-rhamnosyl-6''-acetyl-galactoside) 7-o-rhamnoside	kaempferol 3-o-7-o-rhamnoside	kaempferol 3 o 2 rhamnosyl 6 acetyl galactoside 7 o rhamnoside	0			
240277	Kaempferol 3-O-(2''-rhamnosyl-galactoside) 7-O-rhamnoside	kaempferol 3-o-(2''-rhamnosyl-galactoside) 7-o-rhamnoside	kaempferol 3-o-(2''-rhamnosyl-galactoside) 7-o-rhamnoside	kaempferol 3-o-7-o-rhamnoside	kaempferol 3 o 2 rhamnosyl galactoside 7 o rhamnoside	0			
240278	"Kaempferol 3-O-(6""-malonyl-glucoside)"	"kaempferol 3-o-(6""-malonyl-glucoside)"	"kaempferol 3-o-(6""-malonyl-glucoside)"	kaempferol 3-o-	kaempferol 3 o 6 malonyl glucoside	0			
240279	Kaempferol 3-O-(6''-acetyl-galactoside) 7-O-rhamnoside	kaempferol 3-o-(6''-acetyl-galactoside) 7-o-rhamnoside	kaempferol 3-o-(6''-acetyl-galactoside) 7-o-rhamnoside	kaempferol 3-o-7-o-rhamnoside	kaempferol 3 o 6 acetyl galactoside 7 o rhamnoside	0			
240280	Kaempferol 3-O-acetyl-glucoside	kaempferol 3-o-acetyl-glucoside	kaempferol 3-o-acetyl-glucoside	kaempferol 3-o-acetyl-glucoside	kaempferol 3 o acetyl glucoside	0			
240281	Kaempferol 3-O-galactoside	kaempferol 3-o-galactoside	kaempferol 3-o-galactoside	kaempferol 3-o-galactoside	kaempferol 3 o galactoside	0			
240282	Kaempferol 3-O-galactoside 7-O-rhamnoside	kaempferol 3-o-galactoside 7-o-rhamnoside	kaempferol 3-o-galactoside 7-o-rhamnoside	kaempferol 3-o-galactoside 7-o-rhamnoside	kaempferol 3 o galactoside 7 o rhamnoside	0			
240283	Kaempferol 3-O-glucoside	kaempferol 3-o-glucoside	kaempferol 3-o-glucoside	kaempferol 3-o-glucoside	kaempferol 3 o glucoside	0			
240284	Kaempferol 3-O-glucosyl-rhamnosyl-galactoside	kaempferol 3-o-glucosyl-rhamnosyl-galactoside	kaempferol 3-o-glucosyl-rhamnosyl-galactoside	kaempferol 3-o-glucosyl-rhamnosyl-galactoside	kaempferol 3 o glucosyl rhamnosyl galactoside	0			
240285	Kaempferol 3-O-glucosyl-rhamnosyl-glucoside	kaempferol 3-o-glucosyl-rhamnosyl-glucoside	kaempferol 3-o-glucosyl-rhamnosyl-glucoside	kaempferol 3-o-glucosyl-rhamnosyl-glucoside	kaempferol 3 o glucosyl rhamnosyl glucoside	0			
240286	Kaempferol 3-O-glucuronide	kaempferol 3-o-glucuronide	kaempferol 3-o-glucuronide	kaempferol 3-o-glucuronide	kaempferol 3 o glucuronide	0			
240287	Kaempferol 3-O-rhamnoside	kaempferol 3-o-rhamnoside	kaempferol 3-o-rhamnoside	kaempferol 3-o-rhamnoside	kaempferol 3 o rhamnoside	0			
240288	Kaempferol 3-O-rhamnosyl-rhamnosyl-glucoside	kaempferol 3-o-rhamnosyl-rhamnosyl-glucoside	kaempferol 3-o-rhamnosyl-rhamnosyl-glucoside	kaempferol 3-o-rhamnosyl-rhamnosyl-glucoside	kaempferol 3 o rhamnosyl rhamnosyl glucoside	0			
240289	Kaempferol 3-O-rutinoside	kaempferol 3-o-rutinoside	kaempferol 3-o-rutinoside	kaempferol 3-o-rutinoside	kaempferol 3 o rutinoside	0			
240290	Kaempferol 3-O-sophoroside	kaempferol 3-o-sophoroside	kaempferol 3-o-sophoroside	kaempferol 3-o-sophoroside	kaempferol 3 o sophoroside	0			
240291	Kaempferol 3-O-sophoroside 7-O-glucoside	kaempferol 3-o-sophoroside 7-o-glucoside	kaempferol 3-o-sophoroside 7-o-glucoside	kaempferol 3-o-sophoroside 7-o-glucoside	kaempferol 3 o sophoroside 7 o glucoside	0			
240292	Kaempferol 3-O-xylosyl-glucoside	kaempferol 3-o-xylosyl-glucoside	kaempferol 3-o-xylosyl-glucoside	kaempferol 3-o-xylosyl-glucoside	kaempferol 3 o xylosyl glucoside	0			
240293	Kaempferol 3-O-xylosyl-rutinoside	kaempferol 3-o-xylosyl-rutinoside	kaempferol 3-o-xylosyl-rutinoside	kaempferol 3-o-xylosyl-rutinoside	kaempferol 3 o xylosyl rutinoside	0			
240294	Kaempferol 7-O-glucoside	kaempferol 7-o-glucoside	kaempferol 7-o-glucoside	kaempferol 7-o-glucoside	kaempferol 7 o glucoside	0			
240295	Lambertianin C	lambertianin c	lambertianin c	lambertianin c	lambertianin c	0			
240296	Lariciresinol	lariciresinol	lariciresinol	lariciresinol	lariciresinol	0			
240297	Lariciresinol-sesquilignan	lariciresinol-sesquilignan	lariciresinol-sesquilignan	lariciresinol-sesquilignan	lariciresinol sesquilignan	0			
240298	Ligstroside	ligstroside	ligstroside	ligstroside	ligstroside	0			
240299	Ligstroside-aglycone	ligstroside-aglycone	ligstroside-aglycone	ligstroside-aglycone	ligstroside aglycone	0			
240300	Luteolin	luteolin	luteolin	luteolin	luteolin	0			
240301	Luteolin 6-C-glucoside	luteolin 6-c-glucoside	luteolin 6-c-glucoside	luteolin 6-c-glucoside	luteolin 6 c glucoside	0			
240302	Luteolin 7-O-(2-apiosyl-6-malonyl)-glucoside	luteolin 7-o-(2-apiosyl-6-malonyl)-glucoside	luteolin 7-o-(2-apiosyl-6-malonyl)-glucoside	luteolin 7-o--glucoside	luteolin 7 o 2 apiosyl 6 malonyl glucoside	0			
240303	Luteolin 7-O-(2-apiosyl-glucoside)	luteolin 7-o-(2-apiosyl-glucoside)	luteolin 7-o-(2-apiosyl-glucoside)	luteolin 7-o-	luteolin 7 o 2 apiosyl glucoside	0			
240304	Luteolin 7-O-diglucuronide	luteolin 7-o-diglucuronide	luteolin 7-o-diglucuronide	luteolin 7-o-diglucuronide	luteolin 7 o diglucuronide	0			
240305	Luteolin 7-O-glucoside	luteolin 7-o-glucoside	luteolin 7-o-glucoside	luteolin 7-o-glucoside	luteolin 7 o glucoside	0			
240306	Luteolin 7-O-glucuronide	luteolin 7-o-glucuronide	luteolin 7-o-glucuronide	luteolin 7-o-glucuronide	luteolin 7 o glucuronide	0			
240307	Luteolin 7-O-malonyl-glucoside	luteolin 7-o-malonyl-glucoside	luteolin 7-o-malonyl-glucoside	luteolin 7-o-malonyl-glucoside	luteolin 7 o malonyl glucoside	0			
240308	Luteolin 7-O-rutinoside	luteolin 7-o-rutinoside	luteolin 7-o-rutinoside	luteolin 7-o-rutinoside	luteolin 7 o rutinoside	0			
240309	Malvidin 3,5-O-diglucoside	malvidin 3, 5-o-diglucoside	malvidin 3 5-o-diglucoside	malvidin 3, 5-o-diglucoside	malvidin 3 5 o diglucoside	0			
240310	Malvidin 3-O-(6''-acetyl-galactoside)	malvidin 3-o-(6''-acetyl-galactoside)	malvidin 3-o-(6''-acetyl-galactoside)	malvidin 3-o-	malvidin 3 o 6 acetyl galactoside	0			
240311	Malvidin 3-O-(6''-acetyl-glucoside)	malvidin 3-o-(6''-acetyl-glucoside)	malvidin 3-o-(6''-acetyl-glucoside)	malvidin 3-o-	malvidin 3 o 6 acetyl glucoside	0			
240312	Malvidin 3-O-(6''-caffeoyl-glucoside)	malvidin 3-o-(6''-caffeoyl-glucoside)	malvidin 3-o-(6''-caffeoyl-glucoside)	malvidin 3-o-	malvidin 3 o 6 caffeoyl glucoside	0			
240313	Malvidin 3-O-(6''-p-coumaroyl-glucoside)	malvidin 3-o-(6''-p-coumaroyl-glucoside)	malvidin 3-o-(6''-p-coumaroyl-glucoside)	malvidin 3-o-	malvidin 3 o 6 p coumaroyl glucoside	0			
240314	Malvidin 3-O-arabinoside	malvidin 3-o-arabinoside	malvidin 3-o-arabinoside	malvidin 3-o-arabinoside	malvidin 3 o arabinoside	0			
240315	Malvidin 3-O-galactoside	malvidin 3-o-galactoside	malvidin 3-o-galactoside	malvidin 3-o-galactoside	malvidin 3 o galactoside	0			
240316	Malvidin 3-O-glucoside	malvidin 3-o-glucoside	malvidin 3-o-glucoside	malvidin 3-o-glucoside	malvidin 3 o glucoside	0			
240317	Matairesinol	matairesinol	matairesinol	matairesinol	matairesinol	0			
240318	Medioresinol	medioresinol	medioresinol	medioresinol	medioresinol	0			
240319	Mellein	mellein	mellein	mellein	mellein	0			
240320	Methoxyphenylacetic acid	methoxyphenylacetic acid	methoxyphenylacetic acid	methoxyphenylacetic acid	methoxyphenylacetic acid	0	1025	organic acids	organic_acids_to_specific_existing
240321	Methylgalangin	methylgalangin	methylgalangin	methylgalangin	methylgalangin	0			
240322	Morin	morin	morin	morin	morin	0			
240323	Myricetin	myricetin	myricetin	myricetin	myricetin	0			
240324	Myricetin 3-O-arabinoside	myricetin 3-o-arabinoside	myricetin 3-o-arabinoside	myricetin 3-o-arabinoside	myricetin 3 o arabinoside	0			
240325	Myricetin 3-O-galactoside	myricetin 3-o-galactoside	myricetin 3-o-galactoside	myricetin 3-o-galactoside	myricetin 3 o galactoside	0			
240326	Myricetin 3-O-glucoside	myricetin 3-o-glucoside	myricetin 3-o-glucoside	myricetin 3-o-glucoside	myricetin 3 o glucoside	0			
240327	Myricetin 3-O-rhamnoside	myricetin 3-o-rhamnoside	myricetin 3-o-rhamnoside	myricetin 3-o-rhamnoside	myricetin 3 o rhamnoside	0			
240328	Myricetin 3-O-rutinoside	myricetin 3-o-rutinoside	myricetin 3-o-rutinoside	myricetin 3-o-rutinoside	myricetin 3 o rutinoside	0			
240329	Naringenin	naringenin	naringenin	naringenin	naringenin	0			
240330	Naringenin 7-O-glucoside	naringenin 7-o-glucoside	naringenin 7-o-glucoside	naringenin 7-o-glucoside	naringenin 7 o glucoside	0			
240331	Naringin	naringin	naringin	naringin	naringin	0			
240332	Naringin 4'-O-glucoside	naringin 4'-o-glucoside	naringin 4'-o-glucoside	naringin 4'-o-glucoside	naringin 4 o glucoside	0			
240333	Naringin 6'-malonate	naringin 6'-malonate	naringin 6'-malonate	naringin 6'-malonate	naringin 6 malonate	0			
240334	Narirutin	narirutin	narirutin	narirutin	narirutin	0			
240335	Narirutin 4'-O-glucoside	narirutin 4'-o-glucoside	narirutin 4'-o-glucoside	narirutin 4'-o-glucoside	narirutin 4 o glucoside	0			
240336	Neodiosmin	neodiosmin	neodiosmin	neodiosmin	neodiosmin	0			
240337	Neoeriocitrin	neoeriocitrin	neoeriocitrin	neoeriocitrin	neoeriocitrin	0			
240338	Neohesperidin	neohesperidin	neohesperidin	neohesperidin	neohesperidin	0			
240339	Nepetin	nepetin	nepetin	nepetin	nepetin	0			
240340	Nobiletin	nobiletin	nobiletin	nobiletin	nobiletin	0			
240341	Nortrachelogenin	nortrachelogenin	nortrachelogenin	nortrachelogenin	nortrachelogenin	0			
240342	Oleoside 11-methylester	oleoside 11-methylester	oleoside 11-methylester	oleoside 11-methylester	oleoside 11 methylester	0			
240343	Oleoside dimethylester	oleoside dimethylester	oleoside dimethylester	oleoside dimethylester	oleoside dimethylester	0			
240344	Oleuropein	oleuropein	oleuropein	oleuropein	oleuropein	0			
240345	Oleuropein-aglycone	oleuropein-aglycone	oleuropein-aglycone	oleuropein-aglycone	oleuropein aglycone	0			
240346	Pallidol	pallidol	pallidol	pallidol	pallidol	0			
240347	Patuletin 3-O-(2''-feruloylglucosyl)(1->6)-[apiosyl(1->2)]-glucoside	patuletin 3-o-(2''-feruloylglucosyl) (1->6)-[apiosyl (1->2) ]-glucoside	patuletin 3-o-(2''-feruloylglucosyl) (1->6)-[apiosyl (1->2) ]-glucoside	patuletin 3-o--[apiosyl ]-glucoside	patuletin 3 o 2 feruloylglucosyl 1 6 apiosyl 1 2 glucoside	0			
240348	Patuletin 3-O-glucosyl-(1->6)-[apiosyl(1->2)]-glucoside	patuletin 3-o-glucosyl-(1->6)-[apiosyl (1->2) ]-glucoside	patuletin 3-o-glucosyl-(1->6)-[apiosyl (1->2) ]-glucoside	patuletin 3-o-glucosyl--[apiosyl ]-glucoside	patuletin 3 o glucosyl 1 6 apiosyl 1 2 glucoside	0			
240349	Pebrellin	pebrellin	pebrellin	pebrellin	pebrellin	0			
240350	Pelargonidin	pelargonidin	pelargonidin	pelargonidin	pelargonidin	0			
240351	Pelargonidin 3,5-O-diglucoside	pelargonidin 3, 5-o-diglucoside	pelargonidin 3 5-o-diglucoside	pelargonidin 3, 5-o-diglucoside	pelargonidin 3 5 o diglucoside	0			
240352	Pelargonidin 3-O-(6''-malonyl-glucoside)	pelargonidin 3-o-(6''-malonyl-glucoside)	pelargonidin 3-o-(6''-malonyl-glucoside)	pelargonidin 3-o-	pelargonidin 3 o 6 malonyl glucoside	0			
240353	Pelargonidin 3-O-(6''-succinyl-glucoside)	pelargonidin 3-o-(6''-succinyl-glucoside)	pelargonidin 3-o-(6''-succinyl-glucoside)	pelargonidin 3-o-	pelargonidin 3 o 6 succinyl glucoside	0			
240354	Pelargonidin 3-O-arabinoside	pelargonidin 3-o-arabinoside	pelargonidin 3-o-arabinoside	pelargonidin 3-o-arabinoside	pelargonidin 3 o arabinoside	0			
240355	Pelargonidin 3-O-galactoside	pelargonidin 3-o-galactoside	pelargonidin 3-o-galactoside	pelargonidin 3-o-galactoside	pelargonidin 3 o galactoside	0			
240356	Pelargonidin 3-O-glucoside	pelargonidin 3-o-glucoside	pelargonidin 3-o-glucoside	pelargonidin 3-o-glucoside	pelargonidin 3 o glucoside	0			
240357	Pelargonidin 3-O-glucosyl-rutinoside	pelargonidin 3-o-glucosyl-rutinoside	pelargonidin 3-o-glucosyl-rutinoside	pelargonidin 3-o-glucosyl-rutinoside	pelargonidin 3 o glucosyl rutinoside	0			
240358	Pelargonidin 3-O-rutinoside	pelargonidin 3-o-rutinoside	pelargonidin 3-o-rutinoside	pelargonidin 3-o-rutinoside	pelargonidin 3 o rutinoside	0			
240359	Pelargonidin 3-O-sambubioside	pelargonidin 3-o-sambubioside	pelargonidin 3-o-sambubioside	pelargonidin 3-o-sambubioside	pelargonidin 3 o sambubioside	0			
240360	Pelargonidin 3-O-sophoroside	pelargonidin 3-o-sophoroside	pelargonidin 3-o-sophoroside	pelargonidin 3-o-sophoroside	pelargonidin 3 o sophoroside	0			
240361	Peonidin	peonidin	peonidin	peonidin	peonidin	0			
240362	Peonidin 3-O-(6''-acetyl-galactoside)	peonidin 3-o-(6''-acetyl-galactoside)	peonidin 3-o-(6''-acetyl-galactoside)	peonidin 3-o-	peonidin 3 o 6 acetyl galactoside	0			
240363	Peonidin 3-O-(6''-acetyl-glucoside)	peonidin 3-o-(6''-acetyl-glucoside)	peonidin 3-o-(6''-acetyl-glucoside)	peonidin 3-o-	peonidin 3 o 6 acetyl glucoside	0			
240364	Peonidin 3-O-(6''-p-coumaroyl-glucoside)	peonidin 3-o-(6''-p-coumaroyl-glucoside)	peonidin 3-o-(6''-p-coumaroyl-glucoside)	peonidin 3-o-	peonidin 3 o 6 p coumaroyl glucoside	0			
240365	Peonidin 3-O-arabinoside	peonidin 3-o-arabinoside	peonidin 3-o-arabinoside	peonidin 3-o-arabinoside	peonidin 3 o arabinoside	0			
240366	Peonidin 3-O-galactoside	peonidin 3-o-galactoside	peonidin 3-o-galactoside	peonidin 3-o-galactoside	peonidin 3 o galactoside	0			
240367	Peonidin 3-O-glucoside	peonidin 3-o-glucoside	peonidin 3-o-glucoside	peonidin 3-o-glucoside	peonidin 3 o glucoside	0			
240368	Peonidin 3-O-rutinoside	peonidin 3-o-rutinoside	peonidin 3-o-rutinoside	peonidin 3-o-rutinoside	peonidin 3 o rutinoside	0			
240369	Petunidin 3,5-O-diglucoside	petunidin 3, 5-o-diglucoside	petunidin 3 5-o-diglucoside	petunidin 3, 5-o-diglucoside	petunidin 3 5 o diglucoside	0			
240370	Petunidin 3-O-(6''-acetyl-galactoside)	petunidin 3-o-(6''-acetyl-galactoside)	petunidin 3-o-(6''-acetyl-galactoside)	petunidin 3-o-	petunidin 3 o 6 acetyl galactoside	0			
240371	Petunidin 3-O-(6''-acetyl-glucoside)	petunidin 3-o-(6''-acetyl-glucoside)	petunidin 3-o-(6''-acetyl-glucoside)	petunidin 3-o-	petunidin 3 o 6 acetyl glucoside	0			
240372	Petunidin 3-O-(6''-p-coumaroyl-glucoside)	petunidin 3-o-(6''-p-coumaroyl-glucoside)	petunidin 3-o-(6''-p-coumaroyl-glucoside)	petunidin 3-o-	petunidin 3 o 6 p coumaroyl glucoside	0			
240373	Petunidin 3-O-arabinoside	petunidin 3-o-arabinoside	petunidin 3-o-arabinoside	petunidin 3-o-arabinoside	petunidin 3 o arabinoside	0			
240374	Petunidin 3-O-galactoside	petunidin 3-o-galactoside	petunidin 3-o-galactoside	petunidin 3-o-galactoside	petunidin 3 o galactoside	0			
240375	Petunidin 3-O-glucoside	petunidin 3-o-glucoside	petunidin 3-o-glucoside	petunidin 3-o-glucoside	petunidin 3 o glucoside	0			
240376	Petunidin 3-O-rhamnoside	petunidin 3-o-rhamnoside	petunidin 3-o-rhamnoside	petunidin 3-o-rhamnoside	petunidin 3 o rhamnoside	0			
240377	Petunidin 3-O-rutinoside	petunidin 3-o-rutinoside	petunidin 3-o-rutinoside	petunidin 3-o-rutinoside	petunidin 3 o rutinoside	0			
240378	Phenol	phenol	phenol	phenol	phenol	0			
240379	Phloretin	phloretin	phloretin	phloretin	phloretin	0			
240380	Phloretin 2'-O-xylosyl-glucoside	phloretin 2'-o-xylosyl-glucoside	phloretin 2'-o-xylosyl-glucoside	phloretin 2'-o-xylosyl-glucoside	phloretin 2 o xylosyl glucoside	0			
240381	Phloridzin	phloridzin	phloridzin	phloridzin	phloridzin	0			
240382	Phlorin	phlorin	phlorin	phlorin	phlorin	0			
240383	Piceatannol	piceatannol	piceatannol	piceatannol	piceatannol	0			
240384	Piceatannol 3-O-glucoside	piceatannol 3-o-glucoside	piceatannol 3-o-glucoside	piceatannol 3-o-glucoside	piceatannol 3 o glucoside	0			
240385	Pigment A	pigment a	pigment a	pigment a	pigment a	0			
240386	Pinocembrin	pinocembrin	pinocembrin	pinocembrin	pinocembrin	0			
240387	Pinoresinol	pinoresinol	pinoresinol	pinoresinol	pinoresinol	0			
240388	Pinosylvin	pinosylvin	pinosylvin	pinosylvin	pinosylvin	0			
240389	Pinotin A	pinotin a	pinotin a	pinotin a	pinotin a	0			
240390	Polymers (>10 mers)	polymers (>10 mers)	polymers (>10 mers)	polymers	polymers 10 mers	0			
240392	Poncirin	poncirin	poncirin	poncirin	poncirin	0			
240393	Procyanidin dimer B1	procyanidin dimer b1	procyanidin dimer b1	procyanidin dimer b1	procyanidin dimer b1	0			
240394	Procyanidin dimer B2	procyanidin dimer b2	procyanidin dimer b2	procyanidin dimer b2	procyanidin dimer b2	0			
240395	Procyanidin dimer B3	procyanidin dimer b3	procyanidin dimer b3	procyanidin dimer b3	procyanidin dimer b3	0			
240396	Procyanidin dimer B4	procyanidin dimer b4	procyanidin dimer b4	procyanidin dimer b4	procyanidin dimer b4	0			
240397	Procyanidin dimer B5	procyanidin dimer b5	procyanidin dimer b5	procyanidin dimer b5	procyanidin dimer b5	0			
240398	Procyanidin dimer B7	procyanidin dimer b7	procyanidin dimer b7	procyanidin dimer b7	procyanidin dimer b7	0			
240399	Procyanidin trimer C1	procyanidin trimer c1	procyanidin trimer c1	procyanidin trimer c1	procyanidin trimer c1	0			
240400	Procyanidin trimer C2	procyanidin trimer c2	procyanidin trimer c2	procyanidin trimer c2	procyanidin trimer c2	0			
240401	Procyanidin trimer EEC	procyanidin trimer eec	procyanidin trimer eec	procyanidin trimer eec	procyanidin trimer eec	0			
240402	Procyanidin trimer T2	procyanidin trimer t2	procyanidin trimer t2	procyanidin trimer t2	procyanidin trimer t2	0			
240403	Prodelphinidin dimer B3	prodelphinidin dimer b3	prodelphinidin dimer b3	prodelphinidin dimer b3	prodelphinidin dimer b3	0			
240404	Prodelphinidin trimer C-GC-C	prodelphinidin trimer c-gc-c	prodelphinidin trimer c-gc-c	prodelphinidin trimer c-gc-c	prodelphinidin trimer c gc c	0			
240405	Prodelphinidin trimer GC-C-C	prodelphinidin trimer gc-c-c	prodelphinidin trimer gc-c-c	prodelphinidin trimer gc-c-c	prodelphinidin trimer gc c c	0			
240406	Prodelphinidin trimer GC-GC-C	prodelphinidin trimer gc-gc-c	prodelphinidin trimer gc-gc-c	prodelphinidin trimer gc-gc-c	prodelphinidin trimer gc gc c	0			
240407	Protocatechuic acid	protocatechuic acid	protocatechuic acid	protocatechuic acid	protocatechuic acid	0	1025	organic acids	organic_acids_to_specific_existing
240408	Protocatechuic acid 4-O-glucoside	protocatechuic acid 4-o-glucoside	protocatechuic acid 4-o-glucoside	protocatechuic acid 4-o-glucoside	protocatechuic acid 4 o glucoside	0	1025	organic acids	organic_acids_to_specific_existing
240409	Protocatechuic aldehyde	protocatechuic aldehyde	protocatechuic aldehyde	protocatechuic aldehyde	protocatechuic aldehyde	0			
240410	Psoralen	psoralen	psoralen	psoralen	psoralen	0			
240411	Pterostilbene	pterostilbene	pterostilbene	pterostilbene	pterostilbene	0			
240412	Punicalagin	punicalagin	punicalagin	punicalagin	punicalagin	0			
240413	Pyrogallol	pyrogallol	pyrogallol	pyrogallol	pyrogallol	0			
240414	Quercetin	quercetin	quercetin	quercetin	quercetin	0			
240415	Quercetin 3,4'-O-diglucoside	quercetin 3, 4'-o-diglucoside	quercetin 3 4'-o-diglucoside	quercetin 3, 4'-o-diglucoside	quercetin 3 4 o diglucoside	0			
240416	"Quercetin 3-O-(6""-malonyl-glucoside)"	"quercetin 3-o-(6""-malonyl-glucoside)"	"quercetin 3-o-(6""-malonyl-glucoside)"	quercetin 3-o-	quercetin 3 o 6 malonyl glucoside	0			
240417	"Quercetin 3-O-(6""-malonyl-glucoside) 7-O-glucoside"	"quercetin 3-o-(6""-malonyl-glucoside) 7-o-glucoside"	"quercetin 3-o-(6""-malonyl-glucoside) 7-o-glucoside"	quercetin 3-o-7-o-glucoside	quercetin 3 o 6 malonyl glucoside 7 o glucoside	0			
240418	Quercetin 3-O-(6''-acetyl-galactoside) 7-O-rhamnoside	quercetin 3-o-(6''-acetyl-galactoside) 7-o-rhamnoside	quercetin 3-o-(6''-acetyl-galactoside) 7-o-rhamnoside	quercetin 3-o-7-o-rhamnoside	quercetin 3 o 6 acetyl galactoside 7 o rhamnoside	0			
240419	Quercetin 3-O-acetyl-rhamnoside	quercetin 3-o-acetyl-rhamnoside	quercetin 3-o-acetyl-rhamnoside	quercetin 3-o-acetyl-rhamnoside	quercetin 3 o acetyl rhamnoside	0			
240420	Quercetin 3-O-arabinoside	quercetin 3-o-arabinoside	quercetin 3-o-arabinoside	quercetin 3-o-arabinoside	quercetin 3 o arabinoside	0			
240421	Quercetin 3-O-galactoside	quercetin 3-o-galactoside	quercetin 3-o-galactoside	quercetin 3-o-galactoside	quercetin 3 o galactoside	0			
240422	Quercetin 3-O-galactoside 7-O-rhamnoside	quercetin 3-o-galactoside 7-o-rhamnoside	quercetin 3-o-galactoside 7-o-rhamnoside	quercetin 3-o-galactoside 7-o-rhamnoside	quercetin 3 o galactoside 7 o rhamnoside	0			
240423	Quercetin 3-O-glucoside	quercetin 3-o-glucoside	quercetin 3-o-glucoside	quercetin 3-o-glucoside	quercetin 3 o glucoside	0			
240424	Quercetin 3-O-glucosyl-rhamnosyl-galactoside	quercetin 3-o-glucosyl-rhamnosyl-galactoside	quercetin 3-o-glucosyl-rhamnosyl-galactoside	quercetin 3-o-glucosyl-rhamnosyl-galactoside	quercetin 3 o glucosyl rhamnosyl galactoside	0			
240425	Quercetin 3-O-glucosyl-rhamnosyl-glucoside	quercetin 3-o-glucosyl-rhamnosyl-glucoside	quercetin 3-o-glucosyl-rhamnosyl-glucoside	quercetin 3-o-glucosyl-rhamnosyl-glucoside	quercetin 3 o glucosyl rhamnosyl glucoside	0			
240426	Quercetin 3-O-glucosyl-xyloside	quercetin 3-o-glucosyl-xyloside	quercetin 3-o-glucosyl-xyloside	quercetin 3-o-glucosyl-xyloside	quercetin 3 o glucosyl xyloside	0			
240427	Quercetin 3-O-glucuronide	quercetin 3-o-glucuronide	quercetin 3-o-glucuronide	quercetin 3-o-glucuronide	quercetin 3 o glucuronide	0			
240428	Quercetin 3-O-rhamnoside	quercetin 3-o-rhamnoside	quercetin 3-o-rhamnoside	quercetin 3-o-rhamnoside	quercetin 3 o rhamnoside	0			
240429	Quercetin 3-O-rhamnosyl-galactoside	quercetin 3-o-rhamnosyl-galactoside	quercetin 3-o-rhamnosyl-galactoside	quercetin 3-o-rhamnosyl-galactoside	quercetin 3 o rhamnosyl galactoside	0			
240430	Quercetin 3-O-rhamnosyl-rhamnosyl-glucoside	quercetin 3-o-rhamnosyl-rhamnosyl-glucoside	quercetin 3-o-rhamnosyl-rhamnosyl-glucoside	quercetin 3-o-rhamnosyl-rhamnosyl-glucoside	quercetin 3 o rhamnosyl rhamnosyl glucoside	0			
240431	Quercetin 3-O-rutinoside	quercetin 3-o-rutinoside	quercetin 3-o-rutinoside	quercetin 3-o-rutinoside	quercetin 3 o rutinoside	0			
240432	Quercetin 3-O-sophoroside	quercetin 3-o-sophoroside	quercetin 3-o-sophoroside	quercetin 3-o-sophoroside	quercetin 3 o sophoroside	0			
240433	Quercetin 3-O-xyloside	quercetin 3-o-xyloside	quercetin 3-o-xyloside	quercetin 3-o-xyloside	quercetin 3 o xyloside	0			
240434	Quercetin 3-O-xylosyl-glucuronide	quercetin 3-o-xylosyl-glucuronide	quercetin 3-o-xylosyl-glucuronide	quercetin 3-o-xylosyl-glucuronide	quercetin 3 o xylosyl glucuronide	0			
240435	Quercetin 3-O-xylosyl-rutinoside	quercetin 3-o-xylosyl-rutinoside	quercetin 3-o-xylosyl-rutinoside	quercetin 3-o-xylosyl-rutinoside	quercetin 3 o xylosyl rutinoside	0			
240436	Quercetin 4'-O-glucoside	quercetin 4'-o-glucoside	quercetin 4'-o-glucoside	quercetin 4'-o-glucoside	quercetin 4 o glucoside	0			
240437	Quercetin 7,4'-O-diglucoside	quercetin 7, 4'-o-diglucoside	quercetin 7 4'-o-diglucoside	quercetin 7, 4'-o-diglucoside	quercetin 7 4 o diglucoside	0			
240438	Resveratrol	resveratrol	resveratrol	resveratrol	resveratrol	0			
240439	Resveratrol 3-O-glucoside	resveratrol 3-o-glucoside	resveratrol 3-o-glucoside	resveratrol 3-o-glucoside	resveratrol 3 o glucoside	0			
240440	Resveratrol 5-O-glucoside	resveratrol 5-o-glucoside	resveratrol 5-o-glucoside	resveratrol 5-o-glucoside	resveratrol 5 o glucoside	0			
240441	Rhamnetin	rhamnetin	rhamnetin	rhamnetin	rhamnetin	0			
240442	Rhoifolin	rhoifolin	rhoifolin	rhoifolin	rhoifolin	0			
240443	Rhoifolin 4'-O-glucoside	rhoifolin 4'-o-glucoside	rhoifolin 4'-o-glucoside	rhoifolin 4'-o-glucoside	rhoifolin 4 o glucoside	0			
240444	Rosmadial	rosmadial	rosmadial	rosmadial	rosmadial	0			
240445	Rosmanol	rosmanol	rosmanol	rosmanol	rosmanol	0			
240446	Rosmarinic acid	rosmarinic acid	rosmarinic acid	rosmarinic acid	rosmarinic acid	0	1025	organic acids	organic_acids_to_specific_existing
240447	Sakuranetin	sakuranetin	sakuranetin	sakuranetin	sakuranetin	0			
240448	Sanguiin H-6	sanguiin h-6	sanguiin h-6	sanguiin h-6	sanguiin h 6	0			
240449	Schottenol ferulate	schottenol ferulate	schottenol ferulate	schottenol ferulate	schottenol ferulate	0			
240450	Scopoletin	scopoletin	scopoletin	scopoletin	scopoletin	0			
240451	Scutellarein	scutellarein	scutellarein	scutellarein	scutellarein	0			
240452	Secoisolariciresinol	secoisolariciresinol	secoisolariciresinol	secoisolariciresinol	secoisolariciresinol	0			
240453	Secoisolariciresinol-sesquilignan	secoisolariciresinol-sesquilignan	secoisolariciresinol-sesquilignan	secoisolariciresinol-sesquilignan	secoisolariciresinol sesquilignan	0			
240454	Sesamin	sesamin	sesamin	sesamin	sesamin	0			
240455	Sesaminol	sesaminol	sesaminol	sesaminol	sesaminol	0			
240456	Sesamol	sesamol	sesamol	sesamol	sesamol	0			
240457	Sesamolin	sesamolin	sesamolin	sesamolin	sesamolin	0			
240458	Sesamolinol	sesamolinol	sesamolinol	sesamolinol	sesamolinol	0			
240459	Sinapaldehyde	sinapaldehyde	sinapaldehyde	sinapaldehyde	sinapaldehyde	0			
240460	Sinapic acid	sinapic acid	sinapic acid	sinapic acid	sinapic acid	0	1025	organic acids	organic_acids_to_specific_existing
240461	Sinapine	sinapine	sinapine	sinapine	sinapine	0			
240462	Sinensetin	sinensetin	sinensetin	sinensetin	sinensetin	0			
240463	Sitosterol ferulate	sitosterol ferulate	sitosterol ferulate	sitosterol ferulate	sitosterol ferulate	0			
240464	"Spinacetin 3-O-(2""-feruloylglucosyl)(1->6)-[apiosyl(1->2)]-glucoside"	"spinacetin 3-o-(2""-feruloylglucosyl) (1->6)-[apiosyl (1->2) ]-glucoside"	"spinacetin 3-o-(2""-feruloylglucosyl) (1->6)-[apiosyl (1->2) ]-glucoside"	spinacetin 3-o--[apiosyl ]-glucoside	spinacetin 3 o 2 feruloylglucosyl 1 6 apiosyl 1 2 glucoside	0			
240465	"Spinacetin 3-O-(2""-p-coumaroylglucosyl)(1->6)-[apiosyl(1->2)]-glucoside"	"spinacetin 3-o-(2""-p-coumaroylglucosyl) (1->6)-[apiosyl (1->2) ]-glucoside"	"spinacetin 3-o-(2""-p-coumaroylglucosyl) (1->6)-[apiosyl (1->2) ]-glucoside"	spinacetin 3-o--[apiosyl ]-glucoside	spinacetin 3 o 2 p coumaroylglucosyl 1 6 apiosyl 1 2 glucoside	0			
240466	Spinacetin 3-O-glucosyl-(1->6)-[apiosyl(1->2)]-glucoside	spinacetin 3-o-glucosyl-(1->6)-[apiosyl (1->2) ]-glucoside	spinacetin 3-o-glucosyl-(1->6)-[apiosyl (1->2) ]-glucoside	spinacetin 3-o-glucosyl--[apiosyl ]-glucoside	spinacetin 3 o glucosyl 1 6 apiosyl 1 2 glucoside	0			
240467	Spinacetin 3-O-glucosyl-(1->6)-glucoside	spinacetin 3-o-glucosyl-(1->6)-glucoside	spinacetin 3-o-glucosyl-(1->6)-glucoside	spinacetin 3-o-glucosyl--glucoside	spinacetin 3 o glucosyl 1 6 glucoside	0			
240468	Stigmastanol ferulate	stigmastanol ferulate	stigmastanol ferulate	stigmastanol ferulate	stigmastanol ferulate	0			
240469	Syringaldehyde	syringaldehyde	syringaldehyde	syringaldehyde	syringaldehyde	0			
240470	Syringaresinol	syringaresinol	syringaresinol	syringaresinol	syringaresinol	0			
240471	Syringic acid	syringic acid	syringic acid	syringic acid	syringic acid	0	1025	organic acids	organic_acids_to_specific_existing
240472	Tangeretin	tangeretin	tangeretin	tangeretin	tangeretin	0			
240473	Tetramethylscutellarein	tetramethylscutellarein	tetramethylscutellarein	tetramethylscutellarein	tetramethylscutellarein	0			
240474	Theaflavin	theaflavin	theaflavin	theaflavin	theaflavin	0			
240475	Theaflavin 3'-O-gallate	theaflavin 3'-o-gallate	theaflavin 3'-o-gallate	theaflavin 3'-o-gallate	theaflavin 3 o gallate	0			
240476	Theaflavin 3,3'-O-digallate	theaflavin 3, 3'-o-digallate	theaflavin 3 3'-o-digallate	theaflavin 3, 3'-o-digallate	theaflavin 3 3 o digallate	0			
240477	Theaflavin 3-O-gallate	theaflavin 3-o-gallate	theaflavin 3-o-gallate	theaflavin 3-o-gallate	theaflavin 3 o gallate	0			
240478	Thymol	thymol	thymol	thymol	thymol	0			
240479	Todolactol A	todolactol a	todolactol a	todolactol a	todolactol a	0			
240480	Trachelogenin	trachelogenin	trachelogenin	trachelogenin	trachelogenin	0			
240481	Tyrosol	tyrosol	tyrosol	tyrosol	tyrosol	0			
240482	Umbelliferone	umbelliferone	umbelliferone	umbelliferone	umbelliferone	0			
240483	Valoneic acid dilactone	valoneic acid dilactone	valoneic acid dilactone	valoneic acid dilactone	valoneic acid dilactone	0	1025	organic acids	organic_acids_to_specific_existing
240484	Vanillic acid	vanillic acid	vanillic acid	vanillic acid	vanillic acid	0	1025	organic acids	organic_acids_to_specific_existing
240485	Vanillin	vanillin	vanillin	vanillin	vanillin	0			
240486	Verbascoside	verbascoside	verbascoside	verbascoside	verbascoside	0			
240487	Vitisin A	vitisin a	vitisin a	vitisin a	vitisin a	0			
240488	Xanthohumol	xanthohumol	xanthohumol	xanthohumol	xanthohumol	0			
240489	Xanthotoxin	xanthotoxin	xanthotoxin	xanthotoxin	xanthotoxin	0			
240490	[6]-Gingerol	[6]-gingerol	[6]-gingerol	[6]-gingerol	6 gingerol	0			
240491	d-Viniferin	d-viniferin	d-viniferin	d-viniferin	d viniferin	0			
240492	e-Viniferin	e-viniferin	e-viniferin	e-viniferin	e viniferin	0			
240493	m-Coumaric acid	m-coumaric acid	m-coumaric acid	m-coumaric acid	m coumaric acid	0	1025	organic acids	organic_acids_to_specific_existing
240494	o-Coumaric acid	o-coumaric acid	o-coumaric acid	o-coumaric acid	o coumaric acid	0	1025	organic acids	organic_acids_to_specific_existing
240495	p-Anisaldehyde	p-anisaldehyde	p-anisaldehyde	p-anisaldehyde	p anisaldehyde	0			
240496	p-Coumaric acid	p-coumaric acid	p-coumaric acid	p-coumaric acid	p coumaric acid	0	1025	organic acids	organic_acids_to_specific_existing
240497	p-Coumaric acid 4-O-glucoside	p-coumaric acid 4-o-glucoside	p-coumaric acid 4-o-glucoside	p-coumaric acid 4-o-glucoside	p coumaric acid 4 o glucoside	0	1025	organic acids	organic_acids_to_specific_existing
240498	p-Coumaric acid ethyl ester	p-coumaric acid ethyl ester	p-coumaric acid ethyl ester	p-coumaric acid ethyl ester	p coumaric acid ethyl ester	0	1025	organic acids	organic_acids_to_specific_existing
240499	p-Coumaroyl glucose	p-coumaroyl glucose	p-coumaroyl glucose	p-coumaroyl glucose	p coumaroyl glucose	0	260230	carbohydrate by difference	carb_to_sugars
240500	p-Coumaroyl glycolic acid	p-coumaroyl glycolic acid	p-coumaroyl glycolic acid	p-coumaroyl glycolic acid	p coumaroyl glycolic acid	0	1025	organic acids	organic_acids_to_specific_existing
240501	p-Coumaroyl malic acid	p-coumaroyl malic acid	p-coumaroyl malic acid	p-coumaroyl malic acid	p coumaroyl malic acid	0	1025	organic acids	organic_acids_to_specific_existing
240502	p-Coumaroyl tartaric acid	p-coumaroyl tartaric acid	p-coumaroyl tartaric acid	p-coumaroyl tartaric acid	p coumaroyl tartaric acid	0	1025	organic acids	organic_acids_to_specific_existing
240503	p-Coumaroyl tartaric acid glucosidic ester	p-coumaroyl tartaric acid glucosidic ester	p-coumaroyl tartaric acid glucosidic ester	p-coumaroyl tartaric acid glucosidic ester	p coumaroyl tartaric acid glucosidic ester	0	1025	organic acids	organic_acids_to_specific_existing
240504	p-Coumaroyl tyrosine	p-coumaroyl tyrosine	p-coumaroyl tyrosine	p-coumaroyl tyrosine	p coumaroyl tyrosine	0			
240505	p-Coumaroylquinic acid	p-coumaroylquinic acid	p-coumaroylquinic acid	p-coumaroylquinic acid	p coumaroylquinic acid	0	1025	organic acids	organic_acids_to_specific_existing
240506	p-HPEA-AC	p-hpea-ac	p-hpea-ac	p-hpea-ac	p hpea ac	0			
240507	p-HPEA-EA	p-hpea-ea	p-hpea-ea	p-hpea-ea	p hpea ea	0			
240508	p-HPEA-EDA	p-hpea-eda	p-hpea-eda	p-hpea-eda	p hpea eda	0			
250001	Index No.	index no.	index no.	index no.	index no	0			
250002	Refuse	refuse	refuse	refuse	refuse	0			
250005	Protein, calculated as the sum of amino acid residues	protein, calculated as the sum of amino acid residues	protein calculated as the sum of amino acid residues	protein, calculated as the sum of amino acid residues	protein calculated as the sum of amino acid residues	0	1025	organic acids	organic_acids_to_specific_existing
250006	Fatty acid, triacyl-glycerol equivalents	fatty acid, triacyl-glycerol	fatty acid triacyl-glycerol	fatty acid, triacyl-glycerol	fatty acid triacyl glycerol	0	1004	lipid	fat_to_fatty_acids
250007	Fatty acid, saturated	fatty acid, saturated	fatty acid saturated	fatty acid, saturated	fatty acid saturated	0	1004	lipid	fat_to_fatty_acids
250008	Fatty acid, mono-unsaturated	fatty acid, mono-unsaturated	fatty acid mono-unsaturated	fatty acid, mono-unsaturated	fatty acid mono unsaturated	0	1004	lipid	fat_to_fatty_acids
250009	Fatty acid, poly-unsaturated	fatty acid, poly-unsaturated	fatty acid poly-unsaturated	fatty acid, poly-unsaturated	fatty acid poly unsaturated	0	1004	lipid	fat_to_fatty_acids
250014	Dietary fiber, total	dietary fiber	dietary fiber	dietary fiber	dietary fiber	0			
250015	alpha-Carotene	alpha-carotene	alpha-carotene	alpha-carotene	alpha carotene	0	1004	lipid	fat_to_fatty_acids
250016	beta-Carotene	beta-carotene	beta-carotene	beta-carotene	beta carotene	0	1004	lipid	fat_to_fatty_acids
250017	beta- Cryptoxanthin	beta-cryptoxanthin	beta-cryptoxanthin	beta-cryptoxanthin	beta cryptoxanthin	0	2040	other carotenoids	other_carotenoids_to_components_existing
250018	beta- Carotene equivalents	beta-carotene	beta-carotene	beta-carotene	beta carotene	0	1004	lipid	fat_to_fatty_acids
250019	Retinol activity equivalents	retinol activity	retinol activity	retinol activity	retinol activity	0	1004	lipid	fat_to_fatty_acids
250020	alpha-Tocopherol	alpha-tocopherol	alpha-tocopherol	alpha-tocopherol	alpha tocopherol	0	1158	vitamin e	vitamin_e_to_vit_e_forms_existing
250021	beta-Tocopherol	beta-tocopherol	beta-tocopherol	beta-tocopherol	beta tocopherol	0	1158	vitamin e	vitamin_e_to_vit_e_forms_existing
250022	gamma-Tocopherol	gamma-tocopherol	gamma-tocopherol	gamma-tocopherol	gamma tocopherol	0	1158	vitamin e	vitamin_e_to_vit_e_forms_existing
250023	delta-Tocopherol	delta-tocopherol	delta-tocopherol	delta-tocopherol	delta tocopherol	0	1158	vitamin e	vitamin_e_to_vit_e_forms_existing
250024	Ascorbic acid	ascorbic acid	ascorbic acid	ascorbic acid	ascorbic acid	0	1025	organic acids	organic_acids_to_specific_existing
250025	Salt equivalents	salt	salt	salt	salt	0			
250026	Protein: the sum of amino acid residues	protein: the sum of amino acid residues	protein: the sum of amino acid residues	protein: the sum of amino acid residues	protein the sum of amino acid residues	0	1025	organic acids	organic_acids_to_specific_existing
250027	Amino acids, total sulphur-containing	amino acids, total sulphur-containing	amino acids total sulphur-containing	amino acids, total sulphur-containing	amino acids total sulphur containing	0			
250028	Amino acids, total aromatic	amino acids, total aromatic	amino acids total aromatic	amino acids, total aromatic	amino acids total aromatic	0			
250029	Ammonia	ammonia	ammonia	ammonia	ammonia	0			
250030	Triacyl- glycerol equivalents	triacyl-glycerol	triacyl-glycerol	triacyl-glycerol	triacyl glycerol	0			
250036	Fatty acid 10:0	fatty acid 10:0	fatty acid 10:0	fatty acid 10:0	fatty acid 10 0	0	1004	lipid	fat_to_fatty_acids
250037	Fatty acid 12:0	fatty acid 12:0	fatty acid 12:0	fatty acid 12:0	fatty acid 12 0	0	1004	lipid	fat_to_fatty_acids
250038	Fatty acid 14:0	fatty acid 14:0	fatty acid 14:0	fatty acid 14:0	fatty acid 14 0	0	1004	lipid	fat_to_fatty_acids
250039	Fatty acid 15:0	fatty acid 15:0	fatty acid 15:0	fatty acid 15:0	fatty acid 15 0	0	1004	lipid	fat_to_fatty_acids
250040	Fatty acid 16:0	fatty acid 16:0	fatty acid 16:0	fatty acid 16:0	fatty acid 16 0	0	1004	lipid	fat_to_fatty_acids
250041	Fatty acid 17:0	fatty acid 17:0	fatty acid 17:0	fatty acid 17:0	fatty acid 17 0	0	1004	lipid	fat_to_fatty_acids
250042	Fatty acid 18:0	fatty acid 18:0	fatty acid 18:0	fatty acid 18:0	fatty acid 18 0	0	1004	lipid	fat_to_fatty_acids
250043	Fatty acid 20:0	fatty acid 20:0	fatty acid 20:0	fatty acid 20:0	fatty acid 20 0	0	1004	lipid	fat_to_fatty_acids
250044	Fatty acid 22:0	fatty acid 22:0	fatty acid 22:0	fatty acid 22:0	fatty acid 22 0	0	1004	lipid	fat_to_fatty_acids
250045	Fatty acid 24:0	fatty acid 24:0	fatty acid 24:0	fatty acid 24:0	fatty acid 24 0	0	1004	lipid	fat_to_fatty_acids
250046	Fatty acid 10:1	fatty acid 10:1	fatty acid 10:1	fatty acid 10:1	fatty acid 10 1	0	1004	lipid	fat_to_fatty_acids
250047	Fatty acid 14:1	fatty acid 14:1	fatty acid 14:1	fatty acid 14:1	fatty acid 14 1	0	1004	lipid	fat_to_fatty_acids
250048	Fatty acid 15:1	fatty acid 15:1	fatty acid 15:1	fatty acid 15:1	fatty acid 15 1	0	1004	lipid	fat_to_fatty_acids
250049	Fatty acid 16:1	fatty acid 16:1	fatty acid 16:1	fatty acid 16:1	fatty acid 16 1	0	1004	lipid	fat_to_fatty_acids
250050	Fatty acid 17:1	fatty acid 17:1	fatty acid 17:1	fatty acid 17:1	fatty acid 17 1	0	1004	lipid	fat_to_fatty_acids
250051	Fatty acid 18:1 undifferentiated	fatty acid 18:1 undifferentiated	fatty acid 18:1 undifferentiated	fatty acid 18:1 undifferentiated	fatty acid 18 1 undifferentiated	0	1004	lipid	fat_to_fatty_acids
250052	Fatty acid 20:1	fatty acid 20:1	fatty acid 20:1	fatty acid 20:1	fatty acid 20 1	0	1004	lipid	fat_to_fatty_acids
250053	Fatty acid 22:1	fatty acid 22:1	fatty acid 22:1	fatty acid 22:1	fatty acid 22 1	0	1004	lipid	fat_to_fatty_acids
250054	Fatty acid 24:1	fatty acid 24:1	fatty acid 24:1	fatty acid 24:1	fatty acid 24 1	0	1004	lipid	fat_to_fatty_acids
250055	Fatty acid 16:2	fatty acid 16:2	fatty acid 16:2	fatty acid 16:2	fatty acid 16 2	0	1004	lipid	fat_to_fatty_acids
250056	Fatty acid 16:3	fatty acid 16:3	fatty acid 16:3	fatty acid 16:3	fatty acid 16 3	0	1004	lipid	fat_to_fatty_acids
250057	Fatty acid 16:4	fatty acid 16:4	fatty acid 16:4	fatty acid 16:4	fatty acid 16 4	0	1004	lipid	fat_to_fatty_acids
250058	Fatty acid 18:2 n-6	fatty acid 18:2 n-6	fatty acid 18:2 n-6	fatty acid 18:2 n-6	fatty acid 18 2 n 6	0	1004	lipid	fat_to_fatty_acids
250059	Fatty acid 18:3 n-3	fatty acid 18:3 n-3	fatty acid 18:3 n-3	fatty acid 18:3 n-3	fatty acid 18 3 n 3	0	1004	lipid	fat_to_fatty_acids
250060	Fatty acid 18:3 n-6	fatty acid 18:3 n-6	fatty acid 18:3 n-6	fatty acid 18:3 n-6	fatty acid 18 3 n 6	0	1004	lipid	fat_to_fatty_acids
250061	Fatty acid 18:4 n-3	fatty acid 18:4 n-3	fatty acid 18:4 n-3	fatty acid 18:4 n-3	fatty acid 18 4 n 3	0	1004	lipid	fat_to_fatty_acids
250062	Fatty acid 20:2 n-6	fatty acid 20:2 n-6	fatty acid 20:2 n-6	fatty acid 20:2 n-6	fatty acid 20 2 n 6	0	1004	lipid	fat_to_fatty_acids
250063	Fatty acid 20:3 n-6	fatty acid 20:3 n-6	fatty acid 20:3 n-6	fatty acid 20:3 n-6	fatty acid 20 3 n 6	0	1004	lipid	fat_to_fatty_acids
250064	Fatty acid 20:4 n-3	fatty acid 20:4 n-3	fatty acid 20:4 n-3	fatty acid 20:4 n-3	fatty acid 20 4 n 3	0	1004	lipid	fat_to_fatty_acids
250065	Fatty acid 20:4 n-6	fatty acid 20:4 n-6	fatty acid 20:4 n-6	fatty acid 20:4 n-6	fatty acid 20 4 n 6	0	1004	lipid	fat_to_fatty_acids
250066	Fatty acid 20:5 n-3	fatty acid 20:5 n-3	fatty acid 20:5 n-3	fatty acid 20:5 n-3	fatty acid 20 5 n 3	0	1004	lipid	fat_to_fatty_acids
250067	Fatty acid 21:5 n-3	fatty acid 21:5 n-3	fatty acid 21:5 n-3	fatty acid 21:5 n-3	fatty acid 21 5 n 3	0	1004	lipid	fat_to_fatty_acids
250068	Fatty acid 22:2	fatty acid 22:2	fatty acid 22:2	fatty acid 22:2	fatty acid 22 2	0	1004	lipid	fat_to_fatty_acids
250069	Fatty acid 22:4 n-6	fatty acid 22:4 n-6	fatty acid 22:4 n-6	fatty acid 22:4 n-6	fatty acid 22 4 n 6	0	1004	lipid	fat_to_fatty_acids
250070	Fatty acid 22:5 n-3	fatty acid 22:5 n-3	fatty acid 22:5 n-3	fatty acid 22:5 n-3	fatty acid 22 5 n 3	0	1004	lipid	fat_to_fatty_acids
250071	Fatty acid 22:5 n-6	fatty acid 22:5 n-6	fatty acid 22:5 n-6	fatty acid 22:5 n-6	fatty acid 22 5 n 6	0	1004	lipid	fat_to_fatty_acids
250072	Fatty acid 22:6 n-3	fatty acid 22:6 n-3	fatty acid 22:6 n-3	fatty acid 22:6 n-3	fatty acid 22 6 n 3	0	1004	lipid	fat_to_fatty_acids
260001	13-cis-retinol (µg)	13-cis-retinol (µg)	13-cis-retinol (µg)	13-cis-retinol	13 cis retinol g	0	1004	lipid	fat_to_fatty_acids
260002	25-hydroxy vitamin D3 (µg)	25-hydroxy vitamin d3 (µg)	25-hydroxy vitamin d3 (µg)	25-hydroxy vitamin d3	25 hydroxy vitamin d3 g	0			
260003	5-mehtyl folate (µg)	5-mehtyl folate (µg)	5-mehtyl folate (µg)	5-mehtyl folate	5 mehtyl folate g	0			
260004	All-trans-retinol (µg)	all-trans-retinol (µg)	all-trans-retinol (µg)	all-trans-retinol	all trans retinol g	0	1004	lipid	fat_to_fatty_acids
260005	Alpha-carotene (µg)	alpha-carotene (µg)	alpha-carotene (µg)	alpha-carotene	alpha carotene g	0	1004	lipid	fat_to_fatty_acids
260006	Alpha-tocopherol (mg)	alpha-tocopherol	alpha-tocopherol	alpha-tocopherol	alpha tocopherol	0	1158	vitamin e	vitamin_e_to_vit_e_forms_existing
260007	Alpha-tocotrienol (mg)	alpha-tocotrienol	alpha-tocotrienol	alpha-tocotrienol	alpha tocotrienol	0	1158	vitamin e	vitamin_e_to_vit_e_forms_existing
260008	Beta-carotene (µg)	beta-carotene (µg)	beta-carotene (µg)	beta-carotene	beta carotene g	0	1004	lipid	fat_to_fatty_acids
260009	Beta-tocopherol (mg)	beta-tocopherol	beta-tocopherol	beta-tocopherol	beta tocopherol	0	1158	vitamin e	vitamin_e_to_vit_e_forms_existing
260010	Branched chain FA /100g FA (g)	branched chain fa/100g fa	branched chain fa/100g fa	branched chain fa/100g fa	branched chain fa 100g fa	0			
260011	Branched chain FA /100g food (g)	branched chain fa/100g food	branched chain fa/100g food	branched chain fa/100g food	branched chain fa 100g food	0			
260012	Brassicasterol (mg)	brassicasterol	brassicasterol	brassicasterol	brassicasterol	0			
260013	C10:0 /100g FA (g)	c10:0/100g fa	c10:0/100g fa	c10:0/100g fa	c10 0 100g fa	0			
260014	C10:0 /100g food (g)	c10:0/100g food	c10:0/100g food	c10:0/100g food	c10 0 100g food	0			
260015	C10:1 /100g FA (g)	c10:1/100g fa	c10:1/100g fa	c10:1/100g fa	c10 1 100g fa	0			
260016	C10:1 /100g food (g)	c10:1/100g food	c10:1/100g food	c10:1/100g food	c10 1 100g food	0			
260017	C11:0 ex Br /100g FA (g)	c11:0 ex br/100g fa	c11:0 ex br/100g fa	c11:0 ex br/100g fa	c11 0 ex br 100g fa	0			
260018	C11:0 ex Br /100g food (g)	c11:0 ex br/100g food	c11:0 ex br/100g food	c11:0 ex br/100g food	c11 0 ex br 100g food	0			
260019	C12:0 /100g FA (g)	c12:0/100g fa	c12:0/100g fa	c12:0/100g fa	c12 0 100g fa	0			
260020	C12:0 /100g food (g)	c12:0/100g food	c12:0/100g food	c12:0/100g food	c12 0 100g food	0			
260021	C12:0 ex Br /100g FA (g)	c12:0 ex br/100g fa	c12:0 ex br/100g fa	c12:0 ex br/100g fa	c12 0 ex br 100g fa	0			
260022	C12:0 ex Br /100g food (g)	c12:0 ex br/100g food	c12:0 ex br/100g food	c12:0 ex br/100g food	c12 0 ex br 100g food	0			
260023	C12:1 /100g FA (g)	c12:1/100g fa	c12:1/100g fa	c12:1/100g fa	c12 1 100g fa	0			
260024	C12:1 /100g food (g)	c12:1/100g food	c12:1/100g food	c12:1/100g food	c12 1 100g food	0			
260025	C13:0 /100g FA (g)	c13:0/100g fa	c13:0/100g fa	c13:0/100g fa	c13 0 100g fa	0			
260026	C13:0 /100g food (g)	c13:0/100g food	c13:0/100g food	c13:0/100g food	c13 0 100g food	0			
260027	C13:0 ex Br /100g FA (g)	c13:0 ex br/100g fa	c13:0 ex br/100g fa	c13:0 ex br/100g fa	c13 0 ex br 100g fa	0			
260028	C13:0 ex Br /100g food (g)	c13:0 ex br/100g food	c13:0 ex br/100g food	c13:0 ex br/100g food	c13 0 ex br 100g food	0			
260029	C14:0 /100g FA (g)	c14:0/100g fa	c14:0/100g fa	c14:0/100g fa	c14 0 100g fa	0			
260030	C14:0 /100g food (g)	c14:0/100g food	c14:0/100g food	c14:0/100g food	c14 0 100g food	0			
260031	C14:0 ex Br /100g FA (g)	c14:0 ex br/100g fa	c14:0 ex br/100g fa	c14:0 ex br/100g fa	c14 0 ex br 100g fa	0			
260032	C14:0 ex Br /100g food (g)	c14:0 ex br/100g food	c14:0 ex br/100g food	c14:0 ex br/100g food	c14 0 ex br 100g food	0			
260033	C14:1 /100g FA (g)	c14:1/100g fa	c14:1/100g fa	c14:1/100g fa	c14 1 100g fa	0			
260034	C14:1 /100g food (g)	c14:1/100g food	c14:1/100g food	c14:1/100g food	c14 1 100g food	0			
260035	C15:0 /100g FA (g)	c15:0/100g fa	c15:0/100g fa	c15:0/100g fa	c15 0 100g fa	0			
260036	C15:0 /100g food (g)	c15:0/100g food	c15:0/100g food	c15:0/100g food	c15 0 100g food	0			
260037	C15:0 ex Br /100g FA (g)	c15:0 ex br/100g fa	c15:0 ex br/100g fa	c15:0 ex br/100g fa	c15 0 ex br 100g fa	0			
260038	C15:0 ex Br /100g food (g)	c15:0 ex br/100g food	c15:0 ex br/100g food	c15:0 ex br/100g food	c15 0 ex br 100g food	0			
260039	C15:1 /100g FA (g)	c15:1/100g fa	c15:1/100g fa	c15:1/100g fa	c15 1 100g fa	0			
260040	C15:1 /100g food (g)	c15:1/100g food	c15:1/100g food	c15:1/100g food	c15 1 100g food	0			
260041	C16:0 /100g FA (g)	c16:0/100g fa	c16:0/100g fa	c16:0/100g fa	c16 0 100g fa	0			
260042	C16:0 /100g food (g)	c16:0/100g food	c16:0/100g food	c16:0/100g food	c16 0 100g food	0			
260043	C16:0 ex Br /100g FA (g)	c16:0 ex br/100g fa	c16:0 ex br/100g fa	c16:0 ex br/100g fa	c16 0 ex br 100g fa	0			
260044	C16:0 ex Br /100g food (g)	c16:0 ex br/100g food	c16:0 ex br/100g food	c16:0 ex br/100g food	c16 0 ex br 100g food	0			
260045	C16:1 /100g FA (g)	c16:1/100g fa	c16:1/100g fa	c16:1/100g fa	c16 1 100g fa	0			
260046	C16:1 /100g food (g)	c16:1/100g food	c16:1/100g food	c16:1/100g food	c16 1 100g food	0			
260047	C16:2 /100g FA (g)	c16:2/100g fa	c16:2/100g fa	c16:2/100g fa	c16 2 100g fa	0			
260048	C16:2 /100g food (g)	c16:2/100g food	c16:2/100g food	c16:2/100g food	c16 2 100g food	0			
260049	C16:3 /100g food (g)	c16:3/100g food	c16:3/100g food	c16:3/100g food	c16 3 100g food	0			
260050	C16:4 /100g FA (g)	c16:4/100g fa	c16:4/100g fa	c16:4/100g fa	c16 4 100g fa	0			
260051	C16:4 /100g food (g)	c16:4/100g food	c16:4/100g food	c16:4/100g food	c16 4 100g food	0			
260052	C17:0 /100g FA (g)	c17:0/100g fa	c17:0/100g fa	c17:0/100g fa	c17 0 100g fa	0			
260053	C17:0 /100g food (g)	c17:0/100g food	c17:0/100g food	c17:0/100g food	c17 0 100g food	0			
260054	C17:0 ex Br /100g FA (g)	c17:0 ex br/100g fa	c17:0 ex br/100g fa	c17:0 ex br/100g fa	c17 0 ex br 100g fa	0			
260055	C17:0 ex Br /100g food (g)	c17:0 ex br/100g food	c17:0 ex br/100g food	c17:0 ex br/100g food	c17 0 ex br 100g food	0			
260056	C17:1 /100g FA (g)	c17:1/100g fa	c17:1/100g fa	c17:1/100g fa	c17 1 100g fa	0			
260057	C17:1 /100g food (g)	c17:1/100g food	c17:1/100g food	c17:1/100g food	c17 1 100g food	0			
260058	C18:0 /100g FA (g)	c18:0/100g fa	c18:0/100g fa	c18:0/100g fa	c18 0 100g fa	0			
260059	C18:0 /100g food (g)	c18:0/100g food	c18:0/100g food	c18:0/100g food	c18 0 100g food	0			
260060	C18:0 ex Br /100g FA (g)	c18:0 ex br/100g fa	c18:0 ex br/100g fa	c18:0 ex br/100g fa	c18 0 ex br 100g fa	0			
260061	C18:0 ex Br /100g food (g)	c18:0 ex br/100g food	c18:0 ex br/100g food	c18:0 ex br/100g food	c18 0 ex br 100g food	0			
260062	C18:1 /100g FA (g)	c18:1/100g fa	c18:1/100g fa	c18:1/100g fa	c18 1 100g fa	0			
260063	C18:1 /100g food (g)	c18:1/100g food	c18:1/100g food	c18:1/100g food	c18 1 100g food	0			
260064	C18:2 /100g FA (g)	c18:2/100g fa	c18:2/100g fa	c18:2/100g fa	c18 2 100g fa	0			
260065	C18:2 /100g food (g)	c18:2/100g food	c18:2/100g food	c18:2/100g food	c18 2 100g food	0			
260066	C18:3 /100g FA (g)	c18:3/100g fa	c18:3/100g fa	c18:3/100g fa	c18 3 100g fa	0			
260067	C18:3 /100g food (g)	c18:3/100g food	c18:3/100g food	c18:3/100g food	c18 3 100g food	0			
260068	C18:4 /100g FA (g)	c18:4/100g fa	c18:4/100g fa	c18:4/100g fa	c18 4 100g fa	0			
260069	C18:4 /100g food (g)	c18:4/100g food	c18:4/100g food	c18:4/100g food	c18 4 100g food	0			
260070	C19:0 /100g FA (g)	c19:0/100g fa	c19:0/100g fa	c19:0/100g fa	c19 0 100g fa	0			
260071	C19:0 /100g food (g)	c19:0/100g food	c19:0/100g food	c19:0/100g food	c19 0 100g food	0			
260072	C20:0 /100g FA (g)	c20:0/100g fa	c20:0/100g fa	c20:0/100g fa	c20 0 100g fa	0			
260073	C20:0 /100g food (g)	c20:0/100g food	c20:0/100g food	c20:0/100g food	c20 0 100g food	0			
260074	C20:0 ex Br /100g FA (g)	c20:0 ex br/100g fa	c20:0 ex br/100g fa	c20:0 ex br/100g fa	c20 0 ex br 100g fa	0			
260075	C20:0 ex Br /100g food (g)	c20:0 ex br/100g food	c20:0 ex br/100g food	c20:0 ex br/100g food	c20 0 ex br 100g food	0			
260076	C20:1 /100g FA (g)	c20:1/100g fa	c20:1/100g fa	c20:1/100g fa	c20 1 100g fa	0			
260077	C20:1 /100g food (g)	c20:1/100g food	c20:1/100g food	c20:1/100g food	c20 1 100g food	0			
260078	C20:2 /100g FA (g)	c20:2/100g fa	c20:2/100g fa	c20:2/100g fa	c20 2 100g fa	0			
260079	C20:2 /100g food (g)	c20:2/100g food	c20:2/100g food	c20:2/100g food	c20 2 100g food	0			
260080	C20:3 /100g FA (g)	c20:3/100g fa	c20:3/100g fa	c20:3/100g fa	c20 3 100g fa	0			
260081	C20:3 /100g food (g)	c20:3/100g food	c20:3/100g food	c20:3/100g food	c20 3 100g food	0			
260082	C20:4 /100g FA (g)	c20:4/100g fa	c20:4/100g fa	c20:4/100g fa	c20 4 100g fa	0			
260083	C20:4 /100g food (g)	c20:4/100g food	c20:4/100g food	c20:4/100g food	c20 4 100g food	0			
260084	C20:5 /100g FA (g)	c20:5/100g fa	c20:5/100g fa	c20:5/100g fa	c20 5 100g fa	0			
260085	C20:5 /100g food (g)	c20:5/100g food	c20:5/100g food	c20:5/100g food	c20 5 100g food	0			
260086	C21:5 /100g FA (g)	c21:5/100g fa	c21:5/100g fa	c21:5/100g fa	c21 5 100g fa	0			
260087	C21:5 /100g food (g)	c21:5/100g food	c21:5/100g food	c21:5/100g food	c21 5 100g food	0			
260088	C22:0 /100g FA (g)	c22:0/100g fa	c22:0/100g fa	c22:0/100g fa	c22 0 100g fa	0			
260089	C22:0 /100g food (g)	c22:0/100g food	c22:0/100g food	c22:0/100g food	c22 0 100g food	0			
260090	C22:0 ex Br /100g FA (g)	c22:0 ex br/100g fa	c22:0 ex br/100g fa	c22:0 ex br/100g fa	c22 0 ex br 100g fa	0			
260091	C22:0 ex Br /100g food (g)	c22:0 ex br/100g food	c22:0 ex br/100g food	c22:0 ex br/100g food	c22 0 ex br 100g food	0			
260092	C22:1 /100g FA (g)	c22:1/100g fa	c22:1/100g fa	c22:1/100g fa	c22 1 100g fa	0			
260093	C22:1 /100g food (g)	c22:1/100g food	c22:1/100g food	c22:1/100g food	c22 1 100g food	0			
260094	C22:2 /100g FA (g)	c22:2/100g fa	c22:2/100g fa	c22:2/100g fa	c22 2 100g fa	0			
260095	C22:2 /100g food (g)	c22:2/100g food	c22:2/100g food	c22:2/100g food	c22 2 100g food	0			
260096	C22:4 /100g FA (g)	c22:4/100g fa	c22:4/100g fa	c22:4/100g fa	c22 4 100g fa	0			
260097	C22:4 /100g food (g)	c22:4/100g food	c22:4/100g food	c22:4/100g food	c22 4 100g food	0			
260098	C22:5 /100g FA (g)	c22:5/100g fa	c22:5/100g fa	c22:5/100g fa	c22 5 100g fa	0			
260099	C22:5 /100g food (g)	c22:5/100g food	c22:5/100g food	c22:5/100g food	c22 5 100g food	0			
260100	C22:6 /100g FA (g)	c22:6/100g fa	c22:6/100g fa	c22:6/100g fa	c22 6 100g fa	0			
260101	C22:6 /100g food (g)	c22:6/100g food	c22:6/100g food	c22:6/100g food	c22 6 100g food	0			
260102	C24:0 /100g FA (g)	c24:0/100g fa	c24:0/100g fa	c24:0/100g fa	c24 0 100g fa	0			
260103	C24:0 /100g food (g)	c24:0/100g food	c24:0/100g food	c24:0/100g food	c24 0 100g food	0			
260104	C24:0 ex Br /100g FA (g)	c24:0 ex br/100g fa	c24:0 ex br/100g fa	c24:0 ex br/100g fa	c24 0 ex br 100g fa	0			
260105	C24:0 ex Br /100g food (g)	c24:0 ex br/100g food	c24:0 ex br/100g food	c24:0 ex br/100g food	c24 0 ex br 100g food	0			
260106	C24:1 /100g FA (g)	c24:1/100g fa	c24:1/100g fa	c24:1/100g fa	c24 1 100g fa	0			
260107	C24:1 /100g food (g)	c24:1/100g food	c24:1/100g food	c24:1/100g food	c24 1 100g food	0			
260108	C25:0 ex Br /100g FA (g)	c25:0 ex br/100g fa	c25:0 ex br/100g fa	c25:0 ex br/100g fa	c25 0 ex br 100g fa	0			
260109	C25:0 ex Br /100g food (g)	c25:0 ex br/100g food	c25:0 ex br/100g food	c25:0 ex br/100g food	c25 0 ex br 100g food	0			
260110	C4:0 /100g FA (g)	c4:0/100g fa	c4:0/100g fa	c4:0/100g fa	c4 0 100g fa	0			
260111	C4:0 /100g food (g)	c4:0/100g food	c4:0/100g food	c4:0/100g food	c4 0 100g food	0			
260112	C6:0 /100g FA (g)	c6:0/100g fa	c6:0/100g fa	c6:0/100g fa	c6 0 100g fa	0			
260113	C6:0 /100g food (g)	c6:0/100g food	c6:0/100g food	c6:0/100g food	c6 0 100g food	0			
260114	C8:0 /100g FA (g)	c8:0/100g fa	c8:0/100g fa	c8:0/100g fa	c8 0 100g fa	0			
260115	C8:0 /100g food (g)	c8:0/100g food	c8:0/100g food	c8:0/100g food	c8 0 100g food	0			
260116	Cholecalciferol (µg)	cholecalciferol (µg)	cholecalciferol (µg)	cholecalciferol	cholecalciferol g	0			
260117	cis C10:1 /100g FA (g)	cis c10:1/100g fa	cis c10:1/100g fa	cis c10:1/100g fa	cis c10 1 100g fa	0			
260118	cis C10:1 /100g food (g)	cis c10:1/100g food	cis c10:1/100g food	cis c10:1/100g food	cis c10 1 100g food	0			
260119	cis C12:1 /100g FA (g)	cis c12:1/100g fa	cis c12:1/100g fa	cis c12:1/100g fa	cis c12 1 100g fa	0			
260120	cis C12:1 /100g food (g)	cis c12:1/100g food	cis c12:1/100g food	cis c12:1/100g food	cis c12 1 100g food	0			
260121	cis C14:1 /100g FA (g)	cis c14:1/100g fa	cis c14:1/100g fa	cis c14:1/100g fa	cis c14 1 100g fa	0			
260122	cis C14:1 /100g food (g)	cis c14:1/100g food	cis c14:1/100g food	cis c14:1/100g food	cis c14 1 100g food	0			
260123	cis C15:1 /100g FA (g)	cis c15:1/100g fa	cis c15:1/100g fa	cis c15:1/100g fa	cis c15 1 100g fa	0			
260124	cis C15:1 /100g food (g)	cis c15:1/100g food	cis c15:1/100g food	cis c15:1/100g food	cis c15 1 100g food	0			
260125	cis C16:1 /100g FA (g)	cis c16:1/100g fa	cis c16:1/100g fa	cis c16:1/100g fa	cis c16 1 100g fa	0			
260126	cis C16:1 /100g food (g)	cis c16:1/100g food	cis c16:1/100g food	cis c16:1/100g food	cis c16 1 100g food	0			
260127	cis C16:2 /100g FA (g)	cis c16:2/100g fa	cis c16:2/100g fa	cis c16:2/100g fa	cis c16 2 100g fa	0			
260128	cis C16:2 /100g food (g)	cis c16:2/100g food	cis c16:2/100g food	cis c16:2/100g food	cis c16 2 100g food	0			
260129	cis C16:3 /100g FA (g)	cis c16:3/100g fa	cis c16:3/100g fa	cis c16:3/100g fa	cis c16 3 100g fa	0			
260130	cis C16:4 /100g FA (g)	cis c16:4/100g fa	cis c16:4/100g fa	cis c16:4/100g fa	cis c16 4 100g fa	0			
260131	cis C16:4 /100g food (g)	cis c16:4/100g food	cis c16:4/100g food	cis c16:4/100g food	cis c16 4 100g food	0			
260132	cis C17:1 /100g FA (g)	cis c17:1/100g fa	cis c17:1/100g fa	cis c17:1/100g fa	cis c17 1 100g fa	0			
260133	cis C17:1 /100g food (g)	cis c17:1/100g food	cis c17:1/100g food	cis c17:1/100g food	cis c17 1 100g food	0			
260134	cis C18:1 /100g FA (g)	cis c18:1/100g fa	cis c18:1/100g fa	cis c18:1/100g fa	cis c18 1 100g fa	0			
260135	cis C18:1 /100g food (g)	cis c18:1/100g food	cis c18:1/100g food	cis c18:1/100g food	cis c18 1 100g food	0			
260136	cis C20:1 /100g FA (g)	cis c20:1/100g fa	cis c20:1/100g fa	cis c20:1/100g fa	cis c20 1 100g fa	0			
260137	cis C20:1 /100g food (g)	cis c20:1/100g food	cis c20:1/100g food	cis c20:1/100g food	cis c20 1 100g food	0			
260138	cis C22:1 /100g FA (g)	cis c22:1/100g fa	cis c22:1/100g fa	cis c22:1/100g fa	cis c22 1 100g fa	0			
260139	cis C22:1 /100g food (g)	cis c22:1/100g food	cis c22:1/100g food	cis c22:1/100g food	cis c22 1 100g food	0			
260140	cis C24:1 /100g FA (g)	cis c24:1/100g fa	cis c24:1/100g fa	cis c24:1/100g fa	cis c24 1 100g fa	0			
260141	cis C24:1 /100g food (g)	cis c24:1/100g food	cis c24:1/100g food	cis c24:1/100g food	cis c24 1 100g food	0			
260142	cis n-3 C18:3 /100g FA (g)	cis n-3 c18:3/100g fa	cis n-3 c18:3/100g fa	cis n-3 c18:3/100g fa	cis n 3 c18 3 100g fa	0			
260143	cis n-3 C18:3 /100g food (g)	cis n-3 c18:3/100g food	cis n-3 c18:3/100g food	cis n-3 c18:3/100g food	cis n 3 c18 3 100g food	0			
260144	cis n-3 C18:4 /100g FA (g)	cis n-3 c18:4/100g fa	cis n-3 c18:4/100g fa	cis n-3 c18:4/100g fa	cis n 3 c18 4 100g fa	0			
260145	cis n-3 C18:4 /100g food (g)	cis n-3 c18:4/100g food	cis n-3 c18:4/100g food	cis n-3 c18:4/100g food	cis n 3 c18 4 100g food	0			
260146	cis n-3 C20:5 /100g FA (g)	cis n-3 c20:5/100g fa	cis n-3 c20:5/100g fa	cis n-3 c20:5/100g fa	cis n 3 c20 5 100g fa	0			
260147	cis n-3 C20:5 /100g food (g)	cis n-3 c20:5/100g food	cis n-3 c20:5/100g food	cis n-3 c20:5/100g food	cis n 3 c20 5 100g food	0			
260148	cis n-3 C21:5 /100g FA (g)	cis n-3 c21:5/100g fa	cis n-3 c21:5/100g fa	cis n-3 c21:5/100g fa	cis n 3 c21 5 100g fa	0			
260149	cis n-3 C21:5 /100g food (g)	cis n-3 c21:5/100g food	cis n-3 c21:5/100g food	cis n-3 c21:5/100g food	cis n 3 c21 5 100g food	0			
260150	cis n-3 C22:5 /100g FA (g)	cis n-3 c22:5/100g fa	cis n-3 c22:5/100g fa	cis n-3 c22:5/100g fa	cis n 3 c22 5 100g fa	0			
260151	cis n-3 C22:5 /100g food (g)	cis n-3 c22:5/100g food	cis n-3 c22:5/100g food	cis n-3 c22:5/100g food	cis n 3 c22 5 100g food	0			
260152	cis n-3 C22:6 /100g FA (g)	cis n-3 c22:6/100g fa	cis n-3 c22:6/100g fa	cis n-3 c22:6/100g fa	cis n 3 c22 6 100g fa	0			
260153	cis n-3 C22:6 /100g food (g)	cis n-3 c22:6/100g food	cis n-3 c22:6/100g food	cis n-3 c22:6/100g food	cis n 3 c22 6 100g food	0			
260154	cis n-6 C18:2 /100g FA (g)	cis n-6 c18:2/100g fa	cis n-6 c18:2/100g fa	cis n-6 c18:2/100g fa	cis n 6 c18 2 100g fa	0			
260155	cis n-6 C18:2 /100g food (g)	cis n-6 c18:2/100g food	cis n-6 c18:2/100g food	cis n-6 c18:2/100g food	cis n 6 c18 2 100g food	0			
260156	cis n-6 C18:3 /100g FA (g)	cis n-6 c18:3/100g fa	cis n-6 c18:3/100g fa	cis n-6 c18:3/100g fa	cis n 6 c18 3 100g fa	0			
260157	cis n-6 C18:3 /100g food (g)	cis n-6 c18:3/100g food	cis n-6 c18:3/100g food	cis n-6 c18:3/100g food	cis n 6 c18 3 100g food	0			
260158	cis n-6 C20:2 /100g FA (g)	cis n-6 c20:2/100g fa	cis n-6 c20:2/100g fa	cis n-6 c20:2/100g fa	cis n 6 c20 2 100g fa	0			
260159	cis n-6 C20:2 /100g food (g)	cis n-6 c20:2/100g food	cis n-6 c20:2/100g food	cis n-6 c20:2/100g food	cis n 6 c20 2 100g food	0			
260160	cis n-6 C20:3 /100g FA (g)	cis n-6 c20:3/100g fa	cis n-6 c20:3/100g fa	cis n-6 c20:3/100g fa	cis n 6 c20 3 100g fa	0			
260161	cis n-6 C20:3 /100g food (g)	cis n-6 c20:3/100g food	cis n-6 c20:3/100g food	cis n-6 c20:3/100g food	cis n 6 c20 3 100g food	0			
260162	cis n-6 C20:4 /100g FA (g)	cis n-6 c20:4/100g fa	cis n-6 c20:4/100g fa	cis n-6 c20:4/100g fa	cis n 6 c20 4 100g fa	0			
260163	cis n-6 C20:4 /100g food (g)	cis n-6 c20:4/100g food	cis n-6 c20:4/100g food	cis n-6 c20:4/100g food	cis n 6 c20 4 100g food	0			
260164	cis n-6 C22:2 /100g FA (g)	cis n-6 c22:2/100g fa	cis n-6 c22:2/100g fa	cis n-6 c22:2/100g fa	cis n 6 c22 2 100g fa	0			
260165	cis n-6 C22:2 /100g food (g)	cis n-6 c22:2/100g food	cis n-6 c22:2/100g food	cis n-6 c22:2/100g food	cis n 6 c22 2 100g food	0			
260166	cis n-6 C22:3 /100g FA (g)	cis n-6 c22:3/100g fa	cis n-6 c22:3/100g fa	cis n-6 c22:3/100g fa	cis n 6 c22 3 100g fa	0			
260167	cis n-6 C22:3 /100g food (g)	cis n-6 c22:3/100g food	cis n-6 c22:3/100g food	cis n-6 c22:3/100g food	cis n 6 c22 3 100g food	0			
260168	cis n-6 C22:4 /100g FA (g)	cis n-6 c22:4/100g fa	cis n-6 c22:4/100g fa	cis n-6 c22:4/100g fa	cis n 6 c22 4 100g fa	0			
260169	cis n-6 C22:4 /100g food (g)	cis n-6 c22:4/100g food	cis n-6 c22:4/100g food	cis n-6 c22:4/100g food	cis n 6 c22 4 100g food	0			
260174	cis/trans C18:1n-7 /100g FA (g)	cis/trans c18:1n-7/100g fa	cis/trans c18:1n-7/100g fa	cis/trans c18:1n-7/100g fa	cis trans c18 1n 7 100g fa	0			
260175	cis/trans C18:1n-7 /100g food (g)	cis/trans c18:1n-7/100g food	cis/trans c18:1n-7/100g food	cis/trans c18:1n-7/100g food	cis trans c18 1n 7 100g food	0			
260176	cis/trans C18:1n-9 /100g FA (g)	cis/trans c18:1n-9/100g fa	cis/trans c18:1n-9/100g fa	cis/trans c18:1n-9/100g fa	cis trans c18 1n 9 100g fa	0			
260177	cis/trans C18:1n-9 /100g food (g)	cis/trans c18:1n-9/100g food	cis/trans c18:1n-9/100g food	cis/trans c18:1n-9/100g food	cis trans c18 1n 9 100g food	0			
260178	cis/trans C22:1n-11 /100g FA (g)	cis/trans c22:1n-11/100g fa	cis/trans c22:1n-11/100g fa	cis/trans c22:1n-11/100g fa	cis trans c22 1n 11 100g fa	0			
260179	cis/trans C22:1n-11 /100g food (g)	cis/trans c22:1n-11/100g food	cis/trans c22:1n-11/100g food	cis/trans c22:1n-11/100g food	cis trans c22 1n 11 100g food	0			
260180	cis/trans C22:1n-9 /100g FA (g)	cis/trans c22:1n-9/100g fa	cis/trans c22:1n-9/100g fa	cis/trans c22:1n-9/100g fa	cis trans c22 1n 9 100g fa	0			
260181	cis/trans C22:1n-9 /100g food (g)	cis/trans c22:1n-9/100g food	cis/trans c22:1n-9/100g food	cis/trans c22:1n-9/100g food	cis trans c22 1n 9 100g food	0			
260182	Cryptoxanthins (µg)	cryptoxanthins (µg)	cryptoxanthins (µg)	cryptoxanthins	cryptoxanthins g	0			
260183	Dehydroretinol (µg)	dehydroretinol (µg)	dehydroretinol (µg)	dehydroretinol	dehydroretinol g	0			
260184	Delta-5-avenasterol (mg)	delta-5-avenasterol	delta-5-avenasterol	delta-5-avenasterol	delta 5 avenasterol	0			
260185	Delta-7-avenasterol (mg)	delta-7-avenasterol	delta-7-avenasterol	delta-7-avenasterol	delta 7 avenasterol	0			
260186	Delta-7-stigmastenol (mg)	delta-7-stigmastenol	delta-7-stigmastenol	delta-7-stigmastenol	delta 7 stigmastenol	0			
260187	Delta-tocopherol (mg)	delta-tocopherol	delta-tocopherol	delta-tocopherol	delta tocopherol	0	1158	vitamin e	vitamin_e_to_vit_e_forms_existing
260188	Edible proportion	edible proportion	edible proportion	edible proportion	edible proportion	0			
260191	Gamma-tocopherol (mg)	gamma-tocopherol	gamma-tocopherol	gamma-tocopherol	gamma tocopherol	0	1158	vitamin e	vitamin_e_to_vit_e_forms_existing
260192	Gamma-tocotrienol (mg)	gamma-tocotrienol	gamma-tocotrienol	gamma-tocotrienol	gamma tocotrienol	0	1158	vitamin e	vitamin_e_to_vit_e_forms_existing
260193	Glycerol conversion factor	glycerol conversion factor	glycerol conversion factor	glycerol conversion factor	glycerol conversion factor	0			
260194	Lutein (µg)	lutein (µg)	lutein (µg)	lutein	lutein g	0	1004	lipid	fat_to_fatty_acids
260195	Lycopene (µg)	lycopene (µg)	lycopene (µg)	lycopene	lycopene g	0	1004	lipid	fat_to_fatty_acids
260196	Mono FA /100g food (g)	mono fa/100g food	mono fa/100g food	mono fa/100g food	mono fa 100g food	0			
260197	Mono FA/ 100g FA (g)	mono fa/100g fa	mono fa/100g fa	mono fa/100g fa	mono fa 100g fa	0			
260198	n-3 poly /100g FA (g)	n-3 poly/100g fa	n-3 poly/100g fa	n-3 poly/100g fa	n 3 poly 100g fa	0			
260199	n-3 poly /100g food (g)	n-3 poly/100g food	n-3 poly/100g food	n-3 poly/100g food	n 3 poly 100g food	0			
260200	n-6 poly /100g FA (g)	n-6 poly/100g fa	n-6 poly/100g fa	n-6 poly/100g fa	n 6 poly 100g fa	0			
260201	n-6 poly /100g food (g)	n-6 poly/100g food	n-6 poly/100g food	n-6 poly/100g food	n 6 poly 100g food	0			
260202	Nitrogen conversion factor	nitrogen conversion factor	nitrogen conversion factor	nitrogen conversion factor	nitrogen conversion factor	0			
260203	NSP (g)	nsp	nsp	nsp	nsp	0			
260204	Other Cholesterol and Phytosterols (mg)	other cholesterol and phytosterols	other cholesterol and phytosterols	other cholesterol and phytosterols	other cholesterol and phytosterols	0	1004	lipid	fat_to_fatty_acids
260205	Phytosterol (mg)	phytosterol	phytosterol	phytosterol	phytosterol	0	1004	lipid	fat_to_fatty_acids
260206	Poly FA /100g FA (g)	poly fa/100g fa	poly fa/100g fa	poly fa/100g fa	poly fa 100g fa	0			
260207	Poly FA /100g food (g)	poly fa/100g food	poly fa/100g food	poly fa/100g food	poly fa 100g food	0			
260208	Retinaldehyde (µg)	retinaldehyde (µg)	retinaldehyde (µg)	retinaldehyde	retinaldehyde g	0			
260209	Retinol Equivalent (µg)	retinol equivalent (µg)	retinol equivalent (µg)	retinol equivalent	retinol equivalent g	0	1004	lipid	fat_to_fatty_acids
260210	Sat FA excl Br /100g FA (g)	sat fa excl br/100g fa	sat fa excl br/100g fa	sat fa excl br/100g fa	sat fa excl br 100g fa	0			
260211	Sat FA excl Br /100g food (g)	sat fa excl br/100g food	sat fa excl br/100g food	sat fa excl br/100g food	sat fa excl br 100g food	0			
260212	Satd FA /100g FA (g)	satd fa/100g fa	satd fa/100g fa	satd fa/100g fa	satd fa 100g fa	0			
260213	Satd FA /100g fd (g)	satd fa/100g fd	satd fa/100g fd	satd fa/100g fd	satd fa 100g fd	0			
260214	Specific gravity	specific gravity	specific gravity	specific gravity	specific gravity	0			
260216	Trans FAs /100g FA (g)	trans fas/100g fa	trans fas/100g fa	trans fas/100g fa	trans fas 100g fa	0			
260217	Trans FAs /100g food (g)	trans fas/100g food	trans fas/100g food	trans fas/100g food	trans fas 100g food	0			
260218	trans monounsaturated /100g FA (g)	trans monounsaturated/100g fa	trans monounsaturated/100g fa	trans monounsaturated/100g fa	trans monounsaturated 100g fa	0			
260219	trans monounsaturated /100g food (g)	trans monounsaturated/100g food	trans monounsaturated/100g food	trans monounsaturated/100g food	trans monounsaturated 100g food	0			
260220	trans poly /100g FA (g)	trans poly/100g fa	trans poly/100g fa	trans poly/100g fa	trans poly 100g fa	0			
260221	trans poly /100g food (g)	trans poly/100g food	trans poly/100g food	trans poly/100g food	trans poly 100g food	0			
260222	unknown C16 poly /100g FA (g)	unknown c16 poly/100g fa	unknown c16 poly/100g fa	unknown c16 poly/100g fa	unknown c16 poly 100g fa	0			
260223	unknown C16 poly /100g food (g)	unknown c16 poly/100g food	unknown c16 poly/100g food	unknown c16 poly/100g food	unknown c16 poly 100g food	0			
260224	unknown C18 poly /100g FA (g)	unknown c18 poly/100g fa	unknown c18 poly/100g fa	unknown c18 poly/100g fa	unknown c18 poly 100g fa	0			
260225	unknown C18 poly /100g food (g)	unknown c18 poly/100g food	unknown c18 poly/100g food	unknown c18 poly/100g food	unknown c18 poly 100g food	0			
260226	unknown C20 poly /100 FA (g)	unknown c20 poly/100 fa	unknown c20 poly/100 fa	unknown c20 poly/100 fa	unknown c20 poly 100 fa	0			
260227	unknown C20 poly /100g food (g)	unknown c20 poly/100g food	unknown c20 poly/100g food	unknown c20 poly/100g food	unknown c20 poly 100g food	0			
260228	unknown C22 poly /100g FA (g)	unknown c22 poly/100g fa	unknown c22 poly/100g fa	unknown c22 poly/100g fa	unknown c22 poly 100g fa	0			
260229	unknown C22 poly /100g food (g)	unknown c22 poly/100g food	unknown c22 poly/100g food	unknown c22 poly/100g food	unknown c22 poly 100g food	0			
260232	Triglyceride	triglyceride	triglyceride	triglyceride	triglyceride	1	1254	glycerides	glycerides_to_triglycerides
260233	Triglycerides	triglycerides	triglycerides	triglycerides	triglycerides	1	1254	glycerides	glycerides_to_triglycerides
260235	Tocopherol, alpha	tocopherol, alpha	tocopherol alpha	tocopherol, alpha	tocopherol alpha	1	2041	tocopherols and tocotrienols	tocopherols_tocotrienols_to_isoforms
260236	Polyu FA /100g FA	polyu fa /100g fa	polyu fa /100g fa	polyu fa /100g fa	polyu fa 100g fa	1	96366	cis polyu fa 100g fa	alias_to_canonical
260237	Mono FA /100g FA (g)	mono fa /100g fa (g)	mono fa /100g fa (g)	mono fa /100g fa	mono fa 100g fa g	1	260170	cis mono fa 100g fa	alias_to_canonical
260238	Mono FA /100g Food (g)	mono fa /100g food (g)	mono fa /100g food (g)	mono fa /100g food	mono fa 100g food g	1	260171	cis mono fa 100g food	alias_to_canonical
260239	Poly FA /100g Food (g)	poly fa /100g food (g)	poly fa /100g food (g)	poly fa /100g food	poly fa 100g food g	1	260172	cis poly fa 100g food	alias_to_canonical
260240	Polyu FA /100g FA (g)	polyu fa /100g fa (g)	polyu fa /100g fa (g)	polyu fa /100g fa	polyu fa 100g fa g	1	260173	cis polyu fa 100g fa	alias_to_canonical
