nutrient_id	nutrient_name	query	match_view	match_source	chebi_id	chebi_label	chebi_term	score
1002	Nitrogen	nitrogen	exact_norm	synonym:EXACT	CHEBI:25555	nitrogen atom	nitrogen [synonym:EXACT]	117
1007	Ash	ash						
1009	Starch	starch	exact_norm	name	CHEBI:28017	starch	starch [name]	90
1010	Sucrose	sucrose	exact_norm	name	CHEBI:17992	sucrose	sucrose [name]	90
1011	Glucose	glucose	exact_norm	name	CHEBI:17234	glucose	glucose [name]	90
1012	Fructose	fructose	exact_norm	name	CHEBI:28757	fructose	fructose [name]	90
1013	Lactose	lactose	exact_norm	name	CHEBI:17716	lactose	lactose [name]	90
1014	Maltose	maltose	exact_norm	name	CHEBI:17306	maltose	maltose [name]	90
1015	Amylose	amylose	exact_norm	name	CHEBI:28102	amylose	amylose [name]	90
1016	Amylopectin	amylopectin	exact_norm	name	CHEBI:28057	amylopectin	amylopectin [name]	90
1017	Pectin	pectin	exact_norm	name	CHEBI:17309	pectin	pectin [name]	90
1018	Alcohol, ethyl	alcohol, ethyl						
1019	Pentosan	pentosan	exact_norm	name	CHEBI:37166	xylan	xylan [name]	90
1019	Pentosan	pentosan	exact_norm	name	CHEBI:28427	arabinoxylan	arabinoxylan [name]	90
1020	Pentoses	pentoses	exact_norm	name	CHEBI:25901	pentose	pentose [name]	90
1021	Hemicellulose	hemicellulose	exact_norm	name	CHEBI:61266	hemicellulose	hemicellulose [name]	90
1022	Cellulose	cellulose	exact_norm	name	CHEBI:167997	Cellulose, microcrystalline	Cellulose, microcrystalline [name]	46
1022	Cellulose	cellulose	exact_norm	synonym:RELATED	CHEBI:757358	powdered cellulose	Cellulose powder [synonym:RELATED]	41
1022	Cellulose	cellulose	exact_norm	synonym:RELATED	CHEBI:757032	microcrystalline cellulose	Cellulose microcrystalline [synonym:RELATED]	41
1023	pH	ph	exact_norm	synonym:RELATED	CHEBI:30396	phenyl group	Ph [synonym:RELATED]	41
1023	pH	ph	exact_norm	synonym:RELATED	CHEBI:29941	hydridophosphate(1-)	PH(-) [synonym:RELATED]	41
1024	Specific Gravity	specific gravity						
1026	Acetic acid	acetic acid	exact_norm	name	CHEBI:15366	acetic acid	acetic acid [name]	75
1026	Acetic acid	acetic acid	exact_norm	name	CHEBI:40823	(aminooxy)acetic acid	(aminooxy)acetic acid [name]	75
1026	Acetic acid	acetic acid	exact_norm	name	CHEBI:180539	(benzyloxy)acetic acid	(benzyloxy)acetic acid [name]	75
1026	Acetic acid	acetic acid	exact_norm	name	CHEBI:47870	(methylthio)acetic acid	(methylthio)acetic acid [name]	75
1027	Aconitic acid	aconitic acid	exact_norm	name	CHEBI:22211	aconitic acid	aconitic acid [name]	75
1028	Benzoic acid	benzoic acid	exact_norm	name	CHEBI:30746	benzoic acid	benzoic acid [name]	75
1028	Benzoic acid	benzoic acid	exact_norm	name	CHEBI:37813	(oxaloamino)benzoic acid	(oxaloamino)benzoic acid [name]	75
1029	Chelidonic acid	chelidonic acid	exact_norm	name	CHEBI:3586	Chelidonic acid	Chelidonic acid [name]	75
1030	Chlorogenic acid	chlorogenic acid	exact_norm	name	CHEBI:16112	chlorogenic acid	chlorogenic acid [name]	75
1031	Cinnamic acid	cinnamic acid	exact_norm	name	CHEBI:27386	cinnamic acid	cinnamic acid [name]	75
1032	Citric acid	citric acid	exact_norm	name	CHEBI:30769	citric acid	citric acid [name]	75
1033	Fumaric acid	fumaric acid	exact_norm	name	CHEBI:18012	fumaric acid	fumaric acid [name]	75
1034	Galacturonic acid	galacturonic acid	exact_norm	name	CHEBI:33830	galacturonic acid	galacturonic acid [name]	75
1035	Gallic acid	gallic acid	exact_norm	name	CHEBI:30778	gallic acid	gallic acid [name]	75
1036	Glycolic acid	glycolic acid	exact_norm	name	CHEBI:17497	glycolic acid	glycolic acid [name]	75
1037	Isocitric acid	isocitric acid	exact_norm	name	CHEBI:30887	isocitric acid	isocitric acid [name]	75
1038	Lactic acid	lactic acid	exact_norm	name	CHEBI:749277	lactic acid	lactic acid [name]	75
1038	Lactic acid	lactic acid	exact_norm	synonym:RELATED	CHEBI:28358	rac-lactic acid	Lactic acid [synonym:RELATED]	41
1038	Lactic acid	lactic acid	exact_norm	synonym:RELATED	CHEBI:42111	(R)-lactic acid	LACTIC ACID [synonym:RELATED]	41
1038	Lactic acid	lactic acid	exact_norm	synonym:RELATED	CHEBI:78320	2-hydroxypropanoic acid	Lactic acid [synonym:RELATED]	41
1039	Malic acid	malic acid	exact_norm	name	CHEBI:6650	malic acid	malic acid [name]	75
1040	Oxaloacetic acid	oxaloacetic acid	exact_norm	name	CHEBI:30744	oxaloacetic acid	oxaloacetic acid [name]	75
1041	Oxalic acid	oxalic acid	exact_norm	name	CHEBI:16995	oxalic acid	oxalic acid [name]	75
1042	Phytic acid	phytic acid	exact_norm	synonym:RELATED	CHEBI:17401	myo-inositol hexakisphosphate	Phytic acid [synonym:RELATED]	41
1043	Pyruvic acid	pyruvic acid	exact_norm	name	CHEBI:32816	pyruvic acid	pyruvic acid [name]	75
1044	Quinic acid	quinic acid	exact_norm	name	CHEBI:26493	quinic acid	quinic acid [name]	75
1045	Salicylic acid	salicylic acid	exact_norm	name	CHEBI:16914	salicylic acid	salicylic acid [name]	75
1046	Succinic acid	succinic acid	exact_norm	name	CHEBI:15741	succinic acid	succinic acid [name]	75
1047	Tartaric acid	tartaric acid	exact_no_paren	synonym:RELATED	CHEBI:15674	2,3-dihydroxybutanedioic acid	tartaric acid (unspecified stereochemistry) [synonym:RELATED]	31
1048	Ursolic acid	ursolic acid	exact_norm	name	CHEBI:9908	ursolic acid	ursolic acid [name]	75
1049	Solids, non-fat	solids, non-fat						
1054	Piperine	piperine	exact_norm	name	CHEBI:28821	piperine	piperine [name]	90
1055	Mannitol	mannitol	exact_norm	name	CHEBI:29864	mannitol	mannitol [name]	90
1056	Sorbitol	sorbitol						
1057	Caffeine	caffeine	exact_norm	name	CHEBI:27732	caffeine	caffeine [name]	90
1058	Theobromine	theobromine	exact_norm	name	CHEBI:28946	theobromine	theobromine [name]	90
1059	Nitrates	nitrates	exact_norm	name	CHEBI:51081	nitrates	nitrates [name]	90
1060	Nitrites	nitrites	exact_norm	name	CHEBI:25549	nitrites	nitrites [name]	90
1065	Glycogen	glycogen	exact_norm	name	CHEBI:28087	glycogen	glycogen [name]	90
1071	Resistant starch	resistant starch						
1073	Arabinose	arabinose	exact_norm	name	CHEBI:22599	arabinose	arabinose [name]	90
1074	Xylose	xylose	exact_norm	name	CHEBI:18222	xylose	xylose [name]	90
1075	Galactose	galactose	exact_norm	name	CHEBI:28260	galactose	galactose [name]	90
1076	Raffinose	raffinose	exact_norm	name	CHEBI:16634	raffinose	raffinose [name]	90
1077	Stachyose	stachyose	exact_norm	name	CHEBI:17164	stachyose	stachyose [name]	90
1078	Xylitol	xylitol	exact_norm	name	CHEBI:17151	xylitol	xylitol [name]	90
1080	Lignin	lignin	exact_norm	name	CHEBI:6457	lignin	lignin [name]	90
1081	Ribose	ribose	exact_norm	name	CHEBI:33942	ribose	ribose [name]	90
1083	Theophylline	theophylline	exact_norm	name	CHEBI:28177	theophylline	theophylline [name]	90
1087	Calcium, Ca	calcium	exact_norm	synonym:EXACT	CHEBI:22984	calcium atom	calcium [synonym:EXACT]	117
1088	Chlorine, Cl	chlorine	exact_norm	synonym:EXACT	CHEBI:23116	chlorine atom	chlorine [synonym:EXACT]	117
1089	Iron, Fe	iron	exact_norm	synonym:EXACT	CHEBI:18248	iron atom	Iron [synonym:EXACT]	117
1090	Magnesium, Mg	magnesium	exact_norm	synonym:EXACT	CHEBI:25107	magnesium atom	magnesium [synonym:EXACT]	117
1091	Phosphorus, P	phosphorus	exact_norm	synonym:EXACT	CHEBI:28659	phosphorus atom	Phosphorus [synonym:EXACT]	117
1092	Potassium, K	potassium	exact_norm	synonym:EXACT	CHEBI:26216	potassium atom	potassium [synonym:EXACT]	117
1093	Sodium, Na	sodium	exact_norm	synonym:EXACT	CHEBI:26708	sodium atom	sodium [synonym:EXACT]	117
1094	Sulfur, S	sulfur	exact_norm	synonym:EXACT	CHEBI:26833	sulfur atom	sulfur [synonym:EXACT]	117
1095	Zinc, Zn	zinc	exact_norm	synonym:EXACT	CHEBI:27363	zinc atom	zinc [synonym:EXACT]	117
1096	Chromium, Cr	chromium	exact_norm	synonym:EXACT	CHEBI:28073	chromium atom	Chromium [synonym:EXACT]	117
1097	Cobalt, Co	cobalt	exact_norm	synonym:EXACT	CHEBI:27638	cobalt atom	Cobalt [synonym:EXACT]	117
1098	Copper, Cu	copper	exact_norm	synonym:EXACT	CHEBI:28694	copper atom	Copper [synonym:EXACT]	117
1099	Fluoride, F	fluoride	exact_norm	name	CHEBI:17051	fluoride	fluoride [name]	90
1100	Iodine, I	iodine	exact_norm	synonym:EXACT	CHEBI:24859	iodine atom	iodine [synonym:EXACT]	117
1101	Manganese, Mn	manganese	exact_norm	synonym:EXACT	CHEBI:18291	manganese atom	Manganese [synonym:EXACT]	117
1102	Molybdenum, Mo	molybdenum	exact_norm	synonym:EXACT	CHEBI:28685	molybdenum atom	Molybdenum [synonym:EXACT]	117
1103	Selenium, Se	selenium	exact_norm	synonym:EXACT	CHEBI:27568	selenium atom	Selenium [synonym:EXACT]	117
1105	Retinol	retinol	exact_norm	name	CHEBI:50211	retinol	retinol [name]	90
1107	Carotene, beta	carotene, beta	exact_norm	name	CHEBI:17579	beta-carotene	beta-carotene [name]	50
1108	Carotene, alpha	carotene, alpha	exact_norm	name	CHEBI:28425	alpha-carotene	alpha-carotene [name]	50
1109	Vitamin E (alpha-tocopherol)	vitamin e (alpha-tocopherol)	exact_no_paren	name	CHEBI:33234	vitamin E	vitamin E [name]	90
1111	Vitamin D2 (ergocalciferol)	vitamin d2 (ergocalciferol)	exact_no_paren	name	CHEBI:28934	vitamin D2	vitamin D2 [name]	90
1112	Vitamin D3 (cholecalciferol)	vitamin d3 (cholecalciferol)	exact_norm	synonym:RELATED	CHEBI:28940	calciol	Vitamin D3 [synonym:RELATED]	66
1112	Vitamin D3 (cholecalciferol)	vitamin d3 (cholecalciferol)	exact_no_paren	name	CHEBI:27300	vitamin D	vitamin D [name]	65
1116	Phytoene	phytoene	exact_norm	name	CHEBI:26119	phytoene	phytoene [name]	90
1117	Phytofluene	phytofluene	exact_norm	name	CHEBI:26120	phytofluene	phytofluene [name]	90
1118	Carotene, gamma	carotene, gamma	exact_norm	name	CHEBI:27740	gamma-carotene	gamma-carotene [name]	50
1119	Zeaxanthin	zeaxanthin	exact_norm	name	CHEBI:27547	zeaxanthin	zeaxanthin [name]	90
1120	Cryptoxanthin, beta	cryptoxanthin, beta	exact_norm	name	CHEBI:10362	beta-cryptoxanthin	beta-cryptoxanthin [name]	50
1121	Lutein	lutein	exact_norm	name	CHEBI:28838	lutein	lutein [name]	90
1122	Lycopene	lycopene	exact_norm	name	CHEBI:15948	lycopene	lycopene [name]	90
1125	Tocopherol, beta	tocopherol, beta	exact_norm	name	CHEBI:47771	beta-tocopherol	beta-tocopherol [name]	50
1126	Tocopherol, gamma	tocopherol, gamma	exact_norm	name	CHEBI:18185	gamma-tocopherol	gamma-tocopherol [name]	50
1127	Tocopherol, delta	tocopherol, delta	exact_norm	name	CHEBI:47772	delta-tocopherol	delta-tocopherol [name]	50
1128	Tocotrienol, alpha	tocotrienol, alpha	exact_norm	name	CHEBI:33270	alpha-tocotrienol	alpha-tocotrienol [name]	50
1129	Tocotrienol, beta	tocotrienol, beta	exact_norm	name	CHEBI:33275	beta-tocotrienol	beta-tocotrienol [name]	50
1130	Tocotrienol, gamma	tocotrienol, gamma	exact_norm	name	CHEBI:33277	gamma-tocotrienol	gamma-tocotrienol [name]	50
1131	Tocotrienol, delta	tocotrienol, delta	exact_norm	name	CHEBI:33276	delta-tocotrienol	delta-tocotrienol [name]	50
1132	Aluminum, Al	aluminum	exact_norm	synonym:RELATED	CHEBI:28984	aluminium atom	aluminum [synonym:RELATED]	46
1133	Antimony, Sb	antimony	exact_norm	synonym:EXACT	CHEBI:30513	antimony atom	antimony [synonym:EXACT]	117
1134	Arsenic, As	arsenic	exact_norm	synonym:EXACT	CHEBI:27563	arsenic atom	Arsenic [synonym:EXACT]	117
1135	Barium, Ba	barium	exact_norm	synonym:EXACT	CHEBI:32594	barium atom	barium [synonym:EXACT]	117
1136	Beryllium, Be	beryllium	exact_norm	synonym:EXACT	CHEBI:30501	beryllium atom	beryllium [synonym:EXACT]	117
1137	Boron, B	boron	exact_norm	synonym:EXACT	CHEBI:27560	boron atom	Boron [synonym:EXACT]	117
1138	Bromine, Br	bromine	exact_norm	synonym:EXACT	CHEBI:22927	bromine atom	bromine [synonym:EXACT]	117
1139	Cadmium, Cd	cadmium	exact_norm	synonym:EXACT	CHEBI:22977	cadmium atom	cadmium [synonym:EXACT]	117
1140	Gold, Au	gold	exact_norm	synonym:EXACT	CHEBI:29287	gold atom	gold [synonym:EXACT]	117
1141	Iron, heme	iron, heme	exact_norm	name	CHEBI:30413	heme	heme [name]	50
1141	Iron, heme	iron, heme	exact_norm	name	CHEBI:26355	heme b	heme b [name]	50
1141	Iron, heme	iron, heme	exact_norm	synonym:EXACT	CHEBI:17627	ferroheme b	Heme [synonym:EXACT]	47
1142	Iron, non-heme	iron, non-heme	exact_norm	name	CHEBI:30413	heme	heme [name]	50
1142	Iron, non-heme	iron, non-heme	exact_norm	name	CHEBI:26355	heme b	heme b [name]	50
1142	Iron, non-heme	iron, non-heme	exact_norm	synonym:EXACT	CHEBI:18248	iron atom	Iron [synonym:EXACT]	47
1142	Iron, non-heme	iron, non-heme	exact_norm	synonym:EXACT	CHEBI:17627	ferroheme b	Heme [synonym:EXACT]	47
1143	Lead, Pb	lead	exact_norm	synonym:EXACT	CHEBI:25016	lead atom	lead [synonym:EXACT]	117
1144	Lithium, Li	lithium	exact_norm	synonym:EXACT	CHEBI:30145	lithium atom	lithium [synonym:EXACT]	117
1145	Mercury, Hg	mercury	exact_norm	synonym:EXACT	CHEBI:25195	mercury atom	mercury [synonym:EXACT]	117
1146	Nickel, Ni	nickel	exact_norm	synonym:EXACT	CHEBI:28112	nickel atom	nickel [synonym:EXACT]	117
1147	Rubidium, Rb	rubidium	exact_norm	synonym:EXACT	CHEBI:33322	rubidium atom	rubidium [synonym:EXACT]	117
1148	Fluoride - DO NOT USE; use 313	fluoride-do not use; use 313						
1149	Salt, NaCl	salt, nacl	exact_norm	name	CHEBI:24866	salt	salt [name]	50
1149	Salt, NaCl	salt, nacl	exact_norm	name	CHEBI:26710	sodium chloride	sodium chloride [name]	50
1150	Silicon, Si	silicon	exact_norm	synonym:EXACT	CHEBI:27573	silicon atom	Silicon [synonym:EXACT]	117
1151	Silver, Ag	silver	exact_norm	synonym:EXACT	CHEBI:30512	silver atom	silver [synonym:EXACT]	117
1152	Strontium, Sr	strontium	exact_norm	synonym:EXACT	CHEBI:33324	strontium atom	strontium [synonym:EXACT]	117
1153	Tin, Sn	tin	exact_norm	synonym:EXACT	CHEBI:27007	tin atom	tin [synonym:EXACT]	117
1154	Titanium, Ti	titanium	exact_norm	synonym:EXACT	CHEBI:33341	titanium atom	titanium [synonym:EXACT]	117
1155	Vanadium, V	vanadium	exact_norm	synonym:EXACT	CHEBI:27698	vanadium atom	Vanadium [synonym:EXACT]	117
1157	Carotene	carotene	exact_norm	name	CHEBI:23042	carotene	carotene [name]	90
1165	Thiamin	thiamin	exact_norm	name	CHEBI:26948	vitamin B1	vitamin B1 [name]	100
1166	Riboflavin	riboflavin	exact_norm	name	CHEBI:17015	riboflavin	riboflavin [name]	90
1167	Niacin	niacin	exact_norm	name	CHEBI:176839	vitamin B3	vitamin B3 [name]	100
1168	Niacin from tryptophan, determined	niacin from tryptophan, determined	exact_norm	name	CHEBI:176839	vitamin B3	vitamin B3 [name]	50
1168	Niacin from tryptophan, determined	niacin from tryptophan, determined	exact_norm	name	CHEBI:17154	nicotinamide	nicotinamide [name]	50
1168	Niacin from tryptophan, determined	niacin from tryptophan, determined	exact_norm	name	CHEBI:15940	nicotinic acid	nicotinic acid [name]	50
1169	Niacin equivalent N406 +N407	niacin equivalent n406 +n407	exact_norm	name	CHEBI:176839	vitamin B3	vitamin B3 [name]	50
1169	Niacin equivalent N406 +N407	niacin equivalent n406 +n407	exact_norm	name	CHEBI:17154	nicotinamide	nicotinamide [name]	50
1169	Niacin equivalent N406 +N407	niacin equivalent n406 +n407	exact_norm	name	CHEBI:15940	nicotinic acid	nicotinic acid [name]	50
1170	Pantothenic acid	pantothenic acid	exact_norm	name	CHEBI:7916	pantothenic acid	pantothenic acid [name]	75
1175	Vitamin B-6	vitamin b-6	exact_norm	synonym:RELATED	CHEBI:27306	vitamin B6	vitamin B-6 [synonym:RELATED]	66
1176	Biotin	biotin	exact_norm	name	CHEBI:15956	biotin	biotin [name]	90
1178	Vitamin B-12	vitamin b-12	exact_norm	synonym:RELATED	CHEBI:176843	vitamin B12	vitamin B-12 [synonym:RELATED]	66
1178	Vitamin B-12	vitamin b-12	exact_norm	synonym:RELATED	CHEBI:754405	cyanocobalamin	Vitamin b 12 [synonym:RELATED]	66
1178	Vitamin B-12	vitamin b-12	exact_norm	synonym:RELATED	CHEBI:17439	cyanocob(III)alamin	vitamin B-12 [synonym:RELATED]	66
1179	Folate, free	folate, free	exact_norm	name	CHEBI:27470	folic acid	folic acid [name]	50
1179	Folate, free	folate, free	exact_norm	name	CHEBI:67016	tetrahydrofolate	tetrahydrofolate [name]	50
1180	Choline, total	choline	exact_norm	name	CHEBI:15354	choline	choline [name]	90
1181	Inositol	inositol	exact_norm	name	CHEBI:24848	inositol	inositol [name]	90
1182	Inositol phosphate	inositol phosphate	exact_norm	name	CHEBI:24846	inositol phosphate	inositol phosphate [name]	75
1183	Vitamin K (Menaquinone-4)	vitamin k (menaquinone-4)	exact_no_paren	name	CHEBI:28384	vitamin K	vitamin K [name]	90
1184	Vitamin K (Dihydrophylloquinone)	vitamin k (dihydrophylloquinone)	exact_no_paren	name	CHEBI:28384	vitamin K	vitamin K [name]	90
1185	Vitamin K (phylloquinone)	vitamin k (phylloquinone)	exact_no_paren	name	CHEBI:28384	vitamin K	vitamin K [name]	90
1186	Folic acid	folic acid	exact_norm	name	CHEBI:27470	folic acid	folic acid [name]	75
1187	Folate, food	folate, food	exact_norm	name	CHEBI:27470	folic acid	folic acid [name]	50
1187	Folate, food	folate, food	exact_norm	name	CHEBI:67016	tetrahydrofolate	tetrahydrofolate [name]	50
1188	5-methyl tetrahydrofolate (5-MTHF)	5-methyl tetrahydrofolate (5-mthf)	exact_norm	name	CHEBI:20612	5-methyltetrahydrofolate	5-methyltetrahydrofolate [name]	90
1189	Folate, not 5-MTHF	folate, not 5-mthf	exact_norm	synonym:RELATED	CHEBI:26911	oxolane	THF [synonym:RELATED]	41
1190	Folate, DFE	folate, dfe	exact_norm	name	CHEBI:27470	folic acid	folic acid [name]	50
1190	Folate, DFE	folate, dfe	exact_norm	name	CHEBI:67016	tetrahydrofolate	tetrahydrofolate [name]	50
1191	10-Formyl folic acid (10HCOFA)	10-formyl folic acid (10hcofa)						
1192	5-Formyltetrahydrofolic acid (5-HCOH4	5-formyltetrahydrofolic acid (5-hcoh4	exact_norm	name	CHEBI:67016	tetrahydrofolate	tetrahydrofolate [name]	50
1193	Tetrahydrofolic acid (THF)	tetrahydrofolic acid	exact_norm	name	CHEBI:26907	tetrahydrofolic acid	tetrahydrofolic acid [name]	75
1194	Choline, free	choline, free	exact_norm	synonym:EXACT	CHEBI:176856	N-dimethylethanolamine	2-hydroxyethyl(dimethyl)azanium [synonym:EXACT]	47
1195	Choline, from phosphocholine	choline, from phosphocholine	exact_norm	name	CHEBI:15354	choline	choline [name]	50
1195	Choline, from phosphocholine	choline, from phosphocholine	exact_norm	name	CHEBI:18132	phosphocholine	phosphocholine [name]	50
1195	Choline, from phosphocholine	choline, from phosphocholine	exact_norm	synonym:EXACT	CHEBI:176856	N-dimethylethanolamine	2-hydroxyethyl(dimethyl)azanium [synonym:EXACT]	47
1196	Choline, from phosphotidyl choline	choline, from phosphotidyl choline	exact_norm	name	CHEBI:15354	choline	choline [name]	50
1196	Choline, from phosphotidyl choline	choline, from phosphotidyl choline	exact_norm	synonym:EXACT	CHEBI:176856	N-dimethylethanolamine	2-hydroxyethyl(dimethyl)azanium [synonym:EXACT]	47
1197	Choline, from glycerophosphocholine	choline, from glycerophosphocholine	exact_norm	name	CHEBI:15354	choline	choline [name]	50
1197	Choline, from glycerophosphocholine	choline, from glycerophosphocholine	exact_norm	name	CHEBI:36313	glycerophosphocholine	glycerophosphocholine [name]	50
1197	Choline, from glycerophosphocholine	choline, from glycerophosphocholine	exact_norm	synonym:EXACT	CHEBI:176856	N-dimethylethanolamine	2-hydroxyethyl(dimethyl)azanium [synonym:EXACT]	47
1198	Betaine	betaine	exact_norm	synonym:RELATED	CHEBI:17750	glycine betaine	Betaine [synonym:RELATED]	41
1199	Choline, from sphingomyelin	choline, from sphingomyelin	exact_norm	name	CHEBI:15354	choline	choline [name]	50
1199	Choline, from sphingomyelin	choline, from sphingomyelin	exact_norm	name	CHEBI:64583	sphingomyelin	sphingomyelin [name]	50
1199	Choline, from sphingomyelin	choline, from sphingomyelin	exact_norm	synonym:EXACT	CHEBI:176856	N-dimethylethanolamine	2-hydroxyethyl(dimethyl)azanium [synonym:EXACT]	47
1200	p-Hydroxy benzoic acid	p-hydroxy benzoic acid	exact_norm	name	CHEBI:30763	4-hydroxybenzoic acid	4-hydroxybenzoic acid [name]	50
1201	Caffeic acid	caffeic acid	exact_norm	name	CHEBI:36281	caffeic acid	caffeic acid [name]	75
1202	p-Coumaric acid	p-coumaric acid	exact_norm	name	CHEBI:36090	4-coumaric acid	4-coumaric acid [name]	50
1203	Ellagic acid	ellagic acid	exact_norm	name	CHEBI:4775	ellagic acid	ellagic acid [name]	75
1204	Ferrulic acid	ferrulic acid	exact_norm	name	CHEBI:193350	ferulic acid	ferulic acid [name]	50
1205	Gentisic acid	gentisic acid	exact_norm	synonym:RELATED	CHEBI:17189	2,5-dihydroxybenzoic acid	Gentisic acid [synonym:RELATED]	41
1206	Tyrosol	tyrosol	exact_norm	name	CHEBI:1879	2-(4-hydroxyphenyl)ethanol	2-(4-hydroxyphenyl)ethanol [name]	75
1207	Vanillic acid	vanillic acid	exact_norm	name	CHEBI:30816	vanillic acid	vanillic acid [name]	75
1210	Tryptophan	tryptophan	exact_norm	name	CHEBI:27897	tryptophan	tryptophan [name]	90
1211	Threonine	threonine	exact_norm	name	CHEBI:26986	threonine	threonine [name]	90
1212	Isoleucine	isoleucine	exact_norm	name	CHEBI:24898	isoleucine	isoleucine [name]	90
1213	Leucine	leucine	exact_norm	name	CHEBI:25017	leucine	leucine [name]	90
1214	Lysine	lysine	exact_norm	name	CHEBI:25094	lysine	lysine [name]	90
1215	Methionine	methionine	exact_norm	name	CHEBI:16811	methionine	methionine [name]	90
1216	Cystine	cystine	exact_norm	name	CHEBI:17376	cystine	cystine [name]	90
1217	Phenylalanine	phenylalanine	exact_norm	name	CHEBI:28044	phenylalanine	phenylalanine [name]	90
1218	Tyrosine	tyrosine	exact_norm	name	CHEBI:18186	tyrosine	tyrosine [name]	90
1219	Valine	valine	exact_norm	name	CHEBI:27266	valine	valine [name]	90
1220	Arginine	arginine	exact_norm	name	CHEBI:29016	arginine	arginine [name]	90
1221	Histidine	histidine	exact_norm	name	CHEBI:27570	histidine	histidine [name]	90
1222	Alanine	alanine	exact_norm	name	CHEBI:16449	alanine	alanine [name]	90
1223	Aspartic acid	aspartic acid	exact_norm	name	CHEBI:22660	aspartic acid	aspartic acid [name]	75
1224	Glutamic acid	glutamic acid	exact_norm	name	CHEBI:18237	glutamic acid	glutamic acid [name]	75
1225	Glycine	glycine	exact_norm	name	CHEBI:15428	glycine	glycine [name]	90
1226	Proline	proline	exact_norm	name	CHEBI:26271	proline	proline [name]	90
1227	Serine	serine	exact_norm	name	CHEBI:17822	serine	serine [name]	90
1228	Hydroxyproline	hydroxyproline	exact_norm	name	CHEBI:24741	hydroxyproline	hydroxyproline [name]	90
1231	Asparagine	asparagine	exact_norm	name	CHEBI:22653	asparagine	asparagine [name]	90
1232	Cysteine	cysteine	exact_norm	name	CHEBI:15356	cysteine	cysteine [name]	90
1233	Glutamine	glutamine	exact_norm	name	CHEBI:28300	glutamine	glutamine [name]	90
1234	Taurine	taurine	exact_norm	name	CHEBI:15891	taurine	taurine [name]	90
1253	Cholesterol	cholesterol	exact_norm	name	CHEBI:16113	cholesterol	cholesterol [name]	90
1259	SFA 4:0	sfa 4:0	exact_norm	name	CHEBI:30772	butyric acid	butyric acid [name]	50
1260	SFA 6:0	sfa 6:0	exact_norm	name	CHEBI:30776	hexanoic acid	hexanoic acid [name]	50
1261	SFA 8:0	sfa 8:0	exact_norm	name	CHEBI:28837	octanoic acid	octanoic acid [name]	50
1262	SFA 10:0	sfa 10:0	exact_norm	name	CHEBI:30813	decanoic acid	decanoic acid [name]	50
1263	SFA 12:0	sfa 12:0	exact_norm	name	CHEBI:30805	dodecanoic acid	dodecanoic acid [name]	50
1264	SFA 14:0	sfa 14:0	exact_norm	name	CHEBI:28875	tetradecanoic acid	tetradecanoic acid [name]	50
1265	SFA 16:0	sfa 16:0	exact_norm	name	CHEBI:15756	hexadecanoic acid	hexadecanoic acid [name]	50
1266	SFA 18:0	sfa 18:0	exact_norm	name	CHEBI:28842	octadecanoic acid	octadecanoic acid [name]	50
1267	SFA 20:0	sfa 20:0	exact_norm	synonym:RELATED	CHEBI:28822	icosanoic acid	Arachidic acid [synonym:RELATED]	41
1268	MUFA 18:1	mufa 18:1	exact_norm	name	CHEBI:25634	octadecenoic acid	octadecenoic acid [name]	50
1269	PUFA 18:2	pufa 18:2	exact_norm	name	CHEBI:25627	octadecadienoic acid	octadecadienoic acid [name]	50
1270	PUFA 18:3	pufa 18:3	exact_norm	name	CHEBI:25633	octadecatrienoic acid	octadecatrienoic acid [name]	50
1271	PUFA 20:4	pufa 20:4	exact_norm	name	CHEBI:15843	arachidonic acid	arachidonic acid [name]	50
1271	PUFA 20:4	pufa 20:4	exact_norm	name	CHEBI:166893	eicosatetraenoic acid	eicosatetraenoic acid [name]	50
1272	PUFA 22:6 n-3 (DHA)	pufa 22:6 n-3	exact_norm	name	CHEBI:36005	docosahexaenoic acid	docosahexaenoic acid [name]	50
1272	PUFA 22:6 n-3 (DHA)	pufa 22:6 n-3	exact_norm	synonym:EXACT	CHEBI:28125	all-cis-docosa-4,7,10,13,16,19-hexaenoic acid	Docosahexaenoic acid [synonym:EXACT]	47
1273	SFA 22:0	sfa 22:0	exact_norm	name	CHEBI:28941	docosanoic acid	docosanoic acid [name]	50
1274	MUFA 14:1	mufa 14:1	exact_norm	name	CHEBI:36004	tetradecenoic acid	tetradecenoic acid [name]	50
1275	MUFA 16:1	mufa 16:1	exact_norm	name	CHEBI:24548	hexadecenoic acid	hexadecenoic acid [name]	50
1276	PUFA 18:4	pufa 18:4	exact_norm	name	CHEBI:37810	octadecatetraenoic acid	octadecatetraenoic acid [name]	50
1277	MUFA 20:1	mufa 20:1	exact_norm	synonym:RELATED	CHEBI:23902	icosenoic acid	20:1 [synonym:RELATED]	41
1277	MUFA 20:1	mufa 20:1	exact_norm	synonym:RELATED	CHEBI:32425	(11Z)-icos-11-enoic acid	Eicosenoic acid [synonym:RELATED]	41
1277	MUFA 20:1	mufa 20:1	exact_no_paren	name	CHEBI:180272	20:1(7Z)	20:1(7Z) [name]	40
1278	PUFA 20:5 n-3 (EPA)	pufa 20:5 n-3	exact_norm	synonym:RELATED	CHEBI:36006	icosapentaenoic acid	eicosapentaenoic acid [synonym:RELATED]	41
1278	PUFA 20:5 n-3 (EPA)	pufa 20:5 n-3	exact_norm	synonym:RELATED	CHEBI:28364	all-cis-5,8,11,14,17-icosapentaenoic acid	Eicosapentaenoic acid [synonym:RELATED]	41
1279	MUFA 22:1	mufa 22:1	exact_norm	name	CHEBI:36031	docosenoic acid	docosenoic acid [name]	50
1280	PUFA 22:5 n-3 (DPA)	pufa 22:5 n-3	exact_norm	name	CHEBI:61204	docosapentaenoic acid	docosapentaenoic acid [name]	50
1281	TFA 14:1 t	tfa 14:1 t	exact_norm	name	CHEBI:36004	tetradecenoic acid	tetradecenoic acid [name]	50
1283	Phytosterols	phytosterols	exact_norm	name	CHEBI:26125	phytosterols	phytosterols [name]	90
1284	Ergosterol	ergosterol	exact_norm	name	CHEBI:16933	ergosterol	ergosterol [name]	90
1285	Stigmasterol	stigmasterol	exact_norm	name	CHEBI:28824	stigmasterol	stigmasterol [name]	90
1286	Campesterol	campesterol	exact_norm	name	CHEBI:28623	campesterol	campesterol [name]	90
1287	Brassicasterol	brassicasterol	exact_norm	name	CHEBI:3168	brassicasterol	brassicasterol [name]	90
1288	Beta-sitosterol	beta-sitosterol	exact_norm	synonym:RELATED	CHEBI:27693	sitosterol	beta-Sitosterol [synonym:RELATED]	41
1288	Beta-sitosterol	beta-sitosterol	exact_norm	synonym:RELATED	CHEBI:753129	sitosterols	Beta sitosterol [synonym:RELATED]	41
1289	Campestanol	campestanol	exact_norm	name	CHEBI:36799	campestanol	campestanol [name]	90
1290	Unsaponifiable matter (lipids)	unsaponifiable matter						
1291	Fatty acids, other than 607-615, 617-621, 624-632, 652-654, 686-689)	fatty acids, other than 607-615, 617-621, 624-632, 652-654, 686-689)						
1294	Beta-sitostanol	beta-sitostanol						
1295	Delta-7-avenasterol	delta-7-avenasterol	exact_norm	synonym:RELATED	CHEBI:166888	avenasterol	Delta-7-avenasterol [synonym:RELATED]	41
1296	Delta-5-avenasterol	delta-5-avenasterol						
1297	Alpha-spinasterol	alpha-spinasterol	exact_norm	name	CHEBI:10333	alpha-Spinasterol	alpha-Spinasterol [name]	75
1298	Phytosterols, other	phytosterols, other						
1299	SFA 15:0	sfa 15:0	exact_norm	name	CHEBI:42504	pentadecanoic acid	pentadecanoic acid [name]	50
1300	SFA 17:0	sfa 17:0	exact_norm	name	CHEBI:32365	heptadecanoic acid	heptadecanoic acid [name]	50
1301	SFA 24:0	sfa 24:0	exact_norm	name	CHEBI:28866	tetracosanoic acid	tetracosanoic acid [name]	50
1303	TFA 16:1 t	tfa 16:1 t	exact_norm	name	CHEBI:24548	hexadecenoic acid	hexadecenoic acid [name]	50
1304	TFA 18:1 t	tfa 18:1 t	exact_norm	name	CHEBI:25634	octadecenoic acid	octadecenoic acid [name]	50
1305	TFA 22:1 t	tfa 22:1 t	exact_norm	name	CHEBI:36031	docosenoic acid	docosenoic acid [name]	50
1306	TFA 18:2 t not further defined	tfa 18:2 t not further defined						
1307	PUFA 18:2 i	pufa 18:2 i						
1308	PUFA 18:2 t,c	pufa 18:2 t, c						
1309	PUFA 18:2 c,t	pufa 18:2 c, t						
1310	TFA 18:2 t,t	tfa 18:2 t, t						
1311	PUFA 18:2 CLAs	pufa 18:2 clas						
1312	MUFA 24:1 c	mufa 24:1 c	exact_norm	name	CHEBI:36032	tetracosenoic acid	tetracosenoic acid [name]	50
1313	PUFA 20:2 n-6 c,c	pufa 20:2 n-6 c, c						
1314	MUFA 16:1 c	mufa 16:1 c	exact_norm	name	CHEBI:24548	hexadecenoic acid	hexadecenoic acid [name]	50
1315	MUFA 18:1 c	mufa 18:1 c	exact_norm	name	CHEBI:25634	octadecenoic acid	octadecenoic acid [name]	50
1316	PUFA 18:2 n-6 c,c	pufa 18:2 n-6 c, c						
1317	MUFA 22:1 c	mufa 22:1 c	exact_norm	name	CHEBI:36031	docosenoic acid	docosenoic acid [name]	50
1318	Fatty acids, saturated, other	fatty acids, saturated, other						
1319	Fatty acids, monounsat., other	fatty acids, monounsat., other						
1320	Fatty acids, polyunsat., other	fatty acids, polyunsat., other						
1321	PUFA 18:3 n-6 c,c,c	pufa 18:3 n-6 c, c, c						
1322	SFA 19:0	sfa 19:0	exact_norm	name	CHEBI:39246	nonadecanoic acid	nonadecanoic acid [name]	50
1323	MUFA 17:1	mufa 17:1	exact_norm	name	CHEBI:36001	heptadecenoic acid	heptadecenoic acid [name]	50
1324	PUFA 16:2	pufa 16:2	exact_norm	name	CHEBI:77524	hexadecadienoic acid	hexadecadienoic acid [name]	50
1325	PUFA 20:3	pufa 20:3	exact_norm	synonym:RELATED	CHEBI:36036	fatty acid 20:3	20:3 [synonym:RELATED]	41
1325	PUFA 20:3	pufa 20:3	exact_norm	synonym:RELATED	CHEBI:53460	all-cis-icosa-11,14,17-trienoic acid	Eicosatrienoic acid [synonym:RELATED]	41
1332	SFA 13:0	sfa 13:0	exact_norm	name	CHEBI:45919	tridecanoic acid	tridecanoic acid [name]	50
1333	MUFA 15:1	mufa 15:1	exact_norm	name	CHEBI:75088	pentadecenoic acid	pentadecenoic acid [name]	50
1334	PUFA 22:2	pufa 22:2	exact_norm	name	CHEBI:75115	docosadienoic acid	docosadienoic acid [name]	50
1335	SFA 11:0	sfa 11:0	exact_norm	name	CHEBI:32368	undecanoic acid	undecanoic acid [name]	50
1336	ORAC, Hydrophyllic	orac, hydrophyllic						
1337	ORAC, Lipophillic	orac, lipophillic						
1338	ORAC, Total	orac						
1340	Daidzein	daidzein	exact_norm	name	CHEBI:28197	daidzein	daidzein [name]	90
1341	Genistein	genistein	exact_norm	name	CHEBI:28088	genistein	genistein [name]	90
1342	Glycitein	glycitein	exact_norm	name	CHEBI:34778	glycitein	glycitein [name]	90
1343	Isoflavones	isoflavones	exact_norm	name	CHEBI:38757	isoflavones	isoflavones [name]	90
1344	Biochanin A	biochanin a	exact_norm	name	CHEBI:17574	biochanin A	biochanin A [name]	75
1345	Formononetin	formononetin	exact_norm	name	CHEBI:18088	formononetin	formononetin [name]	90
1346	Coumestrol	coumestrol	exact_norm	name	CHEBI:3908	coumestrol	coumestrol [name]	90
1347	Flavonoids, total	flavonoids	exact_norm	name	CHEBI:72544	flavonoids	flavonoids [name]	90
1348	Anthocyanidins	anthocyanidins	exact_norm	name	CHEBI:38695	anthocyanidin	anthocyanidin [name]	90
1349	Cyanidin	cyanidin	exact_norm	synonym:RELATED	CHEBI:27843	cyanidin cation	Cyanidin [synonym:RELATED]	41
1350	Proanthocyanidin (dimer-A linkage)	proanthocyanidin (dimer-a linkage)	exact_no_paren	name	CHEBI:26267	proanthocyanidin	proanthocyanidin [name]	80
1351	Proanthocyanidin monomers	proanthocyanidin monomers						
1352	Proanthocyanidin dimers	proanthocyanidin dimers						
1353	Proanthocyanidin trimers	proanthocyanidin trimers						
1354	Proanthocyanidin 4-6mers	proanthocyanidin 4-6mers						
1355	Proanthocyanidin 7-10mers	proanthocyanidin 7-10mers						
1356	Proanthocyanidin polymers (>10mers)	proanthocyanidin polymers (>10mers)						
1357	Delphinidin	delphinidin	exact_norm	name	CHEBI:28436	delphinidin	delphinidin [name]	90
1358	Malvidin	malvidin	exact_norm	name	CHEBI:6674	malvidin	malvidin [name]	90
1359	Pelargonidin	pelargonidin	exact_norm	name	CHEBI:25863	pelargonidin	pelargonidin [name]	90
1360	Peonidin	peonidin	exact_norm	name	CHEBI:75314	peonidin	peonidin [name]	90
1361	Petunidin	petunidin	exact_norm	name	CHEBI:75318	petunidin	petunidin [name]	90
1362	Flavans, total	flavans	exact_norm	name	CHEBI:38672	flavans	flavans [name]	90
1363	Catechins, total	catechins	exact_norm	name	CHEBI:23053	catechin	catechin [name]	90
1364	Catechin	catechin	exact_norm	name	CHEBI:23053	catechin	catechin [name]	90
1365	Epigallocatechin	epigallocatechin	exact_norm	name	CHEBI:68330	gallocatechin	gallocatechin [name]	90
1366	Epicatechin	epicatechin	exact_norm	name	CHEBI:90	(-)-epicatechin	(-)-epicatechin [name]	75
1367	Epicatechin-3-gallate	epicatechin-3-gallate	exact_norm	name	CHEBI:76132	(+)-catechin-3-O-gallate	(+)-catechin-3-O-gallate [name]	50
1367	Epicatechin-3-gallate	epicatechin-3-gallate	exact_norm	name	CHEBI:70255	(-)-epicatechin-3-O-gallate	(-)-epicatechin-3-O-gallate [name]	50
1368	Epigallocatechin-3-gallate	epigallocatechin-3-gallate	exact_norm	name	CHEBI:68330	gallocatechin	gallocatechin [name]	50
1368	Epigallocatechin-3-gallate	epigallocatechin-3-gallate	exact_norm	name	CHEBI:31018	(+)-gallocatechin	(+)-gallocatechin [name]	50
1368	Epigallocatechin-3-gallate	epigallocatechin-3-gallate	exact_norm	name	CHEBI:76132	(+)-catechin-3-O-gallate	(+)-catechin-3-O-gallate [name]	50
1369	Procyanidins, total	procyanidins	exact_norm	name	CHEBI:166895	procyanidin	procyanidin [name]	90
1370	Theaflavins	theaflavins	exact_norm	name	CHEBI:136609	theaflavin	theaflavin [name]	90
1371	Thearubigins	thearubigins						
1372	Flavanones, total	flavanones	exact_norm	name	CHEBI:28863	flavanones	flavanones [name]	90
1373	Eriodictyol	eriodictyol	exact_norm	name	CHEBI:28412	eriodictyol	eriodictyol [name]	90
1374	Hesperetin	hesperetin	exact_norm	name	CHEBI:28230	hesperetin	hesperetin [name]	90
1375	Isosakuranetin	isosakuranetin	exact_norm	name	CHEBI:63329	4'-methoxyflavanone	4'-methoxyflavanone [name]	75
1376	Liquiritigenin	liquiritigenin	exact_norm	name	CHEBI:28777	liquiritigenin	liquiritigenin [name]	90
1377	Naringenin	naringenin	exact_norm	name	CHEBI:50202	naringenin	naringenin [name]	90
1378	Flavones, total	flavones	exact_norm	name	CHEBI:24043	flavones	flavones [name]	90
1379	Apigenin	apigenin	exact_norm	name	CHEBI:18388	apigenin	apigenin [name]	90
1380	Chrysoeriol	chrysoeriol	exact_norm	name	CHEBI:16860	3',4',5,7-tetrahydroxy-3-methoxyflavone	3',4',5,7-tetrahydroxy-3-methoxyflavone [name]	75
1381	Diosmetin	diosmetin	exact_norm	name	CHEBI:4630	diosmetin	diosmetin [name]	90
1382	Luteolin	luteolin	exact_norm	name	CHEBI:15864	luteolin	luteolin [name]	90
1383	Nobiletin	nobiletin	exact_norm	name	CHEBI:7602	nobiletin	nobiletin [name]	90
1384	Sinensetin	sinensetin	exact_norm	name	CHEBI:9159	sinensetin	sinensetin [name]	90
1385	Tangeretin	tangeretin	exact_norm	name	CHEBI:9400	tangeretin	tangeretin [name]	90
1386	Flavonols, total	flavonols	exact_norm	name	CHEBI:28802	flavonols	flavonols [name]	90
1387	Isorhamnetin	isorhamnetin	exact_norm	name	CHEBI:6052	isorhamnetin	isorhamnetin [name]	90
1388	Kaempferol	kaempferol	exact_norm	name	CHEBI:28499	kaempferol	kaempferol [name]	90
1389	Limocitrin	limocitrin	exact_norm	name	CHEBI:168450	Limocitrin	Limocitrin [name]	90
1390	Myricetin	myricetin	exact_norm	name	CHEBI:18152	myricetin	myricetin [name]	90
1391	Quercetin	quercetin	exact_norm	name	CHEBI:16243	quercetin	quercetin [name]	90
1392	Theogallin	theogallin	exact_norm	name	CHEBI:9522	theogallin	theogallin [name]	90
1393	Theaflavin -3,3' -digallate	theaflavin-3, 3'-digallate	exact_compact	name	CHEBI:136608	Theaflavin 3,3'-digallate	Theaflavin 3,3'-digallate [name]	30
1394	Theaflavin -3' -gallate	theaflavin-3'-gallate	exact_norm	name	CHEBI:136607	Theaflavin-3-gallate	Theaflavin-3-gallate [name]	50
1395	Theaflavin -3 -gallate	theaflavin-3-gallate	exact_norm	name	CHEBI:136607	Theaflavin-3-gallate	Theaflavin-3-gallate [name]	75
1396	(+) -Gallo catechin	(+)-gallo catechin	exact_norm	name	CHEBI:68330	gallocatechin	gallocatechin [name]	50
1396	(+) -Gallo catechin	(+)-gallo catechin	exact_norm	name	CHEBI:31018	(+)-gallocatechin	(+)-gallocatechin [name]	50
1397	(+)-Catechin 3-gallate	(+)-catechin 3-gallate	exact_norm	name	CHEBI:76132	(+)-catechin-3-O-gallate	(+)-catechin-3-O-gallate [name]	50
1398	(+)-Gallocatechin 3-gallate	(+)-gallocatechin 3-gallate	exact_norm	name	CHEBI:68330	gallocatechin	gallocatechin [name]	50
1398	(+)-Gallocatechin 3-gallate	(+)-gallocatechin 3-gallate	exact_norm	name	CHEBI:31018	(+)-gallocatechin	(+)-gallocatechin [name]	50
1398	(+)-Gallocatechin 3-gallate	(+)-gallocatechin 3-gallate	exact_norm	name	CHEBI:76132	(+)-catechin-3-O-gallate	(+)-catechin-3-O-gallate [name]	50
1399	Mannose	mannose	exact_norm	name	CHEBI:37684	mannose	mannose [name]	90
1400	Triose	triose	exact_norm	name	CHEBI:27137	triose	triose [name]	90
1401	Tetrose	tetrose	exact_norm	name	CHEBI:26938	tetrose	tetrose [name]	90
1403	Inulin	inulin	exact_norm	name	CHEBI:15443	inulin	inulin [name]	90
1404	PUFA 18:3 n-3 c,c,c (ALA)	pufa 18:3 n-3 c, c, c						
1405	PUFA 20:3 n-3	pufa 20:3 n-3	exact_norm	synonym:RELATED	CHEBI:36036	fatty acid 20:3	20:3 [synonym:RELATED]	41
1405	PUFA 20:3 n-3	pufa 20:3 n-3	exact_norm	synonym:RELATED	CHEBI:53460	all-cis-icosa-11,14,17-trienoic acid	Eicosatrienoic acid [synonym:RELATED]	41
1406	PUFA 20:3 n-6	pufa 20:3 n-6	exact_norm	synonym:RELATED	CHEBI:36036	fatty acid 20:3	20:3 [synonym:RELATED]	41
1406	PUFA 20:3 n-6	pufa 20:3 n-6	exact_norm	synonym:RELATED	CHEBI:53460	all-cis-icosa-11,14,17-trienoic acid	Eicosatrienoic acid [synonym:RELATED]	41
1407	PUFA 20:4 n-3	pufa 20:4 n-3	exact_norm	name	CHEBI:15843	arachidonic acid	arachidonic acid [name]	50
1407	PUFA 20:4 n-3	pufa 20:4 n-3	exact_norm	name	CHEBI:166893	eicosatetraenoic acid	eicosatetraenoic acid [name]	50
1408	PUFA 20:4 n-6	pufa 20:4 n-6	exact_norm	name	CHEBI:15843	arachidonic acid	arachidonic acid [name]	50
1408	PUFA 20:4 n-6	pufa 20:4 n-6	exact_norm	name	CHEBI:166893	eicosatetraenoic acid	eicosatetraenoic acid [name]	50
1409	PUFA 18:3i	pufa 18:3i						
1410	PUFA 21:5	pufa 21:5						
1411	PUFA 22:4	pufa 22:4	exact_norm	name	CHEBI:61205	docosatetraenoic acid	docosatetraenoic acid [name]	50
1412	MUFA 18:1-11 t (18:1t n-7)	mufa 18:1-11 t (18:1t n-7)						
1413	MUFA 18:1-11 c (18:1c n-7)	mufa 18:1-11 c (18:1c n-7)						
1414	PUFA 20:3 n-9	pufa 20:3 n-9	exact_norm	synonym:RELATED	CHEBI:36036	fatty acid 20:3	20:3 [synonym:RELATED]	41
1414	PUFA 20:3 n-9	pufa 20:3 n-9	exact_norm	synonym:RELATED	CHEBI:53460	all-cis-icosa-11,14,17-trienoic acid	Eicosatrienoic acid [synonym:RELATED]	41
2003	SFA 5:0	sfa 5:0	exact_norm	name	CHEBI:17418	valeric acid	valeric acid [name]	50
2004	SFA 7:0	sfa 7:0	exact_norm	name	CHEBI:45571	heptanoic acid	heptanoic acid [name]	50
2005	SFA 9:0	sfa 9:0	exact_norm	name	CHEBI:29019	nonanoic acid	nonanoic acid [name]	50
2006	SFA 21:0	sfa 21:0	exact_norm	synonym:RELATED	CHEBI:39248	henicosanoic acid	heneicosanoic acid [synonym:RELATED]	41
2007	SFA 23:0	sfa 23:0	exact_norm	name	CHEBI:42394	tricosanoic acid	tricosanoic acid [name]	50
2008	MUFA 12:1	mufa 12:1	exact_norm	name	CHEBI:23867	dodecenoic acid	dodecenoic acid [name]	50
2009	MUFA 14:1 c	mufa 14:1 c	exact_norm	name	CHEBI:36004	tetradecenoic acid	tetradecenoic acid [name]	50
2010	MUFA 17:1 c	mufa 17:1 c	exact_norm	name	CHEBI:36001	heptadecenoic acid	heptadecenoic acid [name]	50
2011	TFA 17:1 t	tfa 17:1 t	exact_norm	name	CHEBI:36001	heptadecenoic acid	heptadecenoic acid [name]	50
2012	MUFA 20:1 c	mufa 20:1 c	exact_norm	synonym:RELATED	CHEBI:23902	icosenoic acid	20:1 [synonym:RELATED]	41
2012	MUFA 20:1 c	mufa 20:1 c	exact_norm	synonym:RELATED	CHEBI:32425	(11Z)-icos-11-enoic acid	Eicosenoic acid [synonym:RELATED]	41
2012	MUFA 20:1 c	mufa 20:1 c	exact_no_paren	name	CHEBI:180272	20:1(7Z)	20:1(7Z) [name]	40
2013	TFA 20:1 t	tfa 20:1 t	exact_norm	synonym:RELATED	CHEBI:23902	icosenoic acid	20:1 [synonym:RELATED]	41
2013	TFA 20:1 t	tfa 20:1 t	exact_norm	synonym:RELATED	CHEBI:32425	(11Z)-icos-11-enoic acid	Eicosenoic acid [synonym:RELATED]	41
2013	TFA 20:1 t	tfa 20:1 t	exact_no_paren	name	CHEBI:180272	20:1(7Z)	20:1(7Z) [name]	40
2014	MUFA 22:1 n-9	mufa 22:1 n-9	exact_norm	name	CHEBI:36031	docosenoic acid	docosenoic acid [name]	50
2015	MUFA 22:1 n-11	mufa 22:1 n-11						
2016	PUFA 18:2 c	pufa 18:2 c	exact_norm	name	CHEBI:25627	octadecadienoic acid	octadecadienoic acid [name]	50
2017	TFA 18:2 t	tfa 18:2 t	exact_norm	name	CHEBI:25627	octadecadienoic acid	octadecadienoic acid [name]	50
2018	PUFA 18:3 c	pufa 18:3 c	exact_norm	name	CHEBI:25633	octadecatrienoic acid	octadecatrienoic acid [name]	50
2019	TFA 18:3 t	tfa 18:3 t	exact_norm	name	CHEBI:25633	octadecatrienoic acid	octadecatrienoic acid [name]	50
2020	PUFA 20:3 c	pufa 20:3 c	exact_norm	synonym:RELATED	CHEBI:36036	fatty acid 20:3	20:3 [synonym:RELATED]	41
2020	PUFA 20:3 c	pufa 20:3 c	exact_norm	synonym:RELATED	CHEBI:53460	all-cis-icosa-11,14,17-trienoic acid	Eicosatrienoic acid [synonym:RELATED]	41
2021	PUFA 22:3	pufa 22:3	exact_norm	name	CHEBI:82846	docosatrienoic acid	docosatrienoic acid [name]	50
2022	PUFA 20:4c	pufa 20:4c						
2023	PUFA 20:5c	pufa 20:5c						
2024	PUFA 22:5 c	pufa 22:5 c	exact_norm	name	CHEBI:61204	docosapentaenoic acid	docosapentaenoic acid [name]	50
2025	PUFA 22:6 c	pufa 22:6 c	exact_norm	name	CHEBI:36005	docosahexaenoic acid	docosahexaenoic acid [name]	50
2025	PUFA 22:6 c	pufa 22:6 c	exact_norm	synonym:EXACT	CHEBI:28125	all-cis-docosa-4,7,10,13,16,19-hexaenoic acid	Docosahexaenoic acid [synonym:EXACT]	47
2026	PUFA 20:2 c	pufa 20:2 c	exact_norm	synonym:RELATED	CHEBI:72850	icosadienoic acid	20:2 [synonym:RELATED]	41
2026	PUFA 20:2 c	pufa 20:2 c	exact_norm	synonym:RELATED	CHEBI:73731	(11Z,14Z)-icosadienoic acid	Eicosadienoic acid [synonym:RELATED]	41
2026	PUFA 20:2 c	pufa 20:2 c	exact_no_paren	name	CHEBI:180353	20:2(6,11)	20:2(6,11) [name]	40
2026	PUFA 20:2 c	pufa 20:2 c	exact_no_paren	name	CHEBI:180354	20:2(5Z,9Z)	20:2(5Z,9Z) [name]	40
2026	PUFA 20:2 c	pufa 20:2 c	exact_no_paren	name	CHEBI:180349	20:2(7Z,14Z)	20:2(7Z,14Z) [name]	40
2026	PUFA 20:2 c	pufa 20:2 c	exact_no_paren	name	CHEBI:180350	20:2(5Z,13Z)	20:2(5Z,13Z) [name]	40
2026	PUFA 20:2 c	pufa 20:2 c	exact_no_paren	name	CHEBI:180351	20:2(5Z,11Z)	20:2(5Z,11Z) [name]	40
2026	PUFA 20:2 c	pufa 20:2 c	exact_no_paren	name	CHEBI:180352	20:2(5Z,15Z)	20:2(5Z,15Z) [name]	40
2026	PUFA 20:2 c	pufa 20:2 c	exact_no_paren	name	CHEBI:188020	20:2(5Z,9Z)(11Me,15Me,19Me)	20:2(5Z,9Z)(11Me,15Me,19Me) [name]	40
2032	Cryptoxanthin, alpha	cryptoxanthin, alpha	exact_norm	name	CHEBI:10223	alpha-cryptoxanthin	alpha-cryptoxanthin [name]	50
2049	Daidzin	daidzin	exact_norm	synonym:RELATED	CHEBI:42202	daidzein 7-O-beta-D-glucoside	daidzein 7-glucoside [synonym:RELATED]	41
2050	Genistin	genistin	exact_norm	synonym:RELATED	CHEBI:27514	genistein 7-O-beta-D-glucoside	Genistein 7-glucoside [synonym:RELATED]	41
2051	Glycitin	glycitin	exact_norm	name	CHEBI:80373	glycitin	glycitin [name]	90
2052	Delta-7-Stigmastenol	delta-7-stigmastenol						
2053	Stigmastadiene	stigmastadiene	exact_norm	name	CHEBI:26773	stigmastane	stigmastane [name]	90
2057	Ergothioneine	ergothioneine	exact_norm	name	CHEBI:4828	ergothioneine	ergothioneine [name]	90
2058	Beta-glucan	beta-glucan	exact_norm	synonym:RELATED	CHEBI:28793	beta-D-glucan	beta-Glucan [synonym:RELATED]	41
2059	Vitamin D4	vitamin d4	exact_norm	name	CHEBI:33237	vitamin D4	vitamin D4 [name]	100
2060	Ergosta-7-enol	ergosta-7-enol	exact_norm	name	CHEBI:203383	Ergost-7-en-3beta-ol	Ergost-7-en-3beta-ol [name]	50
2061	Ergosta-7,22-dienol	ergosta-7, 22-dienol						
2062	Ergosta-5,7-dienol	ergosta-5, 7-dienol	exact_norm	name	CHEBI:66918	ergosta-5,7-dien-3beta-ol	ergosta-5,7-dien-3beta-ol [name]	50
2063	Verbascose	verbascose	exact_norm	name	CHEBI:28586	verbascose	verbascose [name]	90
2069	Glutathione	glutathione	exact_norm	name	CHEBI:16856	glutathione	glutathione [name]	90
95000	Formic acid	formic acid	exact_norm	name	CHEBI:30751	formic acid	formic acid [name]	75
95001	Gluconic acid	gluconic acid	exact_norm	name	CHEBI:24266	gluconic acid	gluconic acid [name]	75
95002	Malonic acid	malonic acid	exact_norm	name	CHEBI:30794	malonic acid	malonic acid [name]	75
95003	alpha-Ketoglutaric acid	alpha-ketoglutaric acid	exact_norm	synonym:RELATED	CHEBI:30915	2-oxoglutaric acid	alpha-Ketoglutaric acid [synonym:RELATED]	41
95004	Orotic acid	orotic acid	exact_norm	name	CHEBI:16742	orotic acid	orotic acid [name]	75
95005	Ferulic acid	ferulic acid	exact_norm	name	CHEBI:193350	ferulic acid	ferulic acid [name]	75
95006	Tannin	tannin	exact_norm	name	CHEBI:26848	tannin	tannin [name]	90
95007	Polyphenol	polyphenol	exact_norm	name	CHEBI:26195	polyphenol	polyphenol [name]	90
96000	(+)-Catechin	(+)-catechin	exact_norm	name	CHEBI:15600	(+)-catechin	(+)-catechin [name]	75
96000	(+)-Catechin	(+)-catechin	exact_compact	name	CHEBI:23053	catechin	catechin [name]	70
96001	(+)-Gallocatechin	(+)-gallocatechin	exact_norm	name	CHEBI:31018	(+)-gallocatechin	(+)-gallocatechin [name]	75
96001	(+)-Gallocatechin	(+)-gallocatechin	exact_compact	name	CHEBI:68330	gallocatechin	gallocatechin [name]	70
96002	(-)-Epicatechin	-epicatechin	exact_norm	name	CHEBI:90	(-)-epicatechin	(-)-epicatechin [name]	75
96003	(-)-Epicatechin 3-O-gallate	-epicatechin 3-o-gallate	exact_norm	name	CHEBI:76132	(+)-catechin-3-O-gallate	(+)-catechin-3-O-gallate [name]	50
96003	(-)-Epicatechin 3-O-gallate	-epicatechin 3-o-gallate	exact_norm	name	CHEBI:70255	(-)-epicatechin-3-O-gallate	(-)-epicatechin-3-O-gallate [name]	50
96004	(-)-Epigallocatechin	-epigallocatechin	exact_norm	name	CHEBI:42255	(-)-epigallocatechin	(-)-epigallocatechin [name]	75
96005	(-)-Epigallocatechin 3-O-gallate	-epigallocatechin 3-o-gallate	exact_norm	name	CHEBI:68330	gallocatechin	gallocatechin [name]	50
96005	(-)-Epigallocatechin 3-O-gallate	-epigallocatechin 3-o-gallate	exact_norm	name	CHEBI:31018	(+)-gallocatechin	(+)-gallocatechin [name]	50
96005	(-)-Epigallocatechin 3-O-gallate	-epigallocatechin 3-o-gallate	exact_norm	name	CHEBI:76132	(+)-catechin-3-O-gallate	(+)-catechin-3-O-gallate [name]	50
96006	02 mers	02 mers						
96007	03 mers	03 mers						
96008	04-06 mers	04-06 mers						
96009	07-10 mers	07-10 mers						
96010	1,4-Naphtoquinone	1, 4-naphtoquinone						
96011	13-cis-retinol	13-cis-retinol	exact_norm	name	CHEBI:45479	13-cis-retinol	13-cis-retinol [name]	75
96012	2,3-Dihydroxy-1-guaiacylpropanone	2, 3-dihydroxy-1-guaiacylpropanone						
96013	25-hydroxy D2-vitamin	25-hydroxy d2-vitamin						
96014	25-hydroxy D3-vitamin	25-hydroxy d3-vitamin						
96015	25-hydroxy Vitamin D2	25-hydroxy vitamin d2	exact_norm	name	CHEBI:28934	vitamin D2	vitamin D2 [name]	75
96016	25-hydroxy vitamin D3	25-hydroxy vitamin d3	exact_norm	synonym:RELATED	CHEBI:28940	calciol	Vitamin D3 [synonym:RELATED]	66
96018	3,7-Dimethylquercetin	3, 7-dimethylquercetin						
96019	3-Methylcatechol	3-methylcatechol	exact_norm	name	CHEBI:18404	3-methylcatechol	3-methylcatechol [name]	75
96020	3_alpha	3_alpha						
96021	4-Ethylcatechol	4-ethylcatechol	exact_norm	synonym:RELATED	CHEBI:179260	4-Ethyl-1,2-benzenediol	4-ethylcatechol [synonym:RELATED]	41
96022	4-Ethylguaiacol	4-ethylguaiacol						
96023	4-Ethylphenol	4-ethylphenol	exact_norm	name	CHEBI:49584	4-ethylphenol	4-ethylphenol [name]	75
96024	4-Hydroxybenzaldehyde	4-hydroxybenzaldehyde	exact_norm	name	CHEBI:17597	4-hydroxybenzaldehyde	4-hydroxybenzaldehyde [name]	75
96025	4-Hydroxycoumarin	4-hydroxycoumarin	exact_norm	name	CHEBI:40070	4-hydroxycoumarin	4-hydroxycoumarin [name]	75
96026	4-Methylcatechol	4-methylcatechol	exact_norm	name	CHEBI:17254	4-methylcatechol	4-methylcatechol [name]	75
96027	4-Vinylguaiacol	4-vinylguaiacol	exact_norm	synonym:RELATED	CHEBI:42438	2-methoxy-4-vinylphenol	4-vinylguaiacol [synonym:RELATED]	41
96028	4-Vinylphenol	4-vinylphenol	exact_norm	synonym:RELATED	CHEBI:1883	4-hydroxystyrene	4-Vinylphenol [synonym:RELATED]	41
96029	5-Heneicosenylresorcinol	5-heneicosenylresorcinol						
96030	5-Heneicosylresorcinol	5-heneicosylresorcinol						
96031	5-Heptadecylresorcinol	5-heptadecylresorcinol	exact_norm	name	CHEBI:145967	5-heptadecylresorcinol	5-heptadecylresorcinol [name]	75
96032	5-mehtyl folate	5-mehtyl folate	exact_norm	name	CHEBI:27470	folic acid	folic acid [name]	50
96032	5-mehtyl folate	5-mehtyl folate	exact_norm	name	CHEBI:67016	tetrahydrofolate	tetrahydrofolate [name]	50
96033	5-Nonadecenylresorcinol	5-nonadecenylresorcinol						
96034	5-Nonadecylresorcinol	5-nonadecylresorcinol						
96035	5-Pentacosenylresorcinol	5-pentacosenylresorcinol						
96036	5-Pentacosylresorcinol	5-pentacosylresorcinol						
96037	5-Pentadecylresorcinol	5-pentadecylresorcinol	exact_norm	synonym:RELATED	CHEBI:2120	cardol	5-Pentadecylresorcinol [synonym:RELATED]	41
96038	5-Tricosenylresorcinol	5-tricosenylresorcinol						
96039	5-Tricosylresorcinol	5-tricosylresorcinol	exact_norm	name	CHEBI:145969	5-tricosylresorcinol	5-tricosylresorcinol [name]	75
96040	6-Geranylnaringenin	6-geranylnaringenin						
96041	6-Prenylnaringenin	6-prenylnaringenin	exact_norm	name	CHEBI:27566	6-prenylnaringenin	6-prenylnaringenin [name]	75
96042	8-Prenylnaringenin	8-prenylnaringenin	exact_norm	synonym:RELATED	CHEBI:50207	sophoraflavanone B	8-Prenylnaringenin [synonym:RELATED]	41
96043	A-vitamin	a-vitamin						
96044	AA (pernitrogen)	a	exact_norm	synonym:RELATED	CHEBI:16449	alanine	A [synonym:RELATED]	41
96044	AA (pernitrogen)	a	exact_norm	synonym:RELATED	CHEBI:16708	adenine	A [synonym:RELATED]	41
96044	AA (pernitrogen)	a	exact_norm	synonym:RELATED	CHEBI:15339	acceptor	A [synonym:RELATED]	41
96044	AA (pernitrogen)	a	exact_norm	synonym:RELATED	CHEBI:16977	L-alanine	A [synonym:RELATED]	41
96044	AA (pernitrogen)	a	exact_norm	synonym:RELATED	CHEBI:15843	arachidonic acid	AA [synonym:RELATED]	41
96044	AA (pernitrogen)	a	exact_norm	synonym:RELATED	CHEBI:13193	hydrogen acceptor	A [synonym:RELATED]	41
96044	AA (pernitrogen)	a	exact_norm	synonym:RELATED	CHEBI:46217	L-alanine residue	A [synonym:RELATED]	41
96044	AA (pernitrogen)	a	exact_norm	synonym:RELATED	CHEBI:62885	adenosine residue	A [synonym:RELATED]	41
96044	AA (pernitrogen)	a	exact_norm	synonym:RELATED	CHEBI:72816	L-alanyl-L-alanine	AA [synonym:RELATED]	41
96045	AAA	aaa						
96046	AAE-	aae-						
96047	AAE8	aae8						
96048	AANE	aane						
96049	AAS	aas						
96050	AAT-	aat-						
96051	AAT18	aat18						
96052	AAT19	aat19						
96053	AAT24	aat24						
96054	ACEAC	aceac						
96055	ACW	acw						
96057	ALA	ala	exact_norm	synonym:RELATED	CHEBI:16449	alanine	ALA [synonym:RELATED]	56
96058	ALA_A_ARG	ala_a_arg						
96059	Alanin	alanin	exact_norm	synonym:RELATED	CHEBI:16449	alanine	Alanin [synonym:RELATED]	56
96060	ALBU	albu						
96061	ALC	alc						
96062	Alcohol	alcohol	exact_norm	name	CHEBI:30879	alcohol	alcohol [name]	90
96063	Alcool	alcool						
96064	Alfa-carotene	alfa-carotene						
96065	alfa-Tokoferol	alfa-tokoferol						
96066	alfa-Tokotrienol	alfa-tokotrienol						
96067	alim_grp_nom_eng	alim_grp_nom_eng						
96068	alim_nom_eng	alim_nom_eng						
96069	alim_nom_sci	alim_nom_sci						
96070	alim_ssgrp_nom_eng	alim_ssgrp_nom_eng						
96071	alim_ssssgrp_nom_eng	alim_ssssgrp_nom_eng						
96072	Alkohol	alkohol						
96073	Alkylmethoxyphenols	alkylmethoxyphenols						
96074	Alkylphenols	alkylphenols						
96075	All-trans-retinol	all-trans-retinol	exact_norm	name	CHEBI:17336	all-trans-retinol	all-trans-retinol [name]	75
96076	Alpha-carotene	alpha-carotene	exact_norm	name	CHEBI:28425	alpha-carotene	alpha-carotene [name]	75
96077	Alpha-carotène	alpha-carotène						
96078	Alpha-tocopherol	alpha-tocopherol	exact_norm	name	CHEBI:22470	alpha-tocopherol	alpha-tocopherol [name]	75
96079	Alpha-tocopherol (vitamine E)	alpha-tocopherol	exact_norm	name	CHEBI:22470	alpha-tocopherol	alpha-tocopherol [name]	75
96080	Alpha-tocophérol	alpha-tocophérol						
96081	Alpha-tocotrienol	alpha-tocotrienol	exact_norm	name	CHEBI:33270	alpha-tocotrienol	alpha-tocotrienol [name]	75
96082	Aluminium	aluminium	exact_norm	synonym:EXACT	CHEBI:28984	aluminium atom	Aluminium [synonym:EXACT]	117
96083	Aminosyrer og Nitrogen	aminosyrer og nitrogen						
96084	AMMON	ammon						
96085	AMYS	amys						
96086	Analytical/Biodiversity	analytical/biodiversity						
96087	Andre fedtsyrer	andre fedtsyrer						
96088	ANTCYAN	antcyan						
96089	ANTCYANIN	antcyanin						
96090	Anthocyanins	anthocyanins	exact_norm	name	CHEBI:38697	anthocyanin	anthocyanin [name]	90
96091	ANTHX	anthx						
96093	ARAS	aras						
96094	Arctigenin	arctigenin						
96095	ARG	arg	exact_norm	synonym:RELATED	CHEBI:32695	argininate	arg(-) [synonym:RELATED]	56
96096	Arginin	arginin	exact_norm	synonym:RELATED	CHEBI:29016	arginine	Arginin [synonym:RELATED]	56
96097	Arsen	arsen	exact_norm	synonym:RELATED	CHEBI:27563	arsenic atom	Arsen [synonym:RELATED]	71
96098	ASCDL	ascdl						
96099	ASCL	ascl						
96100	Ascorbinsyre	ascorbinsyre						
96101	Aske	aske						
96102	ASN	asn						
96103	ASN_A_ASP	asn_a_asp						
96104	ASP	asp	exact_norm	synonym:RELATED	CHEBI:32660	asparaginate	asp(-) [synonym:RELATED]	56
96105	Asparaginsyre	asparaginsyre						
96106	ATX	atx						
96107	AVED5	aved5						
96108	B12-vitamin	b12-vitamin	exact_compact	name	CHEBI:75769	B vitamin	B vitamin [name]	55
96109	B6-vitamin	b6-vitamin	exact_compact	name	CHEBI:75769	B vitamin	B vitamin [name]	55
96110	BENAC	benac						
96111	Benzosyre	benzosyre						
96112	beta-Caroten	beta-caroten						
96113	Beta-carotene	beta-carotene	exact_norm	name	CHEBI:17579	beta-carotene	beta-carotene [name]	75
96114	Beta-cryptoxanthin	beta-cryptoxanthin	exact_norm	name	CHEBI:10362	beta-cryptoxanthin	beta-cryptoxanthin [name]	75
96115	Beta-tocopherol	beta-tocopherol	exact_norm	name	CHEBI:47771	beta-tocopherol	beta-tocopherol [name]	75
96116	beta-Tokoferol	beta-tokoferol						
96117	Bevat sporen van/Contains traces of	bevat sporen van/contains traces of						
96118	Bibliography	bibliography						
96119	Bioactive constituents	bioactive constituents						
96120	Biogene aminer	biogene aminer						
96121	Biogenic amines	biogenic amines						
96122	BIOT	biot						
96123	Bly	bly						
96124	Bor	bor	exact_norm	synonym:RELATED	CHEBI:27560	boron atom	Bor [synonym:RELATED]	71
96125	Branched chain FA /100g FA	branched chain fa/100g fa						
96126	BRASTR	brastr						
96127	BRD	brd						
96128	Breed	breed						
96129	Brom	brom	exact_norm	synonym:RELATED	CHEBI:22927	bromine atom	Brom [synonym:RELATED]	71
96130	Bêta-carotène	bêta-carotène						
96131	Bêta-cryptoxanthine	bêta-cryptoxanthine						
96132	Bêta-tocophérol	bêta-tocophérol						
96133	C-vitamin	c-vitamin						
96134	C10:0	c10:0	exact_norm	synonym:RELATED	CHEBI:30813	decanoic acid	C10:0 [synonym:RELATED]	41
96135	C10:0 /100g FA	c10:0/100g fa						
96136	C10:1 /100g FA	c10:1/100g fa						
96137	C10:1 cis	c10:1 cis						
96138	C10:1 trans	c10:1 trans						
96139	C11:0	c11:0						
96140	C11:0 ex Br /100g FA	c11:0 ex br/100g fa						
96141	C12:0	c12:0	exact_norm	synonym:RELATED	CHEBI:30805	dodecanoic acid	C12:0 [synonym:RELATED]	41
96142	C12:0 /100g FA	c12:0/100g fa						
96143	C12:0 ex Br /100g FA	c12:0 ex br/100g fa						
96144	C12:1 /100g FA	c12:1/100g fa						
96145	C12:1 cis	c12:1 cis						
96146	C12:1 trans	c12:1 trans						
96147	C12:1,n-1	c12:1, n-1						
96148	C13:0	c13:0	exact_norm	synonym:RELATED	CHEBI:45919	tridecanoic acid	C13:0 [synonym:RELATED]	41
96149	C13:0 /100g FA	c13:0/100g fa						
96150	C13:0 ex Br /100g FA	c13:0 ex br/100g fa						
96151	C14:0	c14:0						
96152	C14:0 /100g FA	c14:0/100g fa						
96153	C14:0 ex Br /100g FA	c14:0 ex br/100g fa						
96154	C14:1 /100g FA	c14:1/100g fa						
96155	C14:1 cis	c14:1 cis						
96156	C14:1 trans	c14:1 trans						
96157	C14:1,n-5	c14:1, n-5						
96158	C14:1,n-5,trans	c14:1, n-5, trans						
96159	C15:0	c15:0	exact_norm	synonym:RELATED	CHEBI:42504	pentadecanoic acid	C15:0 [synonym:RELATED]	41
96160	C15:0 /100g FA	c15:0/100g fa						
96161	C15:0 ex Br /100g FA	c15:0 ex br/100g fa						
96162	C15:1 /100g FA	c15:1/100g fa						
96163	C15:1,n-5	c15:1, n-5	exact_norm	synonym:RELATED	CHEBI:75087	10-pentadecenoic acid	C15:1, n-5 [synonym:RELATED]	41
96164	C16:0	c16:0	exact_norm	synonym:RELATED	CHEBI:15756	hexadecanoic acid	C16:0 [synonym:RELATED]	41
96165	C16:0 /100g FA	c16:0/100g fa						
96166	C16:0 ex Br /100g FA	c16:0 ex br/100g fa						
96167	C16:1 /100g FA	c16:1/100g fa						
96168	C16:1 cis	c16:1 cis						
96169	C16:1 trans	c16:1 trans						
96170	C16:1,n-7	c16:1, n-7						
96171	C16:1,n-7,trans	c16:1, n-7, trans						
96172	C16:2 /100g FA	c16:2/100g fa						
96173	C16:4 /100g FA	c16:4/100g fa						
96174	C17:0	c17:0	exact_norm	synonym:RELATED	CHEBI:32365	heptadecanoic acid	C17:0 [synonym:RELATED]	41
96174	C17:0	c17:0	exact_norm	synonym:RELATED	CHEBI:70850	isoheptadecanoic acid	C17:0 (iso) [synonym:RELATED]	41
96175	C17:0 /100g FA	c17:0/100g fa						
96176	C17:0 ex Br /100g FA	c17:0 ex br/100g fa						
96177	C17:1 /100g FA	c17:1/100g fa						
96178	C17:1,n-7	c17:1, n-7	exact_no_commas	synonym:RELATED	CHEBI:75098	10-heptadecenoic acid	C17:1 n-7 [synonym:RELATED]	36
96179	C18:0	c18:0	exact_norm	synonym:RELATED	CHEBI:28842	octadecanoic acid	C18:0 [synonym:RELATED]	41
96180	C18:0 /100g FA	c18:0/100g fa						
96181	C18:0 ex Br /100g FA	c18:0 ex br/100g fa						
96182	C18:1 /100g FA	c18:1/100g fa						
96183	C18:1 cis	c18:1 cis						
96184	C18:1,n-12	c18:1, n-12						
96185	C18:1,n-7	c18:1, n-7						
96186	C18:1,n-9	c18:1, n-9	exact_norm	synonym:RELATED	CHEBI:36021	octadec-9-enoic acid	C18:1, n-9 [synonym:RELATED]	41
96186	C18:1,n-9	c18:1, n-9	exact_no_commas	synonym:RELATED	CHEBI:16196	oleic acid	C18:1 n-9 [synonym:RELATED]	36
96187	C18:1,trans	c18:1, trans	exact_no_paren	synonym:RELATED	CHEBI:50572	trans-octadec-2-enoic acid	C18:1 (n-16), trans [synonym:RELATED]	31
96188	C18:2 /100g FA	c18:2/100g fa						
96189	C18:2 cis trans	c18:2 cis trans						
96190	C18:2 n-6 trans	c18:2 n-6 trans						
96191	C18:2 n-9 cis	c18:2 n-9 cis						
96192	C18:2 remainder	c18:2 remainder						
96193	C18:2 trans cis	c18:2 trans cis						
96194	C18:2,conjugated	c18:2, conjugated						
96195	C18:2,konjugeret	c18:2, konjugeret						
96196	C18:2,n-6	c18:2, n-6						
96197	C18:2,trans	c18:2, trans						
96198	C18:3 /100g FA	c18:3/100g fa						
96199	C18:3 n-3 cis (ALA)	c18:3 n-3 cis						
96200	C18:3 n-3 trans	c18:3 n-3 trans						
96201	C18:3 n-6 cis	c18:3 n-6 cis						
96202	C18:3,n-3	c18:3, n-3						
96203	C18:3,n-6	c18:3, n-6						
96204	C18:3,trans	c18:3, trans						
96205	C18:4 /100g FA	c18:4/100g fa						
96206	C18:4 n-3 cis	c18:4 n-3 cis						
96207	C18:4,n-3	c18:4, n-3						
96208	C19:0	c19:0	exact_norm	synonym:RELATED	CHEBI:39246	nonadecanoic acid	C19:0 [synonym:RELATED]	41
96209	C19:0 /100g FA	c19:0/100g fa						
96210	C20:0	c20:0	exact_norm	synonym:RELATED	CHEBI:28822	icosanoic acid	C20:0 [synonym:RELATED]	41
96211	C20:0 /100g FA	c20:0/100g fa						
96212	C20:0 ex Br /100g FA	c20:0 ex br/100g fa						
96213	C20:1 /100g FA	c20:1/100g fa						
96214	C20:1 cis	c20:1 cis						
96215	C20:1 trans	c20:1 trans						
96216	C20:1,n-11	c20:1, n-11						
96217	C20:1,n-15	c20:1, n-15						
96218	C20:1,n-9	c20:1, n-9						
96219	C20:1,trans	c20:1, trans						
96220	C20:2 /100g FA	c20:2/100g fa						
96221	C20:2 n-6 cis	c20:2 n-6 cis						
96222	C20:2 n-6 trans	c20:2 n-6 trans						
96223	C20:2,n-6	c20:2, n-6						
96224	C20:3 /100g FA	c20:3/100g fa						
96225	C20:3 n-3 cis	c20:3 n-3 cis						
96226	C20:3 n-6 cis	c20:3 n-6 cis						
96227	C20:3 n-9 cis	c20:3 n-9 cis						
96228	C20:3,n-3	c20:3, n-3						
96229	C20:3,n-6	c20:3, n-6						
96230	C20:4 /100g FA	c20:4/100g fa						
96231	C20:4 n-3 cis	c20:4 n-3 cis						
96232	C20:4 n-6 cis	c20:4 n-6 cis						
96233	C20:4,n-3	c20:4, n-3						
96234	C20:4,n-6	c20:4, n-6						
96235	C20:5 /100g FA	c20:5/100g fa						
96236	C20:5 n-3 cis (EPA)	c20:5 n-3 cis						
96237	C20:5,n-3	c20:5, n-3						
96238	C21:0	c21:0	exact_norm	synonym:RELATED	CHEBI:39248	henicosanoic acid	C21:0 [synonym:RELATED]	41
96239	C21:5 /100g FA	c21:5/100g fa						
96240	C21:5 n-3 all-cis	c21:5 n-3 all-cis						
96241	C21:5,n-3	c21:5, n-3						
96242	C22:0	c22:0						
96243	C22:0 /100g FA	c22:0/100g fa						
96244	C22:0 ex Br /100g FA	c22:0 ex br/100g fa						
96245	C22:1 /100g FA	c22:1/100g fa						
96246	C22:1 cis	c22:1 cis						
96247	C22:1 trans	c22:1 trans						
96248	C22:1,n-11	c22:1, n-11						
96249	C22:1,n-9	c22:1, n-9						
96250	C22:1,trans	c22:1, trans						
96251	C22:2 /100g FA	c22:2/100g fa						
96252	C22:2 n-3 cis	c22:2 n-3 cis						
96253	C22:2 n-6 cis	c22:2 n-6 cis						
96254	C22:2,n-6	c22:2, n-6						
96255	C22:3 n-3 cis	c22:3 n-3 cis						
96256	C22:3,n-3	c22:3, n-3						
96257	C22:4 /100g FA	c22:4/100g fa						
96258	C22:4 n-6 cis	c22:4 n-6 cis						
96259	C22:4,n-6	c22:4, n-6						
96260	C22:5 /100g FA	c22:5/100g fa						
96261	C22:5 n-3 cis (DPA)	c22:5 n-3 cis						
96262	C22:5 n-6 cis	c22:5 n-6 cis						
96263	C22:5,n-3	c22:5, n-3						
96264	C22:5,n-6	c22:5, n-6						
96265	C22:6 /100g FA	c22:6/100g fa						
96266	C22:6 n-3 cis (DHA)	c22:6 n-3 cis						
96267	C22:6,n-3	c22:6, n-3						
96268	C23:0	c23:0						
96269	C24:0	c24:0						
96270	C24:0 /100g FA	c24:0/100g fa						
96271	C24:0 ex Br /100g FA	c24:0 ex br/100g fa						
96272	C24:1 /100g FA	c24:1/100g fa						
96273	C24:1 cis	c24:1 cis						
96274	C24:1 trans	c24:1 trans						
96275	C24:1,n-9	c24:1, n-9						
96276	C24:2 n-6 ciscis	c24:2 n-6 ciscis						
96277	C25:0	c25:0	exact_no_paren	synonym:RELATED	CHEBI:84376	pentacosanoate	C25:0(1-) [synonym:RELATED]	31
96278	C25:0 ex Br /100g FA	c25:0 ex br/100g fa						
96279	C26:0	c26:0	exact_norm	synonym:RELATED	CHEBI:31009	hexacosanoic acid	C26:0 [synonym:RELATED]	41
96280	C4:0	c4:0	exact_norm	synonym:RELATED	CHEBI:30772	butyric acid	C4:0 [synonym:RELATED]	41
96281	C4:0 /100g FA	c4:0/100g fa						
96282	C6:0	c6:0	exact_norm	synonym:RELATED	CHEBI:30776	hexanoic acid	C6:0 [synonym:RELATED]	41
96283	C6:0 /100g FA	c6:0/100g fa						
96284	C8:0	c8:0	exact_norm	synonym:RELATED	CHEBI:28837	octanoic acid	C8:0 [synonym:RELATED]	41
96285	C8:0 /100g FA	c8:0/100g fa						
96286	Cadaverin	cadaverin						
96287	Cadaverine	cadaverine	exact_norm	name	CHEBI:18127	cadaverine	cadaverine [name]	90
96288	CADAVT	cadavt						
96289	CAFFAC	caffac						
96290	CAFFAC.1	caffac.1						
96291	CAFFN	caffn						
96292	CAMT	camt						
96293	CAROT	carot						
96294	CARTA	carta						
96295	CARTB	cartb						
96296	CARTBCIS	cartbcis						
96297	CARTBEQ	cartbeq						
96298	CARTBTOT	cartbtot						
96299	CARTBTRANS	cartbtrans						
96300	CARTG	cartg						
96301	CAS_Nr	cas_nr						
96302	CASN	casn						
96303	CATEC	catec						
96304	Catechol	catechol	exact_norm	name	CHEBI:18135	catechol	catechol [name]	90
96305	CATECT	catect						
96306	CELLU	cellu						
96307	Chalcones	chalcones	exact_norm	name	CHEBI:23086	chalcones	chalcones [name]	90
96308	ChEBI	chebi						
96309	ChEMBL	chembl						
96310	CHITIN	chitin	exact_norm	name	CHEBI:17029	chitin	chitin [name]	90
96311	CHLNP	chlnp						
96312	CHLRAC	chlrac						
96313	CHO	cho						
96314	CHO-	cho-						
96315	CHOAVL	choavl						
96316	CHOAVL-	choavl-						
96317	CHOAVLDF	choavldf						
96318	CHOAVLM	choavlm						
96319	CHOAVLO	choavlo						
96320	CHOCAL	chocal						
96321	CHOCAL(IU)	chocal						
96322	CHOCALOH	chocaloh						
96323	CHOCDF	chocdf						
96324	CHOL-	chol-						
96325	CHOLE	chole						
96326	Cholecalciferol	cholecalciferol	exact_norm	synonym:RELATED	CHEBI:28940	calciol	Vitamin D3 [synonym:RELATED]	66
96327	Cholecalciferol (Vit D3)	cholecalciferol (vit d3)	exact_norm	synonym:RELATED	CHEBI:28940	calciol	Vitamin D3 [synonym:RELATED]	41
96328	CHOLEST	cholest						
96329	Cholestérol	cholestérol						
96330	Cholin	cholin						
96331	Choline and derivatives	choline and derivatives	exact_norm	synonym:EXACT	CHEBI:176856	N-dimethylethanolamine	2-hydroxyethyl(dimethyl)azanium [synonym:EXACT]	47
96332	CHOLN	choln						
96333	CHORL	chorl						
96334	CHOT	chot						
96335	CINAC	cinac						
96336	Cinnamtannin A2	cinnamtannin a2	exact_norm	name	CHEBI:81227	cinnamtannin A2	cinnamtannin A2 [name]	75
96337	cis C10:1 /100g FA	cis c10:1/100g fa						
96338	cis C12:1 /100g FA	cis c12:1/100g fa						
96339	cis C14:1 /100g FA	cis c14:1/100g fa						
96340	cis C15:1 /100g FA	cis c15:1/100g fa						
96341	cis C16:1 /100g FA	cis c16:1/100g fa						
96342	cis C16:2 /100g FA	cis c16:2/100g fa						
96343	cis C16:3 /100g FA	cis c16:3/100g fa						
96344	cis C16:4 /100g FA	cis c16:4/100g fa						
96345	cis C17:1 /100g FA	cis c17:1/100g fa						
96346	cis C18:1 /100g FA	cis c18:1/100g fa						
96347	cis C20:1 /100g FA	cis c20:1/100g fa						
96348	cis C22:1 /100g FA	cis c22:1/100g fa						
96349	cis C24:1 /100g FA	cis c24:1/100g fa						
96350	cis n-3 C18:3 /100g FA	cis n-3 c18:3/100g fa						
96351	cis n-3 C18:4 /100g FA	cis n-3 c18:4/100g fa						
96352	cis n-3 C20:5 /100g FA	cis n-3 c20:5/100g fa						
96353	cis n-3 C21:5 /100g FA	cis n-3 c21:5/100g fa						
96354	cis n-3 C22:5 /100g FA	cis n-3 c22:5/100g fa						
96355	cis n-3 C22:6 /100g FA	cis n-3 c22:6/100g fa						
96356	cis n-6 C18:2 /100g FA	cis n-6 c18:2/100g fa						
96357	cis n-6 C18:3 /100g FA	cis n-6 c18:3/100g fa						
96358	cis n-6 C20:2 /100g FA	cis n-6 c20:2/100g fa						
96359	cis n-6 C20:3 /100g FA	cis n-6 c20:3/100g fa						
96360	cis n-6 C20:4 /100g FA	cis n-6 c20:4/100g fa						
96361	cis n-6 C22:2 /100g FA	cis n-6 c22:2/100g fa						
96362	cis n-6 C22:3 /100g FA	cis n-6 c22:3/100g fa						
96363	cis n-6 C22:4 /100g FA	cis n-6 c22:4/100g fa						
96367	cis/trans C18:1n-7 /100g FA	cis/trans c18:1n-7/100g fa						
96368	cis/trans C18:1n-9 /100g FA	cis/trans c18:1n-9/100g fa						
96369	cis/trans C22:1n-11 /100g FA	cis/trans c22:1n-11/100g fa						
96370	cis/trans C22:1n-9 /100g FA	cis/trans c22:1n-9/100g fa						
96371	CITAC	citac						
96372	Citronsyre	citronsyre						
96373	CLD	cld						
96374	cLogP	clogp						
96375	Cobalamin (Vit B12)	cobalamin (vit b12)	exact_no_paren	name	CHEBI:30411	cobalamin	cobalamin [name]	80
96376	Cobolt	cobolt						
96377	Comments	comments						
96378	Compiler	compiler						
96379	Component	component						
96380	Component in English	component in english						
96381	Component in French	component in french						
96382	Composant en anglais	composant en anglais						
96383	Composant en français	composant en français						
96384	compound	compound						
96385	const_nom_eng	const_nom_eng						
96386	Country, region	country, region						
96388	Cryptoxanthins	cryptoxanthins	exact_norm	synonym:RELATED	CHEBI:10362	beta-cryptoxanthin	cryptoxanthin [synonym:RELATED]	31
96389	CRYPX	crypx						
96390	CRYPXA	crypxa						
96391	CRYPXB	crypxb						
96392	Cuivre	cuivre	exact_norm	synonym:RELATED	CHEBI:28694	copper atom	cuivre [synonym:RELATED]	46
96393	CYAN	cyan						
96394	CYS	cys	exact_norm	synonym:RELATED	CHEBI:15356	cysteine	Cys [synonym:RELATED]	56
96395	CYS_A_MET	cys_a_met						
96396	CYSTE	cyste						
96397	Cystin	cystin	exact_norm	synonym:RELATED	CHEBI:17376	cystine	Cystin [synonym:RELATED]	56
96398	D-mælkesyre	d-mælkesyre						
96399	d-Viniferin	d-viniferin						
96400	D-vitamin	d-vitamin						
96401	D2-vitamin	d2-vitamin						
96402	D22D1N7	d22d1n7						
96403	D3-vitamin	d3-vitamin	exact_norm	synonym:RELATED	CHEBI:73558	D3 vitamins	D3 vitamin [synonym:RELATED]	66
96404	Dehydroascorbinsyre	dehydroascorbinsyre						
96405	Dehydroretinol	dehydroretinol						
96406	Delta-tocopherol	delta-tocopherol	exact_norm	name	CHEBI:47772	delta-tocopherol	delta-tocopherol [name]	75
96407	Delta-tocophérol	delta-tocophérol						
96408	delta-Tokoferol	delta-tokoferol						
96409	DEN	den						
96410	Denominator	denominator						
96411	Density	density						
96412	DFE	dfe						
96413	DGLY	dgly						
96415	Dietary fibre and starch	dietary fibre and starch						
96416	Dietary fibre fractions	dietary fibre fractions						
96417	Dietary fibre, fibre, dietary fibre fractions	dietary fibre, fibre, dietary fibre fractions						
96418	Dihydroflavonols	dihydroflavonols	exact_norm	name	CHEBI:48039	dihydroflavonols	dihydroflavonols [name]	90
96419	DISAC	disac						
96420	DOPN	dopn						
96421	Dry matter	dry matter						
96422	DRYMAT	drymat						
96423	e-Viniferin	e-viniferin						
96424	E-vitamin	e-vitamin						
96425	EBG	ebg						
96426	Eddikesyre	eddikesyre						
96427	ELLAC	ellac						
96428	ENERC	enerc						
96429	ENERCC	enercc						
96430	ENERCJ	enercj						
96431	EPICATEC	epicatec						
96432	ERGCAL	ergcal						
96433	ERGCALOH	ergcaloh						
96434	Ergocalciferol (Vit D2)	ergocalciferol (vit d2)	exact_norm	name	CHEBI:28934	vitamin D2	vitamin D2 [name]	50
96435	ERGSTR	ergstr						
96436	Esculetin	esculetin	exact_norm	name	CHEBI:490095	esculetin	esculetin [name]	90
96437	Esculin	esculin	exact_norm	name	CHEBI:4853	esculin	esculin [name]	90
96438	Exact match	exact match						
96439	Exact Match (Yes/No)	exact match (yes/no)						
96440	F10:0	f10:0						
96441	F10:1CIS	f10:1cis						
96442	F10:1TRS	f10:1trs						
96443	F10D0	f10d0						
96444	F10D1	f10d1						
96445	F11:0	f11:0						
96446	F11D0	f11d0						
96447	F12:0	f12:0						
96448	F12:1CIS	f12:1cis						
96449	F12:1TRS	f12:1trs						
96450	F12D0	f12d0						
96451	F12D1	f12d1						
96452	F13:0	f13:0						
96453	F13D0	f13d0						
96454	F13D0I	f13d0i						
96455	F14:0	f14:0						
96456	F14:1CIS	f14:1cis						
96457	F14:1CN5	f14:1cn5						
96458	F14:1TN5	f14:1tn5						
96459	F14:1TRS	f14:1trs						
96460	F14D0	f14d0						
96461	F14D0I	f14d0i						
96462	F14D1	f14d1						
96463	F14D1C	f14d1c						
96464	F14D1CN5	f14d1cn5						
96465	F14D1N5	f14d1n5						
96466	F14D1N7	f14d1n7						
96467	F14D1N9	f14d1n9						
96468	F14D1T	f14d1t						
96469	F15:0	f15:0						
96470	F15:1CIS	f15:1cis						
96471	F15D0	f15d0						
96472	F15D0AI	f15d0ai						
96473	F15D0I	f15d0i						
96474	F15D1	f15d1						
96475	F15D1C	f15d1c						
96476	F15D1N10	f15d1n10						
96477	F15D1N6	f15d1n6						
96478	F15D1N7	f15d1n7						
96479	F15D1N8	f15d1n8						
96480	F15D1N9	f15d1n9						
96481	F16:0	f16:0						
96482	F16:1CIS	f16:1cis						
96483	F16:1CN7	f16:1cn7						
96484	F16:1TN7	f16:1tn7						
96485	F16:1TRS	f16:1trs						
96486	F16D0	f16d0						
96487	F16D0AI	f16d0ai						
96488	F16D0I	f16d0i						
96489	F16D1	f16d1						
96490	F16D1C	f16d1c						
96491	F16D1CN7	f16d1cn7						
96492	F16D1CN9	f16d1cn9						
96493	F16D1N11	f16d1n11						
96494	F16D1N5	f16d1n5						
96495	F16D1N5_A_F16D1N7	f16d1n5_a_f16d1n7						
96496	F16D1N7	f16d1n7						
96497	F16D1N7_A_F16D1N9	f16d1n7_a_f16d1n9						
96498	F16D1N8	f16d1n8						
96499	F16D1N9	f16d1n9						
96500	F16D1T	f16d1t						
96501	F16D1TN7	f16d1tn7						
96502	F16D2	f16d2						
96503	F16D2N4	f16d2n4						
96504	F16D2N6	f16d2n6						
96505	F16D2N7	f16d2n7						
96506	F16D2N9	f16d2n9						
96507	F16D3N3	f16d3n3						
96508	F16D3N4	f16d3n4						
96509	F16D3N6	f16d3n6						
96510	F16D4	f16d4						
96511	F16D4N1	f16d4n1						
96512	F16D4N3	f16d4n3						
96513	F17:0	f17:0						
96514	F17:1CIS	f17:1cis						
96515	F17D0	f17d0						
96516	F17D0AI	f17d0ai						
96517	F17D0I	f17d0i						
96518	F17D1	f17d1						
96519	F17D1C	f17d1c						
96520	F17D1CN7	f17d1cn7						
96521	F17D1CN8	f17d1cn8						
96522	F17D1N10	f17d1n10						
96523	F17D1N5	f17d1n5						
96524	F17D1N7	f17d1n7						
96525	F17D1N8	f17d1n8						
96526	F17D1N9	f17d1n9						
96527	F17D2	f17d2						
96528	F18:0	f18:0						
96529	F18:1CIS	f18:1cis						
96530	F18:1CN12	f18:1cn12						
96531	F18:1CN7	f18:1cn7						
96532	F18:1CN9	f18:1cn9						
96533	F18:1TRS	f18:1trs						
96534	F18:2CN6	f18:2cn6						
96535	F18:2CN9	f18:2cn9						
96536	F18:2CON	f18:2con						
96537	F18:2CT	f18:2ct						
96538	F18:2R	f18:2r						
96539	F18:2TC	f18:2tc						
96540	F18:2TRS	f18:2trs						
96541	F18:2TTN6	f18:2ttn6						
96542	F18:3CN3	f18:3cn3						
96543	F18:3CN6	f18:3cn6						
96544	F18:3TRS	f18:3trs						
96545	F18:3TTTN3	f18:3tttn3						
96546	F18:4CN3	f18:4cn3						
96547	F18D0	f18d0						
96548	F18D0AI	f18d0ai						
96549	F18D0I	f18d0i						
96550	F18D1	f18d1						
96551	F18D1-	f18d1-						
96552	F18D1C	f18d1c						
96553	F18D1CN11	f18d1cn11						
96554	F18D1CN3	f18d1cn3						
96555	F18D1CN4	f18d1cn4						
96556	F18D1CN5	f18d1cn5						
96557	F18D1CN6	f18d1cn6						
96558	F18D1CN7	f18d1cn7						
96559	F18D1CN9	f18d1cn9						
96560	F18D1N11	f18d1n11						
96561	F18D1N5	f18d1n5						
96562	F18D1N6	f18d1n6						
96563	F18D1N7	f18d1n7						
96564	F18D1N7_A_F18D1N9	f18d1n7_a_f18d1n9						
96565	F18D1N9	f18d1n9						
96566	F18D1T	f18d1t						
96567	F18D1TN10_A_F18D1TN12	f18d1tn10_a_f18d1tn12						
96568	F18D1TN11	f18d1tn11						
96569	F18D1TN2	f18d1tn2						
96570	F18D1TN3	f18d1tn3						
96571	F18D1TN4_A_F18D1TN5	f18d1tn4_a_f18d1tn5						
96572	F18D1TN6	f18d1tn6						
96573	F18D1TN7	f18d1tn7						
96574	F18D1TN8	f18d1tn8						
96575	F18D1TN9	f18d1tn9						
96576	F18D2	f18d2						
96577	F18D2C9T11	f18d2c9t11						
96578	F18D2C9T11_A_F18D2T10C12	f18d2c9t11_a_f18d2t10c12						
96579	F18D2CN6	f18d2cn6						
96580	F18D2N4	f18d2n4						
96581	F18D2N5	f18d2n5						
96582	F18D2N6	f18d2n6						
96583	F18D2T	f18d2t						
96584	F18D2T10C12	f18d2t10c12						
96585	F18D2TCON	f18d2tcon						
96586	F18D2TN6	f18d2tn6						
96587	F18D2TTN6	f18d2ttn6						
96588	F18D3	f18d3						
96589	F18D3CN3	f18d3cn3						
96590	F18D3CN6	f18d3cn6						
96591	F18D3N3	f18d3n3						
96592	F18D3N4	f18d3n4						
96593	F18D3N6	f18d3n6						
96594	F18D3TN3	f18d3tn3						
96595	F18D4	f18d4						
96596	F18D4CN3	f18d4cn3						
96597	F18D4N1	f18d4n1						
96598	F18D4N3	f18d4n3						
96599	F18D4N6	f18d4n6						
96600	F19:0	f19:0						
96601	F19D0	f19d0						
96602	F19D1N10	f19d1n10						
96603	F19D1N11	f19d1n11						
96604	F20:0	f20:0						
96605	F20:1CIS	f20:1cis						
96606	F20:1CN11	f20:1cn11						
96607	F20:1CN9	f20:1cn9						
96608	F20:1TRS	f20:1trs						
96609	F20:2CN6	f20:2cn6						
96610	F20:2TT	f20:2tt						
96611	F20:3CN3	f20:3cn3						
96612	F20:3CN6	f20:3cn6						
96613	F20:3CN9	f20:3cn9						
96614	F20:4CN3	f20:4cn3						
96615	F20:4CN6	f20:4cn6						
96616	F20:5CN3	f20:5cn3						
96617	F20D0	f20d0						
96618	F20D1	f20d1						
96619	F20D1C	f20d1c						
96620	F20D1CN11	f20d1cn11						
96621	F20D1CN9	f20d1cn9						
96622	F20D1N11	f20d1n11						
96623	F20D1N11_A_F20D1N13	f20d1n11_a_f20d1n13						
96624	F20D1N12	f20d1n12						
96625	F20D1N7	f20d1n7						
96626	F20D1N7_A_F20D1N9	f20d1n7_a_f20d1n9						
96627	F20D1N8	f20d1n8						
96628	F20D1N9	f20d1n9						
96629	F20D1N9_A_F20D1N11	f20d1n9_a_f20d1n11						
96630	F20D1T	f20d1t						
96631	F20D2	f20d2						
96632	F20D2C	f20d2c						
96633	F20D2CN6	f20d2cn6						
96634	F20D2N6	f20d2n6						
96635	F20D2N9	f20d2n9						
96636	F20D3	f20d3						
96637	F20D3N3	f20d3n3						
96638	F20D3N3_A_F20D4N6	f20d3n3_a_f20d4n6						
96639	F20D3N6	f20d3n6						
96640	F20D3N9	f20d3n9						
96641	F20D4	f20d4						
96642	F20D4CN6	f20d4cn6						
96643	F20D4N3	f20d4n3						
96644	F20D4N6	f20d4n6						
96645	F20D4N6_A_F22D1	f20d4n6_a_f22d1						
96646	F20D5	f20d5						
96647	F20D5CN3	f20d5cn3						
96648	F20D5N3	f20d5n3						
96649	F21:0	f21:0						
96650	F21:5CN3	f21:5cn3						
96651	F21D0	f21d0						
96652	F21D5N3	f21d5n3						
96653	F22:0	f22:0						
96654	F22:1CIS	f22:1cis						
96655	F22:1CN11	f22:1cn11						
96656	F22:1CN9	f22:1cn9						
96657	F22:1TRS	f22:1trs						
96658	F22:2CN3	f22:2cn3						
96659	F22:2CN6	f22:2cn6						
96660	F22:3CN3	f22:3cn3						
96661	F22:4CN6	f22:4cn6						
96662	F22:5CN3	f22:5cn3						
96663	F22:5CN6	f22:5cn6						
96664	F22:5N6	f22:5n6						
96665	F22:6CN3	f22:6cn3						
96666	F22D0	f22d0						
96667	F22D1	f22d1						
96668	F22D1C	f22d1c						
96669	F22D1N11	f22d1n11						
96670	F22D1N11_A_F22D1N13	f22d1n11_a_f22d1n13						
96671	F22D1N7	f22d1n7						
96672	F22D1N9	f22d1n9						
96673	F22D1N9_A_F22D1N11	f22d1n9_a_f22d1n11						
96674	F22D1T	f22d1t						
96675	F22D2	f22d2						
96676	F22D2C	f22d2c						
96677	F22D2CN6	f22d2cn6						
96678	F22D2N6	f22d2n6						
96679	F22D2N6.1	f22d2n6.1						
96680	F22D2N9	f22d2n9						
96681	F22D3N3	f22d3n3						
96682	F22D3N6	f22d3n6						
96683	F22D4	f22d4						
96684	F22D4N3	f22d4n3						
96685	F22D4N6	f22d4n6						
96686	F22D4N9	f22d4n9						
96687	F22D5	f22d5						
96688	F22D5N3	f22d5n3						
96689	F22D5N6	f22d5n6						
96690	F22D6	f22d6						
96691	F22D6CN3	f22d6cn3						
96692	F22D6N3	f22d6n3						
96693	F22D6N6	f22d6n6						
96694	F23:0	f23:0						
96695	F23D0	f23d0						
96696	F24:0	f24:0						
96697	F24:1CIS	f24:1cis						
96698	F24:1CN9	f24:1cn9						
96699	F24:1TRS	f24:1trs						
96700	F24:2CN6	f24:2cn6						
96701	F24D0	f24d0						
96702	F24D1	f24d1						
96703	F24D1C	f24d1c						
96704	F24D1CN9	f24d1cn9						
96705	F24D1N11	f24d1n11						
96706	F24D1N9	f24d1n9						
96707	F24D6N3	f24d6n3						
96708	F25:0	f25:0						
96709	F26:0	f26:0						
96710	F26D0	f26d0						
96711	F30D0	f30d0						
96712	F4:0	f4:0						
96713	F4D0	f4d0						
96714	F6:0	f6:0						
96715	F6D0	f6d0						
96716	F8:0	f8:0						
96717	F8D0	f8d0						
96718	FA 10:0	fa 10:0						
96719	FA 12:0	fa 12:0	exact_norm	synonym:RELATED	CHEBI:141075	fatty acid 12:0	FA 12:0 [synonym:RELATED]	41
96720	FA 14:0	fa 14:0	exact_norm	synonym:RELATED	CHEBI:140940	fatty acid 14:0	FA 14:0 [synonym:RELATED]	41
96721	FA 16:0	fa 16:0	exact_norm	synonym:RELATED	CHEBI:140943	fatty acid 16:0	FA 16:0 [synonym:RELATED]	41
96721	FA 16:0	fa 16:0	exact_norm	synonym:RELATED	CHEBI:15756	hexadecanoic acid	FA 16:0 [synonym:RELATED]	41
96722	FA 18:0	fa 18:0	exact_norm	synonym:RELATED	CHEBI:140947	fatty acid 18:0	FA 18:0 [synonym:RELATED]	41
96723	FA 18:1 n-9 cis	fa 18:1 n-9 cis						
96724	FA 18:2 9c,12c (n-6)	fa 18:2 9c, 12c (n-6)						
96725	FA 18:3 c9,c12,c15 (n-3)	fa 18:3 c9, c12, c15 (n-3)						
96726	FA 20:4 5c,8c,11c,14c (n-6)	fa 20:4 5c, 8c, 11c, 14c (n-6)						
96727	FA 4:0	fa 4:0						
96728	FA 6:0	fa 6:0						
96729	FA 8:0	fa 8:0	exact_norm	synonym:RELATED	CHEBI:141071	fatty acid 8:0	FA 8:0 [synonym:RELATED]	41
96730	FA mono	fa mono						
96731	FA poly	fa poly						
96732	FA saturated	fa saturated						
96733	FACF	facf						
96734	FAESS	faess						
96735	FAFRE	fafre						
96736	Faktorer m.m.	faktorer m.m.						
96737	FAMS	fams						
96738	FAMSCIS	famscis						
96739	FAMSCXR	famscxr						
96740	FAMSTXR	famstxr						
96741	FAN3	fan3						
96742	FAN6	fan6						
96743	FAN9	fan9						
96744	FAPU	fapu						
96745	FAPUCN3	fapucn3						
96746	FAPUCN6	fapucn6						
96747	FAPUCN9	fapucn9						
96748	FAPULCCN3	fapulccn3						
96749	FAPUN3	fapun3						
96750	FAPUN6	fapun6						
96751	FAPUN9	fapun9						
96752	FAPUXR	fapuxr						
96753	FAR	far						
96754	FASAT	fasat						
96755	FASATXR	fasatxr						
96756	FAUN	faun						
96757	Fedt	fedt						
96758	Fedtsyrekonverteringsfaktor	fedtsyrekonverteringsfaktor						
96759	Fer	fer	exact_norm	synonym:RELATED	CHEBI:18248	iron atom	fer [synonym:RELATED]	46
96760	FERAC	ferac						
96761	FERAC.1	ferac.1						
96762	FERAC.2	ferac.2						
96763	Ferulaldehyde	ferulaldehyde						
96764	FIB-	fib-						
96765	FIBAD	fibad						
96766	FIBC	fibc						
96767	FIBGLCSINS	fibglcsins						
96768	FIBGLCSSOL	fibglcssol						
96769	FIBHMWS	fibhmws						
96770	FIBINS	fibins						
96771	FIBLMW	fiblmw						
96772	FIBND	fibnd						
96773	FIBPEN	fibpen						
96774	Fibres	fibres						
96775	FIBSOL	fibsol						
96776	FIBT	fibt						
96777	FIBTG	fibtg						
96778	FIBTGLCS	fibtglcs						
96779	FIBTS	fibts						
96780	FIBTS Southgate	fibts southgate						
96781	Flavanols	flavanols						
96782	Flavanols/flavans	flavanols/flavans						
96783	FLAVD	flavd						
96784	FLAVO	flavo						
96785	Fluor	fluor	exact_norm	synonym:RELATED	CHEBI:24061	fluorine atom	Fluor [synonym:RELATED]	71
96786	FOL	fol						
96787	FOL-	fol-						
96788	FOLAC	folac						
96789	FOLACN	folacn						
96790	Folat	folat						
96791	FOLDFE	foldfe						
96792	FOLFD	folfd						
96793	FOLFM10	folfm10						
96794	FOLFRE	folfre						
96795	FOLH2FM10	folh2fm10						
96796	FOLH4	folh4						
96797	FOLH4FM5	folh4fm5						
96798	FOLH4ME5	folh4me5						
96799	FOLH4MTN5	folh4mtn5						
96800	Footnote	footnote						
96801	Formula	formula						
96802	Fosfor	fosfor						
96804	Frie sukkerarter	frie sukkerarter						
96805	Frit folat	frit folat						
96806	Fruktose	fruktose						
96807	FRUOLSAC	fruolsac						
96808	FRUS	frus						
96809	FRUSM	frusm						
96810	FUCOS	fucos						
96811	FUMAC	fumac						
96812	FødevareGruppe	fødevaregruppe						
96813	FødevareNavn	fødevarenavn						
96814	GABA	gaba						
96815	GALAAC	galaac						
96816	Galaktose	galaktose						
96817	Galangin	galangin	exact_norm	name	CHEBI:5262	galangin	galangin [name]	90
96818	GALF(b)	galf						
96819	GALFB	galfb						
96820	GALLAC	gallac						
96821	GALS	gals						
96822	GALSD	galsd						
96823	GALSM	galsm						
96824	Gamma-tocopherol	gamma-tocopherol	exact_norm	name	CHEBI:18185	gamma-tocopherol	gamma-tocopherol [name]	75
96825	Gamma-tocophérol	gamma-tocophérol						
96826	Gamma-tocotrienol	gamma-tocotrienol	exact_norm	name	CHEBI:33277	gamma-tocotrienol	gamma-tocotrienol [name]	75
96827	gamma-Tokoferol	gamma-tokoferol						
96828	Gehalte/Value	gehalte/value						
96829	GLN	gln						
96830	GLN_A_GLU	gln_a_glu						
96831	GLOB	glob						
96832	GLU	glu	exact_norm	synonym:RELATED	CHEBI:18237	glutamic acid	Glu [synonym:RELATED]	41
96833	GLU_A_HIS	glu_a_his						
96834	GLUCNB	glucnb						
96835	GLUFB	glufb						
96836	Glukose	glukose						
96837	GLUS	glus						
96838	GLUSM	glusm						
96839	Glutaminsyre	glutaminsyre						
96840	GLY	gly	exact_norm	synonym:RELATED	CHEBI:15428	glycine	Gly [synonym:RELATED]	56
96840	GLY	gly	exact_norm	synonym:RELATED	CHEBI:32508	glycinate	gly(-) [synonym:RELATED]	56
96841	GLY_A_SER	gly_a_ser						
96842	GLYALK	glyalk						
96843	GLYC	glyc						
96844	Glycin	glycin	exact_norm	synonym:RELATED	CHEBI:15428	glycine	Glycin [synonym:RELATED]	56
96845	GLYLIP	glylip						
96846	GRP_AM	grp_am						
96847	GRP_MIN	grp_min						
96848	GRP_SUGOH	grp_sugoh						
96849	HAEM	haem	exact_norm	name	CHEBI:30413	heme	heme [name]	90
96850	HEMCEL	hemcel						
96851	HESPD	hespd						
96852	Hieraky	hieraky						
96853	HIS	his	exact_norm	synonym:RELATED	CHEBI:15971	L-histidine	His [synonym:RELATED]	31
96853	HIS	his	exact_norm	synonym:RELATED	CHEBI:29979	L-histidine residue	His [synonym:RELATED]	31
96854	Histamin	histamin						
96855	Histamine	histamine	exact_norm	name	CHEBI:18295	histamine	histamine [name]	90
96856	HISTN	histn						
96857	HMDB	hmdb						
96858	HRR	hrr						
96859	Hydroxybenzaldehydes	hydroxybenzaldehydes	exact_norm	name	CHEBI:24673	hydroxybenzaldehyde	hydroxybenzaldehyde [name]	90
96860	Hydroxybenzoketones	hydroxybenzoketones						
96861	Hydroxycinnamaldehydes	hydroxycinnamaldehydes						
96862	Hydroxycoumarins	hydroxycoumarins	exact_norm	name	CHEBI:37912	hydroxycoumarin	hydroxycoumarin [name]	90
96863	Hydroxyprolin	hydroxyprolin						
96864	Hydroxytyrosol	hydroxytyrosol	exact_norm	name	CHEBI:68889	hydroxytyrosol	hydroxytyrosol [name]	90
96865	HYL	hyl						
96866	HYP	hyp	exact_norm	synonym:RELATED	CHEBI:17368	hypoxanthine	Hyp [synonym:RELATED]	56
96867	Høj molekylevægt opløselige kostfibre	høj molekylevægt opløselige kostfibre						
96868	Ikke benyttet	ikke benyttet						
96869	ILE	ile						
96870	INFDSTAG	infdstag						
96871	Inositol hexaphosphate (IP6)	inositol hexaphosphate (ip6)						
96872	Inositol pentaphosphate (IP5)	inositol pentaphosphate (ip5)						
96873	Inositol tetraphosphate (IP4)	inositol tetraphosphate (ip4)						
96874	Inositol triphosphate (IP3)	inositol triphosphate (ip3)						
96875	Inositol tétraphosphate (IP4)	inositol tétraphosphate (ip4)						
96877	Intrinsic folate	intrinsic folate	exact_norm	name	CHEBI:67016	tetrahydrofolate	tetrahydrofolate [name]	65
96878	INULN	inuln						
96879	IP3	ip3	exact_norm	synonym:RELATED	CHEBI:74076	Ile-Pro	IP [synonym:RELATED]	41
96879	IP3	ip3	exact_norm	synonym:RELATED	CHEBI:17660	N(6)-dimethylallyladenine	iP [synonym:RELATED]	41
96879	IP3	ip3	exact_norm	synonym:RELATED	CHEBI:16595	1D-myo-inositol 1,4,5-trisphosphate	IP3 [synonym:RELATED]	41
96880	IP4	ip4	exact_norm	synonym:RELATED	CHEBI:74076	Ile-Pro	IP [synonym:RELATED]	41
96880	IP4	ip4	exact_norm	synonym:RELATED	CHEBI:17660	N(6)-dimethylallyladenine	iP [synonym:RELATED]	41
96881	IP4_A_IP5_A_IP6	ip4_a_ip5_a_ip6						
96882	IP5	ip5	exact_norm	synonym:RELATED	CHEBI:74076	Ile-Pro	IP [synonym:RELATED]	41
96882	IP5	ip5	exact_norm	synonym:RELATED	CHEBI:17660	N(6)-dimethylallyladenine	iP [synonym:RELATED]	41
96883	IP5_A_IP6	ip5_a_ip6						
96884	IP6	ip6	exact_norm	synonym:RELATED	CHEBI:74076	Ile-Pro	IP [synonym:RELATED]	41
96884	IP6	ip6	exact_norm	synonym:RELATED	CHEBI:17660	N(6)-dimethylallyladenine	iP [synonym:RELATED]	41
96885	Iron haem	iron haem	exact_norm	name	CHEBI:30413	heme	heme [name]	50
96885	Iron haem	iron haem	exact_norm	name	CHEBI:26355	heme b	heme b [name]	50
96885	Iron haem	iron haem	exact_norm	synonym:EXACT	CHEBI:17627	ferroheme b	Heme [synonym:EXACT]	47
96886	Iron non-haem	iron non-haem	exact_norm	name	CHEBI:30413	heme	heme [name]	50
96886	Iron non-haem	iron non-haem	exact_norm	name	CHEBI:26355	heme b	heme b [name]	50
96886	Iron non-haem	iron non-haem	exact_norm	synonym:EXACT	CHEBI:17627	ferroheme b	Heme [synonym:EXACT]	47
96887	Is verrijkt met/Is fortified with	is verrijkt met/is fortified with						
96888	ISBN	isbn						
96889	ISOHA	isoha						
96890	Isolariciresinol	isolariciresinol						
96891	Isoleucin	isoleucin						
96892	ISOMALT	isomalt	exact_norm	name	CHEBI:150326	isomalt	isomalt [name]	90
96893	Isoxanthohumol	isoxanthohumol	exact_norm	name	CHEBI:171798	Isoxanthohumol	Isoxanthohumol [name]	90
96894	ISSCAAP	isscaap						
96895	ISSN	issn						
96896	Issue	issue						
96897	Jern	jern						
96898	Jod	jod	exact_norm	synonym:RELATED	CHEBI:24859	iodine atom	Jod [synonym:RELATED]	46
96899	Juglone	juglone	exact_norm	name	CHEBI:15794	juglone	juglone [name]	90
96900	K-vitamin	k-vitamin						
96901	K1-vitamin	k1-vitamin						
96902	K2-vitamin	k2-vitamin						
96903	KAEMF	kaemf						
96904	Kalium	kalium	exact_norm	synonym:RELATED	CHEBI:26216	potassium atom	Kalium [synonym:RELATED]	46
96905	KEGG	kegg						
96906	Kobber	kobber						
96907	Koffein	koffein						
96908	Kolesterol	kolesterol						
96909	Kostfibre	kostfibre						
96910	Kostfibre og stivelse	kostfibre og stivelse						
96911	Krom	krom						
96912	Kviksølv	kviksølv						
96913	L-mælkesyre	l-mælkesyre						
96914	LACAC	lacac						
96915	LACACD	lacacd						
96916	LACACL	lacacl						
96917	LACFE	lacfe						
96918	LACS	lacs						
96919	LACSM	lacsm						
96920	Lactitol	lactitol	exact_norm	name	CHEBI:75323	lactitol	lactitol [name]	90
96921	LACTL	lactl						
96922	Laktitol	laktitol						
96923	Laktose	laktose						
96924	Language	language						
96925	Lariciresinol	lariciresinol						
96926	Latest Revision in Version	latest revision in version						
96927	Lav molekylevægt opløselige kostfibre	lav molekylevægt opløselige kostfibre						
96928	LEU	leu	exact_norm	synonym:RELATED	CHEBI:25017	leucine	Leu [synonym:RELATED]	56
96928	LEU	leu	exact_norm	synonym:RELATED	CHEBI:32627	leucinate	leu(-) [synonym:RELATED]	56
96929	Leucin	leucin	exact_norm	synonym:RELATED	CHEBI:25017	leucine	Leucin [synonym:RELATED]	56
96930	LIGN	lign						
96931	Lignans	lignans	exact_norm	name	CHEBI:25036	lignan	lignan [name]	90
96932	LUTEOL	luteol						
96933	LUTN	lutn						
96934	LUTN_A_ZEA	lutn_a_zea						
96935	LUTNZEA	lutnzea						
96936	LYCPN	lycpn						
96937	LYS	lys	exact_norm	synonym:RELATED	CHEBI:25094	lysine	LYS [synonym:RELATED]	56
96937	LYS	lys	exact_norm	synonym:RELATED	CHEBI:32563	lysinate	lys(-) [synonym:RELATED]	56
96938	Lysin	lysin	exact_norm	synonym:RELATED	CHEBI:25094	lysine	Lysin [synonym:RELATED]	56
96939	Macro nutrients etc.	macro nutrients etc.						
96940	Magnésium	magnésium						
96941	Makronæringstoffer m.m.	makronæringstoffer m.m.						
96942	MALAC	malac						
96943	MALS	mals						
96944	MALSM	malsm						
96945	Maltitol	maltitol	exact_norm	name	CHEBI:68428	maltitol	maltitol [name]	90
96946	MALTL	maltl						
96947	Mangan	mangan	exact_norm	synonym:RELATED	CHEBI:18291	manganese atom	Mangan [synonym:RELATED]	71
96948	MANS	mans						
96949	MANTL	mantl						
96950	Massefylde	massefylde						
96951	Matairesinol	matairesinol						
96952	Matching comments	matching comments						
96953	max	max						
96954	Maximal decimal places	maximal decimal places						
96955	mean	mean						
96956	Median	median						
96957	Medioresinol	medioresinol						
96958	Menaquinon 10	menaquinon 10						
96959	Menaquinon 4	menaquinon 4						
96960	Menaquinon 5	menaquinon 5						
96961	Menaquinon 6	menaquinon 6						
96962	Menaquinon 7	menaquinon 7						
96963	Menaquinon 8	menaquinon 8						
96964	Menaquinon 9	menaquinon 9						
96965	Menaquinone 10	menaquinone 10	exact_norm	name	CHEBI:16374	menaquinone	menaquinone [name]	50
96966	Menaquinone 4	menaquinone 4	exact_norm	name	CHEBI:16374	menaquinone	menaquinone [name]	50
96966	Menaquinone 4	menaquinone 4	exact_norm	name	CHEBI:78277	menaquinone-4	menaquinone-4 [name]	50
96967	Menaquinone 5	menaquinone 5	exact_norm	name	CHEBI:16374	menaquinone	menaquinone [name]	50
96968	Menaquinone 6	menaquinone 6	exact_norm	name	CHEBI:759661	menaquinone 6	menaquinone 6 [name]	75
96968	Menaquinone 6	menaquinone 6	exact_norm	name	CHEBI:16374	menaquinone	menaquinone [name]	50
96969	Menaquinone 7	menaquinone 7	exact_norm	name	CHEBI:16374	menaquinone	menaquinone [name]	50
96969	Menaquinone 7	menaquinone 7	exact_norm	name	CHEBI:44245	menaquinone-7	menaquinone-7 [name]	50
96970	Menaquinone 8	menaquinone 8	exact_norm	name	CHEBI:16374	menaquinone	menaquinone [name]	50
96970	Menaquinone 8	menaquinone 8	exact_norm	name	CHEBI:44027	menaquinone-8	menaquinone-8 [name]	50
96971	Menaquinone 9	menaquinone 9	exact_norm	name	CHEBI:16374	menaquinone	menaquinone [name]	50
96971	Menaquinone 9	menaquinone 9	exact_norm	name	CHEBI:44147	menaquinone-9	menaquinone-9 [name]	50
96972	MET	met	exact_norm	synonym:RELATED	CHEBI:16811	methionine	Met [synonym:RELATED]	56
96972	MET	met	exact_norm	synonym:RELATED	CHEBI:32644	methioninate	met(-) [synonym:RELATED]	56
96973	Methionin	methionin	exact_norm	synonym:RELATED	CHEBI:16811	methionine	Methionin [synonym:RELATED]	56
96974	MGLY	mgly						
96975	min	min						
96976	Mineraler og uorganisk	mineraler og uorganisk						
96977	Minerals and inorganic	minerals and inorganic						
96978	Minerals and trace elements	minerals and trace elements						
96979	Miscellaneous	miscellaneous						
96980	Missing facet	missing facet						
96981	MJP	mjp						
96982	MK10	mk10	exact_norm	synonym:RELATED	CHEBI:74706	Met-Lys	MK [synonym:RELATED]	41
96983	MK4	mk4	exact_norm	synonym:RELATED	CHEBI:74706	Met-Lys	MK [synonym:RELATED]	41
96983	MK4	mk4	exact_norm	synonym:RELATED	CHEBI:78277	menaquinone-4	MK4 [synonym:RELATED]	41
96984	MK5	mk5	exact_norm	synonym:RELATED	CHEBI:74706	Met-Lys	MK [synonym:RELATED]	41
96985	MK6	mk6	exact_norm	synonym:RELATED	CHEBI:74706	Met-Lys	MK [synonym:RELATED]	41
96986	MK7	mk7	exact_norm	synonym:RELATED	CHEBI:74706	Met-Lys	MK [synonym:RELATED]	41
96987	MK8	mk8	exact_norm	synonym:RELATED	CHEBI:74706	Met-Lys	MK [synonym:RELATED]	41
96988	MK9	mk9	exact_norm	synonym:RELATED	CHEBI:74706	Met-Lys	MK [synonym:RELATED]	41
96988	MK9	mk9	exact_norm	synonym:RELATED	CHEBI:44147	menaquinone-9	MK9 [synonym:RELATED]	41
96989	MNSAC	mnsac						
96990	Molybdæn	molybdæn						
96991	Mono FA/ 100g FA	mono fa/100g fa						
96992	Monoumættede fedtsyrer	monoumættede fedtsyrer						
96993	MUCIL	mucil						
96994	MYRIC	myric						
96995	Mælkesyre	mælkesyre						
96996	Mættede fedtsyrer	mættede fedtsyrer						
96997	Méthode	méthode						
96998	n-3 poly /100g FA	n-3 poly/100g fa						
96999	n-6 poly /100g FA	n-6 poly/100g fa						
97000	NACL	nacl	exact_norm	name	CHEBI:24866	salt	salt [name]	90
97001	Naphtoquinones	naphtoquinones						
97002	NARING	naring						
97003	Naringin	naringin	exact_norm	name	CHEBI:28819	naringin	naringin [name]	90
97004	Natrium	natrium	exact_norm	synonym:RELATED	CHEBI:26708	sodium atom	Natrium [synonym:RELATED]	46
97005	nb_of_publications	nb_of_publications						
97006	NCBI	ncbi						
97007	NCF	ncf						
97008	NEOX	neox						
97009	NEUROSP	neurosp						
97011	NEVO-versie/NEVO-version	nevo-versie/nevo-version						
97012	NFIBAD	nfibad						
97013	NHAEM	nhaem	exact_norm	name	CHEBI:30413	heme	heme [name]	90
97014	NIA	nia						
97015	NIA-	nia-						
97016	Niacin (Vit B3)	niacin (vit b3)	exact_norm	name	CHEBI:176839	vitamin B3	vitamin B3 [name]	50
97016	Niacin (Vit B3)	niacin (vit b3)	exact_norm	name	CHEBI:17154	nicotinamide	nicotinamide [name]	50
97016	Niacin (Vit B3)	niacin (vit b3)	exact_norm	name	CHEBI:15940	nicotinic acid	nicotinic acid [name]	50
97017	Niacin, preformed	niacin, preformed	exact_norm	name	CHEBI:176839	vitamin B3	vitamin B3 [name]	50
97017	Niacin, preformed	niacin, preformed	exact_norm	name	CHEBI:17154	nicotinamide	nicotinamide [name]	50
97017	Niacin, preformed	niacin, preformed	exact_norm	name	CHEBI:15940	nicotinic acid	nicotinic acid [name]	50
97018	Niacine, préformée	niacine, préformée	exact_norm	name	CHEBI:176839	vitamin B3	vitamin B3 [name]	50
97018	Niacine, préformée	niacine, préformée	exact_norm	name	CHEBI:17154	nicotinamide	nicotinamide [name]	50
97018	Niacine, préformée	niacine, préformée	exact_norm	name	CHEBI:15940	nicotinic acid	nicotinic acid [name]	50
97019	Niacinækvivalent	niacinækvivalent	exact_norm	name	CHEBI:176839	vitamin B3	vitamin B3 [name]	50
97019	Niacinækvivalent	niacinækvivalent	exact_norm	name	CHEBI:17154	nicotinamide	nicotinamide [name]	50
97019	Niacinækvivalent	niacinækvivalent	exact_norm	name	CHEBI:15940	nicotinic acid	nicotinic acid [name]	50
97020	NIAEQ	niaeq						
97021	NIATRP	niatrp						
97022	NICOTAC	nicotac						
97023	Nikkel	nikkel						
97024	NITRA	nitra						
97025	NITRI	nitri						
97026	NNC	nnc						
97027	NNP	nnp						
97028	non-cellulosic	non-cellulosic						
97029	Not used	not used						
97030	Notes	notes						
97031	NPRO	npro						
97032	NSP	nsp						
97033	NumberOfDeterminations	numberofdeterminations						
97034	NVSUGAF	nvsugaf						
97035	NWHEY	nwhey						
97036	Nøglehulsmærket	nøglehulsmærket						
97037	Observation #	observation #						
97038	OLSAC	olsac						
97039	Ophavsret og copyright	ophavsret og copyright						
97040	Opmerking	opmerking						
97041	Organiske syrer	organiske syrer						
97042	ORIGCPCD	origcpcd						
97043	ORN	orn	exact_norm	synonym:RELATED	CHEBI:18257	ornithine	Orn [synonym:RELATED]	56
97044	Ornithine	ornithine	exact_norm	name	CHEBI:18257	ornithine	ornithine [name]	90
97045	Ornitin	ornitin						
97046	Other	other						
97047	Other bioactive compounds	other bioactive compounds						
97048	Other Cholesterol and Phytosterols	other cholesterol and phytosterols						
97049	Other nitrogen-containing components	other nitrogen-containing components						
97050	Other polyphenols	other polyphenols						
97051	OXALAC	oxalac						
97052	Oxalsyre	oxalsyre						
97053	PageEnd	pageend						
97054	PageStart	pagestart						
97055	PANTAC	pantac						
97056	Pantotensyre	pantotensyre						
97057	Pantothenate	pantothenate	exact_norm	name	CHEBI:16454	pantothenate	pantothenate [name]	90
97058	PAPOLY	papoly						
97059	ParameterGruppeNavn	parametergruppenavn						
97060	ParameterNavn	parameternavn						
97061	PCHOUAC	pchouac						
97062	PCHOUAC.1	pchouac.1						
97063	PECT	pect						
97064	PHE	phe	exact_norm	synonym:RELATED	CHEBI:28044	phenylalanine	PHE [synonym:RELATED]	56
97065	PHE_A_TYR	phe_a_tyr						
97066	PHENAC	phenac						
97067	Phenylalanin	phenylalanin	exact_norm	synonym:RELATED	CHEBI:28044	phenylalanine	Phenylalanin [synonym:RELATED]	56
97068	Phenylethylamin	phenylethylamin						
97069	Phenylethylamine	phenylethylamine	exact_norm	name	CHEBI:50048	phenylethylamine	phenylethylamine [name]	90
97070	PHETN	phetn						
97071	PHOAC	phoac						
97072	PHOETHN	phoethn						
97073	PHOINOTL	phoinotl						
97074	PHOLIP	pholip						
97075	PHOSER	phoser						
97076	Phosphore	phosphore	exact_norm	synonym:RELATED	CHEBI:28659	phosphorus atom	phosphore [synonym:RELATED]	46
97077	PHY:FE	phy:fe						
97078	PHY:ZN	phy:zn						
97079	PHYT-	phyt-						
97080	PHYT-:FE	phyt-:fe						
97081	PHYT-:ZN	phyt-:zn						
97082	Phytate	phytate						
97083	PHYTC-	phytc-						
97084	PHYTC-:FE	phytc-:fe						
97085	PHYTC-:ZN	phytc-:zn						
97086	PHYTCA	phytca						
97087	PHYTCA:FE	phytca:fe						
97088	PHYTCA:ZN	phytca:zn						
97089	PHYTCPP	phytcpp						
97090	PHYTCPP:FE	phytcpp:fe						
97091	PHYTCPP:ZN	phytcpp:zn						
97092	PHYTCPPD	phytcppd						
97093	PHYTCPPD:FE	phytcppd:fe						
97094	PHYTCPPD:ZN	phytcppd:zn						
97095	PHYTCPPI	phytcppi						
97096	PHYTCPPI:FE	phytcppi:fe						
97097	PHYTCPPI:ZN	phytcppi:zn						
97098	PHYTOFLUENCE	phytofluence						
97099	Phytosterol	phytosterol						
97100	Piceatannol	piceatannol	exact_norm	name	CHEBI:28814	piceatannol	piceatannol [name]	90
97101	Pigment A	pigment a						
97102	Pinoresinol	pinoresinol	exact_norm	name	CHEBI:8225	pinoresinol	pinoresinol [name]	90
97103	Pinosylvin	pinosylvin	exact_norm	name	CHEBI:36011	pinosylvin	pinosylvin [name]	90
97104	Pinotin A	pinotin a	exact_norm	name	CHEBI:189581	Pinotin A	Pinotin A [name]	75
97105	Plant sterols	plant sterols						
97106	Poly FA /100g FA	poly fa/100g fa						
97107	POLYL	polyl						
97108	Polymers (>10 mers)	polymers (>10 mers)	exact_no_paren	synonym:RELATED	CHEBI:33839	macromolecule	polymers [synonym:RELATED]	31
97109	Polyols	polyols	exact_norm	name	CHEBI:26191	polyol	polyol [name]	90
97110	POLYPHENT	polyphent						
97111	Polyumættede fedtsyrer	polyumættede fedtsyrer						
97112	PP-	pp-	exact_norm	synonym:RELATED	CHEBI:24636	proton	p [synonym:RELATED]	41
97112	PP-	pp-	exact_norm	synonym:RELATED	CHEBI:73646	Pro-Pro	PP [synonym:RELATED]	41
97112	PP-	pp-	exact_norm	synonym:RELATED	CHEBI:17203	L-proline	P [synonym:RELATED]	41
97112	PP-	pp-	exact_norm	synonym:RELATED	CHEBI:17802	pseudouridine	p [synonym:RELATED]	41
97112	PP-	pp-	exact_norm	synonym:RELATED	CHEBI:33468	phosphide(3-)	P(-) [synonym:RELATED]	41
97112	PP-	pp-	exact_norm	synonym:RELATED	CHEBI:33469	phosphide(1-)	P(-) [synonym:RELATED]	41
97112	PP-	pp-	exact_norm	synonym:RELATED	CHEBI:26294	propionyl group	Pp [synonym:RELATED]	41
97112	PP-	pp-	exact_norm	synonym:RELATED	CHEBI:28659	phosphorus atom	P [synonym:RELATED]	41
97112	PP-	pp-	exact_norm	synonym:RELATED	CHEBI:53550	poly(propylene)	PP [synonym:RELATED]	41
97112	PP-	pp-	exact_norm	synonym:RELATED	CHEBI:50342	L-proline residue	P [synonym:RELATED]	41
97112	PP-	pp-	exact_norm	synonym:RELATED	CHEBI:61363	poly(butyl acrylate) polymer	P(nBA) [synonym:RELATED]	41
97112	PP-	pp-	exact_norm	synonym:RELATED	CHEBI:53317	poly(butyl acrylate) macromolecule	P(nBA) [synonym:RELATED]	41
97113	PPD	ppd						
97114	PPI	ppi						
97115	Previous	previous						
97116	PRO	pro	exact_norm	synonym:RELATED	CHEBI:32871	prolinate	pro(-) [synonym:RELATED]	56
97117	PROANTCYA	proantcya						
97118	Processing	processing						
97119	PROCYA	procya						
97120	Prolin	prolin	exact_norm	synonym:RELATED	CHEBI:26271	proline	Prolin [synonym:RELATED]	56
97121	PROPAC	propac						
97122	Propionsyre	propionsyre						
97123	PROT	prot						
97124	PROT-	prot-						
97125	PROTA	prota						
97126	PROTAN	protan						
97127	PROTCNA	protcna						
97128	PROTCNP	protcnp						
97129	PROTCNT	protcnt						
97130	Protocatechuic aldehyde	protocatechuic aldehyde	exact_norm	synonym:RELATED	CHEBI:50205	3,4-dihydroxybenzaldehyde	protocatechuic aldehyde [synonym:RELATED]	41
97131	PROTPL	protpl						
97132	PSACNC	psacnc						
97133	PSACNSI	psacnsi						
97134	PSACNSS	psacnss						
97135	Pterostilbene	pterostilbene	exact_norm	name	CHEBI:8630	pterostilbene	pterostilbene [name]	90
97136	Publication year	publication year						
97137	Publisher	publisher						
97138	Putrescin	putrescin	exact_norm	synonym:RELATED	CHEBI:17148	putrescine	Putrescin [synonym:RELATED]	56
97139	Putrescine	putrescine	exact_norm	name	CHEBI:17148	putrescine	putrescine [name]	90
97140	PUTRSC	putrsc						
97141	Pyrogallol	pyrogallol	exact_norm	name	CHEBI:16164	pyrogallol	pyrogallol [name]	90
97142	PYRXN	pyrxn						
97143	PYRXNHCL	pyrxnhcl						
97144	QUERCE	querce						
97145	QUINAC	quinac						
97146	RAFS	rafs						
97147	RAFSM	rafsm						
97148	RdV	rdv						
97149	ReportNumber	reportnumber						
97150	ResVal	resval						
97151	Resveratrol	resveratrol	exact_norm	name	CHEBI:27881	resveratrol	resveratrol [name]	90
97152	RESVTROL	resvtrol						
97153	Retinaldehyde	retinaldehyde						
97154	Retinol activity equialents (RAE)	retinol activity equialents						
97155	RETOL	retol						
97156	RETOL(IU)	retol						
97157	RETOL13	retol13						
97158	RETOLAT	retolat						
97159	RETOLDH	retoldh						
97160	RETOLEQ	retoleq						
97161	Rhamnetin	rhamnetin	exact_norm	name	CHEBI:74992	rhamnetin	rhamnetin [name]	90
97162	RHAS	rhas						
97163	RIBF	ribf						
97164	Riboflavin (B2-vitamin)	riboflavin (b2-vitamin)	exact_no_paren	name	CHEBI:17015	riboflavin	riboflavin [name]	80
97165	Riboflavin (Vit B2)	riboflavin (vit b2)	exact_no_paren	name	CHEBI:17015	riboflavin	riboflavin [name]	80
97166	Riboflavin (vitamin B2)	riboflavin (vitamin b2)	exact_no_paren	name	CHEBI:17015	riboflavin	riboflavin [name]	80
97167	Riboflavine (vitamine B2)	riboflavine (vitamine b2)						
97168	RIBS	ribs						
97169	RUTIN	rutin	exact_norm	name	CHEBI:28527	rutin	rutin [name]	90
97170	Rétinol	rétinol						
97171	Sakkarose	sakkarose						
97172	SALAC	salac						
97173	Salt	salt	exact_norm	name	CHEBI:24866	salt	salt [name]	90
97174	Salt deklaration	salt deklaration	exact_norm	name	CHEBI:24866	salt	salt [name]	50
97174	Salt deklaration	salt deklaration	exact_norm	name	CHEBI:26710	sodium chloride	sodium chloride [name]	50
97175	Salt labelling	salt labelling	exact_norm	name	CHEBI:24866	salt	salt [name]	50
97175	Salt labelling	salt labelling	exact_norm	name	CHEBI:26710	sodium chloride	sodium chloride [name]	50
97176	SAPON	sapon						
97177	Satd FA /100g FA	satd fa/100g fa						
97178	Satd FA /100g fd	satd fa/100g fd						
97179	Scopoletin	scopoletin	exact_norm	name	CHEBI:17488	scopoletin	scopoletin [name]	90
97180	Season	season						
97181	Secoisolariciresinol	secoisolariciresinol	exact_norm	name	CHEBI:67250	secoisolariciresinol	secoisolariciresinol [name]	90
97182	SED	sed						
97183	Selen	selen	exact_norm	synonym:RELATED	CHEBI:27568	selenium atom	Selen [synonym:RELATED]	71
97184	SER	ser	exact_norm	synonym:RELATED	CHEBI:17115	L-serine	Ser [synonym:RELATED]	31
97184	SER	ser	exact_norm	synonym:RELATED	CHEBI:29999	L-serine residue	Ser [synonym:RELATED]	31
97185	Serin	serin	exact_norm	synonym:RELATED	CHEBI:17822	serine	Serin [synonym:RELATED]	56
97186	SEROTN	serotn						
97187	Serotonin	serotonin	exact_norm	name	CHEBI:28790	serotonin	serotonin [name]	90
97188	SHIKAC	shikac						
97189	Significant figures	significant figures						
97190	Silicium	silicium	exact_norm	synonym:RELATED	CHEBI:27573	silicon atom	silicium [synonym:RELATED]	46
97191	Sinapaldehyde	sinapaldehyde						
97192	SINPAC	sinpac						
97193	SITSTR	sitstr						
97194	SMILES	smiles						
97195	SML	sml						
97196	SMR	smr						
97197	SN.1	sn.1						
97198	SOLAA	solaa						
97199	Somme des macronutriments	somme des macronutriments						
97200	Somme des macronutriments (SOP)	somme des macronutriments						
97201	SOP	sop						
97202	SortKey	sortkey						
97203	SORTL	sortl						
97204	Species/Subspecies	species/subspecies						
97205	SPERDN	sperdn						
97206	Spermin	spermin						
97207	Spermine	spermine	exact_norm	name	CHEBI:15746	spermine	spermine [name]	90
97208	SPERN	spern						
97209	Spoor / Verrijkt/Trace / Fortified	spoor/verrijkt/trace/fortified						
97210	SQUAL	squal						
97211	STARCH-	starch-	exact_compact	name	CHEBI:28017	starch	starch [name]	70
97212	Starch/Glycogen	starch/glycogen						
97213	STARCHAVLDF	starchavldf						
97214	STARCHM	starchm						
97215	STARES	stares						
97216	STARES3	stares3						
97217	STAS	stas						
97218	STASM	stasm						
97219	Steroler	steroler						
97220	Sterols	sterols	exact_norm	name	CHEBI:15889	sterol	sterol [name]	90
97221	STERT	stert						
97222	STGSTR	stgstr						
97223	Stilbenes	stilbenes	exact_norm	name	CHEBI:26775	stilbene	stilbene [name]	90
97224	Stivelse/Glykogen	stivelse/glykogen						
97225	SUCAC	sucac						
97226	SUCS	sucs						
97227	SUCSM	sucsm						
97228	SUGAD	sugad						
97231	SUGARM	sugarm						
97232	SUGNRD	sugnrd						
97233	SUGRD	sugrd						
97234	Sukkerstoffer	sukkerstoffer						
97235	Svind	svind						
97236	Svovl	svovl						
97237	Synoniem	synoniem						
97238	SYRAC	syrac						
97239	Syringaldehyde	syringaldehyde	exact_norm	name	CHEBI:67380	syringaldehyde	syringaldehyde [name]	90
97240	Syringaresinol	syringaresinol	exact_norm	name	CHEBI:49211	syringaresinol	syringaresinol [name]	90
97241	TAN	tan						
97242	Tannins	tannins	exact_norm	name	CHEBI:26848	tannin	tannin [name]	90
97243	TARAC	tarac						
97244	TAU	tau	exact_norm	synonym:RELATED	CHEBI:36355	tau lepton	tau [synonym:RELATED]	41
97245	Taurin	taurin						
97246	TGLY	tgly						
97247	THIA	thia						
97248	THIA-	thia-						
97249	THIAHCL	thiahcl						
97250	Thiamin (B1-vitamin)	thiamin (b1-vitamin)	exact_norm	name	CHEBI:26948	vitamin B1	vitamin B1 [name]	75
97251	Thiamin (Vit B1)	thiamin (vit b1)	exact_norm	name	CHEBI:26948	vitamin B1	vitamin B1 [name]	50
97252	Thiamin (Vitamin B1)	thiamin (vitamin b1)	exact_norm	name	CHEBI:26948	vitamin B1	vitamin B1 [name]	75
97253	Thiamine	thiamine	exact_norm	name	CHEBI:26948	vitamin B1	vitamin B1 [name]	100
97254	Thiamine (vitamin B1)	thiamine (vitamin b1)	exact_norm	name	CHEBI:26948	vitamin B1	vitamin B1 [name]	75
97255	Thiamine (vitamine B1)	thiamine (vitamine b1)	exact_norm	name	CHEBI:26948	vitamin B1	vitamin B1 [name]	75
97256	THR	thr	exact_norm	synonym:RELATED	CHEBI:16857	L-threonine	Thr [synonym:RELATED]	31
97256	THR	thr	exact_norm	synonym:RELATED	CHEBI:30013	L-threonine residue	Thr [synonym:RELATED]	31
97257	Threonin	threonin	exact_norm	synonym:RELATED	CHEBI:26986	threonine	Threonin [synonym:RELATED]	56
97258	Tilsat Sukker	tilsat sukker						
97259	TitelDansk	titeldansk						
97260	TitleEnglish	titleenglish						
97261	TitleOriginal	titleoriginal						
97262	TOCPHA	tocpha						
97263	TOCPHA(IU)	tocpha						
97264	TOCPHB	tocphb						
97265	TOCPHB_A_TOCPHG	tocphb_a_tocphg						
97266	TOCPHD	tocphd						
97267	TOCPHG	tocphg						
97268	TOCPHT	tocpht						
97269	TOCTRA	toctra						
97270	TOCTRB	toctrb						
97271	TOCTRD	toctrd						
97272	TOCTRG	toctrg						
97273	Toxic trace elements and contaminants	toxic trace elements and contaminants						
97274	Trachelogenin	trachelogenin	exact_norm	name	CHEBI:9647	Trachelogenin	Trachelogenin [name]	90
97275	Trans FAs /100g FA	trans fas/100g fa						
97276	trans monounsaturated /100g FA	trans monounsaturated/100g fa						
97277	trans poly /100g FA	trans poly/100g fa						
97278	TRES	tres						
97279	TRP	trp						
97280	Tryptofan	tryptofan						
97281	Tryptophan/60	tryptophan/60	exact_compact	name	CHEBI:27897	tryptophan	tryptophan [name]	30
97282	Tryptophane	tryptophane						
97283	TYR	tyr	exact_norm	synonym:RELATED	CHEBI:18186	tyrosine	Tyr [synonym:RELATED]	56
97284	TYRA	tyra						
97285	Tyramin	tyramin	exact_norm	synonym:RELATED	CHEBI:15760	tyramine	Tyramin [synonym:RELATED]	56
97286	Tyramine	tyramine	exact_norm	name	CHEBI:15760	tyramine	tyramine [name]	90
97287	Tyrosin	tyrosin	exact_norm	synonym:RELATED	CHEBI:18186	tyrosine	Tyrosin [synonym:RELATED]	56
97288	Tyrosols	tyrosols						
97289	Tørstof	tørstof						
97290	Umbelliferone	umbelliferone	exact_norm	name	CHEBI:27510	umbelliferone	umbelliferone [name]	90
97291	unknown C16 poly /100g FA	unknown c16 poly/100g fa						
97292	unknown C18 poly /100g FA	unknown c18 poly/100g fa						
97293	unknown C20 poly /100 FA	unknown c20 poly/100 fa						
97294	unknown C22 poly /100g FA	unknown c22 poly/100g fa						
97295	Uopløselige kostfibre	uopløselige kostfibre						
97296	URL	url						
97297	VAL	val	exact_norm	synonym:RELATED	CHEBI:32859	valinate	val(-) [synonym:RELATED]	56
97298	Valin	valin	exact_norm	synonym:RELATED	CHEBI:27266	valine	Valin [synonym:RELATED]	56
97299	VANAC	vanac						
97300	Vanillin	vanillin	exact_norm	name	CHEBI:18346	vanillin	vanillin [name]	90
97301	VERS	vers						
97302	VIOLX	violx						
97303	VITA	vita						
97304	VITA-	vita-						
97305	VITA-(IU)	vita-						
97306	VITA_RAE	vita_rae						
97307	VITA_RE	vita_re						
97308	VITAACT	vitaact						
97309	Vitamin A, retinol	vitamin a, retinol	exact_norm	name	CHEBI:12777	vitamin A	vitamin A [name]	75
97310	Vitamin B1 or Thiamin	vitamin b1 or thiamin	exact_norm	name	CHEBI:26948	vitamin B1	vitamin B1 [name]	75
97311	Vitamin B12	vitamin b12	exact_norm	name	CHEBI:176843	vitamin B12	vitamin B12 [name]	100
97312	Vitamin B2 or Riboflavin	vitamin b2 or riboflavin	exact_norm	name	CHEBI:176838	vitamin B2	vitamin B2 [name]	75
97313	Vitamin B3 or Niacin	vitamin b3 or niacin	exact_norm	name	CHEBI:176839	vitamin B3	vitamin B3 [name]	75
97314	Vitamin B6	vitamin b6	exact_norm	name	CHEBI:27306	vitamin B6	vitamin B6 [name]	100
97315	Vitamin C	vitamin c	exact_norm	name	CHEBI:176783	vitamin C	vitamin C [name]	100
97316	Vitamin D	vitamin d	exact_norm	name	CHEBI:27300	vitamin D	vitamin D [name]	100
97317	Vitamin D2	vitamin d2	exact_norm	name	CHEBI:28934	vitamin D2	vitamin D2 [name]	100
97318	Vitamin D3	vitamin d3	exact_norm	name	CHEBI:27300	vitamin D	vitamin D [name]	75
97319	Vitamin K	vitamin k	exact_norm	name	CHEBI:28384	vitamin K	vitamin K [name]	100
97320	Vitamin K1	vitamin k1	exact_norm	name	CHEBI:28384	vitamin K	vitamin K [name]	75
97321	Vitamin K2	vitamin k2	exact_norm	name	CHEBI:28384	vitamin K	vitamin K [name]	75
97322	Vitamine A (exprimée en équivalent rétinol)	vitamine a (exprimée en équivalent rétinol)						
97323	Vitamine B12	vitamine b12						
97324	Vitamine B6	vitamine b6	exact_norm	synonym:RELATED	CHEBI:27306	vitamin B6	vitamine B6 [synonym:RELATED]	66
97325	Vitamine C	vitamine c	exact_norm	synonym:RELATED	CHEBI:176783	vitamin C	vitamine C [synonym:RELATED]	66
97326	Vitamine D	vitamine d						
97327	Vitaminer	vitaminer						
97328	Vitamins	vitamins	exact_norm	name	CHEBI:33229	vitamin (role)	vitamin (role) [name]	80
97329	VITB12	vitb12						
97330	VITB6	vitb6						
97331	VITB6-	vitb6-						
97332	VITB6A	vitb6a						
97333	VITB6C	vitb6c						
97334	VITC	vitc						
97335	VITC-	vitc-						
97336	VITD	vitd						
97337	VITD-	vitd-						
97338	VITDEQ	vitdeq						
97339	VITE	vite						
97340	VITE-	vite-						
97341	VITE-(IU)	vite-						
97342	VITEA(IU)	vitea						
97343	Vitisin A	vitisin a	exact_norm	name	CHEBI:189580	Vitisin A	Vitisin A [name]	75
97344	VITK	vitk						
97345	VITK1	vitk1						
97346	VITK2	vitk2						
97347	Voedingsstof	voedingsstof						
97348	Voedingsstofgroep	voedingsstofgroep						
97349	Volume	volume						
97350	WASTE	waste						
97351	WAX	wax	exact_norm	name	CHEBI:73702	wax	wax [name]	90
97352	Xanthohumol	xanthohumol	exact_norm	name	CHEBI:66331	xanthohumol	xanthohumol [name]	90
97353	XFA (internal use)	xfa						
97354	XYLS	xyls						
97355	XYLTL	xyltl						
97356	Year	year						
97357	ZEA	zea						
97358	Zink	zink	exact_norm	synonym:RELATED	CHEBI:27363	zinc atom	Zink [synonym:RELATED]	46
97359	Energie	energie						
97360	Equivalent beta-carotene ou	equivalent beta-carotene ou						
97361	ParameterNavn	parameternavn						
99998	Porphyran	porphyran						
99999	Phytic Acid / Myo-Inositol	phytic acid/myo-inositol						
210001	PHYTCPPI(mg)	phytcppi						
210002	PHYTCPPD(mg)	phytcppd						
210003	PHYTCPP(mg)	phytcpp						
210004	PHYTCA (mg)	phytca						
210005	PHYTC-(mg)	phytc-						
210006	PPI(mg)	ppi						
210007	PPD(mg)	ppd						
210008	PP-(mg)	pp-						
210009	XP	xp						
210010	IP3(mg)	ip3						
210011	IP4(mg)	ip4						
210012	IP5(mg)	ip5						
210013	IP6(mg)	ip6						
210014	IP5_A_IP6 (mg)	ip5_a_ip6						
210015	IP4_A_IP5_A_IP6(mg)	ip4_a_ip5_a_ip6						
210016	IPSUM (mg)	ipsum						
210017	PHYT-	phyt-						
210018	PHYTCPPI:FE	phytcppi:fe						
210019	PHYTCPPI:ZN	phytcppi:zn						
210020	PHYTCPPD:FE	phytcppd:fe						
210021	PHYTCPPD:ZN	phytcppd:zn						
210022	PHYTCA:FE	phytca:fe						
210023	PHYTCA:ZN	phytca:zn						
210024	PHYTCPP:FE	phytcpp:fe						
210025	PHYTCPP:ZN	phytcpp:zn						
210026	PHYTC-:FE	phytc-:fe						
210027	PHYTC-:ZN	phytc-:zn						
210028	PHYT-:FE	phyt-:fe						
210029	PHYT-:ZN	phyt-:zn						
210030	PHY:FE	phy:fe						
210031	PHY:ZN	phy:zn						
220001	Code	code						
220002	XN	xn						
220003	NNP(mg)	nnp						
220004	PROTCNP(g)	protcnp						
220005	PROT-(g)	prot-						
220007	FAUN(g)	faun						
220008	CHOCDF(g)	chocdf						
220009	CHO-(g)	cho-						
220010	SUGRD(g)	sugrd						
220011	SUGNRD(g)	sugnrd						
220013	STARCH-(g)	starch-	exact_compact	name	CHEBI:28017	starch	starch [name]	70
220014	STARES(g)	stares						
220015	FIBTG(g)	fibtg						
220016	FIBC(g)	fibc						
220017	FIB-(g)	fib-						
220018	FIBINS(g)	fibins						
220019	FIBSOL(g)	fibsol						
220020	FIBND(g)	fibnd						
220021	FIBAD(g)	fibad						
220022	CA(mg)	ca	element_symbol	synonym:RELATED	CHEBI:22984	calcium atom	Ca [synonym:RELATED]	100
220023	CO(mcg)	co	element_symbol	synonym:RELATED	CHEBI:27638	cobalt atom	Co [synonym:RELATED]	100
220024	CU(mg)	cu	element_symbol	synonym:RELATED	CHEBI:28694	copper atom	Cu [synonym:RELATED]	100
220025	FE(mg)	fe	element_symbol	synonym:RELATED	CHEBI:18248	iron atom	Fe [synonym:RELATED]	100
220026	K(mg)	k	element_symbol	synonym:RELATED	CHEBI:26216	potassium atom	K [synonym:RELATED]	100
220027	MN(mg)	mn	element_symbol	synonym:RELATED	CHEBI:18291	manganese atom	Mn [synonym:RELATED]	100
220028	MG(mg)	mg	element_symbol	synonym:RELATED	CHEBI:25107	magnesium atom	Mg [synonym:RELATED]	100
220029	NA(mg)	na	element_symbol	synonym:RELATED	CHEBI:26708	sodium atom	Na [synonym:RELATED]	100
220030	P(mg)	p	element_symbol	synonym:RELATED	CHEBI:28659	phosphorus atom	P [synonym:RELATED]	100
220031	SE(mcg)	se	element_symbol	synonym:RELATED	CHEBI:27568	selenium atom	Se [synonym:RELATED]	100
220032	AS(mcg)	as	element_symbol	synonym:RELATED	CHEBI:27563	arsenic atom	As [synonym:RELATED]	100
220033	CD(mcg)	cd	element_symbol	synonym:RELATED	CHEBI:22977	cadmium atom	Cd [synonym:RELATED]	100
220034	CR(mcg)	cr	element_symbol	synonym:RELATED	CHEBI:28073	chromium atom	Cr [synonym:RELATED]	100
220035	HG(mcg)	hg	element_symbol	synonym:RELATED	CHEBI:25195	mercury atom	Hg [synonym:RELATED]	100
220036	ID(mcg)	id	element_symbol	synonym:RELATED	CHEBI:24859	iodine atom	I [synonym:RELATED]	100
220037	LI(mcg)	li	element_symbol	synonym:RELATED	CHEBI:30145	lithium atom	Li [synonym:RELATED]	100
220038	NI(mcg)	ni	element_symbol	synonym:RELATED	CHEBI:28112	nickel atom	Ni [synonym:RELATED]	100
220039	PB(mcg)	pb	element_symbol	synonym:RELATED	CHEBI:25016	lead atom	Pb [synonym:RELATED]	100
220040	VITA_RAE(mcg)	vita_rae						
220041	CARTOID(mcg)	cartoid						
220042	VITEA(IU)	vitea						
220043	VITE(mg)	vite						
220044	VITE-(mg)	vite-						
220045	NIAEQ(mg)	niaeq						
220046	NIATRP(mg)	niatrp						
220047	NIA-(mg)	nia-						
220048	ASCL(mg)	ascl						
220049	RAFSM(g)	rafsm						
220050	STASM(g)	stasm						
220051	XFA (internal use)	xfa						
220052	FACID(g)	facid						
220053	F12D0(g)	f12d0						
220054	F14D0(g)	f14d0						
220055	F15D0(g)	f15d0						
220056	F16D0(g)	f16d0						
220057	F18D0(g)	f18d0						
220058	F20D0(g)	f20d0						
220059	F22D0(g)	f22d0						
220060	F24D0(g)	f24d0						
220061	F16D1(g)	f16d1						
220062	F18D1(g)	f18d1						
220063	F20D1(g)	f20d1						
220064	F22D1(g)	f22d1						
220065	F24D1(g)	f24d1						
220066	F18D2(g)	f18d2						
220067	F20D2(g)	f20d2						
220068	F18D3(g)	f18d3						
220069	F20D4(g)	f20d4						
220070	PHE_A_TYR(mg)	phe_a_tyr						
220071	AAE-(mg)	aae-						
220072	AMMON(mg)	ammon						
220073	PHYTCPPD(mg)	phytcppd						
220074	PHYTCPP(mg)	phytcpp						
220075	PP-(mg)	pp-						
220076	IP6(mg)	ip6						
220077	PHYT-	phyt-						
220078	GABA(mg)	gaba						
220079	TAN(mg)	tan						
220080	CYAN(mcg)	cyan						
220081	SUGRD(g)	sugrd						
220082	SUGNRD(g)	sugnrd						
220083	CELLU(g)	cellu						
220084	MUCIL(g)	mucil						
220085	CLD(mg)	cld						
220086	S(mg)	s	element_symbol	synonym:RELATED	CHEBI:26833	sulfur atom	S [synonym:RELATED]	100
220087	VITA(mcg)	vita						
220088	VITA-(mcg)	vita-						
220089	CARTBEQ(mcg)	cartbeq						
220090	CAROT(mcg)	carot						
220091	NEOX(mcg)	neox						
220092	ASCDL(mg)	ascdl						
220093	ANTCYAN(mcg)	antcyan						
220094	CINAC(mg)	cinac						
220095	TAN(mg)	tan						
220096	GLYALK(mg)	glyalk						
220097	CARTBCIS(mcg)	cartbcis						
220098	ENERA(kJ)	enera						
220099	NT(g)	nt						
220100	NPRO(g)	npro						
220101	PROTA(g)	prota						
220102	PROTCNP(g)	protcnp						
220103	CHOAVLO(g)	choavlo						
220104	CHOAVLM(g)	choavlm						
220105	CHOAVL-(g)	choavl-						
220106	STARCHM(g)	starchm						
220107	STARCH-(g)	starch-	exact_compact	name	CHEBI:28017	starch	starch [name]	70
220108	STARES(g)	stares						
220109	STARES3(g)	stares3						
220110	NSP(g)	nsp						
220111	PSACNSI(g)	psacnsi						
220112	PSACNSS(g)	psacnss						
220114	SUGNRD(g)	sugnrd						
220115	OLSAC (g)	olsac						
220116	FIB-(g)	fib-						
220117	FIBTGLCS(g)	fibtglcs						
220118	FIBPEN(g)	fibpen						
220119	GLUFB(g)	glufb						
220120	GALFB(g)	galfb						
220121	GLUCNB(g)	glucnb						
220122	GALSD(g)	galsd						
220123	FUCOS(g)	fucos						
220124	RHAS(g)	rhas						
220125	THIAHCL(mg)	thiahcl						
220126	NIATRP(mg)	niatrp						
220127	NIAEQ(mg)	niaeq						
220128	VITB6C(mg)	vitb6c						
220129	VITC-(mg)	vitc-						
220130	FOL(mcg)	fol						
220131	FOLSUM(mcg)	folsum						
220132	FOLACN(mcg)	folacn						
220133	FOLFM10(mcg)	folfm10						
220134	FOLH4(mcg)	folh4						
220135	FOLH4ME5(mcg)	folh4me5						
220136	FOLH4MTN5(mcg)	folh4mtn5						
220137	FOLH4FM5(mcg)	folh4fm5						
220138	CARTA(mcg)	carta						
220139	CARTB(mcg)	cartb						
220140	CRYPXB(mcg)	crypxb						
220141	VIOLX(mcg)	violx						
220142	CARTOID(mcg)	cartoid						
220143	VITE-(mg)	vite-						
220144	TOCPHA(mg)	tocpha						
220145	TOCPHD(mg)	tocphd						
220146	TOCPHG(mg)	tocphg						
220147	TOCPHB_A_TOCPHG(mg)	tocphb_a_tocphg						
220148	PHOLIP(g)	pholip						
220149	STERT(g)	stert						
220150	FACID(g)	facid						
220151	TGLY(g)	tgly						
220152	FAESS(g)	faess						
220153	FAN3(g)	fan3						
220154	FAN6(g)	fan6						
220155	FAN9(g)	fan9						
220156	FAPUN3(g)	fapun3						
220157	FAPUN6(g)	fapun6						
220158	F13D0(g)	f13d0						
220159	F17D0(g)	f17d0						
220160	F21D0(g)	f21d0						
220161	F23D0(g)	f23d0						
220162	F26D0(g)	f26d0						
220163	F16D1(g)	f16d1						
220164	F16D1CN9(g)	f16d1cn9						
220165	F16D1C(g)	f16d1c						
220166	F16D1N7(g)	f16d1n7						
220167	F17D1(g)	f17d1						
220168	F18D1(g)	f18d1						
220169	F18D1N7(g)	f18d1n7						
220170	F18D1N9(g)	f18d1n9						
220171	F18D1CN9(g)	f18d1cn9						
220172	F18D1TN9(g)	f18d1tn9						
220173	F18D1T(g)	f18d1t						
220174	F18D1CN11(g)	f18d1cn11						
220175	F20D1(g)	f20d1						
220176	F20D1N7(g)	f20d1n7						
220177	F20D1N9(g)	f20d1n9						
220178	F20D1N11(g)	f20d1n11						
220179	F20D1CN9(g)	f20d1cn9						
220180	F22D1(g)	f22d1						
220181	F22D1N9(g)	f22d1n9						
220182	D22D1N7(g)	d22d1n7						
220183	F24D1N9(g)	f24d1n9						
220184	F24D1(g)	f24d1						
220185	F24D1C(g)	f24d1c						
220186	F18D2(g)	f18d2						
220187	F18D2TTN6(g)	f18d2ttn6						
220188	F18D2N6(g)	f18d2n6						
220189	F18D2CN6(g)	f18d2cn6						
220190	F18D2TN6(g)	f18d2tn6						
220191	F20D2(g)	f20d2						
220192	F20D2N6(g)	f20d2n6						
220193	F20D2CN6(g)	f20d2cn6						
220194	F22D2(g)	f22d2						
220195	F18D3(g)	f18d3						
220196	F18D3N3(g)	f18d3n3						
220197	F18D3CN3(g)	f18d3cn3						
220198	FAR(g)	far						
220199	CYS_A_MET(mg)	cys_a_met						
220200	AANE(mg)	aane						
220201	PHYTCPPI(mg)	phytcppi						
220202	PHYTC-(mg)	phytc-						
220203	PPI(mg)	ppi						
220204	IP3(mg)	ip3						
220205	IP4(mg)	ip4						
220206	IP5(mg)	ip5						
220207	IP5_A_IP6 (mg)	ip5_a_ip6						
220208	POLYPHENT(mg)	polyphent						
220209	PROANTCYA(mg)	proantcya						
220210	DOPN(mg)	dopn						
220211	SAPON(mg)	sapon						
220212	ALBU(mg)	albu						
220213	GLOB(mg)	glob						
220214	MO(mcg)	mo	element_symbol	synonym:RELATED	CHEBI:28685	molybdenum atom	Mo [synonym:RELATED]	100
220215	VITB6A(mg)	vitb6a						
220216	FOLSUM(mcg)	folsum						
220217	F6D0(g)	f6d0						
220218	F8D0(g)	f8d0						
220219	F10D0(g)	f10d0						
220220	F16D1CN7(g)	f16d1cn7						
220221	F17D1(g)	f17d1						
220222	F18D1N9(g)	f18d1n9						
220223	F20D1CN11(g)	f20d1cn11						
220224	F18D2CN6(g)	f18d2cn6						
220225	F18D3CN3(g)	f18d3cn3						
220226	AAT-(mg)	aat-						
220227	CARTG(mcg)	cartg						
220228	CRYPX(mcg)	crypx						
220229	FOL-(mcg)	fol-						
220230	VITC-(mg)	vitc-						
220231	F18D1CN7(g)	f18d1cn7						
220232	F18D2N6(g)	f18d2n6						
220233	F18D3N3(g)	f18d3n3						
220234	F22D6CN3(g)	f22d6cn3						
220235	NNP(mg)	nnp						
220236	NPRO(g)	npro						
220237	PROTCNA(g)	protcna						
220238	CHOAVLM(g)	choavlm						
220239	FIBTS(g)	fibts						
220240	PSACNC(g)	psacnc						
220241	B(mcg)	b	element_symbol	synonym:RELATED	CHEBI:27560	boron atom	B [synonym:RELATED]	100
220242	V(mcg)	v	element_symbol	synonym:RELATED	CHEBI:27698	vanadium atom	V [synonym:RELATED]	100
220243	VITA_RAE(mcg)	vita_rae						
220244	CRYPXA(mcg)	crypxa						
220245	NEUROSP(mcg)	neurosp						
220246	TOCTRD(mg)	toctrd						
220247	STARCHM(g)	starchm						
220248	AAT24(mg)	aat24						
220249	SHIKAC(mg)	shikac						
220250	OA(g)	oa						
220251	HESPD(mcg)	hespd						
220252	ISOHA(mcg)	isoha						
220253	ENERC(kcal) (original)	enerc						
220254	NFIBAD(g)	nfibad						
220255	BA(mcg)	ba	element_symbol	synonym:RELATED	CHEBI:32594	barium atom	Ba [synonym:RELATED]	100
220256	SR(mcg)	sr	element_symbol	synonym:RELATED	CHEBI:33324	strontium atom	Sr [synonym:RELATED]	100
220257	RETOL(IU)	retol						
220258	VITA-(mcg)	vita-						
220259	VITA-(IU)	vita-						
220260	TOCPHA(IU)	tocpha						
220261	VITE-(IU)	vite-						
220262	PYRXN(mg)	pyrxn						
220263	CHOLE(mg)	chole						
220264	GLYLIP(g)	glylip						
220265	FACID(g)	facid						
220266	FAPUN3(g)	fapun3						
220267	FAPUN6(g)	fapun6						
220268	F15D0I(g)	f15d0i						
220269	F15D0AI(g)	f15d0ai						
220270	F17D0I(g)	f17d0i						
220271	F17D0AI(g)	f17d0ai						
220272	F19D0(g)	f19d0						
220273	F14D1N9(g)	f14d1n9						
220274	F14D1CN5(g)	f14d1cn5						
220275	F14D1N5(g)	f14d1n5						
220276	F14D1(g)	f14d1						
220277	F15D1N10(g)	f15d1n10						
220278	F15D1(g)	f15d1						
220279	F16D1N9(g)	f16d1n9						
220280	F16D1TN7(g)	f16d1tn7						
220281	F16D1N7(g)	f16d1n7						
220282	F16D1C(g)	f16d1c						
220283	F17D1N10(g)	f17d1n10						
220284	F17D1CN8(g)	f17d1cn8						
220285	F17D1CN7(g)	f17d1cn7						
220286	F17D1N7(g)	f17d1n7						
220287	F18D1N11(g)	f18d1n11						
220288	F18D1TN11(g)	f18d1tn11						
220289	F18D1CN9(g)	f18d1cn9						
220290	F18D1TN9(g)	f18d1tn9						
220291	F18D1TN8(g)	f18d1tn8						
220292	F18D1TN7(g)	f18d1tn7						
220293	F18D1N7(g)	f18d1n7						
220294	F18D1CN6(g)	f18d1cn6						
220295	F18D1TN6(g)	f18d1tn6						
220296	F18D1CN5(g)	f18d1cn5						
220297	F18D1CN4(g)	f18d1cn4						
220298	F18D1CN3(g)	f18d1cn3						
220299	F18D1TN3(g)	f18d1tn3						
220300	F18D1TN2(g)	f18d1tn2						
220301	F18D1T(g)	f18d1t						
220302	F20D1CN9(g)	f20d1cn9						
220303	F20D1N9(g)	f20d1n9						
220304	F24D1CN9(g)	f24d1cn9						
220305	F16D2N6(g)	f16d2n6						
220306	F18D2C9T11(g)	f18d2c9t11						
220307	F18D2TN6(g)	f18d2tn6						
220308	F18D2T10C12(g)	f18d2t10c12						
220309	F18D2TCON(g)	f18d2tcon						
220310	F20D2N6(g)	f20d2n6						
220311	F22D2CN6(g)	f22d2cn6						
220312	F22D2N6(g)	f22d2n6						
220313	F18D3CN6(g)	f18d3cn6						
220314	F18D3N6(g)	f18d3n6						
220315	F20D3N6(g)	f20d3n6						
220316	F20D3N3(g)	f20d3n3						
220317	F18D4N3(g)	f18d4n3						
220318	F20D4CN6(g)	f20d4cn6						
220319	F20D4N6(g)	f20d4n6						
220320	F20D4N3(g)	f20d4n3						
220321	F22D4N6(g)	f22d4n6						
220322	F20D5CN3(g)	f20d5cn3						
220323	F20D5N3(g)	f20d5n3						
220324	F22D5N3(g)	f22d5n3						
220325	F22D6(g)	f22d6						
220326	F22D6N3(g)	f22d6n3						
220327	F18D1TN10_A_F18D1TN12(g)	f18d1tn10_a_f18d1tn12						
220328	F18D1TN4_A_F18D1TN5(g)	f18d1tn4_a_f18d1tn5						
220329	F20D3N3_A_F20D4N6(g)	f20d3n3_a_f20d4n6						
220330	AAE8(mg)	aae8						
220331	AAT19(mg)	aat19						
220332	AAA(mg)	aaa						
220333	AAS(mg)	aas						
220334	AAE-(mg)	aae-						
220335	GLY_A_SER(mg)	gly_a_ser						
220336	SQUAL(mg)	squal						
220337	STERT(mg)	stert						
220338	AG(mcg)	ag	element_symbol	synonym:RELATED	CHEBI:30512	silver atom	Ag [synonym:RELATED]	100
220339	BRD(mcg)	brd						
220340	CS(mcg)	cs	element_symbol	synonym:RELATED	CHEBI:30514	caesium atom	Cs [synonym:RELATED]	100
220341	RB(mg)	rb	element_symbol	synonym:RELATED	CHEBI:33322	rubidium atom	Rb [synonym:RELATED]	100
220342	TI(mcg)	ti	element_symbol	synonym:RELATED	CHEBI:33341	titanium atom	Ti [synonym:RELATED]	100
220343	RETOLSUM(mcg)	retolsum						
220344	VITA_RAE(mcg)	vita_rae						
220345	ATX(mcg)	atx						
220346	THIAHCL(mg)	thiahcl						
220347	THIA-(mg)	thia-						
220348	VITB6C(mg)	vitb6c						
220349	PYRXNHCL(mg)	pyrxnhcl						
220350	ALA_A_ARG(mg)	ala_a_arg						
220351	GLU_A_HIS(mg)	glu_a_his						
220352	CHOL-(mg)	chol-						
220353	CHOLEST(mg)	cholest						
220354	FAFRE(g)	fafre						
220355	MGLY(g)	mgly						
220356	DGLY(g)	dgly						
220357	TGLY(g)	tgly						
220358	WAX(mg)	wax	exact_norm	name	CHEBI:73702	wax	wax [name]	90
220359	SITSTR(mg)	sitstr						
220360	STGSTR(mg)	stgstr						
220361	CAMT(mg)	camt						
220362	FAPUN9(g)	fapun9						
220363	FAPUCN3(g)	fapucn3						
220364	FAPULCCN3(g)	fapulccn3						
220365	FAPUCN6(g)	fapucn6						
220366	FAPUCN9(g)	fapucn9						
220367	FAN3(g)	fan3						
220368	FAN6(g)	fan6						
220369	F4D0(g)	f4d0						
220370	F11D0(g)	f11d0						
220371	F14D0I(g)	f14d0i						
220372	F16D0I(g)	f16d0i						
220373	F16D0AI(g)	f16d0ai						
220374	F18D0I(g)	f18d0i						
220375	F18D0AI(g)	f18d0ai						
220376	F30D0(g)	f30d0						
220377	F14D1N7(g)	f14d1n7						
220378	F15D1N9(g)	f15d1n9						
220379	F15D1N8(g)	f15d1n8						
220380	F15D1N7(g)	f15d1n7						
220381	F15D1N6(g)	f15d1n6						
220382	F16D1N11(g)	f16d1n11						
220383	F16D1N8(g)	f16d1n8						
220384	F16D1N5(g)	f16d1n5						
220385	F17D1N9(g)	f17d1n9						
220386	F17D1N8(g)	f17d1n8						
220387	F17D1N5(g)	f17d1n5						
220388	F18D1CN11(g)	f18d1cn11						
220389	F18D1N6(g)	f18d1n6						
220390	F18D1N5(g)	f18d1n5						
220391	F18D1-(g)	f18d1-						
220392	F19D1N11(g)	f19d1n11						
220393	F19D1N10(g)	f19d1n10						
220394	F20D1N12(g)	f20d1n12						
220395	F20D1N11(g)	f20d1n11						
220396	F20D1N8(g)	f20d1n8						
220397	F20D1N7(g)	f20d1n7						
220398	F20D1T(g)	f20d1t						
220399	F22D1N11(g)	f22d1n11						
220400	F22D1N9(g)	f22d1n9						
220401	F22D1N7(g)	f22d1n7						
220402	F22D1T(g)	f22d1t						
220403	F24D1N11(g)	f24d1n11						
220404	F24D1N9(g)	f24d1n9						
220405	F16D2N9(g)	f16d2n9						
220406	F16D2N7(g)	f16d2n7						
220407	F16D2N4(g)	f16d2n4						
220408	F16D2(g)	f16d2						
220409	F17D2(g)	f17d2						
220410	F18D2N5(g)	f18d2n5						
220411	F18D2N4(g)	f18d2n4						
220412	F20D2N9(g)	f20d2n9						
220413	F20D2CN6(g)	f20d2cn6						
220414	F20D2C(g)	f20d2c						
220415	F22D2N9(g)	f22d2n9						
220416	F22D2C(g)	f22d2c						
220417	F22D2(g)	f22d2						
220418	F16D3N6(g)	f16d3n6						
220419	F16D3N4(g)	f16d3n4						
220420	F16D3N3(g)	f16d3n3						
220421	F18D3N4(g)	f18d3n4						
220422	F18D3TN3(g)	f18d3tn3						
220423	F20D3N9(g)	f20d3n9						
220424	F20D3(g)	f20d3						
220425	F16D4N3(g)	f16d4n3						
220426	F16D4N1(g)	f16d4n1						
220427	F18D4N6(g)	f18d4n6						
220428	F18D4(g)	f18d4						
220429	F22D4N9(g)	f22d4n9						
220430	F22D4N3(g)	f22d4n3						
220431	F22D4(g)	f22d4						
220432	F20D5(g)	f20d5						
220433	F21D5N3(g)	f21d5n3						
220434	F22D5N6(g)	f22d5n6						
220435	F22D5(g)	f22d5						
220436	F24D6N3(g)	f24d6n3						
220437	F16D1N5_A_F16D1N7(g)	f16d1n5_a_f16d1n7						
220438	F16D1N7_A_F16D1N9(g)	f16d1n7_a_f16d1n9						
220439	F18D1N7_A_F18D1N9(g)	f18d1n7_a_f18d1n9						
220440	F20D1N7_A_F20D1N9(g)	f20d1n7_a_f20d1n9						
220441	F20D1N9_A_F20D1N11(g)	f20d1n9_a_f20d1n11						
220442	F22D1N9_A_F22D1N11(g)	f22d1n9_a_f22d1n11						
220443	F20D1N11_A_F20D1N13(g)	f20d1n11_a_f20d1n13						
220444	NWHEY(g)	nwhey						
220445	NNC(g)	nnc						
220446	CASN(mg)	casn						
220447	LACFE(mg)	lacfe						
220448	FAPUN6(g)	fapun6						
220449	F13D0I(g)	f13d0i						
220450	F16D0I(g)	f16d0i						
220451	F10D1(g)	f10d1						
220452	F12D1(g)	f12d1						
220453	F14D1T(g)	f14d1t						
220454	F16D1CN9(g)	f16d1cn9						
220455	F16D1T(g)	f16d1t						
220456	F18D1C(g)	f18d1c						
220457	F18D2TCON(g)	f18d2tcon						
220458	F18D2T10C12(g)	f18d2t10c12						
220459	F18D2TTN6(g)	f18d2ttn6						
220460	F22D6N6(g)	f22d6n6						
220461	F18D2C9T11_A_F18D2T10C12(g)	f18d2c9t11_a_f18d2t10c12						
230001	Energy with dietary fibre, equated  (kJ)	energy with dietary fibre, equated						
230002	Energy, without dietary fibre, equated  (kJ)	energy, without dietary fibre, equated						
230003	Moisture (water)  (g)	moisture						
230005	Dextrin  (g)	dextrin	exact_norm	name	CHEBI:28675	dextrin	dextrin [name]	90
230006	Glycerol  (g)	glycerol	exact_norm	name	CHEBI:17754	glycerol	glycerol [name]	90
230007	Erythritol  (g)	erythritol	exact_norm	name	CHEBI:17113	erythritol	erythritol [name]	90
230008	Maltodextrin (g)	maltodextrin	exact_norm	name	CHEBI:25140	maltodextrin	maltodextrin [name]	90
230009	Polydextrose  (g)	polydextrose	exact_norm	name	CHEBI:181906	Polydextrose	Polydextrose [name]	90
230012	Propionic acid  (g)	propionic acid	exact_norm	name	CHEBI:30768	propionic acid	propionic acid [name]	75
230013	Shikimic acid  (g)	shikimic acid	exact_norm	name	CHEBI:16119	shikimic acid	shikimic acid [name]	75
230014	Aluminium (Al)  (ug)	aluminium	exact_norm	synonym:EXACT	CHEBI:28984	aluminium atom	Aluminium [synonym:EXACT]	117
230015	Chloride (Cl)  (mg)	chloride	exact_norm	name	CHEBI:17996	chloride	chloride [name]	90
230016	Sulphur (S)  (mg)	sulphur	exact_norm	synonym:RELATED	CHEBI:26833	sulfur atom	sulphur [synonym:RELATED]	46
230017	Retinol (preformed vitamin A)  (ug)	retinol (preformed vitamin a)	exact_no_paren	name	CHEBI:50211	retinol	retinol [name]	80
230018	Cryptoxanthin  (ug)	cryptoxanthin	exact_norm	synonym:RELATED	CHEBI:10362	beta-cryptoxanthin	cryptoxanthin [synonym:RELATED]	31
230019	Beta-carotene equivalents (provitamin A)  (ug)	beta-carotene	exact_norm	name	CHEBI:17579	beta-carotene	beta-carotene [name]	75
230020	Vitamin A retinol equivalents  (ug)	vitamin a retinol	exact_norm	name	CHEBI:12777	vitamin A	vitamin A [name]	75
230021	Xanthophyl  (ug)	xanthophyl						
230022	Thiamin (B1)  (mg)	thiamin (b1)	exact_norm	name	CHEBI:26948	vitamin B1	vitamin B1 [name]	50
230023	Riboflavin (B2)  (mg)	riboflavin (b2)	exact_no_paren	name	CHEBI:17015	riboflavin	riboflavin [name]	80
230024	Niacin (B3)  (mg)	niacin (b3)	exact_norm	name	CHEBI:176839	vitamin B3	vitamin B3 [name]	50
230024	Niacin (B3)  (mg)	niacin (b3)	exact_norm	name	CHEBI:17154	nicotinamide	nicotinamide [name]	50
230024	Niacin (B3)  (mg)	niacin (b3)	exact_norm	name	CHEBI:15940	nicotinic acid	nicotinic acid [name]	50
230025	Niacin derived from tryptophan  (mg)	niacin derived from tryptophan	exact_norm	name	CHEBI:27897	tryptophan	tryptophan [name]	50
230025	Niacin derived from tryptophan  (mg)	niacin derived from tryptophan	exact_norm	name	CHEBI:176839	vitamin B3	vitamin B3 [name]	50
230025	Niacin derived from tryptophan  (mg)	niacin derived from tryptophan	exact_norm	name	CHEBI:17154	nicotinamide	nicotinamide [name]	50
230025	Niacin derived from tryptophan  (mg)	niacin derived from tryptophan	exact_norm	name	CHEBI:15940	nicotinic acid	nicotinic acid [name]	50
230025	Niacin derived from tryptophan  (mg)	niacin derived from tryptophan	exact_norm	synonym:EXACT	CHEBI:16828	L-tryptophan	Tryptophan [synonym:EXACT]	47
230026	Niacin derived equivalents  (mg)	niacin derived	exact_norm	name	CHEBI:176839	vitamin B3	vitamin B3 [name]	50
230026	Niacin derived equivalents  (mg)	niacin derived	exact_norm	name	CHEBI:17154	nicotinamide	nicotinamide [name]	50
230026	Niacin derived equivalents  (mg)	niacin derived	exact_norm	name	CHEBI:15940	nicotinic acid	nicotinic acid [name]	50
230027	Pantothenic acid (B5)  (mg)	pantothenic acid (b5)	exact_no_paren	name	CHEBI:7916	pantothenic acid	pantothenic acid [name]	65
230028	Pyridoxine (B6)  (mg)	pyridoxine (b6)	exact_no_paren	name	CHEBI:16709	pyridoxine	pyridoxine [name]	80
230029	Biotin (B7)  (ug)	biotin (b7)	exact_no_paren	name	CHEBI:15956	biotin	biotin [name]	80
230030	Cobalamin (B12)  (ug)	cobalamin (b12)	exact_no_paren	name	CHEBI:30411	cobalamin	cobalamin [name]	80
230031	Folate, natural  (ug)	folate, natural	exact_norm	name	CHEBI:27470	folic acid	folic acid [name]	50
230031	Folate, natural  (ug)	folate, natural	exact_norm	name	CHEBI:67016	tetrahydrofolate	tetrahydrofolate [name]	50
230032	Total folates  (ug)	folates	exact_norm	name	CHEBI:67011	folates	folates [name]	90
230033	Dietary folate equivalents  (ug)	dietary folate	exact_norm	name	CHEBI:27470	folic acid	folic acid [name]	50
230033	Dietary folate equivalents  (ug)	dietary folate	exact_norm	name	CHEBI:67016	tetrahydrofolate	tetrahydrofolate [name]	50
230034	Cholecalciferol (D3)  (ug)	cholecalciferol (d3)	exact_norm	synonym:RELATED	CHEBI:28940	calciol	Vitamin D3 [synonym:RELATED]	41
230035	Ergocalciferol (D2)  (ug)	ergocalciferol (d2)	exact_norm	name	CHEBI:28934	vitamin D2	vitamin D2 [name]	50
230036	25-hydroxy cholecalciferol (25-OH D3)  (ug)	25-hydroxy cholecalciferol (25-oh d3)	exact_norm	synonym:RELATED	CHEBI:28940	calciol	Vitamin D3 [synonym:RELATED]	41
230037	25-hydroxy ergocalciferol (25-OH D2)  (ug)	25-hydroxy ergocalciferol (25-oh d2)	exact_norm	name	CHEBI:28934	vitamin D2	vitamin D2 [name]	50
230038	Vitamin D3 equivalents  (ug)	vitamin d3	exact_norm	name	CHEBI:27300	vitamin D	vitamin D [name]	75
230039	Beta tocotrienol  (mg)	beta tocotrienol	exact_norm	name	CHEBI:33275	beta-tocotrienol	beta-tocotrienol [name]	50
230040	Delta tocotrienol  (mg)	delta tocotrienol	exact_norm	name	CHEBI:33276	delta-tocotrienol	delta-tocotrienol [name]	50
230041	C4 (%T)	c4 (%t)						
230042	C6 (%T)	c6 (%t)						
230043	C8 (%T)	c8 (%t)						
230044	C10 (%T)	c10 (%t)						
230045	C11 (%T)	c11 (%t)						
230046	C12 (%T)	c12 (%t)						
230047	C13 (%T)	c13 (%t)						
230048	C14 (%T)	c14 (%t)						
230049	C15 (%T)	c15 (%t)						
230050	C16 (%T)	c16 (%t)						
230051	C17 (%T)	c17 (%t)						
230052	C18 (%T)	c18 (%t)						
230053	C19 (%T)	c19 (%t)						
230054	C20 (%T)	c20 (%t)						
230055	C21 (%T)	c21 (%t)						
230056	C22 (%T)	c22 (%t)						
230057	C23 (%T)	c23 (%t)						
230058	C24 (%T)	c24 (%t)						
230060	C12:1 (%T)	c12:1 (%t)	exact_no_paren	synonym:RELATED	CHEBI:23867	dodecenoic acid	C12:1 [synonym:RELATED]	31
230060	C12:1 (%T)	c12:1 (%t)	exact_no_paren	synonym:RELATED	CHEBI:38371	2-dodecenoic acid	C12:1 [synonym:RELATED]	31
230061	C14:1 (%T)	c14:1 (%t)	exact_no_paren	synonym:RELATED	CHEBI:36004	tetradecenoic acid	C14:1 [synonym:RELATED]	31
230061	C14:1 (%T)	c14:1 (%t)	exact_no_paren	synonym:RELATED	CHEBI:87147	(Z)-tetradec-2-enoic acid	C14:1(2cis) [synonym:RELATED]	31
230062	C15:1 (%T)	c15:1 (%t)	exact_no_paren	synonym:RELATED	CHEBI:75088	pentadecenoic acid	C15:1 [synonym:RELATED]	31
230063	C16:1 (%T)	c16:1 (%t)	exact_no_paren	synonym:RELATED	CHEBI:24548	hexadecenoic acid	C16:1 [synonym:RELATED]	31
230063	C16:1 (%T)	c16:1 (%t)	exact_no_paren	synonym:RELATED	CHEBI:35465	(Z)-hexadec-7-enoic acid	C16:1(n=9) [synonym:RELATED]	31
230064	C17:1 (%T)	c17:1 (%t)	exact_no_paren	synonym:RELATED	CHEBI:36001	heptadecenoic acid	C17:1 [synonym:RELATED]	31
230065	C18:1 (%T)	c18:1 (%t)	exact_no_paren	synonym:RELATED	CHEBI:36023	vaccenic acid	C18:1 (11) [synonym:RELATED]	31
230066	C18:1w7 (%T)	c18:1w7 (%t)						
230067	C20:1 (%T)	c20:1 (%t)	exact_no_paren	synonym:RELATED	CHEBI:23902	icosenoic acid	C20:1 [synonym:RELATED]	31
230068	C20:1w11 (%T)	c20:1w11 (%t)						
230069	C22:1 (%T)	c22:1 (%t)	exact_no_paren	synonym:RELATED	CHEBI:36031	docosenoic acid	C22:1 [synonym:RELATED]	31
230070	C22:1w11 (%T)	c22:1w11 (%t)						
230071	C24:1 (%T)	c24:1 (%t)	exact_no_paren	synonym:RELATED	CHEBI:36032	tetracosenoic acid	C24:1 [synonym:RELATED]	31
230073	C12:2 (%T)	c12:2 (%t)	exact_no_paren	synonym:RELATED	CHEBI:37211	dodecadienoic acid	C12:2 [synonym:RELATED]	31
230074	C16:2w4 (%T)	c16:2w4 (%t)						
230075	C16:3 (%T)	c16:3 (%t)	exact_no_paren	synonym:RELATED	CHEBI:24545	hexadecatrienoic acid	C16:3 [synonym:RELATED]	31
230076	C18:2w6 (%T)	c18:2w6 (%t)						
230077	C18:3w3 (%T)	c18:3w3 (%t)						
230078	C18:3w4 (%T)	c18:3w4 (%t)						
230079	C18:3w6 (%T)	c18:3w6 (%t)						
230080	C18:4w1 (%T)	c18:4w1 (%t)						
230081	C18:4w3 (%T)	c18:4w3 (%t)						
230082	C20:2 (%T)	c20:2 (%t)	exact_no_paren	synonym:RELATED	CHEBI:72850	icosadienoic acid	C20:2 [synonym:RELATED]	31
230082	C20:2 (%T)	c20:2 (%t)	exact_no_paren	synonym:RELATED	CHEBI:77220	(11Z,14Z)-icosadienoate	C20:2(omega-6)(1-) [synonym:RELATED]	31
230082	C20:2 (%T)	c20:2 (%t)	exact_no_paren	synonym:RELATED	CHEBI:145835	(5Z,8Z)-icosadienoate(1-)	C20:2(omega-12)(1-) [synonym:RELATED]	31
230083	C20:2w6 (%T)	c20:2w6 (%t)						
230084	C20:4 (%T)	c20:4 (%t)	exact_no_paren	synonym:RELATED	CHEBI:36033	icosatetraenoic acid	C20:4 [synonym:RELATED]	31
230085	C20:3w3 (%T)	c20:3w3 (%t)						
230086	C20:3w6 (%T)	c20:3w6 (%t)						
230087	C20:4w3 (%T)	c20:4w3 (%t)						
230088	C20:4w6 (%T)	c20:4w6 (%t)						
230089	C20:5w3 (%T)	c20:5w3 (%t)						
230090	C21:5w3 (%T)	c21:5w3 (%t)						
230091	C22:2 (%T)	c22:2 (%t)	exact_no_paren	synonym:RELATED	CHEBI:75115	docosadienoic acid	C22:2 [synonym:RELATED]	31
230092	C22:2w6 (%T)	c22:2w6 (%t)						
230093	C22:4w6 (%T)	c22:4w6 (%t)						
230094	C22:5w3 (%T)	c22:5w3 (%t)						
230095	C22:5w6 (%T)	c22:5w6 (%t)						
230096	C22:6w3 (%T)	c22:6w3 (%t)						
230101	C20:3 (mg)	c20:3	exact_norm	synonym:RELATED	CHEBI:36036	fatty acid 20:3	C20:3 [synonym:RELATED]	41
230103	Cystine plus cysteine  (mg/gN)	cystine plus cysteine (mg/gn)						
230104	fdc_id	fdc_id						
240001	(+)-Catechin	(+)-catechin	exact_norm	name	CHEBI:15600	(+)-catechin	(+)-catechin [name]	75
240001	(+)-Catechin	(+)-catechin	exact_compact	name	CHEBI:23053	catechin	catechin [name]	70
240002	(+)-Catechin 3-O-gallate	(+)-catechin 3-o-gallate	exact_norm	name	CHEBI:76132	(+)-catechin-3-O-gallate	(+)-catechin-3-O-gallate [name]	50
240003	(+)-Catechin 3-O-glucose	(+)-catechin 3-o-glucose						
240004	(+)-Gallocatechin	(+)-gallocatechin	exact_norm	name	CHEBI:31018	(+)-gallocatechin	(+)-gallocatechin [name]	75
240004	(+)-Gallocatechin	(+)-gallocatechin	exact_compact	name	CHEBI:68330	gallocatechin	gallocatechin [name]	70
240005	(+)-Gallocatechin 3-O-gallate	(+)-gallocatechin 3-o-gallate	exact_norm	name	CHEBI:68330	gallocatechin	gallocatechin [name]	50
240005	(+)-Gallocatechin 3-O-gallate	(+)-gallocatechin 3-o-gallate	exact_norm	name	CHEBI:31018	(+)-gallocatechin	(+)-gallocatechin [name]	50
240005	(+)-Gallocatechin 3-O-gallate	(+)-gallocatechin 3-o-gallate	exact_norm	name	CHEBI:76132	(+)-catechin-3-O-gallate	(+)-catechin-3-O-gallate [name]	50
240006	(-)-Epicatechin	-epicatechin	exact_norm	name	CHEBI:90	(-)-epicatechin	(-)-epicatechin [name]	75
240007	(-)-Epicatechin 3-O-gallate	-epicatechin 3-o-gallate	exact_norm	name	CHEBI:76132	(+)-catechin-3-O-gallate	(+)-catechin-3-O-gallate [name]	50
240007	(-)-Epicatechin 3-O-gallate	-epicatechin 3-o-gallate	exact_norm	name	CHEBI:70255	(-)-epicatechin-3-O-gallate	(-)-epicatechin-3-O-gallate [name]	50
240008	(-)-Epicatechin-(2a-7)(4a-8)-epicatechin 3-O-galactoside	-epicatechin-(2a-7) (4a-8)-epicatechin 3-o-galactoside						
240009	(-)-Epigallocatechin	-epigallocatechin	exact_norm	name	CHEBI:42255	(-)-epigallocatechin	(-)-epigallocatechin [name]	75
240010	(-)-Epigallocatechin 3-O-gallate	-epigallocatechin 3-o-gallate	exact_norm	name	CHEBI:68330	gallocatechin	gallocatechin [name]	50
240010	(-)-Epigallocatechin 3-O-gallate	-epigallocatechin 3-o-gallate	exact_norm	name	CHEBI:31018	(+)-gallocatechin	(+)-gallocatechin [name]	50
240010	(-)-Epigallocatechin 3-O-gallate	-epigallocatechin 3-o-gallate	exact_norm	name	CHEBI:76132	(+)-catechin-3-O-gallate	(+)-catechin-3-O-gallate [name]	50
240011	02 mers	02 mers						
240012	03 mers	03 mers						
240013	04-06 mers	04-06 mers						
240014	07-10 mers	07-10 mers						
240015	1,2'-Disinapoyl-2-feruloylgentiobiose	1, 2'-disinapoyl-2-feruloylgentiobiose						
240016	1,2,2'-Triferuloylgentiobiose	1, 2, 2'-triferuloylgentiobiose						
240017	1,2,2'-Trisinapoylgentiobiose	1, 2, 2'-trisinapoylgentiobiose						
240018	1,2-Diferuloylgentiobiose	1, 2-diferuloylgentiobiose						
240019	1,2-Disinapoylgentiobiose	1, 2-disinapoylgentiobiose	exact_norm	name	CHEBI:191657	1,2-Disinapoylgentiobiose	1,2-Disinapoylgentiobiose [name]	75
240020	1,4-Naphtoquinone	1, 4-naphtoquinone						
240021	1-Acetoxypinoresinol	1-acetoxypinoresinol	exact_norm	name	CHEBI:582	1-Acetoxypinoresinol	1-Acetoxypinoresinol [name]	75
240022	1-Sinapoyl-2,2'-diferuloylgentiobiose	1-sinapoyl-2, 2'-diferuloylgentiobiose						
240023	1-Sinapoyl-2-feruloylgentiobiose	1-sinapoyl-2-feruloylgentiobiose						
240024	2,3-Dihydroxy-1-guaiacylpropanone	2, 3-dihydroxy-1-guaiacylpropanone						
240025	2,3-Dihydroxybenzoic acid	2, 3-dihydroxybenzoic acid	exact_norm	name	CHEBI:18026	2,3-dihydroxybenzoic acid	2,3-dihydroxybenzoic acid [name]	75
240026	2,4-Dihydroxybenzoic acid	2, 4-dihydroxybenzoic acid	exact_norm	name	CHEBI:42094	2,4-dihydroxybenzoic acid	2,4-dihydroxybenzoic acid [name]	75
240027	2,5-di-S-Glutathionyl caftaric acid	2, 5-di-s-glutathionyl caftaric acid						
240028	2,6-Dihydroxybenzoic acid	2, 6-dihydroxybenzoic acid	exact_norm	name	CHEBI:68465	2,6-dihydroxybenzoic acid	2,6-dihydroxybenzoic acid [name]	75
240029	2-Hydroxybenzoic acid	2-hydroxybenzoic acid	exact_norm	synonym:EXACT	CHEBI:16914	salicylic acid	2-HYDROXYBENZOIC ACID [synonym:EXACT]	47
240030	2-Methoxy-5-prop-1-enylphenol	2-methoxy-5-prop-1-enylphenol						
240031	2-S-Glutathionyl caftaric acid	2-s-glutathionyl caftaric acid						
240032	24-Methylcholestanol ferulate	24-methylcholestanol ferulate						
240033	24-Methylcholesterol ferulate	24-methylcholesterol ferulate						
240034	24-Methylenecholestanol ferulate	24-methylenecholestanol ferulate						
240035	24-Methyllathosterol ferulate	24-methyllathosterol ferulate						
240036	3,4-DHPEA-AC	3, 4-dhpea-ac						
240037	3,4-DHPEA-EA	3, 4-dhpea-ea	exact_norm	name	CHEBI:89421	3,4-DHPEA-EA	3,4-DHPEA-EA [name]	75
240038	3,4-DHPEA-EDA	3, 4-dhpea-eda						
240039	3,4-Dicaffeoylquinic acid	3, 4-dicaffeoylquinic acid	exact_norm	synonym:RELATED	CHEBI:5995	Isochlorogenic acid b	3,4-Dicaffeoylquinic acid [synonym:RELATED]	41
240040	3,4-Diferuloylquinic acid	3, 4-diferuloylquinic acid						
240041	3,4-Dihydroxyphenylacetic acid	3, 4-dihydroxyphenylacetic acid	exact_norm	synonym:RELATED	CHEBI:41941	(3,4-dihydroxyphenyl)acetic acid	3,4-Dihydroxyphenylacetic acid [synonym:RELATED]	41
240042	3,4-Dihydroxyphenylglycol	3, 4-dihydroxyphenylglycol	exact_norm	synonym:RELATED	CHEBI:1387	3,4-dihydroxyphenylethyleneglycol	3,4-Dihydroxyphenylglycol [synonym:RELATED]	41
240043	3,5-Dicaffeoylquinic acid	3, 5-dicaffeoylquinic acid	exact_norm	synonym:RELATED	CHEBI:65751	3,5-di-O-caffeoyl quinic acid	3,5-Dicaffeoylquinic acid [synonym:RELATED]	41
240044	3,5-Diferuloylquinic acid	3, 5-diferuloylquinic acid						
240045	3,5-Dihydroxybenzoic acid	3, 5-dihydroxybenzoic acid	exact_norm	name	CHEBI:39912	3,5-dihydroxybenzoic acid	3,5-dihydroxybenzoic acid [name]	75
240046	3,7-Dimethylquercetin	3, 7-dimethylquercetin						
240047	3-Caffeoylquinic acid	3-caffeoylquinic acid	exact_norm	synonym:RELATED	CHEBI:16112	chlorogenic acid	3-Caffeoylquinic acid [synonym:RELATED]	41
240048	3-Feruloylquinic acid	3-feruloylquinic acid	exact_norm	name	CHEBI:176348	3-Feruloylquinic acid	3-Feruloylquinic acid [name]	75
240049	3-Hydroxybenzoic acid	3-hydroxybenzoic acid	exact_norm	name	CHEBI:30764	3-hydroxybenzoic acid	3-hydroxybenzoic acid [name]	75
240050	3-Hydroxyphloretin 2'-O-glucoside	3-hydroxyphloretin 2'-o-glucoside						
240051	3-Hydroxyphloretin 2'-O-xylosyl-glucoside	3-hydroxyphloretin 2'-o-xylosyl-glucoside						
240052	3-Methoxyacetophenone	3-methoxyacetophenone						
240053	3-Methoxynobiletin	3-methoxynobiletin	exact_norm	name	CHEBI:176100	3-Methoxynobiletin	3-Methoxynobiletin [name]	75
240054	3-Methoxysinensetin	3-methoxysinensetin						
240055	3-Methylcatechol	3-methylcatechol	exact_norm	name	CHEBI:18404	3-methylcatechol	3-methylcatechol [name]	75
240056	3-Sinapoylquinic acid	3-sinapoylquinic acid						
240057	3-p-Coumaroylquinic acid	3-p-coumaroylquinic acid	exact_norm	name	CHEBI:75499	3-p-coumaroylquinic acid	3-p-coumaroylquinic acid [name]	75
240058	4,5-Dicaffeoylquinic acid	4, 5-dicaffeoylquinic acid						
240059	4-Caffeoylquinic acid	4-caffeoylquinic acid	exact_norm	synonym:RELATED	CHEBI:75491	4-O-trans-caffeoylquinic acid	4-Caffeoylquinic acid [synonym:RELATED]	41
240060	4-Ethylcatechol	4-ethylcatechol	exact_norm	synonym:RELATED	CHEBI:179260	4-Ethyl-1,2-benzenediol	4-ethylcatechol [synonym:RELATED]	41
240061	4-Ethylguaiacol	4-ethylguaiacol						
240062	4-Ethylphenol	4-ethylphenol	exact_norm	name	CHEBI:49584	4-ethylphenol	4-ethylphenol [name]	75
240063	4-Feruloylquinic acid	4-feruloylquinic acid	exact_compact	name	CHEBI:233523	feruloylquinic acid	feruloylquinic acid [name]	30
240064	4-Hydroxybenzaldehyde	4-hydroxybenzaldehyde	exact_norm	name	CHEBI:17597	4-hydroxybenzaldehyde	4-hydroxybenzaldehyde [name]	75
240065	4-Hydroxybenzoic acid	4-hydroxybenzoic acid	exact_norm	name	CHEBI:30763	4-hydroxybenzoic acid	4-hydroxybenzoic acid [name]	75
240066	4-Hydroxybenzoic acid 4-O-glucoside	4-hydroxybenzoic acid 4-o-glucoside						
240067	4-Hydroxycoumarin	4-hydroxycoumarin	exact_norm	name	CHEBI:40070	4-hydroxycoumarin	4-hydroxycoumarin [name]	75
240068	4-Hydroxyphenylacetic acid	4-hydroxyphenylacetic acid	exact_norm	name	CHEBI:18101	4-hydroxyphenylacetic acid	4-hydroxyphenylacetic acid [name]	75
240069	4-Methylcatechol	4-methylcatechol	exact_norm	name	CHEBI:17254	4-methylcatechol	4-methylcatechol [name]	75
240070	4-Sinapoylquinic acid	4-sinapoylquinic acid	exact_norm	synonym:RELATED	CHEBI:75496	4-O-sinapoylquinic acid	4-sinapoylquinic acid [synonym:RELATED]	41
240071	4-Vinylguaiacol	4-vinylguaiacol	exact_norm	synonym:RELATED	CHEBI:42438	2-methoxy-4-vinylphenol	4-vinylguaiacol [synonym:RELATED]	41
240072	4-Vinylphenol	4-vinylphenol	exact_norm	synonym:RELATED	CHEBI:1883	4-hydroxystyrene	4-Vinylphenol [synonym:RELATED]	41
240073	4-Vinylsyringol	4-vinylsyringol	exact_norm	name	CHEBI:197097	4-Vinylsyringol	4-Vinylsyringol [name]	75
240074	4-p-Coumaroylquinic acid	4-p-coumaroylquinic acid	exact_norm	name	CHEBI:1945	4-p-coumaroylquinic acid	4-p-coumaroylquinic acid [name]	75
240075	5,3',4'-Trihydroxy-3-methoxy-6:7-methylenedioxyflavone 4'-O-glucuronide	5, 3', 4'-trihydroxy-3-methoxy-6:7-methylenedioxyflavone 4'-o-glucuronide						
240076	5,4'-Dihydroxy-3,3'-dimethoxy-6:7-methylenedioxyflavone 4'-O-glucuronide	5, 4'-dihydroxy-3, 3'-dimethoxy-6:7-methylenedioxyflavone 4'-o-glucuronide						
240077	5,6-Dihydroxy-7,8,3',4'-tetramethoxyflavone	5, 6-dihydroxy-7, 8, 3', 4'-tetramethoxyflavone						
240078	5-5'-Dehydrodiferulic acid	5-5'-dehydrodiferulic acid						
240079	5-8'-Benzofuran dehydrodiferulic acid	5-8'-benzofuran dehydrodiferulic acid						
240080	5-8'-Dehydrodiferulic acid	5-8'-dehydrodiferulic acid	exact_norm	synonym:RELATED	CHEBI:88363	8,5'-diferulic acid	5-8'-Dehydrodiferulic acid [synonym:RELATED]	41
240081	5-Caffeoylquinic acid	5-caffeoylquinic acid						
240082	5-Feruloylquinic acid	5-feruloylquinic acid	exact_compact	name	CHEBI:233523	feruloylquinic acid	feruloylquinic acid [name]	30
240083	5-Heneicosenylresorcinol	5-heneicosenylresorcinol						
240084	5-Heneicosylresorcinol	5-heneicosylresorcinol						
240085	5-Heptadecylresorcinol	5-heptadecylresorcinol	exact_norm	name	CHEBI:145967	5-heptadecylresorcinol	5-heptadecylresorcinol [name]	75
240086	5-Nonadecenylresorcinol	5-nonadecenylresorcinol						
240087	5-Nonadecylresorcinol	5-nonadecylresorcinol						
240088	5-O-Galloylquinic acid	5-o-galloylquinic acid						
240089	5-Pentacosenylresorcinol	5-pentacosenylresorcinol						
240090	5-Pentacosylresorcinol	5-pentacosylresorcinol						
240091	5-Pentadecylresorcinol	5-pentadecylresorcinol	exact_norm	synonym:RELATED	CHEBI:2120	cardol	5-Pentadecylresorcinol [synonym:RELATED]	41
240092	5-Sinapoylquinic acid	5-sinapoylquinic acid						
240093	5-Tricosenylresorcinol	5-tricosenylresorcinol						
240094	5-Tricosylresorcinol	5-tricosylresorcinol	exact_norm	name	CHEBI:145969	5-tricosylresorcinol	5-tricosylresorcinol [name]	75
240095	5-p-Coumaroylquinic acid	5-p-coumaroylquinic acid	exact_norm	name	CHEBI:75500	5-p-coumaroylquinic acid	5-p-coumaroylquinic acid [name]	75
240096	6''-O-Acetyldaidzin	6''-o-acetyldaidzin	exact_norm	synonym:RELATED	CHEBI:133395	daidzein 7-(6-O-acetyl-beta-D-glucoside)	6''-O-Acetyldaidzin [synonym:RELATED]	41
240097	6''-O-Acetylgenistin	6''-o-acetylgenistin	exact_norm	name	CHEBI:142249	6''-O-acetylgenistin	6''-O-acetylgenistin [name]	75
240098	6''-O-Acetylglycitin	6''-o-acetylglycitin	exact_norm	synonym:RELATED	CHEBI:133348	glycitein 7-(6-O-acetyl-beta-D-glucoside)	6''-O-Acetylglycitin [synonym:RELATED]	41
240099	6''-O-Malonyldaidzin	6''-o-malonyldaidzin	exact_norm	name	CHEBI:191517	6''-O-Malonyldaidzin	6''-O-Malonyldaidzin [name]	75
240100	6''-O-Malonylgenistin	6''-o-malonylgenistin						
240101	6''-O-Malonylglycitin	6''-o-malonylglycitin	exact_norm	synonym:RELATED	CHEBI:80374	malonylglycitin	6''-O-malonylglycitin [synonym:RELATED]	41
240102	6,8-Dihydroxykaempferol	6, 8-dihydroxykaempferol						
240103	6-Geranylnaringenin	6-geranylnaringenin						
240104	6-Hydroxyluteolin	6-hydroxyluteolin	exact_norm	name	CHEBI:2197	6-hydroxyluteolin	6-hydroxyluteolin [name]	75
240105	6-Hydroxyluteolin 7-O-rhamnoside	6-hydroxyluteolin 7-o-rhamnoside						
240106	6-Prenylnaringenin	6-prenylnaringenin	exact_norm	name	CHEBI:27566	6-prenylnaringenin	6-prenylnaringenin [name]	75
240107	7,3',4'-Trihydroxyflavone	7, 3', 4'-trihydroxyflavone	exact_norm	name	CHEBI:196247	7,3',4'-Trihydroxyflavone	7,3',4'-Trihydroxyflavone [name]	75
240107	7,3',4'-Trihydroxyflavone	7, 3', 4'-trihydroxyflavone	exact_compact	name	CHEBI:27116	trihydroxyflavone	trihydroxyflavone [name]	30
240108	7,4'-Dihydroxyflavone	7, 4'-dihydroxyflavone	exact_norm	synonym:RELATED	CHEBI:29503	4',7-dihydroxyflavone	7,4'-Dihydroxyflavone [synonym:RELATED]	41
240109	7-Hydroxymatairesinol	7-hydroxymatairesinol						
240110	7-Hydroxysecoisolariciresinol	7-hydroxysecoisolariciresinol	exact_norm	name	CHEBI:88362	7-hydroxysecoisolariciresinol	7-hydroxysecoisolariciresinol [name]	75
240111	7-Oxomatairesinol	7-oxomatairesinol						
240112	8-O-4'-Dehydrodiferulic acid	8-o-4'-dehydrodiferulic acid						
240113	8-Prenylnaringenin	8-prenylnaringenin	exact_norm	synonym:RELATED	CHEBI:50207	sophoraflavanone B	8-Prenylnaringenin [synonym:RELATED]	41
240114	Acetyl eugenol	acetyl eugenol						
240115	Anethole	anethole	exact_norm	name	CHEBI:2716	anethole	anethole [name]	90
240116	Anhydro-secoisolariciresinol	anhydro-secoisolariciresinol						
240118	Apigenin	apigenin	exact_norm	name	CHEBI:18388	apigenin	apigenin [name]	90
240119	Apigenin 6,8-C-arabinoside-C-glucoside	apigenin 6, 8-c-arabinoside-c-glucoside						
240120	Apigenin 6,8-C-galactoside-C-arabinoside	apigenin 6, 8-c-galactoside-c-arabinoside						
240121	Apigenin 6,8-di-C-glucoside	apigenin 6, 8-di-c-glucoside						
240122	Apigenin 6-C-glucoside	apigenin 6-c-glucoside	exact_norm	synonym:RELATED	CHEBI:18330	isovitexin	Apigenin 6-C-glucoside [synonym:RELATED]	41
240123	Apigenin 7-O-(6''-malonyl-apiosyl-glucoside)	apigenin 7-o-(6''-malonyl-apiosyl-glucoside)	exact_no_paren	name	CHEBI:166640	Apigenin 7-O-(6-malonyl-beta-D-glucoside)	Apigenin 7-O-(6-malonyl-beta-D-glucoside) [name]	40
240123	Apigenin 7-O-(6''-malonyl-apiosyl-glucoside)	apigenin 7-o-(6''-malonyl-apiosyl-glucoside)	exact_no_paren	name	CHEBI:169949	apigenin 7-O-(6-O-malonyl-beta-D-glucoside)(2-)	apigenin 7-O-(6-O-malonyl-beta-D-glucoside)(2-) [name]	40
240124	Apigenin 7-O-apiosyl-glucoside	apigenin 7-o-apiosyl-glucoside						
240125	Apigenin 7-O-diglucuronide	apigenin 7-o-diglucuronide						
240126	Apigenin 7-O-glucoside	apigenin 7-o-glucoside	exact_norm	synonym:RELATED	CHEBI:16778	apigenin 7-O-beta-D-glucoside	Apigenin 7-O-glucoside [synonym:RELATED]	41
240127	Apigenin 7-O-glucuronide	apigenin 7-o-glucuronide						
240128	Arbutin	arbutin						
240129	Arctigenin	arctigenin						
240130	Avenanthramide 2c	avenanthramide 2c						
240131	Avenanthramide 2f	avenanthramide 2f	exact_norm	synonym:RELATED	CHEBI:167489	avenanthramide B	avenanthramide 2F [synonym:RELATED]	41
240132	Avenanthramide 2p	avenanthramide 2p						
240133	Avenanthramide K	avenanthramide k						
240134	Baicalein	baicalein	exact_norm	name	CHEBI:2979	baicalein	baicalein [name]	90
240135	Benzoic acid	benzoic acid	exact_norm	name	CHEBI:30746	benzoic acid	benzoic acid [name]	75
240135	Benzoic acid	benzoic acid	exact_norm	name	CHEBI:37813	(oxaloamino)benzoic acid	(oxaloamino)benzoic acid [name]	75
240136	Bergapten	bergapten						
240137	Biochanin A	biochanin a	exact_norm	name	CHEBI:17574	biochanin A	biochanin A [name]	75
240138	Bisdemethoxycurcumin	bisdemethoxycurcumin	exact_norm	name	CHEBI:71045	bisdemethoxycurcumin	bisdemethoxycurcumin [name]	90
240139	Butein	butein	exact_norm	name	CHEBI:3237	butein	butein [name]	90
240140	Caffeic acid	caffeic acid	exact_norm	name	CHEBI:36281	caffeic acid	caffeic acid [name]	75
240141	Caffeic acid 4-O-glucoside	caffeic acid 4-o-glucoside						
240142	Caffeic acid ethyl ester	caffeic acid ethyl ester	exact_norm	name	CHEBI:69656	Caffeic acid ethyl ester	Caffeic acid ethyl ester [name]	75
240143	Caffeoyl aspartic acid	caffeoyl aspartic acid	exact_norm	name	CHEBI:174800	Caffeoyl aspartic acid	Caffeoyl aspartic acid [name]	75
240144	Caffeoyl glucose	caffeoyl glucose						
240145	Caffeoyl tartaric acid	caffeoyl tartaric acid						
240146	Carnosic acid	carnosic acid	exact_norm	name	CHEBI:65585	carnosic acid	carnosic acid [name]	75
240147	Carnosol	carnosol	exact_norm	name	CHEBI:3429	Carnosol	Carnosol [name]	90
240148	Carvacrol	carvacrol	exact_norm	name	CHEBI:3440	carvacrol	carvacrol [name]	90
240149	Catechol	catechol	exact_norm	name	CHEBI:18135	catechol	catechol [name]	90
240150	Chicoric acid	chicoric acid	exact_norm	name	CHEBI:3594	chicoric acid	chicoric acid [name]	75
240151	Chrysin	chrysin	exact_norm	name	CHEBI:75095	chrysin	chrysin [name]	90
240152	Chrysoeriol 7-O-(6''-malonyl-apiosyl-glucoside)	chrysoeriol 7-o-(6''-malonyl-apiosyl-glucoside)	exact_no_paren	name	CHEBI:235357	Chrysoeriol-O-(6''-malonyl-glucoside)	Chrysoeriol-O-(6''-malonyl-glucoside) [name]	40
240153	Chrysoeriol 7-O-(6''-malonyl-glucoside)	chrysoeriol 7-o-(6''-malonyl-glucoside)	exact_no_paren	name	CHEBI:235357	Chrysoeriol-O-(6''-malonyl-glucoside)	Chrysoeriol-O-(6''-malonyl-glucoside) [name]	40
240154	Chrysoeriol 7-O-apiosyl-glucoside	chrysoeriol 7-o-apiosyl-glucoside						
240155	Chrysoeriol 7-O-glucoside	chrysoeriol 7-o-glucoside						
240156	Cinnamic acid	cinnamic acid	exact_norm	name	CHEBI:27386	cinnamic acid	cinnamic acid [name]	75
240157	Cinnamoyl glucose	cinnamoyl glucose						
240158	Cinnamtannin A2	cinnamtannin a2	exact_norm	name	CHEBI:81227	cinnamtannin A2	cinnamtannin A2 [name]	75
240159	Cirsilineol	cirsilineol	exact_norm	name	CHEBI:3718	cirsilineol	cirsilineol [name]	90
240160	Cirsimaritin	cirsimaritin	exact_norm	name	CHEBI:81337	cirsimaritin	cirsimaritin [name]	90
240161	Conidendrin	conidendrin						
240162	Coumarin	coumarin	exact_norm	name	CHEBI:28794	coumarin	coumarin [name]	90
240163	Coumestrol	coumestrol	exact_norm	name	CHEBI:3908	coumestrol	coumestrol [name]	90
240164	Curcumin	curcumin	exact_norm	name	CHEBI:3962	curcumin	curcumin [name]	90
240165	Cyanidin	cyanidin	exact_norm	synonym:RELATED	CHEBI:27843	cyanidin cation	Cyanidin [synonym:RELATED]	41
240166	Cyanidin 3,5-O-diglucoside	cyanidin 3, 5-o-diglucoside	exact_norm	synonym:RELATED	CHEBI:3978	cyanin	Cyanidin 3,5-O-diglucoside [synonym:RELATED]	41
240167	Cyanidin 3-O-(6''-acetyl-galactoside)	cyanidin 3-o-(6''-acetyl-galactoside)	exact_no_paren	name	CHEBI:180738	Cyanidin 3-O-(6''-acetyl-arabinoside)	Cyanidin 3-O-(6''-acetyl-arabinoside) [name]	40
240167	Cyanidin 3-O-(6''-acetyl-galactoside)	cyanidin 3-o-(6''-acetyl-galactoside)	exact_no_paren	name	CHEBI:131449	cyanidin 3-O-(6-O-acetyl-beta-D-glucoside)	cyanidin 3-O-(6-O-acetyl-beta-D-glucoside) [name]	40
240167	Cyanidin 3-O-(6''-acetyl-galactoside)	cyanidin 3-o-(6''-acetyl-galactoside)	exact_no_paren	name	CHEBI:31442	cyanidin 3-O-(6-O-malonyl-beta-D-glucoside)	cyanidin 3-O-(6-O-malonyl-beta-D-glucoside) [name]	40
240167	Cyanidin 3-O-(6''-acetyl-galactoside)	cyanidin 3-o-(6''-acetyl-galactoside)	exact_no_paren	name	CHEBI:27898	cyanidin 3-O-(6-O-glucosyl-2-O-xylosylgalactoside)	cyanidin 3-O-(6-O-glucosyl-2-O-xylosylgalactoside) [name]	40
240167	Cyanidin 3-O-(6''-acetyl-galactoside)	cyanidin 3-o-(6''-acetyl-galactoside)	exact_no_paren	name	CHEBI:85143	cyanidin 3-O-(2''-O-galloyl-beta-D-galactopyranoside)	cyanidin 3-O-(2''-O-galloyl-beta-D-galactopyranoside) [name]	40
240168	Cyanidin 3-O-(6''-acetyl-glucoside)	cyanidin 3-o-(6''-acetyl-glucoside)	exact_no_paren	name	CHEBI:180738	Cyanidin 3-O-(6''-acetyl-arabinoside)	Cyanidin 3-O-(6''-acetyl-arabinoside) [name]	40
240168	Cyanidin 3-O-(6''-acetyl-glucoside)	cyanidin 3-o-(6''-acetyl-glucoside)	exact_no_paren	name	CHEBI:131449	cyanidin 3-O-(6-O-acetyl-beta-D-glucoside)	cyanidin 3-O-(6-O-acetyl-beta-D-glucoside) [name]	40
240168	Cyanidin 3-O-(6''-acetyl-glucoside)	cyanidin 3-o-(6''-acetyl-glucoside)	exact_no_paren	name	CHEBI:31442	cyanidin 3-O-(6-O-malonyl-beta-D-glucoside)	cyanidin 3-O-(6-O-malonyl-beta-D-glucoside) [name]	40
240168	Cyanidin 3-O-(6''-acetyl-glucoside)	cyanidin 3-o-(6''-acetyl-glucoside)	exact_no_paren	name	CHEBI:27898	cyanidin 3-O-(6-O-glucosyl-2-O-xylosylgalactoside)	cyanidin 3-O-(6-O-glucosyl-2-O-xylosylgalactoside) [name]	40
240168	Cyanidin 3-O-(6''-acetyl-glucoside)	cyanidin 3-o-(6''-acetyl-glucoside)	exact_no_paren	name	CHEBI:85143	cyanidin 3-O-(2''-O-galloyl-beta-D-galactopyranoside)	cyanidin 3-O-(2''-O-galloyl-beta-D-galactopyranoside) [name]	40
240169	Cyanidin 3-O-(6''-caffeoyl-glucoside)	cyanidin 3-o-(6''-caffeoyl-glucoside)	exact_no_paren	name	CHEBI:180738	Cyanidin 3-O-(6''-acetyl-arabinoside)	Cyanidin 3-O-(6''-acetyl-arabinoside) [name]	40
240169	Cyanidin 3-O-(6''-caffeoyl-glucoside)	cyanidin 3-o-(6''-caffeoyl-glucoside)	exact_no_paren	name	CHEBI:131449	cyanidin 3-O-(6-O-acetyl-beta-D-glucoside)	cyanidin 3-O-(6-O-acetyl-beta-D-glucoside) [name]	40
240169	Cyanidin 3-O-(6''-caffeoyl-glucoside)	cyanidin 3-o-(6''-caffeoyl-glucoside)	exact_no_paren	name	CHEBI:31442	cyanidin 3-O-(6-O-malonyl-beta-D-glucoside)	cyanidin 3-O-(6-O-malonyl-beta-D-glucoside) [name]	40
240169	Cyanidin 3-O-(6''-caffeoyl-glucoside)	cyanidin 3-o-(6''-caffeoyl-glucoside)	exact_no_paren	name	CHEBI:27898	cyanidin 3-O-(6-O-glucosyl-2-O-xylosylgalactoside)	cyanidin 3-O-(6-O-glucosyl-2-O-xylosylgalactoside) [name]	40
240169	Cyanidin 3-O-(6''-caffeoyl-glucoside)	cyanidin 3-o-(6''-caffeoyl-glucoside)	exact_no_paren	name	CHEBI:85143	cyanidin 3-O-(2''-O-galloyl-beta-D-galactopyranoside)	cyanidin 3-O-(2''-O-galloyl-beta-D-galactopyranoside) [name]	40
240170	Cyanidin 3-O-(6''-dioxalyl-glucoside)	cyanidin 3-o-(6''-dioxalyl-glucoside)	exact_no_paren	name	CHEBI:180738	Cyanidin 3-O-(6''-acetyl-arabinoside)	Cyanidin 3-O-(6''-acetyl-arabinoside) [name]	40
240170	Cyanidin 3-O-(6''-dioxalyl-glucoside)	cyanidin 3-o-(6''-dioxalyl-glucoside)	exact_no_paren	name	CHEBI:131449	cyanidin 3-O-(6-O-acetyl-beta-D-glucoside)	cyanidin 3-O-(6-O-acetyl-beta-D-glucoside) [name]	40
240170	Cyanidin 3-O-(6''-dioxalyl-glucoside)	cyanidin 3-o-(6''-dioxalyl-glucoside)	exact_no_paren	name	CHEBI:31442	cyanidin 3-O-(6-O-malonyl-beta-D-glucoside)	cyanidin 3-O-(6-O-malonyl-beta-D-glucoside) [name]	40
240170	Cyanidin 3-O-(6''-dioxalyl-glucoside)	cyanidin 3-o-(6''-dioxalyl-glucoside)	exact_no_paren	name	CHEBI:27898	cyanidin 3-O-(6-O-glucosyl-2-O-xylosylgalactoside)	cyanidin 3-O-(6-O-glucosyl-2-O-xylosylgalactoside) [name]	40
240170	Cyanidin 3-O-(6''-dioxalyl-glucoside)	cyanidin 3-o-(6''-dioxalyl-glucoside)	exact_no_paren	name	CHEBI:85143	cyanidin 3-O-(2''-O-galloyl-beta-D-galactopyranoside)	cyanidin 3-O-(2''-O-galloyl-beta-D-galactopyranoside) [name]	40
240171	Cyanidin 3-O-(6''-malonyl-3''-glucosyl-glucoside)	cyanidin 3-o-(6''-malonyl-3''-glucosyl-glucoside)	exact_no_paren	name	CHEBI:180738	Cyanidin 3-O-(6''-acetyl-arabinoside)	Cyanidin 3-O-(6''-acetyl-arabinoside) [name]	40
240171	Cyanidin 3-O-(6''-malonyl-3''-glucosyl-glucoside)	cyanidin 3-o-(6''-malonyl-3''-glucosyl-glucoside)	exact_no_paren	name	CHEBI:131449	cyanidin 3-O-(6-O-acetyl-beta-D-glucoside)	cyanidin 3-O-(6-O-acetyl-beta-D-glucoside) [name]	40
240171	Cyanidin 3-O-(6''-malonyl-3''-glucosyl-glucoside)	cyanidin 3-o-(6''-malonyl-3''-glucosyl-glucoside)	exact_no_paren	name	CHEBI:31442	cyanidin 3-O-(6-O-malonyl-beta-D-glucoside)	cyanidin 3-O-(6-O-malonyl-beta-D-glucoside) [name]	40
240171	Cyanidin 3-O-(6''-malonyl-3''-glucosyl-glucoside)	cyanidin 3-o-(6''-malonyl-3''-glucosyl-glucoside)	exact_no_paren	name	CHEBI:27898	cyanidin 3-O-(6-O-glucosyl-2-O-xylosylgalactoside)	cyanidin 3-O-(6-O-glucosyl-2-O-xylosylgalactoside) [name]	40
240171	Cyanidin 3-O-(6''-malonyl-3''-glucosyl-glucoside)	cyanidin 3-o-(6''-malonyl-3''-glucosyl-glucoside)	exact_no_paren	name	CHEBI:85143	cyanidin 3-O-(2''-O-galloyl-beta-D-galactopyranoside)	cyanidin 3-O-(2''-O-galloyl-beta-D-galactopyranoside) [name]	40
240172	Cyanidin 3-O-(6''-malonyl-glucoside)	cyanidin 3-o-(6''-malonyl-glucoside)	exact_no_paren	name	CHEBI:180738	Cyanidin 3-O-(6''-acetyl-arabinoside)	Cyanidin 3-O-(6''-acetyl-arabinoside) [name]	40
240172	Cyanidin 3-O-(6''-malonyl-glucoside)	cyanidin 3-o-(6''-malonyl-glucoside)	exact_no_paren	name	CHEBI:131449	cyanidin 3-O-(6-O-acetyl-beta-D-glucoside)	cyanidin 3-O-(6-O-acetyl-beta-D-glucoside) [name]	40
240172	Cyanidin 3-O-(6''-malonyl-glucoside)	cyanidin 3-o-(6''-malonyl-glucoside)	exact_no_paren	name	CHEBI:31442	cyanidin 3-O-(6-O-malonyl-beta-D-glucoside)	cyanidin 3-O-(6-O-malonyl-beta-D-glucoside) [name]	40
240172	Cyanidin 3-O-(6''-malonyl-glucoside)	cyanidin 3-o-(6''-malonyl-glucoside)	exact_no_paren	name	CHEBI:27898	cyanidin 3-O-(6-O-glucosyl-2-O-xylosylgalactoside)	cyanidin 3-O-(6-O-glucosyl-2-O-xylosylgalactoside) [name]	40
240172	Cyanidin 3-O-(6''-malonyl-glucoside)	cyanidin 3-o-(6''-malonyl-glucoside)	exact_no_paren	name	CHEBI:85143	cyanidin 3-O-(2''-O-galloyl-beta-D-galactopyranoside)	cyanidin 3-O-(2''-O-galloyl-beta-D-galactopyranoside) [name]	40
240173	Cyanidin 3-O-(6''-p-coumaroyl-glucoside)	cyanidin 3-o-(6''-p-coumaroyl-glucoside)	exact_no_paren	name	CHEBI:180738	Cyanidin 3-O-(6''-acetyl-arabinoside)	Cyanidin 3-O-(6''-acetyl-arabinoside) [name]	40
240173	Cyanidin 3-O-(6''-p-coumaroyl-glucoside)	cyanidin 3-o-(6''-p-coumaroyl-glucoside)	exact_no_paren	name	CHEBI:131449	cyanidin 3-O-(6-O-acetyl-beta-D-glucoside)	cyanidin 3-O-(6-O-acetyl-beta-D-glucoside) [name]	40
240173	Cyanidin 3-O-(6''-p-coumaroyl-glucoside)	cyanidin 3-o-(6''-p-coumaroyl-glucoside)	exact_no_paren	name	CHEBI:31442	cyanidin 3-O-(6-O-malonyl-beta-D-glucoside)	cyanidin 3-O-(6-O-malonyl-beta-D-glucoside) [name]	40
240173	Cyanidin 3-O-(6''-p-coumaroyl-glucoside)	cyanidin 3-o-(6''-p-coumaroyl-glucoside)	exact_no_paren	name	CHEBI:27898	cyanidin 3-O-(6-O-glucosyl-2-O-xylosylgalactoside)	cyanidin 3-O-(6-O-glucosyl-2-O-xylosylgalactoside) [name]	40
240173	Cyanidin 3-O-(6''-p-coumaroyl-glucoside)	cyanidin 3-o-(6''-p-coumaroyl-glucoside)	exact_no_paren	name	CHEBI:85143	cyanidin 3-O-(2''-O-galloyl-beta-D-galactopyranoside)	cyanidin 3-O-(2''-O-galloyl-beta-D-galactopyranoside) [name]	40
240174	Cyanidin 3-O-(6''-succinyl-glucoside)	cyanidin 3-o-(6''-succinyl-glucoside)	exact_no_paren	name	CHEBI:180738	Cyanidin 3-O-(6''-acetyl-arabinoside)	Cyanidin 3-O-(6''-acetyl-arabinoside) [name]	40
240174	Cyanidin 3-O-(6''-succinyl-glucoside)	cyanidin 3-o-(6''-succinyl-glucoside)	exact_no_paren	name	CHEBI:131449	cyanidin 3-O-(6-O-acetyl-beta-D-glucoside)	cyanidin 3-O-(6-O-acetyl-beta-D-glucoside) [name]	40
240174	Cyanidin 3-O-(6''-succinyl-glucoside)	cyanidin 3-o-(6''-succinyl-glucoside)	exact_no_paren	name	CHEBI:31442	cyanidin 3-O-(6-O-malonyl-beta-D-glucoside)	cyanidin 3-O-(6-O-malonyl-beta-D-glucoside) [name]	40
240174	Cyanidin 3-O-(6''-succinyl-glucoside)	cyanidin 3-o-(6''-succinyl-glucoside)	exact_no_paren	name	CHEBI:27898	cyanidin 3-O-(6-O-glucosyl-2-O-xylosylgalactoside)	cyanidin 3-O-(6-O-glucosyl-2-O-xylosylgalactoside) [name]	40
240174	Cyanidin 3-O-(6''-succinyl-glucoside)	cyanidin 3-o-(6''-succinyl-glucoside)	exact_no_paren	name	CHEBI:85143	cyanidin 3-O-(2''-O-galloyl-beta-D-galactopyranoside)	cyanidin 3-O-(2''-O-galloyl-beta-D-galactopyranoside) [name]	40
240175	Cyanidin 3-O-arabinoside	cyanidin 3-o-arabinoside	exact_norm	name	CHEBI:176345	Cyanidin 3-O-arabinoside	Cyanidin 3-O-arabinoside [name]	75
240176	Cyanidin 3-O-galactoside	cyanidin 3-o-galactoside	exact_norm	synonym:RELATED	CHEBI:27475	cyanidin 3-O-beta-D-galactoside	Cyanidin 3-O-galactoside [synonym:RELATED]	41
240177	Cyanidin 3-O-glucoside	cyanidin 3-o-glucoside	exact_norm	synonym:RELATED	CHEBI:28426	cyanidin 3-O-beta-D-glucoside	Cyanidin 3-O-glucoside [synonym:RELATED]	41
240177	Cyanidin 3-O-glucoside	cyanidin 3-o-glucoside	exact_no_paren	name	CHEBI:80479	Cyanidin-3-O-(6''-O-malonyl-2''-O-glucuronyl)glucoside	Cyanidin-3-O-(6''-O-malonyl-2''-O-glucuronyl)glucoside [name]	40
240178	Cyanidin 3-O-glucosyl-rutinoside	cyanidin 3-o-glucosyl-rutinoside						
240179	Cyanidin 3-O-rutinoside	cyanidin 3-o-rutinoside	exact_norm	name	CHEBI:28064	cyanidin 3-O-rutinoside	cyanidin 3-O-rutinoside [name]	75
240180	Cyanidin 3-O-sambubioside	cyanidin 3-o-sambubioside	exact_norm	synonym:RELATED	CHEBI:74811	cyanidin 3-O-beta-D-sambubioside	Cyanidin 3-O-sambubioside [synonym:RELATED]	41
240181	Cyanidin 3-O-sambubioside 5-O-glucoside	cyanidin 3-o-sambubioside 5-o-glucoside						
240182	Cyanidin 3-O-sophoroside	cyanidin 3-o-sophoroside	exact_norm	name	CHEBI:80438	Cyanidin 3-O-sophoroside	Cyanidin 3-O-sophoroside [name]	75
240183	Cyanidin 3-O-xyloside	cyanidin 3-o-xyloside	exact_norm	name	CHEBI:746932	cyanidin-3-O-xyloside	cyanidin-3-O-xyloside [name]	50
240184	Cyanidin 3-O-xylosyl-rutinoside	cyanidin 3-o-xylosyl-rutinoside						
240185	Cyclolariciresinol	cyclolariciresinol						
240186	Daidzein	daidzein	exact_norm	name	CHEBI:28197	daidzein	daidzein [name]	90
240187	Daidzin	daidzin	exact_norm	synonym:RELATED	CHEBI:42202	daidzein 7-O-beta-D-glucoside	daidzein 7-glucoside [synonym:RELATED]	41
240188	Delphinidin 3,5-O-diglucoside	delphinidin 3, 5-o-diglucoside						
240189	Delphinidin 3-O-(6''-acetyl-galactoside)	delphinidin 3-o-(6''-acetyl-galactoside)	exact_no_paren	name	CHEBI:75678	delphinidin 3-O-(6-O-acetyl-beta-D-glucoside)	delphinidin 3-O-(6-O-acetyl-beta-D-glucoside) [name]	40
240189	Delphinidin 3-O-(6''-acetyl-galactoside)	delphinidin 3-o-(6''-acetyl-galactoside)	exact_no_paren	name	CHEBI:80474	Delphinidin 3-O-(6-caffeoyl-beta-D-glucoside)	Delphinidin 3-O-(6-caffeoyl-beta-D-glucoside) [name]	40
240190	Delphinidin 3-O-(6''-acetyl-glucoside)	delphinidin 3-o-(6''-acetyl-glucoside)	exact_no_paren	name	CHEBI:75678	delphinidin 3-O-(6-O-acetyl-beta-D-glucoside)	delphinidin 3-O-(6-O-acetyl-beta-D-glucoside) [name]	40
240190	Delphinidin 3-O-(6''-acetyl-glucoside)	delphinidin 3-o-(6''-acetyl-glucoside)	exact_no_paren	name	CHEBI:80474	Delphinidin 3-O-(6-caffeoyl-beta-D-glucoside)	Delphinidin 3-O-(6-caffeoyl-beta-D-glucoside) [name]	40
240191	Delphinidin 3-O-(6''-p-coumaroyl-glucoside)	delphinidin 3-o-(6''-p-coumaroyl-glucoside)	exact_no_paren	name	CHEBI:75678	delphinidin 3-O-(6-O-acetyl-beta-D-glucoside)	delphinidin 3-O-(6-O-acetyl-beta-D-glucoside) [name]	40
240191	Delphinidin 3-O-(6''-p-coumaroyl-glucoside)	delphinidin 3-o-(6''-p-coumaroyl-glucoside)	exact_no_paren	name	CHEBI:80474	Delphinidin 3-O-(6-caffeoyl-beta-D-glucoside)	Delphinidin 3-O-(6-caffeoyl-beta-D-glucoside) [name]	40
240192	Delphinidin 3-O-arabinoside	delphinidin 3-o-arabinoside	exact_norm	name	CHEBI:169736	delphinidin-3-O-arabinoside	delphinidin-3-O-arabinoside [name]	50
240193	Delphinidin 3-O-feruloyl-glucoside	delphinidin 3-o-feruloyl-glucoside						
240194	Delphinidin 3-O-galactoside	delphinidin 3-o-galactoside						
240195	Delphinidin 3-O-glucoside	delphinidin 3-o-glucoside	exact_norm	synonym:RELATED	CHEBI:31463	delphinidin 3-O-beta-D-glucoside	Delphinidin 3-O-glucoside [synonym:RELATED]	41
240196	Delphinidin 3-O-glucosyl-glucoside	delphinidin 3-o-glucosyl-glucoside						
240197	Delphinidin 3-O-rutinoside	delphinidin 3-o-rutinoside	exact_norm	synonym:RELATED	CHEBI:80441	Tulipanin	Delphinidin 3-O-rutinoside [synonym:RELATED]	41
240198	Delphinidin 3-O-sambubioside	delphinidin 3-o-sambubioside						
240199	Delphinidin 3-O-xyloside	delphinidin 3-o-xyloside						
240200	Demethoxycurcumin	demethoxycurcumin	exact_norm	name	CHEBI:65737	demethoxycurcumin	demethoxycurcumin [name]	90
240201	Demethyloleuropein	demethyloleuropein	exact_norm	name	CHEBI:180799	Demethyloleuropein	Demethyloleuropein [name]	90
240202	Didymin	didymin	exact_norm	name	CHEBI:176179	Didymin	Didymin [name]	90
240203	Dihydro-p-coumaric acid	dihydro-p-coumaric acid	exact_norm	synonym:RELATED	CHEBI:32980	phloretic acid	Dihydro-p-coumaric acid [synonym:RELATED]	41
240203	Dihydro-p-coumaric acid	dihydro-p-coumaric acid	exact_norm	synonym:RELATED	CHEBI:36090	4-coumaric acid	para-coumaric acid [synonym:RELATED]	41
240203	Dihydro-p-coumaric acid	dihydro-p-coumaric acid	exact_norm	synonym:RELATED	CHEBI:32374	trans-4-coumaric acid	4-Hydroxycinnamic acid [synonym:RELATED]	41
240204	Dihydrocaffeic acid	dihydrocaffeic acid	exact_norm	synonym:RELATED	CHEBI:48400	3-(3,4-dihydroxyphenyl)propanoic acid	dihydrocaffeic acid [synonym:RELATED]	41
240205	Dihydromyricetin 3-O-rhamnoside	dihydromyricetin 3-o-rhamnoside						
240206	Dihydroquercetin	dihydroquercetin						
240207	Dihydroquercetin 3-O-rhamnoside	dihydroquercetin 3-o-rhamnoside						
240208	Dimethylmatairesinol	dimethylmatairesinol						
240209	Diosmin	diosmin	exact_norm	name	CHEBI:4631	diosmin	diosmin [name]	90
240210	Ellagic acid	ellagic acid	exact_norm	name	CHEBI:4775	ellagic acid	ellagic acid [name]	75
240211	Ellagic acid acetyl-arabinoside	ellagic acid acetyl-arabinoside						
240212	Ellagic acid acetyl-xyloside	ellagic acid acetyl-xyloside						
240213	Ellagic acid arabinoside	ellagic acid arabinoside						
240214	Ellagic acid glucoside	ellagic acid glucoside						
240215	Epirosmanol	epirosmanol	exact_norm	name	CHEBI:175400	Epirosmanol	Epirosmanol [name]	90
240216	Episesamin	episesamin						
240217	Episesaminol	episesaminol						
240218	Eriocitrin	eriocitrin	exact_norm	name	CHEBI:28709	eriocitrin	eriocitrin [name]	90
240219	Eriodictyol	eriodictyol	exact_norm	name	CHEBI:28412	eriodictyol	eriodictyol [name]	90
240220	Eriodictyol 7-O-glucoside	eriodictyol 7-o-glucoside	exact_norm	synonym:RELATED	CHEBI:139458	eriodictyol 7-O-beta-D-glucopyranoside	eriodictyol-7-O-glucoside [synonym:RELATED]	41
240221	Esculetin	esculetin	exact_norm	name	CHEBI:490095	esculetin	esculetin [name]	90
240222	Esculin	esculin	exact_norm	name	CHEBI:4853	esculin	esculin [name]	90
240223	Estragole	estragole	exact_norm	name	CHEBI:4867	estragole	estragole [name]	90
240224	Eugenol	eugenol	exact_norm	name	CHEBI:4917	eugenol	eugenol [name]	90
240225	Eupatorin	eupatorin	exact_norm	name	CHEBI:136666	eupatorin	eupatorin [name]	90
240226	Ferulaldehyde	ferulaldehyde						
240227	Ferulic acid	ferulic acid	exact_norm	name	CHEBI:193350	ferulic acid	ferulic acid [name]	75
240228	Ferulic acid 4-O-glucoside	ferulic acid 4-o-glucoside	exact_norm	name	CHEBI:189577	ferulic acid-O-glucoside	ferulic acid-O-glucoside [name]	50
240228	Ferulic acid 4-O-glucoside	ferulic acid 4-o-glucoside	exact_norm	synonym:RELATED	CHEBI:139435	4-O-beta-D-glucosyl-trans-ferulic acid	ferulic acid 4-O-glucoside [synonym:RELATED]	41
240229	Feruloyl glucose	feruloyl glucose	exact_norm	name	CHEBI:176353	Feruloyl glucose	Feruloyl glucose [name]	75
240230	Feruloyl tartaric acid	feruloyl tartaric acid						
240231	Formononetin	formononetin	exact_norm	name	CHEBI:18088	formononetin	formononetin [name]	90
240232	Galangin	galangin	exact_norm	name	CHEBI:5262	galangin	galangin [name]	90
240233	Gallic acid	gallic acid	exact_norm	name	CHEBI:30778	gallic acid	gallic acid [name]	75
240234	Gallic acid 3-O-gallate	gallic acid 3-o-gallate						
240235	Gallic acid 4-O-glucoside	gallic acid 4-o-glucoside						
240236	Gallic acid ethyl ester	gallic acid ethyl ester						
240237	Gallic aldehyde	gallic aldehyde						
240238	Galloyl glucose	galloyl glucose						
240239	Gardenin B	gardenin b	exact_norm	name	CHEBI:79628	gardenin B	gardenin B [name]	75
240240	Genistein	genistein	exact_norm	name	CHEBI:28088	genistein	genistein [name]	90
240241	Genistin	genistin	exact_norm	synonym:RELATED	CHEBI:27514	genistein 7-O-beta-D-glucoside	Genistein 7-glucoside [synonym:RELATED]	41
240242	Gentisic acid	gentisic acid	exact_norm	synonym:RELATED	CHEBI:17189	2,5-dihydroxybenzoic acid	Gentisic acid [synonym:RELATED]	41
240243	Geraldone	geraldone	exact_norm	name	CHEBI:5326	geraldone	geraldone [name]	90
240244	Glycitein	glycitein	exact_norm	name	CHEBI:34778	glycitein	glycitein [name]	90
240245	Glycitin	glycitin	exact_norm	name	CHEBI:80373	glycitin	glycitin [name]	90
240246	Guaiacol	guaiacol	exact_norm	name	CHEBI:28591	guaiacol	guaiacol [name]	90
240247	Hesperetin	hesperetin	exact_norm	name	CHEBI:28230	hesperetin	hesperetin [name]	90
240248	Hesperidin	hesperidin	exact_norm	name	CHEBI:28775	hesperidin	hesperidin [name]	90
240249	Hispidulin	hispidulin	exact_norm	name	CHEBI:75902	hispidulin	hispidulin [name]	90
240250	Homovanillic acid	homovanillic acid	exact_norm	name	CHEBI:545959	homovanillic acid	homovanillic acid [name]	75
240251	Homoveratric acid	homoveratric acid	exact_norm	name	CHEBI:86655	homoveratric acid	homoveratric acid [name]	75
240252	Hydroxycaffeic acid	hydroxycaffeic acid						
240253	Hydroxytyrosol	hydroxytyrosol	exact_norm	name	CHEBI:68889	hydroxytyrosol	hydroxytyrosol [name]	90
240254	Hydroxytyrosol 4-O-glucoside	hydroxytyrosol 4-o-glucoside						
240255	Isoferulic acid	isoferulic acid	exact_norm	name	CHEBI:27794	isoferulic acid	isoferulic acid [name]	75
240256	Isohydroxymatairesinol	isohydroxymatairesinol						
240257	Isolariciresinol	isolariciresinol						
240258	Isopimpinellin	isopimpinellin	exact_norm	name	CHEBI:28853	isopimpinellin	isopimpinellin [name]	90
240259	Isorhamnetin	isorhamnetin	exact_norm	name	CHEBI:6052	isorhamnetin	isorhamnetin [name]	90
240260	Isorhamnetin 3-O-galactoside	isorhamnetin 3-o-galactoside						
240261	Isorhamnetin 3-O-glucoside	isorhamnetin 3-o-glucoside						
240262	Isorhamnetin 3-O-glucoside 7-O-rhamnoside	isorhamnetin 3-o-glucoside 7-o-rhamnoside						
240263	Isorhamnetin 3-O-glucuronide	isorhamnetin 3-o-glucuronide						
240264	Isorhamnetin 3-O-rutinoside	isorhamnetin 3-o-rutinoside	exact_norm	name	CHEBI:145096	isorhamnetin-3-O-rutinoside	isorhamnetin-3-O-rutinoside [name]	50
240265	Isorhamnetin 4'-O-glucoside	isorhamnetin 4'-o-glucoside						
240266	Isorhamnetin 7-O-rhamnoside	isorhamnetin 7-o-rhamnoside						
240267	Isorhoifolin	isorhoifolin						
240268	Isoxanthohumol	isoxanthohumol	exact_norm	name	CHEBI:171798	Isoxanthohumol	Isoxanthohumol [name]	90
240269	Jaceidin 4'-O-glucuronide	jaceidin 4'-o-glucuronide						
240270	Jaceosidin	jaceosidin	exact_norm	name	CHEBI:66103	jaceosidin	jaceosidin [name]	90
240271	Juglone	juglone	exact_norm	name	CHEBI:15794	juglone	juglone [name]	90
240272	Kaempferide	kaempferide	exact_norm	name	CHEBI:6099	kaempferide	kaempferide [name]	90
240273	Kaempferol	kaempferol	exact_norm	name	CHEBI:28499	kaempferol	kaempferol [name]	90
240274	Kaempferol 3,7,4'-O-triglucoside	kaempferol 3, 7, 4'-o-triglucoside						
240275	Kaempferol 3,7-O-diglucoside	kaempferol 3, 7-o-diglucoside						
240276	Kaempferol 3-O-(2''-rhamnosyl-6''-acetyl-galactoside) 7-O-rhamnoside	kaempferol 3-o-(2''-rhamnosyl-6''-acetyl-galactoside) 7-o-rhamnoside						
240277	Kaempferol 3-O-(2''-rhamnosyl-galactoside) 7-O-rhamnoside	kaempferol 3-o-(2''-rhamnosyl-galactoside) 7-o-rhamnoside						
240278	"Kaempferol 3-O-(6""-malonyl-glucoside)"	"kaempferol 3-o-(6""-malonyl-glucoside)"	exact_no_paren	name	CHEBI:169943	kaempferol 3-O-(6-O-malonyl-beta-D-glucoside)(2-)	kaempferol 3-O-(6-O-malonyl-beta-D-glucoside)(2-) [name]	40
240279	Kaempferol 3-O-(6''-acetyl-galactoside) 7-O-rhamnoside	kaempferol 3-o-(6''-acetyl-galactoside) 7-o-rhamnoside						
240280	Kaempferol 3-O-acetyl-glucoside	kaempferol 3-o-acetyl-glucoside						
240281	Kaempferol 3-O-galactoside	kaempferol 3-o-galactoside						
240282	Kaempferol 3-O-galactoside 7-O-rhamnoside	kaempferol 3-o-galactoside 7-o-rhamnoside						
240283	Kaempferol 3-O-glucoside	kaempferol 3-o-glucoside	exact_norm	synonym:RELATED	CHEBI:30200	kaempferol 3-O-beta-D-glucoside	Kaempferol 3-O-glucoside [synonym:RELATED]	41
240284	Kaempferol 3-O-glucosyl-rhamnosyl-galactoside	kaempferol 3-o-glucosyl-rhamnosyl-galactoside						
240285	Kaempferol 3-O-glucosyl-rhamnosyl-glucoside	kaempferol 3-o-glucosyl-rhamnosyl-glucoside						
240286	Kaempferol 3-O-glucuronide	kaempferol 3-o-glucuronide	exact_norm	name	CHEBI:75721	kaempferol 3-O-glucuronide	kaempferol 3-O-glucuronide [name]	75
240287	Kaempferol 3-O-rhamnoside	kaempferol 3-o-rhamnoside	exact_norm	name	CHEBI:182383	Kaempferol-3-O-rhamnoside	Kaempferol-3-O-rhamnoside [name]	50
240288	Kaempferol 3-O-rhamnosyl-rhamnosyl-glucoside	kaempferol 3-o-rhamnosyl-rhamnosyl-glucoside						
240289	Kaempferol 3-O-rutinoside	kaempferol 3-o-rutinoside						
240290	Kaempferol 3-O-sophoroside	kaempferol 3-o-sophoroside	exact_norm	synonym:RELATED	CHEBI:31743	kaempferol 3-O-beta-D-glucosyl-(1->2)-beta-D-glucoside	kaempferol 3-O-sophoroside [synonym:RELATED]	41
240291	Kaempferol 3-O-sophoroside 7-O-glucoside	kaempferol 3-o-sophoroside 7-o-glucoside						
240292	Kaempferol 3-O-xylosyl-glucoside	kaempferol 3-o-xylosyl-glucoside						
240293	Kaempferol 3-O-xylosyl-rutinoside	kaempferol 3-o-xylosyl-rutinoside						
240294	Kaempferol 7-O-glucoside	kaempferol 7-o-glucoside	exact_compact	name	CHEBI:64634	kaempferol O-glucoside	kaempferol O-glucoside [name]	30
240295	Lambertianin C	lambertianin c	exact_norm	name	CHEBI:192502	lambertianin C	lambertianin C [name]	75
240296	Lariciresinol	lariciresinol						
240297	Lariciresinol-sesquilignan	lariciresinol-sesquilignan						
240298	Ligstroside	ligstroside	exact_norm	name	CHEBI:149585	ligstroside	ligstroside [name]	90
240299	Ligstroside-aglycone	ligstroside-aglycone						
240300	Luteolin	luteolin	exact_norm	name	CHEBI:15864	luteolin	luteolin [name]	90
240301	Luteolin 6-C-glucoside	luteolin 6-c-glucoside						
240302	Luteolin 7-O-(2-apiosyl-6-malonyl)-glucoside	luteolin 7-o-(2-apiosyl-6-malonyl)-glucoside	exact_no_paren	name	CHEBI:180806	Luteolin 7-O-(2-apiosyl-4-glucosyl-6-malonyl)-glucoside	Luteolin 7-O-(2-apiosyl-4-glucosyl-6-malonyl)-glucoside [name]	40
240303	Luteolin 7-O-(2-apiosyl-glucoside)	luteolin 7-o-(2-apiosyl-glucoside)	exact_no_paren	name	CHEBI:6579	luteolin 7-O-(6-O-malonyl-beta-D-glucoside)	luteolin 7-O-(6-O-malonyl-beta-D-glucoside) [name]	40
240304	Luteolin 7-O-diglucuronide	luteolin 7-o-diglucuronide						
240305	Luteolin 7-O-glucoside	luteolin 7-o-glucoside	exact_norm	synonym:RELATED	CHEBI:27994	luteolin 7-O-beta-D-glucoside	Luteolin 7-O-glucoside [synonym:RELATED]	41
240306	Luteolin 7-O-glucuronide	luteolin 7-o-glucuronide	exact_norm	synonym:RELATED	CHEBI:18128	luteolin 7-O-beta-D-glucosiduronic acid	Luteolin 7-O-glucuronide [synonym:RELATED]	41
240307	Luteolin 7-O-malonyl-glucoside	luteolin 7-o-malonyl-glucoside						
240308	Luteolin 7-O-rutinoside	luteolin 7-o-rutinoside						
240309	Malvidin 3,5-O-diglucoside	malvidin 3, 5-o-diglucoside						
240310	Malvidin 3-O-(6''-acetyl-galactoside)	malvidin 3-o-(6''-acetyl-galactoside)	exact_no_paren	name	CHEBI:75689	malvidin 3-O-(6-O-acetyl-beta-D-glucoside)	malvidin 3-O-(6-O-acetyl-beta-D-glucoside) [name]	40
240311	Malvidin 3-O-(6''-acetyl-glucoside)	malvidin 3-o-(6''-acetyl-glucoside)	exact_no_paren	name	CHEBI:75689	malvidin 3-O-(6-O-acetyl-beta-D-glucoside)	malvidin 3-O-(6-O-acetyl-beta-D-glucoside) [name]	40
240312	Malvidin 3-O-(6''-caffeoyl-glucoside)	malvidin 3-o-(6''-caffeoyl-glucoside)	exact_no_paren	name	CHEBI:75689	malvidin 3-O-(6-O-acetyl-beta-D-glucoside)	malvidin 3-O-(6-O-acetyl-beta-D-glucoside) [name]	40
240313	Malvidin 3-O-(6''-p-coumaroyl-glucoside)	malvidin 3-o-(6''-p-coumaroyl-glucoside)	exact_no_paren	name	CHEBI:75689	malvidin 3-O-(6-O-acetyl-beta-D-glucoside)	malvidin 3-O-(6-O-acetyl-beta-D-glucoside) [name]	40
240314	Malvidin 3-O-arabinoside	malvidin 3-o-arabinoside	exact_norm	name	CHEBI:176360	Malvidin 3-O-arabinoside	Malvidin 3-O-arabinoside [name]	75
240315	Malvidin 3-O-galactoside	malvidin 3-o-galactoside						
240316	Malvidin 3-O-glucoside	malvidin 3-o-glucoside	exact_norm	synonym:RELATED	CHEBI:31799	malvidin 3-O-beta-D-glucoside	Malvidin 3-O-glucoside [synonym:RELATED]	41
240316	Malvidin 3-O-glucoside	malvidin 3-o-glucoside	exact_no_paren	name	CHEBI:192433	Malvidin-3-O-(6-p-coumaroyl)glucoside	Malvidin-3-O-(6-p-coumaroyl)glucoside [name]	40
240317	Matairesinol	matairesinol						
240318	Medioresinol	medioresinol						
240319	Mellein	mellein	exact_norm	name	CHEBI:38760	mellein	mellein [name]	90
240320	Methoxyphenylacetic acid	methoxyphenylacetic acid						
240321	Methylgalangin	methylgalangin						
240322	Morin	morin	exact_norm	name	CHEBI:75092	morin	morin [name]	90
240323	Myricetin	myricetin	exact_norm	name	CHEBI:18152	myricetin	myricetin [name]	90
240324	Myricetin 3-O-arabinoside	myricetin 3-o-arabinoside						
240325	Myricetin 3-O-galactoside	myricetin 3-o-galactoside						
240326	Myricetin 3-O-glucoside	myricetin 3-o-glucoside	exact_compact	name	CHEBI:75812	myricetin O-glucoside	myricetin O-glucoside [name]	30
240327	Myricetin 3-O-rhamnoside	myricetin 3-o-rhamnoside	exact_norm	synonym:RELATED	CHEBI:70082	myricitrin	Myricetin 3-O-rhamnoside [synonym:RELATED]	41
240328	Myricetin 3-O-rutinoside	myricetin 3-o-rutinoside						
240329	Naringenin	naringenin	exact_norm	name	CHEBI:50202	naringenin	naringenin [name]	90
240330	Naringenin 7-O-glucoside	naringenin 7-o-glucoside						
240331	Naringin	naringin	exact_norm	name	CHEBI:28819	naringin	naringin [name]	90
240332	Naringin 4'-O-glucoside	naringin 4'-o-glucoside						
240333	Naringin 6'-malonate	naringin 6'-malonate						
240334	Narirutin	narirutin	exact_norm	name	CHEBI:28705	narirutin	narirutin [name]	90
240335	Narirutin 4'-O-glucoside	narirutin 4'-o-glucoside						
240336	Neodiosmin	neodiosmin						
240337	Neoeriocitrin	neoeriocitrin	exact_norm	name	CHEBI:7502	neoeriocitrin	neoeriocitrin [name]	90
240338	Neohesperidin	neohesperidin	exact_norm	name	CHEBI:59016	neohesperidin	neohesperidin [name]	90
240339	Nepetin	nepetin						
240340	Nobiletin	nobiletin	exact_norm	name	CHEBI:7602	nobiletin	nobiletin [name]	90
240341	Nortrachelogenin	nortrachelogenin	exact_norm	name	CHEBI:7639	Nortrachelogenin	Nortrachelogenin [name]	90
240342	Oleoside 11-methylester	oleoside 11-methylester						
240343	Oleoside dimethylester	oleoside dimethylester	exact_norm	name	CHEBI:140131	oleoside dimethylester	oleoside dimethylester [name]	75
240344	Oleuropein	oleuropein	exact_norm	name	CHEBI:7747	oleuropein	oleuropein [name]	90
240345	Oleuropein-aglycone	oleuropein-aglycone	exact_compact	name	CHEBI:139162	oleuropein aglycone	oleuropein aglycone [name]	55
240346	Pallidol	pallidol	exact_norm	name	CHEBI:76173	pallidol	pallidol [name]	90
240347	Patuletin 3-O-(2''-feruloylglucosyl)(1->6)-[apiosyl(1->2)]-glucoside	patuletin 3-o-(2''-feruloylglucosyl) (1->6)-[apiosyl (1->2) ]-glucoside						
240348	Patuletin 3-O-glucosyl-(1->6)-[apiosyl(1->2)]-glucoside	patuletin 3-o-glucosyl-(1->6)-[apiosyl (1->2) ]-glucoside						
240349	Pebrellin	pebrellin	exact_norm	name	CHEBI:169268	Pebrellin	Pebrellin [name]	90
240350	Pelargonidin	pelargonidin	exact_norm	name	CHEBI:25863	pelargonidin	pelargonidin [name]	90
240351	Pelargonidin 3,5-O-diglucoside	pelargonidin 3, 5-o-diglucoside	exact_norm	synonym:RELATED	CHEBI:133365	pelargonin	pelargonidin 3,5-O-diglucoside [synonym:RELATED]	41
240352	Pelargonidin 3-O-(6''-malonyl-glucoside)	pelargonidin 3-o-(6''-malonyl-glucoside)	exact_no_paren	name	CHEBI:80433	Pelargonidin 3-O-(6-caffeoyl-beta-D-glucoside)	Pelargonidin 3-O-(6-caffeoyl-beta-D-glucoside) [name]	40
240352	Pelargonidin 3-O-(6''-malonyl-glucoside)	pelargonidin 3-o-(6''-malonyl-glucoside)	exact_no_paren	name	CHEBI:31965	pelargonidin 3-O-(6-O-malonyl-beta-D-glucoside)	pelargonidin 3-O-(6-O-malonyl-beta-D-glucoside) [name]	40
240353	Pelargonidin 3-O-(6''-succinyl-glucoside)	pelargonidin 3-o-(6''-succinyl-glucoside)	exact_no_paren	name	CHEBI:80433	Pelargonidin 3-O-(6-caffeoyl-beta-D-glucoside)	Pelargonidin 3-O-(6-caffeoyl-beta-D-glucoside) [name]	40
240353	Pelargonidin 3-O-(6''-succinyl-glucoside)	pelargonidin 3-o-(6''-succinyl-glucoside)	exact_no_paren	name	CHEBI:31965	pelargonidin 3-O-(6-O-malonyl-beta-D-glucoside)	pelargonidin 3-O-(6-O-malonyl-beta-D-glucoside) [name]	40
240354	Pelargonidin 3-O-arabinoside	pelargonidin 3-o-arabinoside	exact_norm	name	CHEBI:176352	Pelargonidin 3-O-arabinoside	Pelargonidin 3-O-arabinoside [name]	75
240355	Pelargonidin 3-O-galactoside	pelargonidin 3-o-galactoside	exact_norm	name	CHEBI:176349	Pelargonidin 3-O-galactoside	Pelargonidin 3-O-galactoside [name]	75
240356	Pelargonidin 3-O-glucoside	pelargonidin 3-o-glucoside	exact_norm	synonym:RELATED	CHEBI:31967	pelargonidin 3-O-beta-D-glucoside	Pelargonidin 3-O-glucoside [synonym:RELATED]	41
240357	Pelargonidin 3-O-glucosyl-rutinoside	pelargonidin 3-o-glucosyl-rutinoside						
240358	Pelargonidin 3-O-rutinoside	pelargonidin 3-o-rutinoside	exact_norm	name	CHEBI:31968	pelargonidin 3-O-rutinoside	pelargonidin 3-O-rutinoside [name]	75
240359	Pelargonidin 3-O-sambubioside	pelargonidin 3-o-sambubioside						
240360	Pelargonidin 3-O-sophoroside	pelargonidin 3-o-sophoroside	exact_norm	name	CHEBI:134007	pelargonidin 3-O-sophoroside	pelargonidin 3-O-sophoroside [name]	75
240361	Peonidin	peonidin	exact_norm	name	CHEBI:75314	peonidin	peonidin [name]	90
240362	Peonidin 3-O-(6''-acetyl-galactoside)	peonidin 3-o-(6''-acetyl-galactoside)	exact_no_paren	name	CHEBI:75697	peonidin 3-O-(6-O-acetyl-beta-D-glucoside)	peonidin 3-O-(6-O-acetyl-beta-D-glucoside) [name]	40
240363	Peonidin 3-O-(6''-acetyl-glucoside)	peonidin 3-o-(6''-acetyl-glucoside)	exact_no_paren	name	CHEBI:75697	peonidin 3-O-(6-O-acetyl-beta-D-glucoside)	peonidin 3-O-(6-O-acetyl-beta-D-glucoside) [name]	40
240364	Peonidin 3-O-(6''-p-coumaroyl-glucoside)	peonidin 3-o-(6''-p-coumaroyl-glucoside)	exact_no_paren	name	CHEBI:75697	peonidin 3-O-(6-O-acetyl-beta-D-glucoside)	peonidin 3-O-(6-O-acetyl-beta-D-glucoside) [name]	40
240365	Peonidin 3-O-arabinoside	peonidin 3-o-arabinoside	exact_norm	name	CHEBI:176357	Peonidin 3-O-arabinoside	Peonidin 3-O-arabinoside [name]	75
240366	Peonidin 3-O-galactoside	peonidin 3-o-galactoside	exact_norm	name	CHEBI:176355	Peonidin 3-O-galactoside	Peonidin 3-O-galactoside [name]	75
240367	Peonidin 3-O-glucoside	peonidin 3-o-glucoside	exact_norm	synonym:RELATED	CHEBI:74793	peonidin 3-O-beta-D-glucoside	Peonidin 3-O-glucoside [synonym:RELATED]	41
240368	Peonidin 3-O-rutinoside	peonidin 3-o-rutinoside						
240369	Petunidin 3,5-O-diglucoside	petunidin 3, 5-o-diglucoside						
240370	Petunidin 3-O-(6''-acetyl-galactoside)	petunidin 3-o-(6''-acetyl-galactoside)	exact_no_paren	synonym:RELATED	CHEBI:75708	petunidin 3-O-(6-O-(Z)-4-coumaroyl-beta-D-glucoside)	petunidin-3-O-(6-O-cis-p-coumaryl-beta-D-glucoside) [synonym:RELATED]	31
240370	Petunidin 3-O-(6''-acetyl-galactoside)	petunidin 3-o-(6''-acetyl-galactoside)	exact_no_paren	synonym:RELATED	CHEBI:75709	petunidin 3-O-(6-O-(E)-4-coumaroyl-beta-D-glucoside)	petunidin-3-O-(6-O-trans-p-coumaryl-beta-D-glucoside) [synonym:RELATED]	31
240371	Petunidin 3-O-(6''-acetyl-glucoside)	petunidin 3-o-(6''-acetyl-glucoside)	exact_no_paren	synonym:RELATED	CHEBI:75708	petunidin 3-O-(6-O-(Z)-4-coumaroyl-beta-D-glucoside)	petunidin-3-O-(6-O-cis-p-coumaryl-beta-D-glucoside) [synonym:RELATED]	31
240371	Petunidin 3-O-(6''-acetyl-glucoside)	petunidin 3-o-(6''-acetyl-glucoside)	exact_no_paren	synonym:RELATED	CHEBI:75709	petunidin 3-O-(6-O-(E)-4-coumaroyl-beta-D-glucoside)	petunidin-3-O-(6-O-trans-p-coumaryl-beta-D-glucoside) [synonym:RELATED]	31
240372	Petunidin 3-O-(6''-p-coumaroyl-glucoside)	petunidin 3-o-(6''-p-coumaroyl-glucoside)	exact_no_paren	synonym:RELATED	CHEBI:75708	petunidin 3-O-(6-O-(Z)-4-coumaroyl-beta-D-glucoside)	petunidin-3-O-(6-O-cis-p-coumaryl-beta-D-glucoside) [synonym:RELATED]	31
240372	Petunidin 3-O-(6''-p-coumaroyl-glucoside)	petunidin 3-o-(6''-p-coumaroyl-glucoside)	exact_no_paren	synonym:RELATED	CHEBI:75709	petunidin 3-O-(6-O-(E)-4-coumaroyl-beta-D-glucoside)	petunidin-3-O-(6-O-trans-p-coumaryl-beta-D-glucoside) [synonym:RELATED]	31
240373	Petunidin 3-O-arabinoside	petunidin 3-o-arabinoside						
240374	Petunidin 3-O-galactoside	petunidin 3-o-galactoside						
240375	Petunidin 3-O-glucoside	petunidin 3-o-glucoside						
240376	Petunidin 3-O-rhamnoside	petunidin 3-o-rhamnoside						
240377	Petunidin 3-O-rutinoside	petunidin 3-o-rutinoside						
240378	Phenol	phenol	exact_norm	name	CHEBI:15882	phenol	phenol [name]	90
240379	Phloretin	phloretin	exact_norm	name	CHEBI:17276	phloretin	phloretin [name]	90
240380	Phloretin 2'-O-xylosyl-glucoside	phloretin 2'-o-xylosyl-glucoside						
240381	Phloridzin	phloridzin						
240382	Phlorin	phlorin	exact_norm	name	CHEBI:52560	phlorin	phlorin [name]	90
240383	Piceatannol	piceatannol	exact_norm	name	CHEBI:28814	piceatannol	piceatannol [name]	90
240384	Piceatannol 3-O-glucoside	piceatannol 3-o-glucoside						
240385	Pigment A	pigment a						
240386	Pinocembrin	pinocembrin	exact_norm	name	CHEBI:28157	pinocembrin	pinocembrin [name]	90
240387	Pinoresinol	pinoresinol	exact_norm	name	CHEBI:8225	pinoresinol	pinoresinol [name]	90
240388	Pinosylvin	pinosylvin	exact_norm	name	CHEBI:36011	pinosylvin	pinosylvin [name]	90
240389	Pinotin A	pinotin a	exact_norm	name	CHEBI:189581	Pinotin A	Pinotin A [name]	75
240390	Polymers (>10 mers)	polymers (>10 mers)	exact_no_paren	synonym:RELATED	CHEBI:33839	macromolecule	polymers [synonym:RELATED]	31
240392	Poncirin	poncirin						
240393	Procyanidin dimer B1	procyanidin dimer b1	exact_norm	synonym:RELATED	CHEBI:75633	procyanidin B1	Procyanidin dimer B1 [synonym:RELATED]	41
240394	Procyanidin dimer B2	procyanidin dimer b2						
240395	Procyanidin dimer B3	procyanidin dimer b3						
240396	Procyanidin dimer B4	procyanidin dimer b4						
240397	Procyanidin dimer B5	procyanidin dimer b5	exact_norm	synonym:RELATED	CHEBI:75621	procyanidin B5	Procyanidin dimer B5 [synonym:RELATED]	41
240398	Procyanidin dimer B7	procyanidin dimer b7						
240399	Procyanidin trimer C1	procyanidin trimer c1	exact_norm	synonym:RELATED	CHEBI:75643	procyanidin C1	Procyanidin trimer C1 [synonym:RELATED]	41
240400	Procyanidin trimer C2	procyanidin trimer c2	exact_norm	synonym:RELATED	CHEBI:75644	procyanidin C2	Procyanidin trimer C2 [synonym:RELATED]	41
240401	Procyanidin trimer EEC	procyanidin trimer eec						
240402	Procyanidin trimer T2	procyanidin trimer t2						
240403	Prodelphinidin dimer B3	prodelphinidin dimer b3						
240404	Prodelphinidin trimer C-GC-C	prodelphinidin trimer c-gc-c						
240405	Prodelphinidin trimer GC-C-C	prodelphinidin trimer gc-c-c						
240406	Prodelphinidin trimer GC-GC-C	prodelphinidin trimer gc-gc-c						
240407	Protocatechuic acid	protocatechuic acid	exact_norm	synonym:RELATED	CHEBI:36062	3,4-dihydroxybenzoic acid	Protocatechuic acid [synonym:RELATED]	41
240408	Protocatechuic acid 4-O-glucoside	protocatechuic acid 4-o-glucoside						
240409	Protocatechuic aldehyde	protocatechuic aldehyde	exact_norm	synonym:RELATED	CHEBI:50205	3,4-dihydroxybenzaldehyde	protocatechuic aldehyde [synonym:RELATED]	41
240410	Psoralen	psoralen	exact_norm	name	CHEBI:27616	psoralen	psoralen [name]	90
240411	Pterostilbene	pterostilbene	exact_norm	name	CHEBI:8630	pterostilbene	pterostilbene [name]	90
240412	Punicalagin	punicalagin	exact_norm	name	CHEBI:167695	punicalagin	punicalagin [name]	90
240413	Pyrogallol	pyrogallol	exact_norm	name	CHEBI:16164	pyrogallol	pyrogallol [name]	90
240414	Quercetin	quercetin	exact_norm	name	CHEBI:16243	quercetin	quercetin [name]	90
240415	Quercetin 3,4'-O-diglucoside	quercetin 3, 4'-o-diglucoside	exact_norm	synonym:RELATED	CHEBI:131498	quercetin 3,4'-di-O-beta-D-glucoside	quercetin 3,4'-O-diglucoside [synonym:RELATED]	41
240416	"Quercetin 3-O-(6""-malonyl-glucoside)"	"quercetin 3-o-(6""-malonyl-glucoside)"	exact_no_paren	name	CHEBI:32080	quercetin 3-O-(6-O-malonyl-beta-D-glucoside)	quercetin 3-O-(6-O-malonyl-beta-D-glucoside) [name]	40
240416	"Quercetin 3-O-(6""-malonyl-glucoside)"	"quercetin 3-o-(6""-malonyl-glucoside)"	exact_no_paren	name	CHEBI:169948	quercetin 3-O-(6-O-malonyl-beta-D-glucoside)(2-)	quercetin 3-O-(6-O-malonyl-beta-D-glucoside)(2-) [name]	40
240417	"Quercetin 3-O-(6""-malonyl-glucoside) 7-O-glucoside"	"quercetin 3-o-(6""-malonyl-glucoside) 7-o-glucoside"	exact_no_paren	name	CHEBI:141132	quercetin 3-O-(6''-malonyl-glucoside) 7-O-glucoside	quercetin 3-O-(6''-malonyl-glucoside) 7-O-glucoside [name]	40
240418	Quercetin 3-O-(6''-acetyl-galactoside) 7-O-rhamnoside	quercetin 3-o-(6''-acetyl-galactoside) 7-o-rhamnoside						
240419	Quercetin 3-O-acetyl-rhamnoside	quercetin 3-o-acetyl-rhamnoside						
240420	Quercetin 3-O-arabinoside	quercetin 3-o-arabinoside	exact_norm	name	CHEBI:141135	quercetin-3-O-arabinoside	quercetin-3-O-arabinoside [name]	50
240421	Quercetin 3-O-galactoside	quercetin 3-o-galactoside	exact_norm	synonym:RELATED	CHEBI:67486	quercetin 3-O-beta-D-galactopyranoside	quercetin 3-O-galactoside [synonym:RELATED]	41
240422	Quercetin 3-O-galactoside 7-O-rhamnoside	quercetin 3-o-galactoside 7-o-rhamnoside						
240423	Quercetin 3-O-glucoside	quercetin 3-o-glucoside	exact_norm	synonym:RELATED	CHEBI:28299	quercetin 3-O-beta-D-glucofuranoside	Quercetin 3-O-glucoside [synonym:RELATED]	41
240424	Quercetin 3-O-glucosyl-rhamnosyl-galactoside	quercetin 3-o-glucosyl-rhamnosyl-galactoside						
240425	Quercetin 3-O-glucosyl-rhamnosyl-glucoside	quercetin 3-o-glucosyl-rhamnosyl-glucoside						
240426	Quercetin 3-O-glucosyl-xyloside	quercetin 3-o-glucosyl-xyloside						
240427	Quercetin 3-O-glucuronide	quercetin 3-o-glucuronide	exact_norm	synonym:RELATED	CHEBI:66395	miquelianin	quercetin 3-O-glucuronide [synonym:RELATED]	41
240428	Quercetin 3-O-rhamnoside	quercetin 3-o-rhamnoside	exact_norm	synonym:RELATED	CHEBI:17558	quercitrin	Quercetin 3-O-rhamnoside [synonym:RELATED]	41
240429	Quercetin 3-O-rhamnosyl-galactoside	quercetin 3-o-rhamnosyl-galactoside						
240430	Quercetin 3-O-rhamnosyl-rhamnosyl-glucoside	quercetin 3-o-rhamnosyl-rhamnosyl-glucoside	exact_norm	name	CHEBI:235354	Quercetin 3-O-rhamnosyl-rhamnosyl-glucoside	Quercetin 3-O-rhamnosyl-rhamnosyl-glucoside [name]	75
240431	Quercetin 3-O-rutinoside	quercetin 3-o-rutinoside						
240432	Quercetin 3-O-sophoroside	quercetin 3-o-sophoroside	exact_norm	synonym:RELATED	CHEBI:32082	quercetin 3-O-beta-D-glucosyl-(1->2)-beta-D-glucoside	Quercetin 3-O-sophoroside [synonym:RELATED]	41
240433	Quercetin 3-O-xyloside	quercetin 3-o-xyloside						
240434	Quercetin 3-O-xylosyl-glucuronide	quercetin 3-o-xylosyl-glucuronide						
240435	Quercetin 3-O-xylosyl-rutinoside	quercetin 3-o-xylosyl-rutinoside						
240436	Quercetin 4'-O-glucoside	quercetin 4'-o-glucoside	exact_compact	name	CHEBI:64621	quercetin O-glucoside	quercetin O-glucoside [name]	30
240437	Quercetin 7,4'-O-diglucoside	quercetin 7, 4'-o-diglucoside	exact_norm	synonym:RELATED	CHEBI:131499	quercetin 7,4'-di-O-beta-D-glucoside	quercetin 7,4'-O-diglucoside [synonym:RELATED]	41
240438	Resveratrol	resveratrol	exact_norm	name	CHEBI:27881	resveratrol	resveratrol [name]	90
240439	Resveratrol 3-O-glucoside	resveratrol 3-o-glucoside						
240440	Resveratrol 5-O-glucoside	resveratrol 5-o-glucoside						
240441	Rhamnetin	rhamnetin	exact_norm	name	CHEBI:74992	rhamnetin	rhamnetin [name]	90
240442	Rhoifolin	rhoifolin						
240443	Rhoifolin 4'-O-glucoside	rhoifolin 4'-o-glucoside						
240444	Rosmadial	rosmadial	exact_norm	name	CHEBI:174644	Rosmadial	Rosmadial [name]	90
240445	Rosmanol	rosmanol						
240446	Rosmarinic acid	rosmarinic acid	exact_norm	name	CHEBI:17226	rosmarinic acid	rosmarinic acid [name]	75
240447	Sakuranetin	sakuranetin	exact_norm	name	CHEBI:28927	sakuranetin	sakuranetin [name]	90
240448	Sanguiin H-6	sanguiin h-6						
240449	Schottenol ferulate	schottenol ferulate						
240450	Scopoletin	scopoletin	exact_norm	name	CHEBI:17488	scopoletin	scopoletin [name]	90
240451	Scutellarein	scutellarein	exact_norm	name	CHEBI:9062	scutellarein	scutellarein [name]	90
240452	Secoisolariciresinol	secoisolariciresinol	exact_norm	name	CHEBI:67250	secoisolariciresinol	secoisolariciresinol [name]	90
240453	Secoisolariciresinol-sesquilignan	secoisolariciresinol-sesquilignan						
240454	Sesamin	sesamin						
240455	Sesaminol	sesaminol	exact_norm	name	CHEBI:145778	sesaminol	sesaminol [name]	90
240456	Sesamol	sesamol	exact_norm	name	CHEBI:9126	Sesamol	Sesamol [name]	90
240457	Sesamolin	sesamolin	exact_norm	name	CHEBI:175751	Sesamolin	Sesamolin [name]	90
240458	Sesamolinol	sesamolinol	exact_norm	name	CHEBI:9127	Sesamolinol	Sesamolinol [name]	90
240459	Sinapaldehyde	sinapaldehyde						
240460	Sinapic acid	sinapic acid	exact_norm	name	CHEBI:77131	sinapic acid	sinapic acid [name]	75
240461	Sinapine	sinapine	exact_norm	name	CHEBI:16353	sinapine	sinapine [name]	90
240462	Sinensetin	sinensetin	exact_norm	name	CHEBI:9159	sinensetin	sinensetin [name]	90
240463	Sitosterol ferulate	sitosterol ferulate						
240464	"Spinacetin 3-O-(2""-feruloylglucosyl)(1->6)-[apiosyl(1->2)]-glucoside"	"spinacetin 3-o-(2""-feruloylglucosyl) (1->6)-[apiosyl (1->2) ]-glucoside"						
240465	"Spinacetin 3-O-(2""-p-coumaroylglucosyl)(1->6)-[apiosyl(1->2)]-glucoside"	"spinacetin 3-o-(2""-p-coumaroylglucosyl) (1->6)-[apiosyl (1->2) ]-glucoside"						
240466	Spinacetin 3-O-glucosyl-(1->6)-[apiosyl(1->2)]-glucoside	spinacetin 3-o-glucosyl-(1->6)-[apiosyl (1->2) ]-glucoside						
240467	Spinacetin 3-O-glucosyl-(1->6)-glucoside	spinacetin 3-o-glucosyl-(1->6)-glucoside						
240468	Stigmastanol ferulate	stigmastanol ferulate						
240469	Syringaldehyde	syringaldehyde	exact_norm	name	CHEBI:67380	syringaldehyde	syringaldehyde [name]	90
240470	Syringaresinol	syringaresinol	exact_norm	name	CHEBI:49211	syringaresinol	syringaresinol [name]	90
240471	Syringic acid	syringic acid	exact_norm	name	CHEBI:68329	syringic acid	syringic acid [name]	75
240472	Tangeretin	tangeretin	exact_norm	name	CHEBI:9400	tangeretin	tangeretin [name]	90
240473	Tetramethylscutellarein	tetramethylscutellarein						
240474	Theaflavin	theaflavin	exact_norm	name	CHEBI:136609	theaflavin	theaflavin [name]	90
240475	Theaflavin 3'-O-gallate	theaflavin 3'-o-gallate						
240476	Theaflavin 3,3'-O-digallate	theaflavin 3, 3'-o-digallate						
240477	Theaflavin 3-O-gallate	theaflavin 3-o-gallate						
240478	Thymol	thymol	exact_norm	name	CHEBI:27607	thymol	thymol [name]	90
240479	Todolactol A	todolactol a						
240480	Trachelogenin	trachelogenin	exact_norm	name	CHEBI:9647	Trachelogenin	Trachelogenin [name]	90
240481	Tyrosol	tyrosol	exact_norm	name	CHEBI:1879	2-(4-hydroxyphenyl)ethanol	2-(4-hydroxyphenyl)ethanol [name]	75
240482	Umbelliferone	umbelliferone	exact_norm	name	CHEBI:27510	umbelliferone	umbelliferone [name]	90
240483	Valoneic acid dilactone	valoneic acid dilactone						
240484	Vanillic acid	vanillic acid	exact_norm	name	CHEBI:30816	vanillic acid	vanillic acid [name]	75
240485	Vanillin	vanillin	exact_norm	name	CHEBI:18346	vanillin	vanillin [name]	90
240486	Verbascoside	verbascoside						
240487	Vitisin A	vitisin a	exact_norm	name	CHEBI:189580	Vitisin A	Vitisin A [name]	75
240488	Xanthohumol	xanthohumol	exact_norm	name	CHEBI:66331	xanthohumol	xanthohumol [name]	90
240489	Xanthotoxin	xanthotoxin						
240490	[6]-Gingerol	[6]-gingerol	exact_norm	synonym:RELATED	CHEBI:10136	gingerol	[6]-Gingerol [synonym:RELATED]	41
240491	d-Viniferin	d-viniferin						
240492	e-Viniferin	e-viniferin						
240493	m-Coumaric acid	m-coumaric acid	exact_norm	synonym:RELATED	CHEBI:47925	3-coumaric acid	m-coumaric acid [synonym:RELATED]	41
240493	m-Coumaric acid	m-coumaric acid	exact_norm	synonym:RELATED	CHEBI:32357	trans-3-coumaric acid	m-Coumaric acid [synonym:RELATED]	41
240494	o-Coumaric acid	o-coumaric acid	exact_norm	synonym:RELATED	CHEBI:18125	trans-2-coumaric acid	o-Coumaric acid [synonym:RELATED]	41
240495	p-Anisaldehyde	p-anisaldehyde	exact_norm	synonym:RELATED	CHEBI:28235	p-methoxybenzaldehyde	4-Anisaldehyde [synonym:RELATED]	41
240496	p-Coumaric acid	p-coumaric acid	exact_norm	name	CHEBI:36090	4-coumaric acid	4-coumaric acid [name]	50
240497	p-Coumaric acid 4-O-glucoside	p-coumaric acid 4-o-glucoside	exact_norm	synonym:RELATED	CHEBI:36090	4-coumaric acid	para-coumaric acid [synonym:RELATED]	41
240497	p-Coumaric acid 4-O-glucoside	p-coumaric acid 4-o-glucoside	exact_norm	synonym:RELATED	CHEBI:32374	trans-4-coumaric acid	4-Hydroxycinnamic acid [synonym:RELATED]	41
240498	p-Coumaric acid ethyl ester	p-coumaric acid ethyl ester	exact_norm	synonym:RELATED	CHEBI:36090	4-coumaric acid	para-coumaric acid [synonym:RELATED]	41
240498	p-Coumaric acid ethyl ester	p-coumaric acid ethyl ester	exact_norm	synonym:RELATED	CHEBI:32374	trans-4-coumaric acid	4-Hydroxycinnamic acid [synonym:RELATED]	41
240499	p-Coumaroyl glucose	p-coumaroyl glucose						
240500	p-Coumaroyl glycolic acid	p-coumaroyl glycolic acid						
240501	p-Coumaroyl malic acid	p-coumaroyl malic acid	exact_norm	synonym:RELATED	CHEBI:134253	2-(p-coumaroyl)malic acid	p-coumaroyl malic acid [synonym:RELATED]	41
240502	p-Coumaroyl tartaric acid	p-coumaroyl tartaric acid						
240503	p-Coumaroyl tartaric acid glucosidic ester	p-coumaroyl tartaric acid glucosidic ester						
240504	p-Coumaroyl tyrosine	p-coumaroyl tyrosine						
240505	p-Coumaroylquinic acid	p-coumaroylquinic acid	exact_norm	synonym:RELATED	CHEBI:1945	4-p-coumaroylquinic acid	4-coumaroylquinic acid [synonym:RELATED]	41
240506	p-HPEA-AC	p-hpea-ac						
240507	p-HPEA-EA	p-hpea-ea						
240508	p-HPEA-EDA	p-hpea-eda	exact_norm	name	CHEBI:174916	p-HPEA-EDA	p-HPEA-EDA [name]	75
250001	Index No.	index no.						
250002	Refuse	refuse						
250005	Protein, calculated as the sum of amino acid residues	protein, calculated as the sum of amino acid residues						
250006	Fatty acid, triacyl-glycerol equivalents	fatty acid, triacyl-glycerol						
250007	Fatty acid, saturated	fatty acid, saturated						
250008	Fatty acid, mono-unsaturated	fatty acid, mono-unsaturated						
250009	Fatty acid, poly-unsaturated	fatty acid, poly-unsaturated						
250014	Dietary fiber, total	dietary fiber						
250015	alpha-Carotene	alpha-carotene	exact_norm	name	CHEBI:28425	alpha-carotene	alpha-carotene [name]	75
250016	beta-Carotene	beta-carotene	exact_norm	name	CHEBI:17579	beta-carotene	beta-carotene [name]	75
250017	beta- Cryptoxanthin	beta-cryptoxanthin	exact_norm	name	CHEBI:10362	beta-cryptoxanthin	beta-cryptoxanthin [name]	75
250018	beta- Carotene equivalents	beta-carotene	exact_norm	name	CHEBI:17579	beta-carotene	beta-carotene [name]	75
250019	Retinol activity equivalents	retinol activity						
250020	alpha-Tocopherol	alpha-tocopherol	exact_norm	name	CHEBI:22470	alpha-tocopherol	alpha-tocopherol [name]	75
250021	beta-Tocopherol	beta-tocopherol	exact_norm	name	CHEBI:47771	beta-tocopherol	beta-tocopherol [name]	75
250022	gamma-Tocopherol	gamma-tocopherol	exact_norm	name	CHEBI:18185	gamma-tocopherol	gamma-tocopherol [name]	75
250023	delta-Tocopherol	delta-tocopherol	exact_norm	name	CHEBI:47772	delta-tocopherol	delta-tocopherol [name]	75
250024	Ascorbic acid	ascorbic acid	exact_norm	name	CHEBI:22652	ascorbic acid	ascorbic acid [name]	75
250025	Salt equivalents	salt	exact_norm	name	CHEBI:24866	salt	salt [name]	90
250026	Protein: the sum of amino acid residues	protein: the sum of amino acid residues						
250027	Amino acids, total sulphur-containing	amino acids, total sulphur-containing						
250028	Amino acids, total aromatic	amino acids, total aromatic						
250029	Ammonia	ammonia	exact_norm	name	CHEBI:16134	ammonia	ammonia [name]	90
250030	Triacyl- glycerol equivalents	triacyl-glycerol						
250036	Fatty acid 10:0	fatty acid 10:0	exact_norm	synonym:RELATED	CHEBI:78118	fatty acid anion 10:0	fatty acid 10:0 [synonym:RELATED]	41
250037	Fatty acid 12:0	fatty acid 12:0	exact_norm	name	CHEBI:141075	fatty acid 12:0	fatty acid 12:0 [name]	75
250037	Fatty acid 12:0	fatty acid 12:0	exact_norm	synonym:RELATED	CHEBI:78119	fatty acid anion 12:0	fatty acid 12:0 [synonym:RELATED]	41
250038	Fatty acid 14:0	fatty acid 14:0	exact_norm	name	CHEBI:140940	fatty acid 14:0	fatty acid 14:0 [name]	75
250038	Fatty acid 14:0	fatty acid 14:0	exact_norm	synonym:RELATED	CHEBI:78121	fatty acid anion 14:0	fatty acid 14:0 [synonym:RELATED]	41
250039	Fatty acid 15:0	fatty acid 15:0	exact_norm	name	CHEBI:140942	fatty acid 15:0	fatty acid 15:0 [name]	75
250039	Fatty acid 15:0	fatty acid 15:0	exact_norm	synonym:RELATED	CHEBI:78122	fatty acid anion 15:0	fatty acid 15:0 [synonym:RELATED]	41
250040	Fatty acid 16:0	fatty acid 16:0	exact_norm	name	CHEBI:140943	fatty acid 16:0	fatty acid 16:0 [name]	75
250040	Fatty acid 16:0	fatty acid 16:0	exact_norm	synonym:RELATED	CHEBI:78123	fatty acid anion 16:0	fatty acid 16:0 [synonym:RELATED]	41
250041	Fatty acid 17:0	fatty acid 17:0	exact_norm	name	CHEBI:140945	fatty acid 17:0	fatty acid 17:0 [name]	75
250041	Fatty acid 17:0	fatty acid 17:0	exact_norm	synonym:RELATED	CHEBI:78124	fatty acid anion 17:0	fatty acid 17:0 [synonym:RELATED]	41
250042	Fatty acid 18:0	fatty acid 18:0	exact_norm	name	CHEBI:140947	fatty acid 18:0	fatty acid 18:0 [name]	75
250042	Fatty acid 18:0	fatty acid 18:0	exact_norm	synonym:RELATED	CHEBI:78125	fatty acid anion 18:0	fatty acid 18:0 [synonym:RELATED]	41
250043	Fatty acid 20:0	fatty acid 20:0	exact_norm	name	CHEBI:140951	fatty acid 20:0	fatty acid 20:0 [name]	75
250043	Fatty acid 20:0	fatty acid 20:0	exact_norm	synonym:RELATED	CHEBI:78126	fatty acid anion 20:0	fatty acid 20:0 [synonym:RELATED]	41
250044	Fatty acid 22:0	fatty acid 22:0	exact_norm	name	CHEBI:140958	fatty acid 22:0	fatty acid 22:0 [name]	75
250044	Fatty acid 22:0	fatty acid 22:0	exact_norm	synonym:RELATED	CHEBI:78127	fatty acid anion 22:0	fatty acid 22:0 [synonym:RELATED]	41
250045	Fatty acid 24:0	fatty acid 24:0	exact_norm	name	CHEBI:155816	fatty acid 24:0	fatty acid 24:0 [name]	75
250045	Fatty acid 24:0	fatty acid 24:0	exact_norm	synonym:RELATED	CHEBI:78128	fatty acid anion 24:0	fatty acid 24:0 [synonym:RELATED]	41
250046	Fatty acid 10:1	fatty acid 10:1	exact_norm	name	CHEBI:233467	fatty acid 10:1	fatty acid 10:1 [name]	75
250046	Fatty acid 10:1	fatty acid 10:1	exact_compact	name	CHEBI:35366	fatty acid	fatty acid [name]	30
250047	Fatty acid 14:1	fatty acid 14:1	exact_norm	synonym:RELATED	CHEBI:36004	tetradecenoic acid	fatty acid 14:1 [synonym:RELATED]	41
250048	Fatty acid 15:1	fatty acid 15:1	exact_compact	name	CHEBI:35366	fatty acid	fatty acid [name]	30
250049	Fatty acid 16:1	fatty acid 16:1	exact_norm	name	CHEBI:140944	fatty acid 16:1	fatty acid 16:1 [name]	75
250049	Fatty acid 16:1	fatty acid 16:1	exact_compact	name	CHEBI:35366	fatty acid	fatty acid [name]	30
250050	Fatty acid 17:1	fatty acid 17:1	exact_norm	name	CHEBI:140946	fatty acid 17:1	fatty acid 17:1 [name]	75
250050	Fatty acid 17:1	fatty acid 17:1	exact_compact	name	CHEBI:35366	fatty acid	fatty acid [name]	30
250051	Fatty acid 18:1 undifferentiated	fatty acid 18:1 undifferentiated						
250052	Fatty acid 20:1	fatty acid 20:1	exact_norm	name	CHEBI:132538	fatty acid 20:1	fatty acid 20:1 [name]	75
250053	Fatty acid 22:1	fatty acid 22:1	exact_norm	name	CHEBI:132541	fatty acid 22:1	fatty acid 22:1 [name]	75
250053	Fatty acid 22:1	fatty acid 22:1	exact_compact	name	CHEBI:35366	fatty acid	fatty acid [name]	30
250054	Fatty acid 24:1	fatty acid 24:1	exact_norm	name	CHEBI:140963	fatty acid 24:1	fatty acid 24:1 [name]	75
250054	Fatty acid 24:1	fatty acid 24:1	exact_compact	name	CHEBI:35366	fatty acid	fatty acid [name]	30
250055	Fatty acid 16:2	fatty acid 16:2	exact_norm	name	CHEBI:132494	fatty acid 16:2	fatty acid 16:2 [name]	75
250056	Fatty acid 16:3	fatty acid 16:3	exact_norm	name	CHEBI:132499	fatty acid 16:3	fatty acid 16:3 [name]	75
250057	Fatty acid 16:4	fatty acid 16:4	exact_norm	name	CHEBI:132500	fatty acid 16:4	fatty acid 16:4 [name]	75
250058	Fatty acid 18:2 n-6	fatty acid 18:2 n-6						
250059	Fatty acid 18:3 n-3	fatty acid 18:3 n-3						
250060	Fatty acid 18:3 n-6	fatty acid 18:3 n-6						
250061	Fatty acid 18:4 n-3	fatty acid 18:4 n-3						
250062	Fatty acid 20:2 n-6	fatty acid 20:2 n-6						
250063	Fatty acid 20:3 n-6	fatty acid 20:3 n-6						
250064	Fatty acid 20:4 n-3	fatty acid 20:4 n-3						
250065	Fatty acid 20:4 n-6	fatty acid 20:4 n-6						
250066	Fatty acid 20:5 n-3	fatty acid 20:5 n-3						
250067	Fatty acid 21:5 n-3	fatty acid 21:5 n-3						
250068	Fatty acid 22:2	fatty acid 22:2	exact_norm	name	CHEBI:140959	fatty acid 22:2	fatty acid 22:2 [name]	75
250068	Fatty acid 22:2	fatty acid 22:2	exact_compact	name	CHEBI:35366	fatty acid	fatty acid [name]	30
250069	Fatty acid 22:4 n-6	fatty acid 22:4 n-6						
250070	Fatty acid 22:5 n-3	fatty acid 22:5 n-3						
250071	Fatty acid 22:5 n-6	fatty acid 22:5 n-6						
250072	Fatty acid 22:6 n-3	fatty acid 22:6 n-3						
260001	13-cis-retinol (µg)	13-cis-retinol (µg)	exact_no_paren	name	CHEBI:45479	13-cis-retinol	13-cis-retinol [name]	65
260002	25-hydroxy vitamin D3 (µg)	25-hydroxy vitamin d3 (µg)	exact_norm	synonym:RELATED	CHEBI:28940	calciol	Vitamin D3 [synonym:RELATED]	66
260003	5-mehtyl folate (µg)	5-mehtyl folate (µg)	exact_norm	name	CHEBI:27470	folic acid	folic acid [name]	50
260003	5-mehtyl folate (µg)	5-mehtyl folate (µg)	exact_norm	name	CHEBI:67016	tetrahydrofolate	tetrahydrofolate [name]	50
260004	All-trans-retinol (µg)	all-trans-retinol (µg)	exact_no_paren	name	CHEBI:17336	all-trans-retinol	all-trans-retinol [name]	65
260005	Alpha-carotene (µg)	alpha-carotene (µg)	exact_no_paren	name	CHEBI:28425	alpha-carotene	alpha-carotene [name]	65
260006	Alpha-tocopherol (mg)	alpha-tocopherol	exact_norm	name	CHEBI:22470	alpha-tocopherol	alpha-tocopherol [name]	75
260007	Alpha-tocotrienol (mg)	alpha-tocotrienol	exact_norm	name	CHEBI:33270	alpha-tocotrienol	alpha-tocotrienol [name]	75
260008	Beta-carotene (µg)	beta-carotene (µg)	exact_no_paren	name	CHEBI:17579	beta-carotene	beta-carotene [name]	65
260009	Beta-tocopherol (mg)	beta-tocopherol	exact_norm	name	CHEBI:47771	beta-tocopherol	beta-tocopherol [name]	75
260010	Branched chain FA /100g FA (g)	branched chain fa/100g fa						
260011	Branched chain FA /100g food (g)	branched chain fa/100g food						
260012	Brassicasterol (mg)	brassicasterol	exact_norm	name	CHEBI:3168	brassicasterol	brassicasterol [name]	90
260013	C10:0 /100g FA (g)	c10:0/100g fa						
260014	C10:0 /100g food (g)	c10:0/100g food						
260015	C10:1 /100g FA (g)	c10:1/100g fa						
260016	C10:1 /100g food (g)	c10:1/100g food						
260017	C11:0 ex Br /100g FA (g)	c11:0 ex br/100g fa						
260018	C11:0 ex Br /100g food (g)	c11:0 ex br/100g food						
260019	C12:0 /100g FA (g)	c12:0/100g fa						
260020	C12:0 /100g food (g)	c12:0/100g food						
260021	C12:0 ex Br /100g FA (g)	c12:0 ex br/100g fa						
260022	C12:0 ex Br /100g food (g)	c12:0 ex br/100g food						
260023	C12:1 /100g FA (g)	c12:1/100g fa						
260024	C12:1 /100g food (g)	c12:1/100g food						
260025	C13:0 /100g FA (g)	c13:0/100g fa						
260026	C13:0 /100g food (g)	c13:0/100g food						
260027	C13:0 ex Br /100g FA (g)	c13:0 ex br/100g fa						
260028	C13:0 ex Br /100g food (g)	c13:0 ex br/100g food						
260029	C14:0 /100g FA (g)	c14:0/100g fa						
260030	C14:0 /100g food (g)	c14:0/100g food						
260031	C14:0 ex Br /100g FA (g)	c14:0 ex br/100g fa						
260032	C14:0 ex Br /100g food (g)	c14:0 ex br/100g food						
260033	C14:1 /100g FA (g)	c14:1/100g fa						
260034	C14:1 /100g food (g)	c14:1/100g food						
260035	C15:0 /100g FA (g)	c15:0/100g fa						
260036	C15:0 /100g food (g)	c15:0/100g food						
260037	C15:0 ex Br /100g FA (g)	c15:0 ex br/100g fa						
260038	C15:0 ex Br /100g food (g)	c15:0 ex br/100g food						
260039	C15:1 /100g FA (g)	c15:1/100g fa						
260040	C15:1 /100g food (g)	c15:1/100g food						
260041	C16:0 /100g FA (g)	c16:0/100g fa						
260042	C16:0 /100g food (g)	c16:0/100g food						
260043	C16:0 ex Br /100g FA (g)	c16:0 ex br/100g fa						
260044	C16:0 ex Br /100g food (g)	c16:0 ex br/100g food						
260045	C16:1 /100g FA (g)	c16:1/100g fa						
260046	C16:1 /100g food (g)	c16:1/100g food						
260047	C16:2 /100g FA (g)	c16:2/100g fa						
260048	C16:2 /100g food (g)	c16:2/100g food						
260049	C16:3 /100g food (g)	c16:3/100g food						
260050	C16:4 /100g FA (g)	c16:4/100g fa						
260051	C16:4 /100g food (g)	c16:4/100g food						
260052	C17:0 /100g FA (g)	c17:0/100g fa						
260053	C17:0 /100g food (g)	c17:0/100g food						
260054	C17:0 ex Br /100g FA (g)	c17:0 ex br/100g fa						
260055	C17:0 ex Br /100g food (g)	c17:0 ex br/100g food						
260056	C17:1 /100g FA (g)	c17:1/100g fa						
260057	C17:1 /100g food (g)	c17:1/100g food						
260058	C18:0 /100g FA (g)	c18:0/100g fa						
260059	C18:0 /100g food (g)	c18:0/100g food						
260060	C18:0 ex Br /100g FA (g)	c18:0 ex br/100g fa						
260061	C18:0 ex Br /100g food (g)	c18:0 ex br/100g food						
260062	C18:1 /100g FA (g)	c18:1/100g fa						
260063	C18:1 /100g food (g)	c18:1/100g food						
260064	C18:2 /100g FA (g)	c18:2/100g fa						
260065	C18:2 /100g food (g)	c18:2/100g food						
260066	C18:3 /100g FA (g)	c18:3/100g fa						
260067	C18:3 /100g food (g)	c18:3/100g food						
260068	C18:4 /100g FA (g)	c18:4/100g fa						
260069	C18:4 /100g food (g)	c18:4/100g food						
260070	C19:0 /100g FA (g)	c19:0/100g fa						
260071	C19:0 /100g food (g)	c19:0/100g food						
260072	C20:0 /100g FA (g)	c20:0/100g fa						
260073	C20:0 /100g food (g)	c20:0/100g food						
260074	C20:0 ex Br /100g FA (g)	c20:0 ex br/100g fa						
260075	C20:0 ex Br /100g food (g)	c20:0 ex br/100g food						
260076	C20:1 /100g FA (g)	c20:1/100g fa						
260077	C20:1 /100g food (g)	c20:1/100g food						
260078	C20:2 /100g FA (g)	c20:2/100g fa						
260079	C20:2 /100g food (g)	c20:2/100g food						
260080	C20:3 /100g FA (g)	c20:3/100g fa						
260081	C20:3 /100g food (g)	c20:3/100g food						
260082	C20:4 /100g FA (g)	c20:4/100g fa						
260083	C20:4 /100g food (g)	c20:4/100g food						
260084	C20:5 /100g FA (g)	c20:5/100g fa						
260085	C20:5 /100g food (g)	c20:5/100g food						
260086	C21:5 /100g FA (g)	c21:5/100g fa						
260087	C21:5 /100g food (g)	c21:5/100g food						
260088	C22:0 /100g FA (g)	c22:0/100g fa						
260089	C22:0 /100g food (g)	c22:0/100g food						
260090	C22:0 ex Br /100g FA (g)	c22:0 ex br/100g fa						
260091	C22:0 ex Br /100g food (g)	c22:0 ex br/100g food						
260092	C22:1 /100g FA (g)	c22:1/100g fa						
260093	C22:1 /100g food (g)	c22:1/100g food						
260094	C22:2 /100g FA (g)	c22:2/100g fa						
260095	C22:2 /100g food (g)	c22:2/100g food						
260096	C22:4 /100g FA (g)	c22:4/100g fa						
260097	C22:4 /100g food (g)	c22:4/100g food						
260098	C22:5 /100g FA (g)	c22:5/100g fa						
260099	C22:5 /100g food (g)	c22:5/100g food						
260100	C22:6 /100g FA (g)	c22:6/100g fa						
260101	C22:6 /100g food (g)	c22:6/100g food						
260102	C24:0 /100g FA (g)	c24:0/100g fa						
260103	C24:0 /100g food (g)	c24:0/100g food						
260104	C24:0 ex Br /100g FA (g)	c24:0 ex br/100g fa						
260105	C24:0 ex Br /100g food (g)	c24:0 ex br/100g food						
260106	C24:1 /100g FA (g)	c24:1/100g fa						
260107	C24:1 /100g food (g)	c24:1/100g food						
260108	C25:0 ex Br /100g FA (g)	c25:0 ex br/100g fa						
260109	C25:0 ex Br /100g food (g)	c25:0 ex br/100g food						
260110	C4:0 /100g FA (g)	c4:0/100g fa						
260111	C4:0 /100g food (g)	c4:0/100g food						
260112	C6:0 /100g FA (g)	c6:0/100g fa						
260113	C6:0 /100g food (g)	c6:0/100g food						
260114	C8:0 /100g FA (g)	c8:0/100g fa						
260115	C8:0 /100g food (g)	c8:0/100g food						
260116	Cholecalciferol (µg)	cholecalciferol (µg)	exact_norm	synonym:RELATED	CHEBI:28940	calciol	Cholecalciferol [synonym:RELATED]	41
260117	cis C10:1 /100g FA (g)	cis c10:1/100g fa						
260118	cis C10:1 /100g food (g)	cis c10:1/100g food						
260119	cis C12:1 /100g FA (g)	cis c12:1/100g fa						
260120	cis C12:1 /100g food (g)	cis c12:1/100g food						
260121	cis C14:1 /100g FA (g)	cis c14:1/100g fa						
260122	cis C14:1 /100g food (g)	cis c14:1/100g food						
260123	cis C15:1 /100g FA (g)	cis c15:1/100g fa						
260124	cis C15:1 /100g food (g)	cis c15:1/100g food						
260125	cis C16:1 /100g FA (g)	cis c16:1/100g fa						
260126	cis C16:1 /100g food (g)	cis c16:1/100g food						
260127	cis C16:2 /100g FA (g)	cis c16:2/100g fa						
260128	cis C16:2 /100g food (g)	cis c16:2/100g food						
260129	cis C16:3 /100g FA (g)	cis c16:3/100g fa						
260130	cis C16:4 /100g FA (g)	cis c16:4/100g fa						
260131	cis C16:4 /100g food (g)	cis c16:4/100g food						
260132	cis C17:1 /100g FA (g)	cis c17:1/100g fa						
260133	cis C17:1 /100g food (g)	cis c17:1/100g food						
260134	cis C18:1 /100g FA (g)	cis c18:1/100g fa						
260135	cis C18:1 /100g food (g)	cis c18:1/100g food						
260136	cis C20:1 /100g FA (g)	cis c20:1/100g fa						
260137	cis C20:1 /100g food (g)	cis c20:1/100g food						
260138	cis C22:1 /100g FA (g)	cis c22:1/100g fa						
260139	cis C22:1 /100g food (g)	cis c22:1/100g food						
260140	cis C24:1 /100g FA (g)	cis c24:1/100g fa						
260141	cis C24:1 /100g food (g)	cis c24:1/100g food						
260142	cis n-3 C18:3 /100g FA (g)	cis n-3 c18:3/100g fa						
260143	cis n-3 C18:3 /100g food (g)	cis n-3 c18:3/100g food						
260144	cis n-3 C18:4 /100g FA (g)	cis n-3 c18:4/100g fa						
260145	cis n-3 C18:4 /100g food (g)	cis n-3 c18:4/100g food						
260146	cis n-3 C20:5 /100g FA (g)	cis n-3 c20:5/100g fa						
260147	cis n-3 C20:5 /100g food (g)	cis n-3 c20:5/100g food						
260148	cis n-3 C21:5 /100g FA (g)	cis n-3 c21:5/100g fa						
260149	cis n-3 C21:5 /100g food (g)	cis n-3 c21:5/100g food						
260150	cis n-3 C22:5 /100g FA (g)	cis n-3 c22:5/100g fa						
260151	cis n-3 C22:5 /100g food (g)	cis n-3 c22:5/100g food						
260152	cis n-3 C22:6 /100g FA (g)	cis n-3 c22:6/100g fa						
260153	cis n-3 C22:6 /100g food (g)	cis n-3 c22:6/100g food						
260154	cis n-6 C18:2 /100g FA (g)	cis n-6 c18:2/100g fa						
260155	cis n-6 C18:2 /100g food (g)	cis n-6 c18:2/100g food						
260156	cis n-6 C18:3 /100g FA (g)	cis n-6 c18:3/100g fa						
260157	cis n-6 C18:3 /100g food (g)	cis n-6 c18:3/100g food						
260158	cis n-6 C20:2 /100g FA (g)	cis n-6 c20:2/100g fa						
260159	cis n-6 C20:2 /100g food (g)	cis n-6 c20:2/100g food						
260160	cis n-6 C20:3 /100g FA (g)	cis n-6 c20:3/100g fa						
260161	cis n-6 C20:3 /100g food (g)	cis n-6 c20:3/100g food						
260162	cis n-6 C20:4 /100g FA (g)	cis n-6 c20:4/100g fa						
260163	cis n-6 C20:4 /100g food (g)	cis n-6 c20:4/100g food						
260164	cis n-6 C22:2 /100g FA (g)	cis n-6 c22:2/100g fa						
260165	cis n-6 C22:2 /100g food (g)	cis n-6 c22:2/100g food						
260166	cis n-6 C22:3 /100g FA (g)	cis n-6 c22:3/100g fa						
260167	cis n-6 C22:3 /100g food (g)	cis n-6 c22:3/100g food						
260168	cis n-6 C22:4 /100g FA (g)	cis n-6 c22:4/100g fa						
260169	cis n-6 C22:4 /100g food (g)	cis n-6 c22:4/100g food						
260174	cis/trans C18:1n-7 /100g FA (g)	cis/trans c18:1n-7/100g fa						
260175	cis/trans C18:1n-7 /100g food (g)	cis/trans c18:1n-7/100g food						
260176	cis/trans C18:1n-9 /100g FA (g)	cis/trans c18:1n-9/100g fa						
260177	cis/trans C18:1n-9 /100g food (g)	cis/trans c18:1n-9/100g food						
260178	cis/trans C22:1n-11 /100g FA (g)	cis/trans c22:1n-11/100g fa						
260179	cis/trans C22:1n-11 /100g food (g)	cis/trans c22:1n-11/100g food						
260180	cis/trans C22:1n-9 /100g FA (g)	cis/trans c22:1n-9/100g fa						
260181	cis/trans C22:1n-9 /100g food (g)	cis/trans c22:1n-9/100g food						
260182	Cryptoxanthins (µg)	cryptoxanthins (µg)						
260183	Dehydroretinol (µg)	dehydroretinol (µg)	exact_no_paren	synonym:RELATED	CHEBI:132246	all-trans-3,4-didehydroretinol	dehydroretinol [synonym:RELATED]	31
260184	Delta-5-avenasterol (mg)	delta-5-avenasterol						
260185	Delta-7-avenasterol (mg)	delta-7-avenasterol	exact_norm	synonym:RELATED	CHEBI:166888	avenasterol	Delta-7-avenasterol [synonym:RELATED]	41
260186	Delta-7-stigmastenol (mg)	delta-7-stigmastenol						
260187	Delta-tocopherol (mg)	delta-tocopherol	exact_norm	name	CHEBI:47772	delta-tocopherol	delta-tocopherol [name]	75
260188	Edible proportion	edible proportion						
260191	Gamma-tocopherol (mg)	gamma-tocopherol	exact_norm	name	CHEBI:18185	gamma-tocopherol	gamma-tocopherol [name]	75
260192	Gamma-tocotrienol (mg)	gamma-tocotrienol	exact_norm	name	CHEBI:33277	gamma-tocotrienol	gamma-tocotrienol [name]	75
260193	Glycerol conversion factor	glycerol conversion factor						
260194	Lutein (µg)	lutein (µg)	exact_no_paren	name	CHEBI:28838	lutein	lutein [name]	80
260195	Lycopene (µg)	lycopene (µg)	exact_no_paren	name	CHEBI:15948	lycopene	lycopene [name]	80
260196	Mono FA /100g food (g)	mono fa/100g food						
260197	Mono FA/ 100g FA (g)	mono fa/100g fa						
260198	n-3 poly /100g FA (g)	n-3 poly/100g fa						
260199	n-3 poly /100g food (g)	n-3 poly/100g food						
260200	n-6 poly /100g FA (g)	n-6 poly/100g fa						
260201	n-6 poly /100g food (g)	n-6 poly/100g food						
260202	Nitrogen conversion factor	nitrogen conversion factor						
260203	NSP (g)	nsp						
260204	Other Cholesterol and Phytosterols (mg)	other cholesterol and phytosterols						
260205	Phytosterol (mg)	phytosterol						
260206	Poly FA /100g FA (g)	poly fa/100g fa						
260207	Poly FA /100g food (g)	poly fa/100g food						
260208	Retinaldehyde (µg)	retinaldehyde (µg)	exact_no_paren	synonym:RELATED	CHEBI:17898	all-trans-retinal	retinaldehyde [synonym:RELATED]	31
260209	Retinol Equivalent (µg)	retinol equivalent (µg)	exact_no_paren	name	CHEBI:50211	retinol	retinol [name]	80
260210	Sat FA excl Br /100g FA (g)	sat fa excl br/100g fa						
260211	Sat FA excl Br /100g food (g)	sat fa excl br/100g food						
260212	Satd FA /100g FA (g)	satd fa/100g fa						
260213	Satd FA /100g fd (g)	satd fa/100g fd						
260214	Specific gravity	specific gravity						
260216	Trans FAs /100g FA (g)	trans fas/100g fa						
260217	Trans FAs /100g food (g)	trans fas/100g food						
260218	trans monounsaturated /100g FA (g)	trans monounsaturated/100g fa						
260219	trans monounsaturated /100g food (g)	trans monounsaturated/100g food						
260220	trans poly /100g FA (g)	trans poly/100g fa						
260221	trans poly /100g food (g)	trans poly/100g food						
260222	unknown C16 poly /100g FA (g)	unknown c16 poly/100g fa						
260223	unknown C16 poly /100g food (g)	unknown c16 poly/100g food						
260224	unknown C18 poly /100g FA (g)	unknown c18 poly/100g fa						
260225	unknown C18 poly /100g food (g)	unknown c18 poly/100g food						
260226	unknown C20 poly /100 FA (g)	unknown c20 poly/100 fa						
260227	unknown C20 poly /100g food (g)	unknown c20 poly/100g food						
260228	unknown C22 poly /100g FA (g)	unknown c22 poly/100g fa						
260229	unknown C22 poly /100g food (g)	unknown c22 poly/100g food						
260232	Triglyceride	triglyceride	exact_norm	name	CHEBI:17855	triglyceride	triglyceride [name]	90
260233	Triglycerides	triglycerides	exact_norm	name	CHEBI:17855	triglyceride	triglyceride [name]	90
260235	Tocopherol, alpha	tocopherol, alpha	exact_norm	name	CHEBI:22470	alpha-tocopherol	alpha-tocopherol [name]	50
260236	Polyu FA /100g FA	polyu fa /100g fa						
260237	Mono FA /100g FA (g)	mono fa /100g fa (g)						
260238	Mono FA /100g Food (g)	mono fa /100g food (g)						
260239	Poly FA /100g Food (g)	poly fa /100g food (g)						
260240	Polyu FA /100g FA (g)	polyu fa /100g fa (g)						
